tanggal,tmax_era5,tmin_era5,tmean_era5,tmean_power,tmax_power
1950-01-01,27.7,24.4,25.9,,
1950-01-02,28.9,24.0,25.8,,
1950-01-03,28.5,23.2,25.7,,
1950-01-04,26.4,23.1,24.4,,
1950-01-05,27.5,22.4,24.7,,
1950-01-06,27.8,23.0,25.0,,
1950-01-07,28.6,22.9,25.4,,
1950-01-08,27.6,23.2,25.1,,
1950-01-09,28.3,23.0,25.4,,
1950-01-10,28.4,23.2,25.3,,
1950-01-11,28.6,22.5,25.4,,
1950-01-12,28.2,22.8,25.6,,
1950-01-13,28.9,22.1,25.7,,
1950-01-14,28.5,23.3,26.0,,
1950-01-15,28.4,23.7,25.9,,
1950-01-16,28.5,22.7,25.3,,
1950-01-17,28.3,22.4,25.1,,
1950-01-18,28.4,22.8,25.2,,
1950-01-19,25.4,23.2,24.4,,
1950-01-20,27.7,23.6,25.1,,
1950-01-21,24.8,23.0,24.0,,
1950-01-22,26.1,22.7,23.7,,
1950-01-23,27.1,22.6,24.3,,
1950-01-24,25.9,22.8,23.7,,
1950-01-25,27.7,22.7,24.7,,
1950-01-26,27.7,23.2,25.1,,
1950-01-27,27.1,23.3,25.0,,
1950-01-28,26.5,22.6,24.2,,
1950-01-29,28.6,21.9,25.0,,
1950-01-30,28.5,23.3,25.6,,
1950-01-31,30.2,23.0,26.2,,
1950-02-01,28.4,23.8,25.5,,
1950-02-02,28.3,23.5,25.2,,
1950-02-03,26.0,23.3,24.6,,
1950-02-04,26.9,22.8,24.5,,
1950-02-05,24.8,23.4,23.9,,
1950-02-06,28.5,23.4,25.3,,
1950-02-07,29.1,23.2,25.1,,
1950-02-08,27.3,22.7,24.7,,
1950-02-09,27.8,23.1,25.1,,
1950-02-10,26.2,22.8,23.9,,
1950-02-11,28.6,22.3,24.9,,
1950-02-12,29.6,22.6,25.6,,
1950-02-13,28.1,22.9,25.1,,
1950-02-14,27.3,22.3,24.5,,
1950-02-15,27.2,23.2,24.6,,
1950-02-16,28.6,23.4,25.7,,
1950-02-17,26.8,22.7,24.5,,
1950-02-18,28.3,22.8,25.5,,
1950-02-19,27.6,23.0,24.9,,
1950-02-20,27.5,22.8,24.5,,
1950-02-21,28.6,22.5,25.0,,
1950-02-22,28.2,23.4,25.4,,
1950-02-23,27.7,22.8,24.9,,
1950-02-24,27.4,22.6,24.3,,
1950-02-25,27.9,22.5,24.7,,
1950-02-26,29.1,22.9,25.3,,
1950-02-27,28.0,23.5,24.9,,
1950-02-28,27.7,23.3,24.7,,
1950-03-01,28.7,23.2,25.7,,
1950-03-02,28.4,22.8,25.3,,
1950-03-03,28.6,22.6,25.5,,
1950-03-04,29.2,23.0,25.8,,
1950-03-05,29.2,22.9,25.5,,
1950-03-06,29.1,22.7,25.5,,
1950-03-07,30.7,23.3,26.6,,
1950-03-08,30.9,23.7,27.1,,
1950-03-09,29.9,24.5,26.6,,
1950-03-10,28.6,23.9,25.8,,
1950-03-11,29.1,23.2,25.4,,
1950-03-12,28.5,23.4,25.4,,
1950-03-13,29.8,23.3,25.9,,
1950-03-14,29.3,22.8,25.6,,
1950-03-15,28.8,23.0,25.6,,
1950-03-16,28.9,23.2,25.7,,
1950-03-17,28.6,22.8,25.6,,
1950-03-18,29.2,22.8,25.9,,
1950-03-19,31.6,22.8,26.9,,
1950-03-20,30.2,23.5,26.5,,
1950-03-21,29.3,23.5,26.1,,
1950-03-22,29.3,23.9,26.5,,
1950-03-23,29.5,23.4,26.5,,
1950-03-24,28.8,23.5,26.2,,
1950-03-25,29.3,23.7,26.1,,
1950-03-26,29.4,22.8,25.7,,
1950-03-27,29.2,22.8,25.5,,
1950-03-28,28.1,22.9,25.2,,
1950-03-29,29.6,22.5,25.6,,
1950-03-30,28.7,24.1,26.1,,
1950-03-31,25.6,22.9,24.4,,
1950-04-01,28.4,22.7,25.1,,
1950-04-02,28.6,23.0,25.3,,
1950-04-03,26.7,23.4,24.8,,
1950-04-04,29.2,22.7,25.7,,
1950-04-05,30.0,23.3,26.1,,
1950-04-06,29.3,23.4,26.0,,
1950-04-07,28.1,24.1,25.4,,
1950-04-08,29.1,23.7,26.1,,
1950-04-09,27.7,24.0,25.2,,
1950-04-10,29.5,23.4,25.9,,
1950-04-11,28.9,23.1,25.6,,
1950-04-12,29.4,22.8,25.6,,
1950-04-13,30.0,23.1,25.8,,
1950-04-14,30.0,22.9,25.9,,
1950-04-15,30.8,22.2,26.2,,
1950-04-16,30.1,22.9,26.5,,
1950-04-17,29.5,24.2,26.4,,
1950-04-18,29.5,22.5,25.8,,
1950-04-19,29.9,22.5,25.9,,
1950-04-20,29.8,22.7,26.0,,
1950-04-21,29.4,22.8,25.8,,
1950-04-22,29.2,23.2,25.6,,
1950-04-23,29.1,23.1,25.6,,
1950-04-24,29.4,22.8,26.1,,
1950-04-25,28.8,23.0,25.8,,
1950-04-26,30.2,22.8,25.8,,
1950-04-27,28.3,23.3,25.3,,
1950-04-28,28.3,22.5,25.6,,
1950-04-29,29.5,23.1,25.9,,
1950-04-30,29.7,22.6,26.2,,
1950-05-01,29.6,23.4,26.3,,
1950-05-02,29.7,23.4,26.2,,
1950-05-03,29.0,22.7,25.6,,
1950-05-04,29.1,22.5,25.6,,
1950-05-05,29.1,22.9,26.0,,
1950-05-06,29.8,22.6,25.9,,
1950-05-07,29.4,22.9,25.6,,
1950-05-08,29.6,22.4,25.8,,
1950-05-09,29.7,23.8,26.4,,
1950-05-10,28.6,23.5,25.6,,
1950-05-11,29.4,22.8,25.5,,
1950-05-12,28.9,23.0,25.4,,
1950-05-13,29.2,23.0,25.8,,
1950-05-14,29.8,23.6,26.1,,
1950-05-15,29.1,23.4,25.5,,
1950-05-16,29.8,23.0,25.8,,
1950-05-17,29.0,22.7,25.3,,
1950-05-18,29.2,22.6,25.4,,
1950-05-19,28.1,22.4,24.9,,
1950-05-20,28.0,22.9,24.8,,
1950-05-21,27.5,23.1,25.0,,
1950-05-22,27.0,22.5,24.6,,
1950-05-23,28.8,22.5,25.5,,
1950-05-24,28.7,23.4,25.6,,
1950-05-25,28.0,23.0,25.2,,
1950-05-26,27.5,22.8,24.9,,
1950-05-27,28.0,22.9,25.2,,
1950-05-28,28.7,22.2,25.4,,
1950-05-29,29.5,23.0,25.8,,
1950-05-30,29.1,23.1,25.4,,
1950-05-31,29.1,22.9,25.5,,
1950-06-01,29.5,22.9,25.9,,
1950-06-02,29.8,22.6,26.0,,
1950-06-03,29.8,23.2,26.3,,
1950-06-04,28.9,23.2,25.8,,
1950-06-05,29.4,23.0,26.1,,
1950-06-06,29.6,23.2,26.2,,
1950-06-07,29.2,23.2,25.8,,
1950-06-08,29.4,22.4,25.8,,
1950-06-09,29.3,23.1,26.1,,
1950-06-10,29.0,23.4,25.8,,
1950-06-11,28.7,23.1,25.7,,
1950-06-12,28.3,23.6,25.7,,
1950-06-13,27.9,23.1,25.2,,
1950-06-14,28.1,22.9,25.7,,
1950-06-15,28.5,23.2,25.6,,
1950-06-16,28.2,23.2,25.1,,
1950-06-17,28.7,23.0,25.4,,
1950-06-18,27.8,23.4,25.1,,
1950-06-19,30.0,22.9,25.6,,
1950-06-20,28.5,22.9,25.4,,
1950-06-21,29.2,23.0,26.0,,
1950-06-22,28.8,23.0,25.3,,
1950-06-23,28.7,22.6,25.4,,
1950-06-24,28.7,22.8,25.5,,
1950-06-25,29.8,22.9,25.6,,
1950-06-26,29.5,22.7,25.7,,
1950-06-27,29.2,22.2,25.5,,
1950-06-28,29.2,23.0,25.6,,
1950-06-29,27.4,22.4,24.7,,
1950-06-30,25.7,22.6,23.8,,
1950-07-01,28.6,21.9,25.2,,
1950-07-02,27.3,22.8,24.5,,
1950-07-03,28.7,21.8,24.7,,
1950-07-04,28.7,21.1,24.9,,
1950-07-05,29.2,20.9,25.0,,
1950-07-06,29.4,21.3,25.2,,
1950-07-07,29.4,21.6,25.6,,
1950-07-08,28.1,22.9,25.3,,
1950-07-09,28.5,21.8,25.3,,
1950-07-10,28.5,23.0,25.6,,
1950-07-11,28.2,22.3,24.6,,
1950-07-12,26.0,22.5,23.8,,
1950-07-13,27.1,21.6,24.1,,
1950-07-14,28.0,22.2,24.7,,
1950-07-15,28.9,21.4,25.0,,
1950-07-16,29.0,21.1,25.2,,
1950-07-17,28.9,20.2,24.6,,
1950-07-18,28.7,20.3,24.6,,
1950-07-19,29.2,22.4,25.4,,
1950-07-20,28.5,22.4,25.3,,
1950-07-21,28.3,23.0,25.4,,
1950-07-22,28.4,21.7,25.3,,
1950-07-23,27.8,22.0,24.5,,
1950-07-24,28.2,21.8,24.8,,
1950-07-25,29.3,21.9,25.3,,
1950-07-26,29.4,21.8,25.4,,
1950-07-27,29.8,21.9,25.7,,
1950-07-28,29.4,22.2,25.6,,
1950-07-29,29.3,22.5,25.6,,
1950-07-30,29.5,21.7,25.2,,
1950-07-31,29.7,21.7,25.4,,
1950-08-01,29.6,21.3,25.6,,
1950-08-02,29.3,22.1,25.8,,
1950-08-03,29.4,21.2,25.2,,
1950-08-04,29.4,21.9,25.2,,
1950-08-05,29.6,20.8,25.3,,
1950-08-06,29.4,22.3,25.8,,
1950-08-07,28.1,22.4,24.9,,
1950-08-08,27.8,22.0,24.6,,
1950-08-09,29.3,20.9,25.1,,
1950-08-10,29.0,23.3,25.4,,
1950-08-11,29.5,21.8,25.5,,
1950-08-12,28.9,22.1,25.4,,
1950-08-13,27.8,22.5,24.6,,
1950-08-14,28.9,22.1,25.2,,
1950-08-15,29.1,22.8,25.7,,
1950-08-16,28.4,21.8,24.7,,
1950-08-17,28.9,20.9,24.7,,
1950-08-18,28.5,21.7,24.9,,
1950-08-19,28.5,22.2,24.8,,
1950-08-20,28.6,21.3,24.3,,
1950-08-21,28.1,20.7,24.3,,
1950-08-22,29.4,20.1,24.8,,
1950-08-23,29.0,20.8,25.1,,
1950-08-24,29.5,22.1,26.0,,
1950-08-25,26.7,23.2,24.9,,
1950-08-26,29.2,21.7,25.5,,
1950-08-27,29.3,21.8,25.6,,
1950-08-28,29.2,23.5,26.0,,
1950-08-29,28.2,22.3,24.9,,
1950-08-30,29.0,22.0,25.3,,
1950-08-31,28.2,22.0,24.9,,
1950-09-01,27.1,22.5,24.7,,
1950-09-02,27.4,22.9,24.9,,
1950-09-03,28.6,22.6,25.1,,
1950-09-04,28.8,22.0,24.9,,
1950-09-05,29.3,21.3,25.4,,
1950-09-06,28.9,22.2,25.3,,
1950-09-07,30.1,21.0,25.4,,
1950-09-08,30.4,21.4,26.0,,
1950-09-09,30.1,23.7,26.8,,
1950-09-10,30.3,24.1,26.9,,
1950-09-11,30.2,22.9,26.4,,
1950-09-12,30.8,22.4,26.6,,
1950-09-13,29.9,22.3,26.3,,
1950-09-14,30.8,22.7,26.7,,
1950-09-15,30.8,23.4,26.8,,
1950-09-16,30.9,23.3,26.6,,
1950-09-17,30.0,22.8,26.1,,
1950-09-18,29.2,22.7,26.0,,
1950-09-19,29.0,23.2,25.8,,
1950-09-20,30.0,23.0,25.9,,
1950-09-21,29.4,22.3,25.4,,
1950-09-22,29.9,22.6,26.0,,
1950-09-23,30.8,22.4,26.6,,
1950-09-24,30.3,23.3,26.7,,
1950-09-25,30.2,22.7,26.3,,
1950-09-26,30.1,23.0,26.5,,
1950-09-27,29.3,23.8,25.8,,
1950-09-28,29.9,22.9,25.7,,
1950-09-29,29.2,23.5,25.6,,
1950-09-30,30.6,22.2,26.2,,
1950-10-01,29.7,23.4,26.5,,
1950-10-02,30.7,23.1,26.8,,
1950-10-03,29.4,23.3,25.9,,
1950-10-04,28.6,23.6,25.3,,
1950-10-05,29.7,22.6,25.9,,
1950-10-06,30.9,22.8,26.7,,
1950-10-07,30.0,24.0,26.8,,
1950-10-08,29.5,22.9,25.8,,
1950-10-09,28.6,22.7,25.3,,
1950-10-10,29.3,23.2,25.5,,
1950-10-11,29.3,22.8,25.3,,
1950-10-12,29.3,22.9,25.6,,
1950-10-13,29.2,22.8,25.6,,
1950-10-14,28.4,23.2,25.2,,
1950-10-15,28.7,22.8,25.2,,
1950-10-16,30.3,23.1,26.0,,
1950-10-17,28.5,23.1,25.2,,
1950-10-18,29.5,22.9,25.6,,
1950-10-19,29.6,22.7,25.7,,
1950-10-20,29.3,22.9,25.4,,
1950-10-21,29.8,23.3,25.6,,
1950-10-22,30.3,22.2,25.4,,
1950-10-23,28.5,23.0,25.1,,
1950-10-24,29.1,22.7,25.1,,
1950-10-25,29.6,21.7,25.3,,
1950-10-26,29.8,23.1,25.9,,
1950-10-27,29.5,23.5,25.8,,
1950-10-28,28.1,22.8,25.1,,
1950-10-29,28.9,22.7,25.3,,
1950-10-30,29.4,22.7,25.7,,
1950-10-31,28.8,23.0,25.5,,
1950-11-01,28.6,22.5,25.1,,
1950-11-02,29.3,22.3,25.3,,
1950-11-03,27.7,22.2,25.0,,
1950-11-04,29.7,22.7,25.7,,
1950-11-05,28.9,23.1,25.6,,
1950-11-06,29.6,23.2,25.6,,
1950-11-07,28.9,22.5,25.5,,
1950-11-08,29.2,22.4,25.5,,
1950-11-09,30.7,24.0,26.7,,
1950-11-10,27.6,23.0,25.5,,
1950-11-11,29.0,23.6,25.6,,
1950-11-12,27.0,23.4,24.8,,
1950-11-13,26.9,23.0,24.4,,
1950-11-14,25.1,22.4,23.8,,
1950-11-15,25.9,22.9,24.0,,
1950-11-16,29.9,23.1,25.8,,
1950-11-17,30.6,22.6,26.2,,
1950-11-18,30.5,22.1,26.0,,
1950-11-19,29.7,23.2,26.0,,
1950-11-20,30.6,21.8,25.8,,
1950-11-21,31.5,22.7,26.5,,
1950-11-22,29.7,23.4,26.3,,
1950-11-23,29.2,23.0,25.8,,
1950-11-24,30.0,22.5,26.0,,
1950-11-25,30.5,23.8,26.9,,
1950-11-26,30.5,23.5,26.8,,
1950-11-27,29.8,23.8,26.1,,
1950-11-28,27.9,22.6,25.3,,
1950-11-29,29.6,23.1,26.0,,
1950-11-30,31.5,23.8,27.1,,
1950-12-01,30.2,22.9,25.5,,
1950-12-02,28.4,22.8,24.9,,
1950-12-03,27.1,22.5,24.5,,
1950-12-04,29.0,22.8,25.7,,
1950-12-05,28.9,22.4,25.2,,
1950-12-06,29.1,22.2,25.4,,
1950-12-07,29.4,22.6,25.5,,
1950-12-08,29.6,22.5,25.4,,
1950-12-09,29.4,22.3,25.2,,
1950-12-10,29.4,23.5,25.6,,
1950-12-11,27.7,23.1,24.7,,
1950-12-12,28.8,22.7,25.6,,
1950-12-13,28.6,23.3,25.5,,
1950-12-14,28.4,24.0,25.9,,
1950-12-15,27.6,23.8,25.5,,
1950-12-16,27.9,23.9,25.6,,
1950-12-17,27.8,23.7,25.0,,
1950-12-18,25.0,23.2,24.2,,
1950-12-19,28.7,23.2,25.6,,
1950-12-20,27.8,22.8,25.4,,
1950-12-21,28.0,23.3,25.4,,
1950-12-22,28.4,22.8,25.1,,
1950-12-23,27.9,22.4,24.8,,
1950-12-24,27.8,22.7,24.9,,
1950-12-25,27.4,23.1,24.8,,
1950-12-26,29.0,23.6,25.7,,
1950-12-27,28.4,23.3,25.5,,
1950-12-28,27.8,23.0,25.2,,
1950-12-29,30.2,22.2,25.9,,
1950-12-30,29.0,22.9,25.3,,
1950-12-31,27.1,22.9,24.6,,
1951-01-01,28.2,22.6,25.0,,
1951-01-02,29.0,22.9,25.1,,
1951-01-03,28.7,22.1,25.3,,
1951-01-04,26.9,23.2,24.8,,
1951-01-05,28.2,22.4,24.9,,
1951-01-06,28.4,23.4,25.6,,
1951-01-07,28.4,23.0,25.6,,
1951-01-08,29.0,22.9,25.8,,
1951-01-09,28.2,22.4,25.4,,
1951-01-10,29.0,22.5,25.4,,
1951-01-11,29.7,23.3,25.9,,
1951-01-12,28.5,23.8,25.6,,
1951-01-13,27.5,23.2,25.2,,
1951-01-14,27.6,22.7,24.8,,
1951-01-15,25.8,22.4,24.1,,
1951-01-16,28.0,22.2,25.3,,
1951-01-17,28.1,22.0,25.2,,
1951-01-18,27.9,22.5,25.2,,
1951-01-19,27.9,22.6,25.2,,
1951-01-20,27.8,22.6,25.0,,
1951-01-21,26.9,22.5,24.8,,
1951-01-22,27.7,22.0,25.0,,
1951-01-23,27.4,22.3,24.6,,
1951-01-24,27.9,22.6,24.8,,
1951-01-25,27.4,22.1,24.3,,
1951-01-26,27.6,22.4,24.5,,
1951-01-27,26.7,22.8,24.4,,
1951-01-28,25.6,22.6,24.0,,
1951-01-29,26.5,21.9,23.8,,
1951-01-30,26.5,22.1,24.0,,
1951-01-31,28.3,22.7,25.2,,
1951-02-01,28.1,22.5,25.3,,
1951-02-02,28.6,22.2,25.2,,
1951-02-03,28.2,22.8,25.3,,
1951-02-04,28.3,22.8,24.9,,
1951-02-05,27.5,22.8,24.8,,
1951-02-06,25.4,22.8,24.1,,
1951-02-07,26.1,22.3,23.7,,
1951-02-08,27.1,22.4,24.4,,
1951-02-09,28.5,22.2,25.3,,
1951-02-10,27.2,22.6,25.1,,
1951-02-11,28.5,23.3,25.6,,
1951-02-12,29.7,22.1,25.8,,
1951-02-13,29.2,21.5,25.2,,
1951-02-14,28.3,20.9,25.1,,
1951-02-15,28.6,23.4,25.4,,
1951-02-16,28.1,22.6,25.2,,
1951-02-17,28.4,23.6,25.4,,
1951-02-18,27.5,23.3,25.1,,
1951-02-19,27.7,23.3,24.8,,
1951-02-20,27.9,23.0,25.0,,
1951-02-21,27.6,23.2,25.2,,
1951-02-22,28.6,23.3,25.4,,
1951-02-23,26.9,23.3,25.0,,
1951-02-24,27.1,23.4,24.7,,
1951-02-25,28.2,23.2,25.0,,
1951-02-26,28.3,23.4,25.4,,
1951-02-27,28.1,24.1,25.9,,
1951-02-28,28.4,22.9,25.5,,
1951-03-01,27.5,23.2,24.9,,
1951-03-02,27.4,23.5,25.3,,
1951-03-03,28.3,22.1,25.5,,
1951-03-04,27.7,22.7,25.4,,
1951-03-05,28.6,23.0,25.3,,
1951-03-06,28.1,22.9,25.2,,
1951-03-07,28.5,22.7,25.3,,
1951-03-08,27.6,23.1,24.8,,
1951-03-09,26.1,23.3,24.0,,
1951-03-10,27.3,23.1,24.9,,
1951-03-11,28.6,22.9,25.6,,
1951-03-12,29.7,23.8,26.5,,
1951-03-13,29.7,23.9,25.9,,
1951-03-14,28.4,23.6,25.7,,
1951-03-15,28.6,23.1,25.8,,
1951-03-16,28.9,23.2,25.9,,
1951-03-17,28.6,22.4,25.3,,
1951-03-18,28.2,22.8,25.2,,
1951-03-19,29.1,22.0,25.3,,
1951-03-20,29.2,22.4,25.4,,
1951-03-21,29.1,22.3,25.6,,
1951-03-22,29.6,22.4,25.8,,
1951-03-23,29.2,23.1,25.5,,
1951-03-24,28.2,23.0,25.3,,
1951-03-25,29.2,22.4,25.6,,
1951-03-26,29.8,22.9,25.9,,
1951-03-27,29.6,22.8,25.9,,
1951-03-28,29.0,22.1,25.6,,
1951-03-29,29.2,22.6,25.8,,
1951-03-30,28.4,23.2,25.6,,
1951-03-31,29.6,23.5,25.9,,
1951-04-01,28.5,23.3,25.7,,
1951-04-02,29.6,22.8,26.3,,
1951-04-03,29.2,23.2,26.0,,
1951-04-04,28.9,23.4,25.6,,
1951-04-05,29.5,23.3,25.8,,
1951-04-06,29.5,22.8,25.5,,
1951-04-07,29.4,22.7,25.7,,
1951-04-08,28.7,23.6,25.8,,
1951-04-09,28.9,23.2,25.5,,
1951-04-10,30.0,22.1,25.9,,
1951-04-11,29.8,22.1,26.0,,
1951-04-12,29.5,23.4,26.2,,
1951-04-13,29.7,22.9,26.0,,
1951-04-14,29.0,23.5,26.0,,
1951-04-15,29.1,22.9,25.5,,
1951-04-16,29.8,22.8,26.0,,
1951-04-17,30.0,22.7,26.3,,
1951-04-18,29.6,23.1,26.1,,
1951-04-19,30.0,22.1,26.1,,
1951-04-20,30.0,22.6,26.2,,
1951-04-21,30.4,23.4,26.7,,
1951-04-22,29.4,22.6,25.9,,
1951-04-23,29.2,22.3,25.5,,
1951-04-24,29.7,22.4,26.0,,
1951-04-25,28.9,22.7,25.7,,
1951-04-26,29.4,23.1,26.1,,
1951-04-27,29.5,22.5,25.7,,
1951-04-28,29.8,22.4,25.7,,
1951-04-29,28.3,22.9,25.4,,
1951-04-30,28.6,22.4,25.0,,
1951-05-01,28.7,22.7,24.9,,
1951-05-02,27.6,22.4,24.6,,
1951-05-03,28.1,21.8,24.9,,
1951-05-04,28.2,22.9,25.1,,
1951-05-05,29.5,22.4,25.4,,
1951-05-06,29.2,21.9,25.3,,
1951-05-07,29.6,21.6,25.9,,
1951-05-08,28.7,23.6,26.1,,
1951-05-09,28.7,23.4,25.4,,
1951-05-10,29.5,22.9,25.8,,
1951-05-11,29.6,23.1,26.2,,
1951-05-12,28.6,23.5,25.7,,
1951-05-13,27.4,23.1,24.9,,
1951-05-14,29.2,22.6,25.3,,
1951-05-15,28.7,23.2,25.3,,
1951-05-16,29.8,23.1,25.9,,
1951-05-17,29.7,24.0,25.9,,
1951-05-18,29.3,23.1,25.7,,
1951-05-19,28.9,23.4,25.6,,
1951-05-20,28.3,23.2,25.6,,
1951-05-21,29.3,23.1,25.9,,
1951-05-22,29.2,22.5,26.0,,
1951-05-23,28.6,23.2,25.7,,
1951-05-24,29.4,22.8,26.0,,
1951-05-25,30.0,23.6,26.5,,
1951-05-26,29.7,22.2,26.1,,
1951-05-27,29.5,22.2,26.0,,
1951-05-28,28.4,23.2,25.7,,
1951-05-29,30.2,22.4,26.3,,
1951-05-30,29.4,23.0,26.5,,
1951-05-31,28.8,22.5,25.5,,
1951-06-01,28.1,23.1,25.4,,
1951-06-02,28.2,23.2,25.3,,
1951-06-03,29.0,23.4,25.6,,
1951-06-04,29.4,23.1,25.6,,
1951-06-05,27.5,23.3,25.2,,
1951-06-06,29.5,22.9,25.7,,
1951-06-07,29.4,23.1,25.9,,
1951-06-08,29.0,23.7,25.8,,
1951-06-09,28.6,22.3,25.5,,
1951-06-10,28.3,23.7,25.6,,
1951-06-11,29.1,22.2,25.3,,
1951-06-12,28.8,22.6,25.1,,
1951-06-13,29.5,22.2,25.5,,
1951-06-14,29.7,22.8,26.2,,
1951-06-15,29.7,24.3,26.5,,
1951-06-16,29.1,22.6,25.8,,
1951-06-17,28.9,22.8,25.5,,
1951-06-18,29.5,22.4,25.2,,
1951-06-19,28.4,22.7,25.5,,
1951-06-20,28.6,23.6,25.6,,
1951-06-21,28.2,22.6,25.0,,
1951-06-22,27.7,22.2,24.8,,
1951-06-23,28.5,22.7,25.2,,
1951-06-24,29.2,22.1,25.6,,
1951-06-25,29.1,22.4,25.5,,
1951-06-26,29.0,22.1,25.3,,
1951-06-27,29.3,22.9,25.4,,
1951-06-28,28.2,22.9,25.2,,
1951-06-29,28.5,22.5,25.2,,
1951-06-30,29.1,20.0,24.6,,
1951-07-01,29.5,21.5,25.5,,
1951-07-02,28.8,22.3,25.3,,
1951-07-03,28.5,22.1,25.1,,
1951-07-04,27.5,22.3,24.9,,
1951-07-05,28.9,22.6,25.3,,
1951-07-06,27.8,22.4,24.7,,
1951-07-07,27.7,21.9,24.6,,
1951-07-08,28.4,22.8,25.0,,
1951-07-09,28.5,22.3,25.2,,
1951-07-10,28.3,22.1,25.3,,
1951-07-11,28.8,22.5,25.5,,
1951-07-12,28.3,21.5,25.0,,
1951-07-13,29.2,20.5,25.0,,
1951-07-14,28.8,21.8,25.2,,
1951-07-15,28.7,21.1,24.7,,
1951-07-16,28.9,21.1,25.0,,
1951-07-17,27.8,22.4,25.0,,
1951-07-18,27.8,22.5,24.7,,
1951-07-19,29.0,21.6,25.1,,
1951-07-20,29.4,21.6,25.6,,
1951-07-21,29.4,22.6,25.9,,
1951-07-22,29.4,22.0,25.5,,
1951-07-23,29.5,22.2,25.6,,
1951-07-24,28.8,22.4,25.8,,
1951-07-25,29.2,23.8,26.2,,
1951-07-26,29.1,23.2,25.7,,
1951-07-27,29.7,21.9,25.7,,
1951-07-28,30.4,23.2,26.3,,
1951-07-29,29.5,23.6,25.8,,
1951-07-30,28.9,22.4,25.4,,
1951-07-31,29.2,22.5,25.4,,
1951-08-01,28.7,21.8,25.2,,
1951-08-02,29.5,22.1,25.7,,
1951-08-03,29.9,21.8,25.7,,
1951-08-04,29.1,21.7,25.7,,
1951-08-05,29.5,22.7,26.1,,
1951-08-06,30.3,22.2,25.8,,
1951-08-07,30.0,22.6,26.1,,
1951-08-08,29.9,23.1,25.8,,
1951-08-09,29.8,23.8,26.6,,
1951-08-10,29.6,24.0,26.2,,
1951-08-11,30.6,22.6,26.3,,
1951-08-12,30.6,22.8,26.6,,
1951-08-13,30.0,24.2,26.9,,
1951-08-14,29.7,23.5,26.4,,
1951-08-15,30.0,24.1,26.2,,
1951-08-16,28.9,23.2,25.5,,
1951-08-17,28.9,23.3,25.4,,
1951-08-18,29.5,22.5,25.9,,
1951-08-19,30.9,22.8,26.4,,
1951-08-20,30.1,22.6,26.2,,
1951-08-21,28.5,22.0,25.5,,
1951-08-22,29.5,22.4,26.0,,
1951-08-23,29.4,23.1,26.0,,
1951-08-24,29.6,22.6,25.7,,
1951-08-25,29.6,22.5,25.9,,
1951-08-26,30.1,23.3,26.2,,
1951-08-27,30.2,22.7,26.2,,
1951-08-28,30.3,22.0,26.1,,
1951-08-29,30.9,20.9,25.9,,
1951-08-30,30.8,22.9,26.4,,
1951-08-31,31.1,21.8,26.5,,
1951-09-01,31.2,23.0,26.8,,
1951-09-02,30.3,23.4,26.4,,
1951-09-03,30.0,24.0,26.3,,
1951-09-04,30.8,21.4,26.0,,
1951-09-05,31.0,22.4,26.7,,
1951-09-06,31.0,23.8,27.3,,
1951-09-07,31.6,22.7,27.0,,
1951-09-08,30.9,23.1,26.4,,
1951-09-09,30.0,22.8,26.0,,
1951-09-10,30.8,22.7,26.4,,
1951-09-11,31.0,23.0,26.5,,
1951-09-12,31.8,22.8,26.7,,
1951-09-13,30.4,22.9,26.1,,
1951-09-14,31.2,22.5,26.5,,
1951-09-15,30.2,23.1,26.2,,
1951-09-16,29.6,23.0,25.8,,
1951-09-17,29.8,23.3,26.2,,
1951-09-18,30.4,23.6,26.8,,
1951-09-19,30.2,23.8,26.9,,
1951-09-20,30.7,22.9,26.7,,
1951-09-21,31.3,22.0,26.8,,
1951-09-22,30.9,21.9,26.5,,
1951-09-23,30.7,23.0,26.6,,
1951-09-24,30.4,24.5,27.2,,
1951-09-25,30.8,23.8,27.1,,
1951-09-26,31.4,23.7,27.4,,
1951-09-27,32.3,23.1,27.9,,
1951-09-28,32.5,23.8,27.7,,
1951-09-29,31.5,23.4,27.5,,
1951-09-30,30.1,24.5,26.9,,
1951-10-01,30.4,24.3,26.4,,
1951-10-02,30.9,23.2,26.2,,
1951-10-03,30.3,23.4,26.2,,
1951-10-04,29.4,23.6,26.4,,
1951-10-05,29.2,23.8,26.2,,
1951-10-06,29.0,23.2,25.8,,
1951-10-07,31.3,22.5,26.6,,
1951-10-08,30.4,22.0,26.3,,
1951-10-09,30.0,23.2,26.6,,
1951-10-10,30.6,24.0,26.4,,
1951-10-11,29.4,23.1,26.2,,
1951-10-12,29.7,23.6,26.1,,
1951-10-13,30.6,22.7,26.6,,
1951-10-14,31.3,23.5,27.1,,
1951-10-15,32.6,22.6,27.1,,
1951-10-16,32.2,22.5,26.9,,
1951-10-17,33.0,21.7,27.1,,
1951-10-18,32.6,23.6,27.5,,
1951-10-19,32.8,23.2,27.7,,
1951-10-20,32.8,23.1,27.5,,
1951-10-21,31.9,23.5,27.7,,
1951-10-22,30.7,24.2,26.7,,
1951-10-23,30.3,23.8,26.6,,
1951-10-24,30.5,23.3,26.9,,
1951-10-25,30.7,23.7,26.9,,
1951-10-26,29.2,23.3,26.4,,
1951-10-27,31.0,23.6,27.0,,
1951-10-28,30.7,24.5,26.8,,
1951-10-29,31.7,23.1,27.1,,
1951-10-30,32.1,23.1,27.5,,
1951-10-31,31.1,23.2,27.2,,
1951-11-01,32.6,22.9,27.7,,
1951-11-02,32.6,23.6,27.9,,
1951-11-03,33.1,23.6,28.0,,
1951-11-04,31.9,23.3,27.5,,
1951-11-05,31.4,24.0,26.8,,
1951-11-06,30.0,23.8,26.8,,
1951-11-07,28.6,24.2,25.8,,
1951-11-08,31.1,23.5,26.9,,
1951-11-09,30.5,23.9,26.9,,
1951-11-10,30.7,24.8,27.5,,
1951-11-11,30.8,23.7,27.0,,
1951-11-12,31.2,23.5,27.2,,
1951-11-13,31.6,23.8,27.5,,
1951-11-14,30.6,23.9,27.0,,
1951-11-15,32.1,23.6,27.5,,
1951-11-16,31.5,23.4,27.3,,
1951-11-17,30.9,24.1,26.7,,
1951-11-18,30.5,24.0,26.9,,
1951-11-19,29.8,24.0,26.5,,
1951-11-20,31.1,22.9,26.8,,
1951-11-21,30.7,22.2,26.7,,
1951-11-22,29.6,23.5,26.2,,
1951-11-23,30.2,22.8,26.3,,
1951-11-24,31.1,23.2,27.1,,
1951-11-25,30.2,23.5,26.9,,
1951-11-26,30.4,23.9,26.7,,
1951-11-27,29.0,23.6,26.3,,
1951-11-28,29.2,23.5,26.5,,
1951-11-29,30.2,24.1,26.6,,
1951-11-30,29.5,23.8,26.2,,
1951-12-01,29.4,23.1,25.6,,
1951-12-02,30.8,23.4,26.5,,
1951-12-03,30.9,23.7,26.9,,
1951-12-04,31.1,23.3,26.7,,
1951-12-05,30.5,23.4,25.9,,
1951-12-06,29.8,23.4,26.0,,
1951-12-07,31.0,23.7,26.8,,
1951-12-08,29.0,23.8,26.2,,
1951-12-09,29.3,23.6,26.2,,
1951-12-10,29.9,24.1,26.7,,
1951-12-11,31.1,23.3,26.8,,
1951-12-12,30.5,23.4,26.5,,
1951-12-13,29.3,23.4,26.0,,
1951-12-14,28.9,23.6,26.0,,
1951-12-15,29.7,22.7,25.9,,
1951-12-16,26.9,23.2,25.1,,
1951-12-17,27.4,22.8,25.0,,
1951-12-18,29.0,22.0,25.5,,
1951-12-19,28.6,22.8,25.8,,
1951-12-20,27.1,23.2,24.9,,
1951-12-21,27.4,22.6,24.8,,
1951-12-22,27.2,22.7,25.0,,
1951-12-23,28.8,22.6,25.6,,
1951-12-24,29.2,23.6,25.9,,
1951-12-25,29.5,23.2,25.5,,
1951-12-26,29.0,23.4,25.6,,
1951-12-27,27.8,23.0,24.8,,
1951-12-28,27.6,22.6,24.5,,
1951-12-29,28.6,23.4,25.3,,
1951-12-30,29.1,23.1,25.8,,
1951-12-31,29.4,23.8,26.1,,
1952-01-01,29.7,23.9,26.3,,
1952-01-02,29.1,23.5,26.1,,
1952-01-03,29.0,23.3,25.9,,
1952-01-04,28.4,23.2,25.9,,
1952-01-05,26.6,23.5,24.7,,
1952-01-06,28.9,22.3,25.5,,
1952-01-07,29.0,23.4,25.7,,
1952-01-08,28.2,23.3,25.3,,
1952-01-09,27.2,23.8,25.2,,
1952-01-10,28.8,23.2,25.8,,
1952-01-11,28.4,22.7,25.6,,
1952-01-12,28.7,24.1,25.7,,
1952-01-13,30.2,23.7,26.1,,
1952-01-14,29.0,23.3,25.6,,
1952-01-15,26.8,23.2,25.0,,
1952-01-16,27.6,23.4,25.1,,
1952-01-17,27.6,22.9,25.1,,
1952-01-18,27.4,23.3,25.4,,
1952-01-19,27.4,23.7,25.3,,
1952-01-20,26.3,23.0,24.2,,
1952-01-21,27.4,22.8,24.2,,
1952-01-22,27.4,22.7,24.6,,
1952-01-23,28.3,22.9,25.4,,
1952-01-24,27.4,22.9,24.9,,
1952-01-25,26.9,22.9,24.6,,
1952-01-26,28.6,22.4,25.4,,
1952-01-27,29.1,22.7,25.9,,
1952-01-28,29.0,22.9,25.8,,
1952-01-29,28.6,22.9,25.6,,
1952-01-30,28.6,23.1,25.8,,
1952-01-31,29.2,23.2,25.7,,
1952-02-01,29.2,23.5,26.2,,
1952-02-02,28.3,24.2,26.2,,
1952-02-03,27.4,23.4,25.0,,
1952-02-04,28.3,23.1,24.7,,
1952-02-05,25.0,23.2,24.0,,
1952-02-06,26.6,22.8,24.7,,
1952-02-07,26.8,22.6,24.6,,
1952-02-08,28.7,22.5,25.2,,
1952-02-09,29.5,23.4,25.7,,
1952-02-10,26.3,23.2,24.5,,
1952-02-11,27.5,23.0,24.8,,
1952-02-12,27.0,23.1,24.8,,
1952-02-13,31.0,23.7,26.6,,
1952-02-14,29.5,23.1,25.8,,
1952-02-15,28.8,22.3,25.7,,
1952-02-16,28.8,23.3,25.4,,
1952-02-17,28.7,23.1,25.4,,
1952-02-18,27.8,24.0,24.9,,
1952-02-19,27.7,23.9,25.4,,
1952-02-20,27.8,23.6,25.2,,
1952-02-21,28.8,23.1,25.6,,
1952-02-22,29.0,23.3,26.1,,
1952-02-23,29.2,24.1,26.3,,
1952-02-24,27.9,24.1,25.8,,
1952-02-25,29.4,24.7,26.5,,
1952-02-26,27.8,23.4,25.2,,
1952-02-27,28.0,23.3,25.2,,
1952-02-28,27.9,23.4,25.3,,
1952-02-29,28.0,24.1,25.8,,
1952-03-01,27.8,23.8,25.4,,
1952-03-02,27.8,22.9,25.3,,
1952-03-03,28.5,23.3,25.6,,
1952-03-04,28.5,23.3,25.6,,
1952-03-05,29.3,24.1,26.2,,
1952-03-06,29.6,22.9,25.6,,
1952-03-07,29.7,22.9,25.7,,
1952-03-08,29.5,23.0,25.9,,
1952-03-09,28.2,23.4,25.5,,
1952-03-10,28.8,23.5,25.9,,
1952-03-11,29.5,23.5,25.7,,
1952-03-12,29.6,22.8,25.8,,
1952-03-13,29.7,23.4,25.8,,
1952-03-14,28.3,23.1,25.3,,
1952-03-15,27.4,23.0,24.7,,
1952-03-16,27.3,23.3,24.9,,
1952-03-17,27.4,23.2,24.8,,
1952-03-18,29.2,23.2,25.8,,
1952-03-19,29.6,22.9,26.0,,
1952-03-20,29.4,22.6,25.7,,
1952-03-21,29.2,22.7,25.9,,
1952-03-22,26.1,23.4,24.3,,
1952-03-23,25.6,22.9,24.0,,
1952-03-24,27.9,22.9,25.1,,
1952-03-25,29.0,22.6,25.2,,
1952-03-26,29.3,23.4,25.6,,
1952-03-27,28.4,23.4,25.7,,
1952-03-28,28.9,23.8,25.9,,
1952-03-29,29.4,22.4,25.7,,
1952-03-30,28.8,23.6,25.7,,
1952-03-31,28.7,23.0,25.7,,
1952-04-01,29.1,23.1,25.6,,
1952-04-02,27.7,24.0,25.3,,
1952-04-03,28.2,23.1,25.2,,
1952-04-04,28.7,23.1,25.2,,
1952-04-05,28.5,23.1,25.5,,
1952-04-06,29.2,22.7,25.5,,
1952-04-07,28.4,24.1,25.9,,
1952-04-08,28.7,23.0,25.5,,
1952-04-09,29.2,23.6,25.9,,
1952-04-10,29.4,22.7,25.9,,
1952-04-11,27.8,23.3,25.3,,
1952-04-12,27.1,22.8,24.8,,
1952-04-13,27.6,23.7,24.7,,
1952-04-14,27.7,23.1,24.7,,
1952-04-15,26.8,23.0,24.6,,
1952-04-16,29.0,22.7,25.4,,
1952-04-17,29.3,22.5,25.6,,
1952-04-18,29.1,22.5,25.3,,
1952-04-19,28.3,22.8,25.4,,
1952-04-20,29.7,22.7,26.1,,
1952-04-21,30.3,22.1,26.2,,
1952-04-22,29.3,24.4,26.3,,
1952-04-23,28.7,23.1,25.8,,
1952-04-24,29.4,22.7,25.6,,
1952-04-25,28.9,23.2,25.9,,
1952-04-26,29.6,23.9,26.4,,
1952-04-27,29.3,23.0,26.2,,
1952-04-28,29.4,22.9,26.3,,
1952-04-29,30.1,21.9,26.2,,
1952-04-30,29.5,23.1,26.1,,
1952-05-01,29.7,22.8,25.8,,
1952-05-02,28.9,22.1,25.5,,
1952-05-03,28.9,23.2,25.6,,
1952-05-04,28.1,22.9,25.5,,
1952-05-05,29.2,22.7,25.7,,
1952-05-06,28.8,23.0,25.8,,
1952-05-07,28.8,22.8,25.3,,
1952-05-08,27.4,23.0,24.7,,
1952-05-09,28.0,23.1,25.4,,
1952-05-10,28.5,23.1,25.9,,
1952-05-11,28.5,23.5,25.9,,
1952-05-12,29.4,23.8,26.1,,
1952-05-13,28.4,23.5,25.5,,
1952-05-14,28.5,22.8,25.8,,
1952-05-15,28.6,23.9,26.0,,
1952-05-16,27.9,24.2,25.6,,
1952-05-17,26.9,23.7,24.9,,
1952-05-18,28.3,23.0,25.1,,
1952-05-19,28.2,23.3,25.6,,
1952-05-20,28.0,23.1,25.5,,
1952-05-21,29.8,23.0,25.9,,
1952-05-22,29.9,22.7,26.1,,
1952-05-23,29.9,23.2,26.3,,
1952-05-24,30.1,23.8,26.2,,
1952-05-25,29.9,23.4,26.1,,
1952-05-26,29.0,23.9,25.8,,
1952-05-27,28.8,23.3,25.8,,
1952-05-28,29.8,23.2,25.9,,
1952-05-29,29.4,23.2,25.8,,
1952-05-30,28.6,23.6,25.6,,
1952-05-31,28.8,22.5,25.5,,
1952-06-01,29.0,22.1,25.3,,
1952-06-02,28.4,23.3,25.5,,
1952-06-03,27.6,22.8,24.9,,
1952-06-04,28.7,22.9,25.4,,
1952-06-05,29.1,22.2,25.5,,
1952-06-06,29.5,21.8,25.5,,
1952-06-07,28.9,22.2,25.3,,
1952-06-08,29.2,22.5,25.7,,
1952-06-09,28.4,23.0,25.8,,
1952-06-10,28.0,23.3,25.5,,
1952-06-11,29.1,22.4,25.9,,
1952-06-12,30.3,22.7,26.4,,
1952-06-13,28.2,23.1,25.4,,
1952-06-14,29.4,23.1,26.1,,
1952-06-15,29.5,23.1,26.2,,
1952-06-16,29.5,22.9,25.9,,
1952-06-17,28.9,22.5,25.6,,
1952-06-18,28.8,22.5,25.4,,
1952-06-19,28.4,22.8,25.3,,
1952-06-20,29.4,22.1,25.5,,
1952-06-21,29.1,22.4,25.5,,
1952-06-22,29.1,21.5,25.3,,
1952-06-23,29.4,21.7,25.6,,
1952-06-24,29.7,21.7,25.8,,
1952-06-25,29.3,23.0,26.1,,
1952-06-26,28.9,23.5,26.0,,
1952-06-27,28.7,23.0,25.8,,
1952-06-28,29.0,22.9,25.8,,
1952-06-29,29.9,22.5,26.0,,
1952-06-30,29.7,22.3,25.9,,
1952-07-01,29.3,22.9,25.8,,
1952-07-02,29.4,22.2,25.6,,
1952-07-03,28.4,23.5,25.8,,
1952-07-04,29.8,23.2,26.1,,
1952-07-05,29.4,21.1,25.4,,
1952-07-06,29.2,22.3,25.6,,
1952-07-07,29.5,20.6,25.1,,
1952-07-08,29.7,21.1,25.4,,
1952-07-09,28.3,21.5,25.1,,
1952-07-10,28.6,22.6,25.2,,
1952-07-11,27.8,22.4,24.8,,
1952-07-12,28.8,22.2,25.3,,
1952-07-13,28.7,22.7,25.6,,
1952-07-14,29.1,21.8,25.3,,
1952-07-15,28.3,22.6,25.1,,
1952-07-16,28.3,22.5,25.1,,
1952-07-17,28.4,22.4,25.2,,
1952-07-18,28.3,22.1,25.0,,
1952-07-19,28.0,22.3,24.9,,
1952-07-20,29.1,23.4,25.8,,
1952-07-21,29.5,21.0,25.4,,
1952-07-22,28.0,22.6,25.1,,
1952-07-23,29.2,22.3,25.2,,
1952-07-24,29.3,21.1,25.2,,
1952-07-25,29.6,21.4,25.4,,
1952-07-26,30.0,22.2,25.6,,
1952-07-27,30.2,21.2,25.6,,
1952-07-28,29.3,21.6,25.3,,
1952-07-29,29.6,20.7,25.3,,
1952-07-30,30.6,21.9,26.1,,
1952-07-31,30.1,21.9,25.9,,
1952-08-01,29.8,22.7,25.8,,
1952-08-02,28.4,22.5,25.2,,
1952-08-03,28.3,22.4,25.1,,
1952-08-04,28.3,21.8,25.0,,
1952-08-05,29.7,22.5,25.7,,
1952-08-06,29.6,21.8,25.5,,
1952-08-07,29.6,22.9,26.0,,
1952-08-08,29.2,22.2,25.6,,
1952-08-09,30.0,22.3,25.7,,
1952-08-10,29.7,22.4,26.0,,
1952-08-11,29.4,22.9,25.5,,
1952-08-12,29.8,23.2,26.2,,
1952-08-13,29.6,22.8,26.0,,
1952-08-14,29.6,23.1,26.2,,
1952-08-15,30.4,22.9,26.6,,
1952-08-16,30.2,22.5,26.5,,
1952-08-17,29.9,23.0,25.9,,
1952-08-18,29.8,22.3,25.9,,
1952-08-19,29.7,23.0,26.3,,
1952-08-20,29.0,23.0,25.8,,
1952-08-21,28.9,22.9,25.3,,
1952-08-22,28.4,22.7,24.8,,
1952-08-23,27.9,23.1,24.8,,
1952-08-24,28.1,22.3,25.1,,
1952-08-25,28.7,22.3,25.2,,
1952-08-26,29.3,22.2,25.6,,
1952-08-27,29.2,22.6,25.6,,
1952-08-28,29.5,22.6,25.7,,
1952-08-29,29.0,23.0,25.8,,
1952-08-30,29.4,22.2,25.8,,
1952-08-31,29.1,21.7,25.4,,
1952-09-01,29.2,21.9,25.1,,
1952-09-02,29.0,22.3,25.3,,
1952-09-03,29.1,22.0,25.0,,
1952-09-04,29.6,21.7,25.5,,
1952-09-05,30.2,22.5,25.9,,
1952-09-06,30.2,22.4,26.1,,
1952-09-07,30.3,22.5,26.3,,
1952-09-08,30.0,22.4,26.3,,
1952-09-09,29.7,22.5,26.1,,
1952-09-10,30.5,22.6,26.2,,
1952-09-11,30.0,23.8,26.2,,
1952-09-12,30.6,21.7,26.3,,
1952-09-13,30.1,23.0,26.4,,
1952-09-14,30.5,22.8,25.8,,
1952-09-15,30.3,22.5,26.2,,
1952-09-16,29.6,23.1,26.1,,
1952-09-17,29.9,21.9,26.2,,
1952-09-18,30.3,23.5,26.9,,
1952-09-19,31.1,22.5,26.5,,
1952-09-20,30.8,21.7,26.2,,
1952-09-21,31.0,21.3,26.3,,
1952-09-22,30.3,23.1,26.1,,
1952-09-23,30.7,22.9,26.2,,
1952-09-24,30.3,22.9,26.0,,
1952-09-25,30.2,22.8,26.3,,
1952-09-26,29.8,21.9,26.0,,
1952-09-27,30.7,22.5,26.5,,
1952-09-28,30.8,22.8,26.8,,
1952-09-29,31.0,22.9,27.0,,
1952-09-30,30.5,23.4,26.8,,
1952-10-01,30.7,23.5,27.0,,
1952-10-02,31.6,23.4,27.2,,
1952-10-03,31.5,23.0,27.3,,
1952-10-04,31.6,24.3,27.3,,
1952-10-05,31.9,23.6,27.5,,
1952-10-06,32.0,23.7,27.5,,
1952-10-07,31.7,24.6,27.6,,
1952-10-08,31.1,23.2,27.1,,
1952-10-09,31.7,23.9,27.3,,
1952-10-10,31.0,23.7,26.3,,
1952-10-11,29.7,23.2,25.8,,
1952-10-12,29.8,22.8,25.5,,
1952-10-13,29.5,22.3,25.8,,
1952-10-14,29.2,22.5,25.6,,
1952-10-15,29.5,23.2,25.7,,
1952-10-16,30.3,22.0,26.3,,
1952-10-17,29.5,23.1,26.1,,
1952-10-18,30.1,23.1,26.2,,
1952-10-19,30.6,22.2,26.4,,
1952-10-20,31.9,22.6,27.1,,
1952-10-21,31.6,23.1,27.3,,
1952-10-22,30.7,23.7,27.0,,
1952-10-23,31.0,23.8,27.1,,
1952-10-24,31.1,22.7,26.7,,
1952-10-25,29.1,23.1,25.9,,
1952-10-26,28.8,23.2,25.5,,
1952-10-27,28.0,23.1,25.2,,
1952-10-28,29.5,23.6,26.2,,
1952-10-29,29.6,24.5,26.6,,
1952-10-30,29.7,22.6,25.9,,
1952-10-31,29.4,23.0,25.5,,
1952-11-01,29.1,23.4,25.5,,
1952-11-02,29.4,23.2,25.7,,
1952-11-03,30.1,23.2,25.9,,
1952-11-04,30.5,22.9,25.7,,
1952-11-05,28.2,23.2,25.2,,
1952-11-06,26.7,22.9,25.0,,
1952-11-07,27.9,22.5,25.0,,
1952-11-08,29.1,22.2,24.9,,
1952-11-09,29.2,22.7,25.5,,
1952-11-10,28.8,23.2,25.7,,
1952-11-11,29.3,22.9,25.6,,
1952-11-12,28.5,23.6,25.6,,
1952-11-13,27.3,23.7,25.3,,
1952-11-14,28.8,24.3,26.2,,
1952-11-15,29.2,23.3,26.0,,
1952-11-16,29.1,23.4,25.6,,
1952-11-17,26.1,23.2,24.4,,
1952-11-18,28.8,22.3,25.2,,
1952-11-19,29.9,23.4,26.6,,
1952-11-20,29.3,23.7,26.1,,
1952-11-21,28.3,22.9,25.2,,
1952-11-22,29.3,22.8,25.5,,
1952-11-23,29.9,23.2,25.7,,
1952-11-24,28.9,22.5,25.5,,
1952-11-25,28.6,23.1,25.6,,
1952-11-26,28.7,22.9,25.2,,
1952-11-27,28.6,22.9,25.4,,
1952-11-28,29.5,22.9,25.8,,
1952-11-29,27.6,23.3,25.5,,
1952-11-30,28.8,22.8,25.7,,
1952-12-01,28.2,23.0,25.6,,
1952-12-02,29.7,22.5,25.7,,
1952-12-03,29.2,22.9,25.5,,
1952-12-04,29.1,22.7,25.9,,
1952-12-05,28.7,23.7,25.8,,
1952-12-06,26.8,23.7,25.0,,
1952-12-07,26.5,22.9,24.3,,
1952-12-08,28.9,22.3,25.4,,
1952-12-09,28.7,22.6,25.5,,
1952-12-10,29.2,23.5,25.6,,
1952-12-11,28.4,23.4,25.3,,
1952-12-12,28.7,23.1,25.3,,
1952-12-13,29.8,22.8,25.8,,
1952-12-14,28.6,23.0,25.5,,
1952-12-15,28.5,23.6,25.2,,
1952-12-16,28.4,23.3,25.6,,
1952-12-17,28.6,23.0,25.3,,
1952-12-18,28.6,23.0,25.0,,
1952-12-19,27.8,22.7,24.8,,
1952-12-20,28.1,22.7,25.3,,
1952-12-21,28.5,23.4,25.3,,
1952-12-22,28.9,22.5,25.1,,
1952-12-23,27.4,22.9,24.9,,
1952-12-24,28.5,22.9,25.7,,
1952-12-25,29.8,23.5,25.9,,
1952-12-26,27.5,23.2,24.9,,
1952-12-27,27.4,22.1,24.6,,
1952-12-28,28.5,22.0,25.4,,
1952-12-29,28.3,23.0,25.6,,
1952-12-30,28.1,23.9,25.8,,
1952-12-31,28.9,23.1,25.6,,
1953-01-01,29.5,22.6,25.6,,
1953-01-02,29.2,23.0,26.0,,
1953-01-03,28.8,23.1,25.9,,
1953-01-04,29.1,23.6,26.1,,
1953-01-05,28.5,23.6,25.7,,
1953-01-06,27.2,23.0,24.7,,
1953-01-07,28.0,22.8,24.9,,
1953-01-08,26.9,22.8,24.4,,
1953-01-09,26.8,22.4,24.7,,
1953-01-10,28.1,22.6,25.0,,
1953-01-11,28.8,22.2,25.2,,
1953-01-12,27.4,22.4,24.9,,
1953-01-13,28.2,22.6,25.2,,
1953-01-14,28.0,22.7,25.3,,
1953-01-15,27.9,23.2,25.1,,
1953-01-16,27.2,22.0,24.7,,
1953-01-17,27.4,22.4,24.6,,
1953-01-18,28.2,22.2,25.2,,
1953-01-19,27.7,22.9,25.0,,
1953-01-20,27.9,22.7,25.2,,
1953-01-21,26.9,22.9,24.9,,
1953-01-22,27.7,22.7,25.0,,
1953-01-23,28.9,21.9,25.2,,
1953-01-24,27.2,23.3,25.1,,
1953-01-25,28.6,23.0,25.5,,
1953-01-26,28.8,22.5,25.5,,
1953-01-27,29.1,22.5,25.6,,
1953-01-28,27.9,23.6,25.5,,
1953-01-29,29.4,22.6,25.9,,
1953-01-30,29.7,23.0,25.9,,
1953-01-31,29.2,22.2,25.7,,
1953-02-01,28.3,23.0,25.6,,
1953-02-02,27.0,22.7,25.0,,
1953-02-03,28.7,23.0,25.8,,
1953-02-04,28.2,22.7,25.5,,
1953-02-05,27.6,23.1,25.3,,
1953-02-06,28.6,22.8,25.4,,
1953-02-07,27.8,23.1,25.1,,
1953-02-08,27.3,22.7,24.4,,
1953-02-09,28.3,22.0,24.8,,
1953-02-10,28.2,22.4,25.1,,
1953-02-11,28.6,23.6,25.6,,
1953-02-12,30.1,22.3,26.1,,
1953-02-13,30.6,23.2,26.3,,
1953-02-14,31.1,23.8,26.8,,
1953-02-15,29.6,21.0,25.4,,
1953-02-16,29.9,22.9,26.4,,
1953-02-17,29.8,23.5,26.3,,
1953-02-18,29.3,24.0,25.6,,
1953-02-19,29.0,23.3,25.8,,
1953-02-20,29.0,22.8,25.6,,
1953-02-21,27.7,22.5,25.1,,
1953-02-22,28.6,22.3,25.2,,
1953-02-23,28.7,21.3,25.0,,
1953-02-24,29.6,22.4,25.6,,
1953-02-25,29.0,22.0,25.0,,
1953-02-26,28.9,22.0,25.3,,
1953-02-27,28.0,22.8,25.3,,
1953-02-28,27.6,22.5,24.7,,
1953-03-01,28.0,22.3,25.0,,
1953-03-02,28.4,23.1,25.2,,
1953-03-03,29.8,23.1,26.1,,
1953-03-04,30.0,22.9,26.3,,
1953-03-05,29.8,24.2,26.6,,
1953-03-06,30.0,22.9,26.0,,
1953-03-07,30.1,23.1,26.5,,
1953-03-08,30.3,23.4,26.3,,
1953-03-09,29.7,23.1,26.4,,
1953-03-10,29.7,22.8,26.2,,
1953-03-11,28.9,22.8,26.1,,
1953-03-12,30.1,23.3,26.6,,
1953-03-13,29.8,22.5,26.1,,
1953-03-14,28.4,23.1,25.3,,
1953-03-15,30.1,22.2,26.0,,
1953-03-16,29.0,23.5,25.6,,
1953-03-17,29.5,23.6,26.1,,
1953-03-18,27.7,23.1,25.4,,
1953-03-19,28.8,23.1,25.5,,
1953-03-20,30.5,23.0,26.5,,
1953-03-21,30.2,24.1,26.8,,
1953-03-22,28.8,24.3,26.1,,
1953-03-23,28.9,23.3,26.0,,
1953-03-24,30.0,23.4,26.5,,
1953-03-25,27.5,23.0,25.3,,
1953-03-26,30.9,22.9,26.2,,
1953-03-27,29.1,23.0,25.9,,
1953-03-28,30.4,23.0,26.2,,
1953-03-29,31.0,23.2,26.6,,
1953-03-30,29.2,23.7,26.2,,
1953-03-31,29.7,23.1,25.9,,
1953-04-01,30.0,23.4,26.0,,
1953-04-02,29.9,22.5,26.2,,
1953-04-03,30.7,22.6,26.7,,
1953-04-04,30.5,23.9,26.9,,
1953-04-05,30.1,23.1,26.4,,
1953-04-06,30.3,23.1,26.2,,
1953-04-07,29.2,23.7,26.0,,
1953-04-08,28.7,23.4,26.0,,
1953-04-09,28.9,23.1,25.6,,
1953-04-10,28.8,23.1,25.6,,
1953-04-11,29.8,23.4,26.1,,
1953-04-12,29.4,23.2,25.9,,
1953-04-13,29.7,23.0,25.8,,
1953-04-14,29.4,22.9,25.9,,
1953-04-15,29.9,23.2,26.0,,
1953-04-16,30.0,23.3,26.5,,
1953-04-17,29.6,23.8,26.2,,
1953-04-18,29.1,23.2,25.7,,
1953-04-19,30.2,22.9,25.8,,
1953-04-20,30.2,23.0,26.1,,
1953-04-21,31.2,23.9,26.6,,
1953-04-22,29.6,23.4,25.7,,
1953-04-23,30.4,23.3,26.4,,
1953-04-24,29.5,23.3,25.9,,
1953-04-25,28.9,23.4,25.9,,
1953-04-26,28.7,23.4,25.6,,
1953-04-27,29.2,23.4,25.9,,
1953-04-28,28.7,23.4,25.6,,
1953-04-29,29.8,23.1,26.6,,
1953-04-30,29.1,24.2,26.4,,
1953-05-01,29.3,23.2,26.0,,
1953-05-02,29.6,23.4,26.1,,
1953-05-03,28.2,23.4,25.6,,
1953-05-04,29.4,22.8,25.7,,
1953-05-05,29.1,22.7,25.6,,
1953-05-06,28.6,23.3,25.5,,
1953-05-07,30.0,22.9,25.9,,
1953-05-08,28.7,23.2,25.7,,
1953-05-09,28.8,23.8,26.0,,
1953-05-10,29.3,23.2,26.1,,
1953-05-11,28.6,23.4,25.8,,
1953-05-12,29.8,22.6,25.8,,
1953-05-13,29.5,23.6,26.2,,
1953-05-14,28.5,24.4,26.3,,
1953-05-15,29.8,23.1,26.2,,
1953-05-16,28.6,24.4,26.0,,
1953-05-17,29.0,23.1,25.7,,
1953-05-18,28.8,23.0,25.6,,
1953-05-19,28.7,23.3,25.6,,
1953-05-20,27.6,22.7,25.0,,
1953-05-21,28.9,22.5,25.4,,
1953-05-22,27.8,23.2,25.3,,
1953-05-23,28.1,22.7,25.2,,
1953-05-24,28.9,22.8,25.8,,
1953-05-25,29.0,23.0,25.6,,
1953-05-26,29.7,22.5,26.0,,
1953-05-27,28.2,23.2,25.4,,
1953-05-28,29.0,22.5,25.7,,
1953-05-29,29.7,23.8,26.3,,
1953-05-30,29.3,22.7,26.1,,
1953-05-31,29.0,22.6,26.0,,
1953-06-01,29.3,22.4,26.1,,
1953-06-02,29.6,22.6,26.2,,
1953-06-03,29.9,23.0,26.1,,
1953-06-04,29.5,22.8,26.2,,
1953-06-05,29.6,22.9,26.1,,
1953-06-06,29.6,22.8,26.2,,
1953-06-07,30.2,22.5,26.3,,
1953-06-08,30.2,23.9,26.7,,
1953-06-09,29.9,24.1,26.7,,
1953-06-10,30.0,23.4,26.7,,
1953-06-11,29.9,23.3,26.5,,
1953-06-12,30.2,22.9,26.3,,
1953-06-13,29.1,23.0,26.2,,
1953-06-14,28.8,23.7,25.6,,
1953-06-15,29.0,22.5,25.6,,
1953-06-16,30.1,23.1,26.2,,
1953-06-17,29.0,22.9,26.0,,
1953-06-18,29.3,22.9,26.1,,
1953-06-19,28.5,23.7,25.7,,
1953-06-20,27.4,23.2,25.2,,
1953-06-21,28.0,23.6,25.5,,
1953-06-22,29.3,23.3,26.0,,
1953-06-23,29.4,22.6,26.1,,
1953-06-24,29.5,24.2,26.5,,
1953-06-25,29.8,21.3,25.6,,
1953-06-26,29.7,22.8,25.9,,
1953-06-27,29.5,21.5,25.8,,
1953-06-28,29.9,22.5,26.4,,
1953-06-29,29.5,22.7,26.2,,
1953-06-30,30.2,20.8,25.6,,
1953-07-01,30.2,21.5,26.0,,
1953-07-02,29.8,22.2,26.3,,
1953-07-03,30.0,22.5,26.2,,
1953-07-04,30.9,21.0,26.1,,
1953-07-05,30.4,21.5,25.8,,
1953-07-06,29.1,22.4,25.7,,
1953-07-07,29.4,21.8,25.5,,
1953-07-08,29.8,21.7,25.7,,
1953-07-09,29.5,21.7,25.4,,
1953-07-10,29.0,22.4,25.5,,
1953-07-11,28.9,22.4,25.6,,
1953-07-12,29.4,22.7,25.8,,
1953-07-13,29.7,22.1,25.5,,
1953-07-14,29.5,22.9,25.7,,
1953-07-15,30.0,22.8,26.0,,
1953-07-16,30.0,21.1,25.6,,
1953-07-17,29.6,21.8,25.8,,
1953-07-18,30.3,22.4,26.1,,
1953-07-19,29.6,23.5,26.0,,
1953-07-20,29.7,22.5,25.9,,
1953-07-21,31.1,21.0,26.0,,
1953-07-22,30.6,22.0,26.2,,
1953-07-23,30.4,22.1,26.2,,
1953-07-24,30.6,21.6,26.1,,
1953-07-25,31.0,22.4,26.5,,
1953-07-26,31.0,23.4,26.9,,
1953-07-27,30.5,22.7,26.7,,
1953-07-28,30.0,22.8,26.4,,
1953-07-29,31.2,21.7,26.4,,
1953-07-30,31.2,22.2,26.6,,
1953-07-31,30.9,23.0,26.7,,
1953-08-01,30.9,23.6,27.1,,
1953-08-02,31.2,24.1,27.0,,
1953-08-03,30.6,22.4,26.6,,
1953-08-04,30.7,22.0,26.4,,
1953-08-05,30.6,22.4,26.4,,
1953-08-06,30.7,21.7,26.3,,
1953-08-07,30.8,22.6,26.5,,
1953-08-08,29.5,23.5,26.2,,
1953-08-09,30.2,23.3,26.3,,
1953-08-10,30.9,23.8,26.6,,
1953-08-11,31.2,23.0,26.9,,
1953-08-12,31.1,22.4,26.5,,
1953-08-13,31.2,21.3,26.1,,
1953-08-14,30.7,21.4,26.1,,
1953-08-15,30.4,22.0,26.3,,
1953-08-16,30.5,22.6,26.4,,
1953-08-17,31.7,23.1,26.8,,
1953-08-18,30.8,23.2,26.8,,
1953-08-19,31.3,22.7,26.6,,
1953-08-20,30.6,23.3,26.4,,
1953-08-21,30.7,23.3,26.6,,
1953-08-22,31.0,24.0,26.4,,
1953-08-23,30.3,22.3,26.1,,
1953-08-24,30.4,21.8,26.2,,
1953-08-25,29.6,22.1,25.8,,
1953-08-26,30.8,22.9,26.4,,
1953-08-27,30.9,22.8,26.5,,
1953-08-28,30.4,23.1,26.6,,
1953-08-29,29.5,22.9,25.8,,
1953-08-30,29.6,22.7,25.9,,
1953-08-31,30.1,22.8,26.2,,
1953-09-01,30.6,20.7,25.8,,
1953-09-02,31.2,23.0,26.7,,
1953-09-03,31.2,23.1,26.9,,
1953-09-04,31.7,23.5,27.1,,
1953-09-05,31.2,23.2,27.1,,
1953-09-06,31.8,23.1,27.1,,
1953-09-07,31.5,23.2,27.0,,
1953-09-08,31.8,22.6,27.1,,
1953-09-09,31.8,23.2,27.4,,
1953-09-10,32.1,23.4,27.5,,
1953-09-11,32.4,22.9,27.5,,
1953-09-12,32.4,22.5,27.5,,
1953-09-13,31.7,22.3,27.1,,
1953-09-14,32.0,24.0,27.4,,
1953-09-15,32.1,22.1,26.9,,
1953-09-16,30.9,22.5,26.7,,
1953-09-17,30.8,23.8,26.4,,
1953-09-18,32.2,22.4,26.9,,
1953-09-19,31.2,23.1,26.7,,
1953-09-20,31.3,22.7,26.8,,
1953-09-21,31.2,23.0,27.1,,
1953-09-22,30.8,23.3,27.0,,
1953-09-23,32.5,22.8,27.5,,
1953-09-24,32.2,22.8,27.6,,
1953-09-25,32.9,23.8,28.1,,
1953-09-26,32.5,23.3,27.7,,
1953-09-27,32.1,23.7,27.5,,
1953-09-28,31.5,24.3,27.0,,
1953-09-29,31.2,23.4,26.5,,
1953-09-30,31.7,22.8,27.1,,
1953-10-01,31.9,23.7,27.5,,
1953-10-02,32.2,23.3,27.3,,
1953-10-03,31.9,23.0,27.3,,
1953-10-04,32.6,22.7,27.0,,
1953-10-05,31.6,22.9,27.2,,
1953-10-06,32.3,23.1,27.3,,
1953-10-07,32.4,22.7,27.3,,
1953-10-08,32.6,22.9,27.5,,
1953-10-09,32.4,23.5,27.6,,
1953-10-10,32.1,23.7,27.1,,
1953-10-11,33.0,23.6,27.7,,
1953-10-12,32.2,23.6,27.8,,
1953-10-13,31.7,24.5,27.2,,
1953-10-14,31.6,23.2,26.8,,
1953-10-15,31.7,23.8,27.5,,
1953-10-16,32.5,23.8,27.8,,
1953-10-17,32.3,22.3,27.4,,
1953-10-18,32.6,23.1,27.7,,
1953-10-19,33.3,23.0,28.1,,
1953-10-20,33.4,23.6,28.3,,
1953-10-21,33.6,22.9,27.9,,
1953-10-22,33.1,22.9,28.0,,
1953-10-23,32.8,23.4,28.2,,
1953-10-24,32.0,23.8,28.1,,
1953-10-25,32.1,24.4,27.3,,
1953-10-26,31.0,23.8,26.8,,
1953-10-27,29.8,24.3,26.8,,
1953-10-28,30.9,23.9,27.0,,
1953-10-29,31.4,23.6,27.1,,
1953-10-30,31.9,23.3,27.5,,
1953-10-31,32.1,23.6,27.8,,
1953-11-01,31.8,24.1,27.2,,
1953-11-02,31.2,24.2,27.2,,
1953-11-03,32.1,23.7,27.8,,
1953-11-04,32.2,24.5,28.1,,
1953-11-05,30.9,23.9,27.4,,
1953-11-06,31.6,24.3,27.6,,
1953-11-07,30.9,25.0,27.4,,
1953-11-08,29.9,23.7,26.6,,
1953-11-09,30.8,23.5,26.7,,
1953-11-10,29.5,24.1,26.7,,
1953-11-11,30.5,23.6,26.6,,
1953-11-12,29.8,23.9,26.0,,
1953-11-13,30.2,23.2,26.5,,
1953-11-14,32.1,23.4,27.2,,
1953-11-15,31.0,23.7,26.7,,
1953-11-16,31.5,23.2,27.1,,
1953-11-17,32.1,24.0,27.7,,
1953-11-18,29.9,23.3,26.6,,
1953-11-19,29.6,24.2,26.4,,
1953-11-20,29.4,24.0,26.1,,
1953-11-21,27.2,23.7,25.2,,
1953-11-22,28.6,23.7,25.8,,
1953-11-23,30.1,23.9,26.4,,
1953-11-24,30.8,22.7,26.8,,
1953-11-25,30.9,23.4,26.9,,
1953-11-26,30.9,23.8,26.7,,
1953-11-27,31.0,23.5,26.8,,
1953-11-28,30.3,23.4,26.4,,
1953-11-29,30.4,23.1,26.5,,
1953-11-30,30.4,23.1,26.2,,
1953-12-01,31.6,23.9,27.2,,
1953-12-02,31.8,22.3,26.8,,
1953-12-03,31.9,22.3,27.0,,
1953-12-04,32.2,22.0,26.6,,
1953-12-05,32.6,20.9,26.5,,
1953-12-06,32.6,21.9,27.0,,
1953-12-07,32.5,22.8,27.5,,
1953-12-08,32.3,23.4,27.5,,
1953-12-09,31.3,22.7,26.8,,
1953-12-10,31.7,23.3,27.3,,
1953-12-11,29.5,23.6,26.4,,
1953-12-12,30.6,23.4,26.8,,
1953-12-13,28.7,23.8,26.1,,
1953-12-14,29.0,23.4,26.0,,
1953-12-15,30.1,22.9,26.1,,
1953-12-16,28.5,22.9,25.7,,
1953-12-17,30.0,23.7,26.5,,
1953-12-18,29.3,23.4,26.3,,
1953-12-19,30.2,23.3,26.2,,
1953-12-20,30.3,23.7,26.0,,
1953-12-21,28.4,24.1,25.7,,
1953-12-22,29.7,22.9,26.0,,
1953-12-23,28.8,23.2,25.8,,
1953-12-24,28.7,23.1,26.1,,
1953-12-25,28.7,23.3,26.0,,
1953-12-26,28.7,23.7,25.7,,
1953-12-27,29.6,23.5,26.0,,
1953-12-28,29.1,23.9,25.8,,
1953-12-29,28.7,22.8,25.3,,
1953-12-30,28.5,23.3,25.3,,
1953-12-31,29.0,23.0,25.5,,
1954-01-01,29.1,23.6,25.9,,
1954-01-02,29.3,23.1,26.1,,
1954-01-03,28.3,23.4,25.5,,
1954-01-04,29.2,22.9,25.8,,
1954-01-05,28.2,23.1,25.1,,
1954-01-06,28.8,22.7,25.1,,
1954-01-07,27.7,23.1,25.2,,
1954-01-08,29.5,23.0,26.0,,
1954-01-09,29.7,22.3,26.0,,
1954-01-10,29.9,23.0,26.3,,
1954-01-11,29.6,22.1,26.0,,
1954-01-12,28.6,22.1,25.6,,
1954-01-13,29.9,22.6,26.0,,
1954-01-14,28.9,23.4,25.7,,
1954-01-15,28.3,23.7,25.5,,
1954-01-16,28.7,22.6,25.4,,
1954-01-17,27.8,22.7,25.3,,
1954-01-18,28.6,23.9,25.6,,
1954-01-19,29.8,23.0,25.9,,
1954-01-20,29.9,23.5,26.2,,
1954-01-21,28.9,23.4,26.2,,
1954-01-22,28.4,23.4,25.8,,
1954-01-23,29.3,23.3,25.8,,
1954-01-24,29.0,22.9,25.3,,
1954-01-25,29.4,23.4,25.8,,
1954-01-26,27.8,23.6,25.2,,
1954-01-27,27.3,22.8,24.9,,
1954-01-28,27.8,23.1,25.0,,
1954-01-29,28.5,24.0,25.8,,
1954-01-30,27.1,23.0,24.8,,
1954-01-31,27.8,23.1,24.9,,
1954-02-01,27.1,23.1,25.2,,
1954-02-02,24.7,23.5,24.0,,
1954-02-03,28.1,23.3,25.0,,
1954-02-04,28.7,23.3,25.6,,
1954-02-05,27.6,23.3,24.9,,
1954-02-06,27.9,22.8,25.0,,
1954-02-07,27.5,22.8,24.9,,
1954-02-08,28.1,22.3,24.6,,
1954-02-09,28.1,22.1,24.8,,
1954-02-10,28.8,22.4,25.2,,
1954-02-11,28.3,22.5,24.8,,
1954-02-12,28.6,22.8,25.6,,
1954-02-13,29.1,22.2,25.6,,
1954-02-14,29.5,23.0,25.8,,
1954-02-15,28.1,22.4,25.2,,
1954-02-16,28.6,23.2,25.8,,
1954-02-17,28.5,22.7,25.2,,
1954-02-18,28.5,22.5,25.4,,
1954-02-19,28.2,23.1,25.2,,
1954-02-20,26.0,22.8,24.3,,
1954-02-21,28.0,22.6,25.1,,
1954-02-22,27.4,22.9,24.7,,
1954-02-23,28.1,23.2,25.3,,
1954-02-24,27.8,22.8,25.0,,
1954-02-25,27.3,23.0,24.8,,
1954-02-26,29.1,22.7,25.7,,
1954-02-27,28.2,23.1,25.5,,
1954-02-28,28.4,23.4,25.3,,
1954-03-01,30.5,22.8,25.9,,
1954-03-02,29.5,23.0,25.6,,
1954-03-03,30.1,23.1,26.3,,
1954-03-04,30.6,23.0,26.4,,
1954-03-05,31.0,23.1,26.6,,
1954-03-06,29.6,23.3,26.0,,
1954-03-07,30.5,22.8,26.2,,
1954-03-08,29.9,23.6,26.3,,
1954-03-09,28.6,23.0,25.6,,
1954-03-10,29.7,22.7,26.1,,
1954-03-11,29.2,23.6,26.0,,
1954-03-12,28.9,23.0,26.1,,
1954-03-13,29.7,22.9,26.1,,
1954-03-14,29.2,22.5,25.8,,
1954-03-15,29.7,23.4,26.4,,
1954-03-16,29.9,22.3,26.3,,
1954-03-17,29.0,22.4,25.3,,
1954-03-18,30.1,23.0,26.3,,
1954-03-19,30.8,22.9,26.7,,
1954-03-20,28.8,23.1,25.6,,
1954-03-21,29.1,22.7,25.6,,
1954-03-22,29.8,22.8,26.1,,
1954-03-23,29.5,23.2,25.8,,
1954-03-24,29.6,22.5,25.6,,
1954-03-25,29.5,22.6,25.6,,
1954-03-26,29.4,23.0,25.9,,
1954-03-27,30.2,23.1,26.3,,
1954-03-28,30.0,23.2,26.5,,
1954-03-29,29.6,24.3,26.3,,
1954-03-30,29.8,22.8,25.7,,
1954-03-31,29.5,23.1,25.7,,
1954-04-01,29.3,22.6,25.7,,
1954-04-02,28.9,22.7,25.6,,
1954-04-03,29.4,23.2,25.5,,
1954-04-04,28.5,23.0,25.6,,
1954-04-05,29.0,23.5,25.7,,
1954-04-06,28.5,23.0,25.4,,
1954-04-07,28.5,23.2,25.4,,
1954-04-08,28.4,23.0,25.4,,
1954-04-09,29.9,23.3,26.1,,
1954-04-10,28.0,23.3,25.0,,
1954-04-11,27.6,23.3,25.5,,
1954-04-12,27.8,23.2,25.4,,
1954-04-13,28.6,23.5,25.8,,
1954-04-14,28.6,24.5,26.2,,
1954-04-15,27.6,24.7,26.1,,
1954-04-16,26.9,23.9,25.1,,
1954-04-17,28.1,23.7,25.3,,
1954-04-18,28.8,23.9,25.9,,
1954-04-19,29.3,24.3,26.3,,
1954-04-20,30.1,23.4,26.2,,
1954-04-21,27.8,23.9,25.2,,
1954-04-22,28.0,23.5,25.3,,
1954-04-23,30.5,22.8,26.3,,
1954-04-24,30.2,22.6,26.0,,
1954-04-25,30.0,22.6,26.0,,
1954-04-26,28.6,23.4,25.7,,
1954-04-27,30.0,22.6,26.2,,
1954-04-28,30.5,22.2,26.4,,
1954-04-29,30.5,21.9,26.5,,
1954-04-30,29.3,23.4,26.1,,
1954-05-01,29.3,23.5,25.5,,
1954-05-02,29.1,23.1,25.7,,
1954-05-03,29.4,23.2,26.1,,
1954-05-04,29.0,23.6,26.0,,
1954-05-05,29.8,22.6,26.1,,
1954-05-06,29.2,22.5,25.6,,
1954-05-07,28.3,22.7,25.1,,
1954-05-08,27.7,23.2,25.2,,
1954-05-09,28.4,23.1,25.5,,
1954-05-10,29.7,23.4,25.9,,
1954-05-11,29.9,23.3,26.2,,
1954-05-12,29.5,22.8,26.1,,
1954-05-13,29.4,23.3,25.8,,
1954-05-14,29.7,23.0,26.0,,
1954-05-15,29.4,23.7,25.8,,
1954-05-16,28.4,22.8,25.1,,
1954-05-17,28.4,22.6,25.3,,
1954-05-18,29.0,21.9,25.3,,
1954-05-19,29.8,22.4,25.8,,
1954-05-20,28.4,22.7,25.5,,
1954-05-21,28.9,23.1,25.7,,
1954-05-22,28.2,23.1,25.5,,
1954-05-23,29.6,22.5,25.7,,
1954-05-24,29.4,22.7,25.6,,
1954-05-25,29.3,23.4,25.9,,
1954-05-26,28.8,23.0,25.8,,
1954-05-27,28.4,23.3,25.5,,
1954-05-28,29.1,22.7,25.8,,
1954-05-29,28.7,22.8,25.8,,
1954-05-30,29.1,22.9,25.7,,
1954-05-31,29.4,22.1,25.7,,
1954-06-01,29.1,22.8,25.6,,
1954-06-02,29.2,22.0,25.6,,
1954-06-03,27.6,22.9,25.3,,
1954-06-04,29.0,22.0,25.5,,
1954-06-05,29.6,22.7,25.8,,
1954-06-06,29.3,23.3,25.8,,
1954-06-07,28.8,22.3,25.4,,
1954-06-08,28.2,22.3,25.3,,
1954-06-09,28.6,22.7,25.3,,
1954-06-10,28.8,23.0,25.6,,
1954-06-11,27.9,23.7,25.3,,
1954-06-12,27.0,23.4,24.8,,
1954-06-13,27.4,22.8,24.6,,
1954-06-14,28.8,21.7,25.0,,
1954-06-15,29.2,22.5,25.5,,
1954-06-16,28.2,23.4,25.1,,
1954-06-17,28.9,21.7,24.8,,
1954-06-18,27.3,22.7,24.9,,
1954-06-19,28.8,22.8,25.1,,
1954-06-20,28.3,22.3,24.7,,
1954-06-21,28.8,21.2,25.1,,
1954-06-22,29.0,22.7,25.7,,
1954-06-23,28.2,22.4,25.2,,
1954-06-24,28.8,21.8,25.1,,
1954-06-25,29.2,21.8,25.4,,
1954-06-26,29.1,21.9,25.4,,
1954-06-27,28.2,22.5,25.1,,
1954-06-28,28.7,22.2,24.8,,
1954-06-29,29.6,22.3,25.2,,
1954-06-30,29.1,21.8,25.2,,
1954-07-01,28.5,22.7,25.0,,
1954-07-02,29.3,21.8,25.4,,
1954-07-03,28.0,22.4,25.1,,
1954-07-04,27.5,22.0,24.4,,
1954-07-05,27.5,22.6,24.8,,
1954-07-06,27.4,22.8,24.9,,
1954-07-07,27.5,21.9,24.6,,
1954-07-08,29.2,22.4,25.5,,
1954-07-09,29.3,21.5,25.2,,
1954-07-10,28.5,21.8,24.8,,
1954-07-11,27.9,21.7,24.5,,
1954-07-12,29.4,20.9,25.0,,
1954-07-13,28.4,22.9,25.1,,
1954-07-14,28.6,22.0,24.8,,
1954-07-15,26.3,22.3,24.0,,
1954-07-16,27.7,22.1,24.6,,
1954-07-17,27.8,22.8,24.7,,
1954-07-18,28.0,21.7,24.7,,
1954-07-19,28.3,21.9,24.9,,
1954-07-20,28.5,20.7,24.8,,
1954-07-21,28.6,22.5,25.2,,
1954-07-22,29.1,21.5,25.4,,
1954-07-23,28.9,22.9,25.5,,
1954-07-24,29.2,21.1,25.2,,
1954-07-25,27.7,23.0,25.0,,
1954-07-26,28.5,22.6,24.9,,
1954-07-27,28.0,21.9,24.6,,
1954-07-28,28.3,21.0,24.3,,
1954-07-29,26.0,22.6,24.0,,
1954-07-30,27.2,22.1,24.2,,
1954-07-31,28.0,22.6,24.7,,
1954-08-01,28.1,22.3,24.6,,
1954-08-02,27.6,22.8,24.9,,
1954-08-03,29.1,23.3,25.7,,
1954-08-04,29.0,21.1,25.4,,
1954-08-05,29.1,21.5,25.4,,
1954-08-06,29.5,22.2,25.6,,
1954-08-07,28.3,22.0,24.7,,
1954-08-08,27.2,22.2,24.5,,
1954-08-09,28.5,22.3,25.0,,
1954-08-10,27.1,22.5,24.5,,
1954-08-11,27.9,21.9,24.5,,
1954-08-12,28.2,22.1,24.9,,
1954-08-13,27.6,22.0,24.7,,
1954-08-14,28.8,23.2,25.5,,
1954-08-15,28.0,22.5,24.9,,
1954-08-16,28.4,21.9,24.8,,
1954-08-17,28.8,21.5,25.0,,
1954-08-18,28.8,22.2,25.7,,
1954-08-19,28.8,22.2,25.2,,
1954-08-20,28.5,20.9,24.9,,
1954-08-21,28.9,21.8,25.3,,
1954-08-22,29.0,22.2,25.2,,
1954-08-23,28.7,22.0,25.2,,
1954-08-24,29.3,21.9,25.6,,
1954-08-25,29.2,22.0,25.8,,
1954-08-26,29.1,22.5,25.5,,
1954-08-27,29.3,22.5,25.7,,
1954-08-28,29.1,22.8,25.7,,
1954-08-29,29.1,21.7,25.5,,
1954-08-30,29.5,22.1,25.7,,
1954-08-31,30.1,21.1,25.5,,
1954-09-01,29.7,21.9,25.7,,
1954-09-02,29.8,22.7,25.8,,
1954-09-03,30.0,22.7,26.0,,
1954-09-04,29.4,22.3,25.7,,
1954-09-05,29.4,21.9,25.2,,
1954-09-06,29.4,23.0,25.3,,
1954-09-07,28.5,21.8,24.9,,
1954-09-08,29.9,22.1,25.7,,
1954-09-09,29.1,23.1,25.5,,
1954-09-10,29.6,21.2,25.5,,
1954-09-11,29.3,23.1,25.7,,
1954-09-12,28.1,22.9,25.5,,
1954-09-13,27.8,21.9,24.9,,
1954-09-14,29.4,22.5,25.9,,
1954-09-15,30.1,21.3,25.7,,
1954-09-16,29.4,22.7,25.7,,
1954-09-17,29.2,22.4,25.8,,
1954-09-18,29.5,22.0,25.9,,
1954-09-19,30.0,22.4,25.8,,
1954-09-20,29.6,23.0,25.8,,
1954-09-21,28.7,22.7,25.4,,
1954-09-22,28.7,22.8,25.4,,
1954-09-23,28.5,22.0,24.9,,
1954-09-24,29.5,22.6,25.7,,
1954-09-25,29.6,22.3,25.7,,
1954-09-26,30.2,22.6,26.3,,
1954-09-27,30.0,23.4,26.4,,
1954-09-28,29.5,23.0,26.1,,
1954-09-29,30.4,21.4,25.6,,
1954-09-30,30.6,21.9,25.9,,
1954-10-01,29.5,22.2,25.6,,
1954-10-02,30.2,21.3,25.5,,
1954-10-03,30.4,21.8,26.1,,
1954-10-04,29.9,23.0,25.9,,
1954-10-05,29.7,21.7,25.5,,
1954-10-06,30.0,22.1,26.1,,
1954-10-07,29.9,22.6,26.2,,
1954-10-08,30.4,22.1,26.0,,
1954-10-09,29.9,22.7,25.9,,
1954-10-10,29.3,23.0,25.9,,
1954-10-11,30.4,22.4,26.1,,
1954-10-12,29.3,22.9,25.3,,
1954-10-13,28.5,22.8,25.3,,
1954-10-14,29.3,22.7,25.4,,
1954-10-15,28.0,22.9,25.4,,
1954-10-16,28.5,22.4,25.1,,
1954-10-17,28.7,23.0,25.2,,
1954-10-18,30.2,22.3,26.1,,
1954-10-19,30.1,22.3,26.2,,
1954-10-20,29.8,22.6,26.2,,
1954-10-21,29.9,23.4,26.6,,
1954-10-22,30.0,23.2,26.2,,
1954-10-23,30.0,22.5,26.2,,
1954-10-24,29.9,22.5,25.8,,
1954-10-25,29.6,22.9,26.1,,
1954-10-26,29.5,23.3,26.5,,
1954-10-27,28.7,23.6,25.6,,
1954-10-28,29.5,22.8,25.7,,
1954-10-29,28.9,22.2,25.1,,
1954-10-30,28.1,22.4,24.8,,
1954-10-31,29.4,23.2,25.5,,
1954-11-01,28.8,22.8,25.3,,
1954-11-02,26.9,23.4,24.6,,
1954-11-03,26.8,23.2,24.5,,
1954-11-04,27.7,23.0,24.8,,
1954-11-05,27.0,23.1,24.5,,
1954-11-06,28.3,22.3,24.9,,
1954-11-07,29.6,21.4,25.4,,
1954-11-08,29.7,21.5,25.6,,
1954-11-09,29.9,22.4,26.0,,
1954-11-10,29.9,21.7,25.5,,
1954-11-11,30.4,20.9,25.7,,
1954-11-12,31.0,23.2,26.2,,
1954-11-13,28.6,22.4,25.3,,
1954-11-14,30.1,23.1,25.8,,
1954-11-15,28.9,22.7,25.3,,
1954-11-16,27.7,22.8,25.0,,
1954-11-17,28.1,22.1,25.1,,
1954-11-18,28.6,23.3,25.3,,
1954-11-19,27.4,23.0,25.2,,
1954-11-20,28.0,23.0,24.9,,
1954-11-21,26.2,23.0,24.3,,
1954-11-22,24.7,22.8,23.5,,
1954-11-23,27.0,22.5,24.3,,
1954-11-24,25.6,22.8,23.7,,
1954-11-25,26.3,23.0,24.0,,
1954-11-26,25.3,22.1,23.8,,
1954-11-27,26.0,22.0,24.1,,
1954-11-28,27.5,22.4,24.5,,
1954-11-29,28.3,22.0,25.2,,
1954-11-30,29.0,23.0,25.2,,
1954-12-01,28.1,22.6,25.0,,
1954-12-02,28.5,22.2,25.0,,
1954-12-03,28.2,22.6,25.4,,
1954-12-04,28.0,23.2,25.2,,
1954-12-05,28.3,22.4,25.1,,
1954-12-06,28.3,22.4,25.2,,
1954-12-07,28.2,22.1,25.3,,
1954-12-08,28.4,22.6,25.3,,
1954-12-09,29.5,23.1,25.7,,
1954-12-10,28.9,23.0,25.7,,
1954-12-11,28.3,23.7,25.3,,
1954-12-12,28.0,22.8,25.1,,
1954-12-13,28.1,23.3,25.2,,
1954-12-14,28.9,22.5,25.5,,
1954-12-15,29.6,23.3,25.9,,
1954-12-16,28.5,23.5,25.6,,
1954-12-17,28.7,23.6,25.4,,
1954-12-18,28.0,22.9,25.0,,
1954-12-19,29.9,21.6,25.8,,
1954-12-20,30.1,23.6,26.4,,
1954-12-21,30.7,23.9,26.5,,
1954-12-22,30.3,23.5,26.3,,
1954-12-23,28.5,21.1,24.9,,
1954-12-24,26.7,22.5,24.5,,
1954-12-25,27.5,22.2,24.8,,
1954-12-26,29.6,22.0,25.4,,
1954-12-27,30.4,22.6,26.3,,
1954-12-28,30.4,22.0,26.1,,
1954-12-29,29.4,23.7,26.1,,
1954-12-30,29.1,23.6,26.0,,
1954-12-31,29.1,23.5,25.8,,
1955-01-01,28.6,24.1,25.9,,
1955-01-02,29.7,22.9,25.9,,
1955-01-03,29.4,21.7,25.3,,
1955-01-04,28.8,22.8,25.5,,
1955-01-05,29.3,23.1,25.7,,
1955-01-06,28.5,22.8,25.1,,
1955-01-07,28.2,23.3,25.3,,
1955-01-08,29.1,22.9,25.4,,
1955-01-09,29.8,22.3,25.8,,
1955-01-10,28.0,22.0,25.2,,
1955-01-11,27.4,22.5,24.9,,
1955-01-12,27.6,22.3,24.4,,
1955-01-13,28.0,22.1,24.7,,
1955-01-14,28.9,22.2,24.7,,
1955-01-15,29.3,21.3,24.9,,
1955-01-16,29.7,22.5,25.5,,
1955-01-17,28.4,21.8,25.0,,
1955-01-18,29.2,21.2,25.5,,
1955-01-19,28.7,21.4,25.0,,
1955-01-20,28.5,22.6,25.4,,
1955-01-21,27.8,22.6,25.1,,
1955-01-22,27.6,22.1,24.8,,
1955-01-23,27.8,22.4,24.9,,
1955-01-24,28.2,22.2,25.0,,
1955-01-25,28.6,22.8,25.5,,
1955-01-26,29.0,23.3,25.3,,
1955-01-27,28.9,22.8,25.2,,
1955-01-28,27.9,22.7,24.8,,
1955-01-29,28.6,22.5,24.9,,
1955-01-30,28.0,22.9,24.9,,
1955-01-31,28.1,22.6,25.3,,
1955-02-01,28.9,23.2,25.8,,
1955-02-02,27.8,23.5,25.4,,
1955-02-03,28.2,23.3,25.4,,
1955-02-04,27.4,22.9,24.8,,
1955-02-05,26.5,22.5,24.5,,
1955-02-06,28.5,22.9,25.5,,
1955-02-07,28.1,23.1,25.5,,
1955-02-08,29.2,23.4,25.8,,
1955-02-09,28.8,22.9,25.7,,
1955-02-10,27.6,22.9,24.9,,
1955-02-11,28.3,22.6,25.1,,
1955-02-12,27.6,23.5,25.0,,
1955-02-13,28.2,23.3,25.8,,
1955-02-14,28.5,24.3,26.1,,
1955-02-15,28.2,24.2,25.8,,
1955-02-16,27.4,23.4,25.1,,
1955-02-17,28.0,23.5,24.8,,
1955-02-18,27.9,23.8,25.6,,
1955-02-19,29.1,23.7,26.0,,
1955-02-20,27.4,23.9,25.1,,
1955-02-21,26.7,23.4,24.6,,
1955-02-22,27.3,22.8,24.8,,
1955-02-23,28.8,22.4,25.3,,
1955-02-24,28.7,23.1,25.7,,
1955-02-25,29.0,22.5,25.5,,
1955-02-26,30.2,23.0,26.3,,
1955-02-27,28.0,22.7,25.1,,
1955-02-28,30.2,22.2,25.8,,
1955-03-01,30.5,23.1,26.0,,
1955-03-02,29.2,23.1,25.6,,
1955-03-03,29.0,22.8,25.5,,
1955-03-04,29.6,21.7,25.7,,
1955-03-05,29.9,22.2,26.0,,
1955-03-06,30.6,21.4,26.0,,
1955-03-07,29.7,22.6,26.2,,
1955-03-08,29.3,22.5,25.9,,
1955-03-09,29.2,22.7,25.8,,
1955-03-10,29.6,23.2,26.0,,
1955-03-11,28.0,23.5,25.3,,
1955-03-12,28.4,23.0,25.5,,
1955-03-13,28.5,22.3,25.3,,
1955-03-14,28.8,22.6,25.2,,
1955-03-15,28.1,22.7,25.0,,
1955-03-16,29.3,22.0,25.0,,
1955-03-17,29.5,21.8,25.6,,
1955-03-18,29.0,22.7,25.8,,
1955-03-19,29.6,21.8,25.9,,
1955-03-20,29.0,22.5,25.3,,
1955-03-21,28.9,22.4,25.5,,
1955-03-22,29.2,23.1,25.7,,
1955-03-23,28.7,23.2,25.3,,
1955-03-24,28.9,22.6,25.1,,
1955-03-25,28.5,23.1,25.6,,
1955-03-26,29.2,22.7,26.0,,
1955-03-27,29.4,22.8,25.7,,
1955-03-28,28.8,22.3,25.8,,
1955-03-29,29.2,23.2,26.2,,
1955-03-30,28.0,23.0,25.2,,
1955-03-31,28.4,22.6,25.2,,
1955-04-01,28.0,23.1,25.2,,
1955-04-02,29.1,22.4,25.1,,
1955-04-03,28.5,22.8,25.3,,
1955-04-04,28.9,22.9,25.4,,
1955-04-05,28.3,22.6,25.2,,
1955-04-06,28.9,22.8,25.4,,
1955-04-07,29.3,23.1,25.4,,
1955-04-08,28.8,23.1,25.5,,
1955-04-09,29.0,23.4,25.6,,
1955-04-10,29.3,23.2,25.6,,
1955-04-11,28.3,23.6,25.1,,
1955-04-12,28.3,22.9,25.4,,
1955-04-13,27.9,22.8,24.6,,
1955-04-14,28.0,22.3,24.9,,
1955-04-15,28.1,23.3,25.4,,
1955-04-16,29.7,22.2,25.7,,
1955-04-17,29.9,21.8,25.8,,
1955-04-18,30.1,22.9,26.4,,
1955-04-19,29.7,23.1,26.3,,
1955-04-20,29.0,23.7,26.0,,
1955-04-21,28.4,22.9,25.3,,
1955-04-22,29.0,22.7,25.6,,
1955-04-23,29.0,23.1,25.8,,
1955-04-24,29.7,22.9,26.1,,
1955-04-25,29.4,23.1,26.0,,
1955-04-26,29.2,23.2,25.8,,
1955-04-27,29.5,23.3,25.6,,
1955-04-28,28.6,23.0,25.5,,
1955-04-29,28.6,23.1,25.5,,
1955-04-30,29.5,22.5,25.8,,
1955-05-01,29.2,22.9,25.8,,
1955-05-02,28.1,23.0,25.4,,
1955-05-03,29.5,22.3,25.5,,
1955-05-04,28.9,22.2,25.5,,
1955-05-05,28.8,23.2,25.2,,
1955-05-06,29.1,22.6,25.6,,
1955-05-07,29.4,23.5,25.9,,
1955-05-08,28.7,23.2,25.6,,
1955-05-09,28.8,23.3,25.7,,
1955-05-10,29.4,23.3,25.7,,
1955-05-11,29.2,23.2,25.8,,
1955-05-12,28.1,23.3,25.4,,
1955-05-13,28.8,23.1,25.7,,
1955-05-14,28.6,23.7,25.7,,
1955-05-15,28.5,23.1,25.5,,
1955-05-16,28.2,23.4,25.3,,
1955-05-17,28.6,24.1,25.8,,
1955-05-18,29.7,23.5,26.5,,
1955-05-19,30.3,22.8,26.4,,
1955-05-20,30.8,23.0,26.5,,
1955-05-21,29.4,23.1,26.0,,
1955-05-22,29.7,22.3,25.8,,
1955-05-23,30.6,22.7,26.2,,
1955-05-24,30.3,22.5,26.1,,
1955-05-25,29.1,22.9,25.7,,
1955-05-26,29.1,22.6,25.4,,
1955-05-27,29.7,21.9,25.7,,
1955-05-28,29.2,23.0,25.9,,
1955-05-29,29.0,22.4,25.7,,
1955-05-30,27.8,23.2,25.3,,
1955-05-31,28.7,22.4,25.2,,
1955-06-01,29.1,22.8,25.4,,
1955-06-02,29.5,21.9,25.5,,
1955-06-03,28.6,22.8,25.5,,
1955-06-04,28.4,22.9,25.1,,
1955-06-05,29.3,22.0,25.3,,
1955-06-06,28.8,23.4,25.9,,
1955-06-07,28.8,22.0,25.5,,
1955-06-08,28.3,21.9,24.9,,
1955-06-09,28.7,22.1,24.9,,
1955-06-10,28.5,22.3,25.0,,
1955-06-11,29.2,22.5,25.3,,
1955-06-12,28.9,23.0,25.5,,
1955-06-13,27.9,22.8,25.1,,
1955-06-14,29.3,22.6,25.5,,
1955-06-15,28.9,22.8,25.4,,
1955-06-16,28.2,23.4,25.1,,
1955-06-17,27.2,23.1,24.5,,
1955-06-18,27.5,22.5,24.9,,
1955-06-19,29.1,22.3,25.3,,
1955-06-20,28.9,22.8,25.4,,
1955-06-21,28.9,22.3,24.8,,
1955-06-22,28.5,22.1,24.7,,
1955-06-23,28.9,22.1,24.9,,
1955-06-24,29.1,21.8,25.1,,
1955-06-25,29.5,22.3,25.3,,
1955-06-26,29.2,21.6,25.3,,
1955-06-27,29.0,22.4,25.5,,
1955-06-28,29.1,22.4,25.5,,
1955-06-29,29.2,23.0,25.4,,
1955-06-30,28.6,22.2,25.3,,
1955-07-01,28.1,22.4,24.9,,
1955-07-02,28.6,22.8,25.2,,
1955-07-03,28.9,21.3,25.0,,
1955-07-04,27.8,22.1,25.0,,
1955-07-05,27.0,22.4,24.3,,
1955-07-06,29.0,21.3,25.0,,
1955-07-07,28.7,21.8,25.1,,
1955-07-08,29.2,21.5,25.4,,
1955-07-09,27.7,22.9,24.9,,
1955-07-10,27.1,22.2,24.3,,
1955-07-11,27.2,21.8,24.4,,
1955-07-12,28.6,21.9,24.9,,
1955-07-13,28.9,21.4,24.9,,
1955-07-14,28.6,21.9,24.9,,
1955-07-15,28.2,22.3,24.7,,
1955-07-16,28.4,21.3,24.8,,
1955-07-17,27.4,23.1,25.0,,
1955-07-18,28.3,22.3,25.1,,
1955-07-19,28.3,22.6,24.7,,
1955-07-20,28.3,22.1,24.6,,
1955-07-21,27.6,21.9,24.4,,
1955-07-22,27.6,21.6,24.2,,
1955-07-23,28.8,21.7,24.8,,
1955-07-24,27.6,21.4,24.4,,
1955-07-25,28.6,21.6,24.9,,
1955-07-26,27.9,21.7,24.6,,
1955-07-27,27.6,22.5,24.5,,
1955-07-28,28.2,22.0,24.4,,
1955-07-29,28.0,21.9,24.0,,
1955-07-30,27.1,21.7,23.7,,
1955-07-31,27.9,21.9,24.6,,
1955-08-01,27.4,22.1,24.6,,
1955-08-02,28.2,21.2,24.6,,
1955-08-03,26.9,21.9,24.3,,
1955-08-04,28.5,22.5,24.8,,
1955-08-05,28.5,22.1,25.1,,
1955-08-06,28.8,21.2,25.0,,
1955-08-07,28.4,21.6,25.2,,
1955-08-08,28.9,21.1,25.0,,
1955-08-09,28.6,22.7,25.3,,
1955-08-10,28.4,21.7,25.1,,
1955-08-11,28.2,21.9,24.9,,
1955-08-12,29.0,21.9,25.3,,
1955-08-13,29.1,20.7,25.0,,
1955-08-14,29.2,22.1,25.8,,
1955-08-15,28.9,23.0,25.5,,
1955-08-16,28.4,21.8,24.8,,
1955-08-17,28.9,21.8,24.7,,
1955-08-18,27.4,22.3,24.3,,
1955-08-19,28.3,22.4,25.2,,
1955-08-20,28.7,22.4,25.2,,
1955-08-21,29.0,21.8,24.9,,
1955-08-22,28.2,22.7,24.9,,
1955-08-23,28.8,20.7,24.5,,
1955-08-24,28.6,20.5,24.5,,
1955-08-25,28.4,21.4,24.8,,
1955-08-26,28.4,22.2,25.0,,
1955-08-27,28.2,22.0,24.6,,
1955-08-28,27.7,21.9,24.8,,
1955-08-29,28.9,22.3,25.1,,
1955-08-30,29.3,22.2,25.7,,
1955-08-31,29.1,21.8,25.1,,
1955-09-01,28.2,22.1,24.7,,
1955-09-02,28.5,21.7,25.0,,
1955-09-03,28.6,22.0,25.3,,
1955-09-04,28.8,21.7,25.0,,
1955-09-05,28.3,21.7,25.1,,
1955-09-06,29.2,21.9,25.2,,
1955-09-07,28.5,22.2,25.0,,
1955-09-08,27.7,23.2,25.1,,
1955-09-09,29.4,21.6,24.7,,
1955-09-10,28.8,21.4,25.0,,
1955-09-11,29.4,21.4,25.1,,
1955-09-12,30.1,22.2,25.9,,
1955-09-13,30.1,21.9,26.0,,
1955-09-14,29.8,22.0,25.8,,
1955-09-15,29.9,22.1,25.7,,
1955-09-16,29.5,21.9,25.5,,
1955-09-17,29.9,22.5,25.5,,
1955-09-18,30.1,22.5,26.1,,
1955-09-19,28.1,22.6,25.0,,
1955-09-20,27.3,22.8,24.8,,
1955-09-21,29.7,21.9,25.6,,
1955-09-22,29.4,22.0,25.5,,
1955-09-23,30.6,20.7,25.4,,
1955-09-24,30.1,22.2,26.0,,
1955-09-25,30.5,22.0,26.2,,
1955-09-26,30.4,21.6,26.4,,
1955-09-27,29.4,23.9,26.6,,
1955-09-28,29.9,23.3,26.0,,
1955-09-29,29.7,22.5,25.8,,
1955-09-30,31.0,23.2,26.8,,
1955-10-01,30.7,22.7,26.0,,
1955-10-02,30.5,22.5,26.1,,
1955-10-03,29.9,21.9,25.8,,
1955-10-04,29.7,22.2,25.8,,
1955-10-05,30.3,22.0,25.9,,
1955-10-06,31.5,22.4,26.6,,
1955-10-07,31.0,23.1,26.5,,
1955-10-08,30.5,23.2,26.8,,
1955-10-09,31.1,23.3,27.1,,
1955-10-10,31.4,22.9,27.0,,
1955-10-11,31.1,23.4,26.8,,
1955-10-12,30.6,23.0,26.7,,
1955-10-13,30.6,23.4,26.9,,
1955-10-14,31.3,24.2,26.6,,
1955-10-15,30.9,23.6,26.7,,
1955-10-16,30.6,22.9,26.8,,
1955-10-17,31.4,24.0,27.4,,
1955-10-18,30.0,23.5,26.3,,
1955-10-19,28.5,23.2,25.7,,
1955-10-20,28.7,22.9,25.4,,
1955-10-21,29.9,22.5,25.9,,
1955-10-22,29.8,23.0,26.2,,
1955-10-23,28.9,23.2,25.7,,
1955-10-24,29.5,23.2,25.7,,
1955-10-25,29.2,23.0,25.8,,
1955-10-26,29.1,22.2,25.5,,
1955-10-27,30.2,22.8,26.0,,
1955-10-28,28.8,23.1,25.5,,
1955-10-29,29.2,22.8,25.5,,
1955-10-30,29.1,23.3,25.7,,
1955-10-31,28.2,23.2,25.5,,
1955-11-01,25.7,23.1,24.4,,
1955-11-02,27.2,23.3,24.9,,
1955-11-03,28.1,23.1,25.0,,
1955-11-04,28.5,23.5,25.7,,
1955-11-05,29.6,23.5,25.8,,
1955-11-06,28.9,23.5,25.8,,
1955-11-07,29.6,23.2,25.4,,
1955-11-08,28.7,22.8,25.0,,
1955-11-09,26.9,23.1,24.6,,
1955-11-10,27.2,23.3,24.9,,
1955-11-11,27.4,23.6,25.3,,
1955-11-12,29.4,23.5,25.8,,
1955-11-13,30.2,23.2,25.9,,
1955-11-14,29.5,22.0,25.6,,
1955-11-15,29.6,23.2,25.7,,
1955-11-16,28.0,22.9,25.2,,
1955-11-17,27.9,23.3,25.4,,
1955-11-18,27.7,23.2,25.0,,
1955-11-19,28.5,23.5,25.6,,
1955-11-20,28.6,23.2,25.6,,
1955-11-21,29.0,23.9,25.7,,
1955-11-22,27.1,24.0,25.4,,
1955-11-23,29.6,23.8,25.8,,
1955-11-24,30.1,23.4,26.1,,
1955-11-25,28.9,23.3,25.9,,
1955-11-26,30.0,23.4,25.7,,
1955-11-27,30.4,22.3,25.8,,
1955-11-28,30.5,22.7,26.0,,
1955-11-29,30.2,22.0,25.8,,
1955-11-30,30.4,19.9,25.4,,
1955-12-01,29.3,21.3,25.2,,
1955-12-02,29.1,22.3,25.6,,
1955-12-03,28.8,22.2,25.3,,
1955-12-04,28.0,22.6,25.0,,
1955-12-05,28.5,22.5,25.2,,
1955-12-06,28.7,22.2,25.6,,
1955-12-07,28.4,21.9,25.5,,
1955-12-08,29.1,22.3,25.7,,
1955-12-09,30.4,21.4,25.8,,
1955-12-10,29.8,22.2,25.6,,
1955-12-11,29.5,22.4,25.6,,
1955-12-12,29.2,22.5,25.3,,
1955-12-13,28.5,22.8,25.2,,
1955-12-14,29.2,23.1,25.6,,
1955-12-15,28.5,22.7,25.3,,
1955-12-16,28.2,23.2,25.2,,
1955-12-17,27.6,22.7,24.9,,
1955-12-18,29.5,22.4,25.6,,
1955-12-19,28.3,23.0,25.4,,
1955-12-20,29.2,22.5,25.6,,
1955-12-21,28.6,23.3,25.4,,
1955-12-22,28.8,22.5,25.3,,
1955-12-23,27.8,22.4,25.1,,
1955-12-24,26.2,22.4,24.4,,
1955-12-25,26.6,22.5,24.4,,
1955-12-26,27.4,22.1,24.5,,
1955-12-27,26.3,22.8,24.1,,
1955-12-28,28.4,22.6,24.9,,
1955-12-29,28.0,23.0,25.1,,
1955-12-30,28.9,22.3,25.3,,
1955-12-31,28.5,22.5,24.8,,
1956-01-01,27.8,22.0,24.6,,
1956-01-02,28.7,22.0,25.3,,
1956-01-03,29.6,22.4,25.6,,
1956-01-04,29.2,22.3,25.3,,
1956-01-05,28.1,22.1,25.0,,
1956-01-06,28.0,22.2,24.6,,
1956-01-07,28.8,22.1,25.0,,
1956-01-08,27.4,22.5,24.5,,
1956-01-09,27.9,22.6,24.7,,
1956-01-10,28.3,22.3,24.7,,
1956-01-11,28.6,22.1,24.7,,
1956-01-12,28.6,22.9,25.1,,
1956-01-13,26.9,23.3,24.8,,
1956-01-14,28.2,22.3,24.8,,
1956-01-15,28.5,22.7,25.3,,
1956-01-16,28.1,22.9,25.2,,
1956-01-17,28.2,22.6,25.2,,
1956-01-18,28.4,22.6,25.3,,
1956-01-19,28.3,23.4,25.4,,
1956-01-20,26.7,23.3,24.7,,
1956-01-21,27.2,22.7,24.5,,
1956-01-22,28.4,22.9,25.3,,
1956-01-23,27.0,22.6,24.7,,
1956-01-24,26.6,22.5,24.1,,
1956-01-25,25.2,22.8,23.7,,
1956-01-26,27.0,22.7,24.4,,
1956-01-27,28.3,23.2,25.2,,
1956-01-28,28.0,22.7,24.9,,
1956-01-29,27.0,22.6,24.5,,
1956-01-30,27.9,22.8,25.0,,
1956-01-31,28.1,23.0,25.4,,
1956-02-01,28.5,22.7,25.2,,
1956-02-02,29.0,22.6,25.6,,
1956-02-03,28.3,23.0,25.4,,
1956-02-04,27.7,22.5,25.2,,
1956-02-05,27.6,22.7,25.2,,
1956-02-06,28.3,22.1,25.0,,
1956-02-07,27.3,22.5,24.7,,
1956-02-08,27.9,23.0,25.1,,
1956-02-09,27.8,22.8,24.9,,
1956-02-10,27.8,22.9,24.8,,
1956-02-11,28.3,22.8,25.1,,
1956-02-12,29.1,23.3,25.9,,
1956-02-13,29.1,22.4,25.6,,
1956-02-14,27.3,22.8,24.9,,
1956-02-15,28.3,22.8,25.1,,
1956-02-16,28.9,23.3,25.7,,
1956-02-17,29.3,23.8,25.9,,
1956-02-18,28.8,23.2,25.0,,
1956-02-19,26.9,23.0,24.8,,
1956-02-20,28.6,23.0,25.4,,
1956-02-21,28.6,23.6,25.7,,
1956-02-22,28.6,23.8,25.7,,
1956-02-23,29.6,22.8,25.9,,
1956-02-24,28.6,22.4,25.3,,
1956-02-25,29.0,22.5,25.7,,
1956-02-26,28.6,22.9,25.8,,
1956-02-27,29.4,23.1,25.7,,
1956-02-28,27.9,23.7,25.1,,
1956-02-29,28.5,23.6,25.2,,
1956-03-01,28.4,22.8,25.1,,
1956-03-02,28.5,23.6,25.4,,
1956-03-03,27.6,22.7,24.9,,
1956-03-04,28.8,22.5,25.6,,
1956-03-05,29.1,22.8,25.8,,
1956-03-06,28.9,23.0,25.7,,
1956-03-07,28.9,22.6,25.2,,
1956-03-08,28.0,22.7,25.0,,
1956-03-09,28.7,22.9,25.5,,
1956-03-10,28.1,23.0,25.2,,
1956-03-11,28.3,22.3,25.2,,
1956-03-12,28.4,21.8,24.7,,
1956-03-13,28.8,21.1,24.9,,
1956-03-14,29.9,21.7,25.7,,
1956-03-15,28.5,22.6,25.8,,
1956-03-16,28.4,23.1,25.5,,
1956-03-17,28.6,22.5,25.6,,
1956-03-18,27.7,23.2,25.5,,
1956-03-19,29.5,22.5,25.4,,
1956-03-20,29.5,22.6,25.2,,
1956-03-21,29.8,22.2,25.8,,
1956-03-22,29.8,22.7,25.9,,
1956-03-23,29.4,22.5,25.8,,
1956-03-24,29.4,23.1,26.0,,
1956-03-25,29.2,23.4,25.8,,
1956-03-26,29.8,23.3,26.2,,
1956-03-27,30.1,22.9,26.3,,
1956-03-28,29.5,23.3,26.1,,
1956-03-29,29.6,23.4,26.1,,
1956-03-30,29.6,23.8,26.3,,
1956-03-31,29.5,23.1,26.0,,
1956-04-01,27.8,22.5,25.5,,
1956-04-02,30.2,22.0,25.3,,
1956-04-03,30.1,21.7,25.9,,
1956-04-04,29.6,23.7,26.1,,
1956-04-05,29.5,22.7,25.8,,
1956-04-06,29.0,22.6,26.1,,
1956-04-07,28.9,23.1,26.0,,
1956-04-08,29.2,22.7,25.5,,
1956-04-09,29.4,22.2,25.5,,
1956-04-10,30.0,22.4,25.9,,
1956-04-11,29.9,21.2,25.6,,
1956-04-12,30.3,22.9,25.9,,
1956-04-13,29.7,22.2,25.9,,
1956-04-14,29.4,22.6,25.8,,
1956-04-15,29.8,22.8,25.8,,
1956-04-16,28.4,22.6,25.4,,
1956-04-17,29.5,22.8,25.8,,
1956-04-18,30.0,23.3,26.1,,
1956-04-19,29.2,22.9,26.2,,
1956-04-20,29.6,23.9,26.3,,
1956-04-21,29.5,23.3,26.1,,
1956-04-22,29.7,23.3,26.2,,
1956-04-23,29.8,22.6,26.0,,
1956-04-24,29.8,22.5,26.2,,
1956-04-25,29.6,22.9,25.9,,
1956-04-26,29.8,22.9,26.1,,
1956-04-27,29.9,23.5,25.7,,
1956-04-28,29.7,23.0,26.2,,
1956-04-29,28.8,23.6,26.4,,
1956-04-30,30.8,23.2,26.7,,
1956-05-01,30.5,24.4,26.2,,
1956-05-02,29.9,24.1,26.1,,
1956-05-03,30.5,23.1,26.5,,
1956-05-04,31.0,21.7,26.1,,
1956-05-05,30.7,22.5,26.2,,
1956-05-06,30.4,22.0,26.1,,
1956-05-07,30.2,22.8,26.4,,
1956-05-08,29.6,22.9,26.2,,
1956-05-09,29.7,23.1,26.2,,
1956-05-10,29.6,23.6,26.4,,
1956-05-11,29.2,23.2,25.9,,
1956-05-12,29.6,22.9,26.1,,
1956-05-13,29.4,23.5,26.3,,
1956-05-14,28.7,24.5,26.2,,
1956-05-15,30.1,23.8,26.7,,
1956-05-16,30.0,23.4,26.2,,
1956-05-17,29.8,23.2,25.9,,
1956-05-18,27.2,23.4,25.0,,
1956-05-19,27.7,23.0,25.0,,
1956-05-20,28.0,22.0,24.9,,
1956-05-21,27.6,22.9,24.7,,
1956-05-22,28.8,21.6,25.0,,
1956-05-23,28.1,22.6,25.1,,
1956-05-24,28.4,22.2,25.0,,
1956-05-25,27.1,22.1,24.4,,
1956-05-26,26.8,22.3,24.3,,
1956-05-27,27.8,22.2,24.4,,
1956-05-28,28.9,22.4,24.9,,
1956-05-29,28.6,22.6,24.9,,
1956-05-30,29.8,21.6,25.0,,
1956-05-31,29.2,21.7,25.2,,
1956-06-01,29.5,22.0,25.3,,
1956-06-02,27.9,22.4,24.8,,
1956-06-03,28.1,22.3,24.9,,
1956-06-04,28.2,22.0,24.9,,
1956-06-05,29.8,22.6,25.6,,
1956-06-06,28.6,24.0,26.0,,
1956-06-07,29.2,22.6,25.1,,
1956-06-08,28.7,22.3,25.1,,
1956-06-09,28.5,21.8,24.8,,
1956-06-10,29.0,21.2,24.9,,
1956-06-11,28.5,22.2,25.0,,
1956-06-12,28.5,22.4,25.1,,
1956-06-13,28.0,22.6,25.1,,
1956-06-14,28.7,22.5,24.7,,
1956-06-15,26.9,22.7,24.5,,
1956-06-16,27.4,21.1,24.1,,
1956-06-17,28.5,21.8,24.6,,
1956-06-18,28.6,22.2,25.1,,
1956-06-19,27.8,23.0,24.6,,
1956-06-20,27.0,22.6,24.6,,
1956-06-21,26.2,22.8,24.2,,
1956-06-22,26.3,22.1,24.0,,
1956-06-23,27.1,22.6,24.6,,
1956-06-24,28.7,21.9,25.2,,
1956-06-25,28.3,22.5,24.7,,
1956-06-26,28.0,22.2,24.4,,
1956-06-27,25.3,22.1,23.6,,
1956-06-28,28.3,21.7,24.4,,
1956-06-29,28.8,21.7,24.8,,
1956-06-30,28.0,22.1,24.9,,
1956-07-01,28.1,22.2,24.5,,
1956-07-02,27.9,22.4,24.7,,
1956-07-03,28.3,21.1,24.7,,
1956-07-04,28.7,21.4,25.1,,
1956-07-05,29.4,22.0,25.5,,
1956-07-06,28.3,22.4,25.2,,
1956-07-07,29.5,21.9,25.3,,
1956-07-08,28.4,20.0,24.1,,
1956-07-09,28.6,20.8,24.5,,
1956-07-10,28.7,19.8,24.6,,
1956-07-11,28.3,22.0,24.8,,
1956-07-12,27.4,21.8,24.1,,
1956-07-13,27.9,21.9,24.3,,
1956-07-14,28.8,20.9,24.5,,
1956-07-15,28.0,19.0,23.5,,
1956-07-16,28.5,19.3,23.9,,
1956-07-17,28.7,20.1,24.4,,
1956-07-18,28.1,22.3,24.5,,
1956-07-19,27.5,21.6,24.1,,
1956-07-20,27.7,21.7,24.4,,
1956-07-21,28.4,21.9,24.7,,
1956-07-22,28.4,21.6,24.5,,
1956-07-23,27.9,21.5,24.7,,
1956-07-24,26.9,21.7,24.4,,
1956-07-25,27.2,21.9,24.2,,
1956-07-26,28.1,21.2,24.5,,
1956-07-27,29.3,20.4,24.5,,
1956-07-28,28.6,21.8,24.8,,
1956-07-29,28.3,21.0,24.4,,
1956-07-30,28.4,20.8,24.5,,
1956-07-31,28.8,21.5,25.1,,
1956-08-01,29.2,21.9,25.6,,
1956-08-02,29.4,20.8,25.2,,
1956-08-03,29.1,21.4,25.4,,
1956-08-04,29.4,21.1,25.3,,
1956-08-05,29.5,21.6,25.6,,
1956-08-06,29.6,23.3,26.5,,
1956-08-07,30.1,23.2,26.2,,
1956-08-08,28.9,23.0,25.4,,
1956-08-09,27.4,22.4,24.5,,
1956-08-10,29.2,22.3,25.3,,
1956-08-11,28.2,23.0,25.4,,
1956-08-12,28.3,22.8,25.2,,
1956-08-13,28.7,22.6,25.2,,
1956-08-14,28.6,22.4,24.9,,
1956-08-15,29.4,22.0,25.3,,
1956-08-16,27.8,22.4,25.1,,
1956-08-17,27.5,22.4,25.0,,
1956-08-18,28.8,22.3,25.1,,
1956-08-19,27.6,22.3,24.7,,
1956-08-20,26.5,22.3,24.0,,
1956-08-21,26.5,21.7,23.9,,
1956-08-22,26.2,22.1,24.0,,
1956-08-23,26.9,21.2,24.3,,
1956-08-24,27.9,21.7,24.5,,
1956-08-25,27.2,21.5,24.0,,
1956-08-26,28.2,20.5,24.4,,
1956-08-27,29.1,20.3,24.5,,
1956-08-28,29.1,19.9,24.6,,
1956-08-29,29.1,20.9,25.1,,
1956-08-30,29.0,22.5,25.0,,
1956-08-31,29.6,21.9,25.3,,
1956-09-01,29.0,21.6,25.1,,
1956-09-02,28.9,21.9,25.3,,
1956-09-03,29.0,22.9,25.8,,
1956-09-04,29.3,23.2,25.4,,
1956-09-05,27.9,22.3,24.6,,
1956-09-06,28.8,21.7,24.7,,
1956-09-07,29.1,22.3,25.4,,
1956-09-08,28.2,21.8,25.1,,
1956-09-09,28.9,22.1,25.2,,
1956-09-10,29.2,20.0,24.9,,
1956-09-11,29.7,20.7,25.2,,
1956-09-12,29.2,22.4,25.2,,
1956-09-13,28.0,22.4,24.9,,
1956-09-14,27.5,21.4,24.2,,
1956-09-15,28.2,21.9,24.7,,
1956-09-16,29.0,21.6,25.1,,
1956-09-17,28.6,21.7,24.8,,
1956-09-18,29.4,21.8,25.2,,
1956-09-19,29.4,22.2,25.1,,
1956-09-20,29.2,22.5,25.4,,
1956-09-21,28.3,21.6,24.8,,
1956-09-22,28.9,22.8,25.6,,
1956-09-23,29.2,20.7,25.0,,
1956-09-24,29.7,21.0,25.1,,
1956-09-25,29.6,22.5,25.7,,
1956-09-26,28.8,21.7,25.2,,
1956-09-27,29.8,20.8,25.4,,
1956-09-28,29.1,21.8,25.5,,
1956-09-29,29.3,22.5,25.6,,
1956-09-30,29.1,22.2,25.6,,
1956-10-01,29.4,22.2,25.4,,
1956-10-02,29.5,22.0,25.4,,
1956-10-03,29.5,22.5,25.9,,
1956-10-04,30.1,21.5,26.1,,
1956-10-05,30.6,22.1,26.5,,
1956-10-06,30.1,23.2,26.3,,
1956-10-07,29.9,23.0,25.9,,
1956-10-08,28.3,23.2,25.0,,
1956-10-09,28.8,22.3,25.0,,
1956-10-10,26.5,22.9,24.4,,
1956-10-11,29.0,22.5,25.3,,
1956-10-12,28.6,22.4,25.3,,
1956-10-13,28.4,22.6,25.2,,
1956-10-14,28.6,22.5,25.1,,
1956-10-15,29.3,22.8,25.1,,
1956-10-16,29.2,22.6,25.3,,
1956-10-17,29.7,23.0,25.6,,
1956-10-18,29.1,22.3,25.6,,
1956-10-19,30.0,22.7,26.1,,
1956-10-20,29.9,23.2,26.3,,
1956-10-21,29.2,23.0,26.1,,
1956-10-22,28.5,22.7,25.6,,
1956-10-23,29.2,22.5,25.1,,
1956-10-24,30.4,22.1,26.2,,
1956-10-25,30.1,23.4,26.4,,
1956-10-26,29.8,23.4,25.9,,
1956-10-27,29.4,22.7,25.6,,
1956-10-28,29.2,23.1,25.7,,
1956-10-29,29.7,22.7,25.8,,
1956-10-30,28.8,23.0,25.8,,
1956-10-31,29.0,23.4,25.8,,
1956-11-01,29.0,23.0,25.9,,
1956-11-02,29.3,22.7,25.7,,
1956-11-03,29.7,22.8,26.0,,
1956-11-04,28.7,23.0,26.0,,
1956-11-05,28.5,23.5,25.7,,
1956-11-06,29.2,23.0,25.7,,
1956-11-07,31.0,22.3,26.1,,
1956-11-08,30.9,21.2,25.6,,
1956-11-09,30.7,22.7,26.2,,
1956-11-10,30.5,21.6,26.1,,
1956-11-11,30.0,22.8,26.0,,
1956-11-12,30.1,22.8,26.3,,
1956-11-13,30.5,22.9,26.1,,
1956-11-14,29.7,22.6,25.8,,
1956-11-15,29.7,23.1,26.2,,
1956-11-16,29.2,23.1,26.0,,
1956-11-17,29.4,23.0,25.6,,
1956-11-18,29.4,22.8,25.6,,
1956-11-19,28.4,22.9,25.3,,
1956-11-20,29.5,22.6,26.2,,
1956-11-21,29.7,23.2,26.2,,
1956-11-22,30.4,23.9,26.4,,
1956-11-23,29.0,22.8,25.6,,
1956-11-24,29.8,23.5,26.0,,
1956-11-25,28.3,23.2,25.6,,
1956-11-26,30.0,22.6,25.9,,
1956-11-27,29.7,23.2,26.3,,
1956-11-28,28.6,23.3,25.9,,
1956-11-29,28.4,23.9,25.6,,
1956-11-30,26.6,23.1,24.5,,
1956-12-01,27.1,22.7,24.4,,
1956-12-02,28.2,22.0,25.0,,
1956-12-03,28.9,23.3,25.6,,
1956-12-04,29.5,22.6,25.8,,
1956-12-05,30.2,22.1,25.7,,
1956-12-06,29.5,21.5,25.4,,
1956-12-07,30.4,21.2,25.8,,
1956-12-08,30.2,22.5,25.9,,
1956-12-09,29.5,22.7,25.9,,
1956-12-10,29.5,22.7,25.8,,
1956-12-11,28.4,22.3,25.5,,
1956-12-12,29.5,22.2,25.8,,
1956-12-13,29.9,21.5,25.8,,
1956-12-14,30.2,22.9,26.3,,
1956-12-15,30.8,22.8,26.6,,
1956-12-16,30.6,21.8,26.0,,
1956-12-17,29.5,23.0,25.8,,
1956-12-18,30.4,23.7,26.2,,
1956-12-19,29.8,23.5,26.2,,
1956-12-20,29.9,22.6,26.2,,
1956-12-21,30.2,23.0,26.2,,
1956-12-22,30.7,23.2,26.4,,
1956-12-23,30.4,23.0,26.4,,
1956-12-24,31.4,21.3,26.1,,
1956-12-25,31.2,20.8,26.0,,
1956-12-26,31.0,21.3,26.3,,
1956-12-27,30.9,22.3,26.4,,
1956-12-28,28.5,22.7,25.6,,
1956-12-29,29.1,23.2,25.8,,
1956-12-30,29.0,22.4,26.0,,
1956-12-31,30.5,23.1,26.6,,
1957-01-01,29.0,23.7,26.0,,
1957-01-02,31.5,23.4,26.9,,
1957-01-03,30.6,23.5,26.7,,
1957-01-04,30.3,23.4,26.3,,
1957-01-05,31.1,23.7,26.8,,
1957-01-06,29.9,23.5,26.5,,
1957-01-07,29.8,23.7,26.7,,
1957-01-08,30.3,22.9,26.4,,
1957-01-09,30.0,23.3,26.3,,
1957-01-10,29.2,23.6,26.1,,
1957-01-11,28.3,23.2,25.6,,
1957-01-12,27.7,23.3,25.3,,
1957-01-13,27.7,22.7,24.8,,
1957-01-14,28.0,22.7,25.2,,
1957-01-15,29.7,23.0,25.9,,
1957-01-16,26.7,22.9,24.7,,
1957-01-17,27.8,22.3,24.8,,
1957-01-18,28.7,22.2,25.3,,
1957-01-19,28.5,22.6,25.3,,
1957-01-20,27.7,23.0,25.3,,
1957-01-21,28.2,23.3,25.4,,
1957-01-22,27.7,22.8,24.8,,
1957-01-23,26.3,22.7,24.3,,
1957-01-24,27.5,23.1,24.8,,
1957-01-25,25.7,22.7,24.2,,
1957-01-26,27.5,22.7,24.8,,
1957-01-27,28.4,21.9,24.6,,
1957-01-28,29.5,23.1,25.5,,
1957-01-29,29.0,22.7,25.5,,
1957-01-30,29.7,23.1,26.2,,
1957-01-31,28.2,23.7,25.6,,
1957-02-01,28.0,23.4,25.2,,
1957-02-02,28.6,23.1,25.4,,
1957-02-03,29.0,22.4,25.1,,
1957-02-04,28.3,22.9,25.1,,
1957-02-05,28.0,23.4,25.2,,
1957-02-06,27.8,22.8,24.9,,
1957-02-07,28.0,22.3,24.8,,
1957-02-08,28.1,22.4,25.0,,
1957-02-09,27.3,23.3,24.8,,
1957-02-10,26.8,23.0,24.6,,
1957-02-11,27.6,22.4,24.6,,
1957-02-12,28.0,22.8,24.8,,
1957-02-13,27.7,23.1,25.1,,
1957-02-14,28.1,23.0,25.1,,
1957-02-15,27.5,22.9,24.6,,
1957-02-16,27.8,22.6,25.1,,
1957-02-17,27.6,22.3,24.9,,
1957-02-18,28.3,23.1,25.4,,
1957-02-19,28.2,22.5,25.6,,
1957-02-20,28.7,22.4,25.7,,
1957-02-21,29.6,23.3,26.0,,
1957-02-22,29.8,22.3,26.0,,
1957-02-23,27.5,23.3,25.0,,
1957-02-24,28.5,22.3,25.2,,
1957-02-25,29.7,22.8,25.9,,
1957-02-26,28.8,22.5,25.4,,
1957-02-27,28.2,22.8,25.0,,
1957-02-28,28.5,22.6,25.3,,
1957-03-01,29.0,22.7,25.5,,
1957-03-02,28.2,22.3,25.3,,
1957-03-03,29.2,22.9,25.5,,
1957-03-04,28.0,23.6,25.8,,
1957-03-05,29.7,23.5,26.1,,
1957-03-06,28.5,23.6,25.7,,
1957-03-07,26.9,23.4,25.2,,
1957-03-08,28.0,23.4,25.4,,
1957-03-09,28.6,22.6,25.5,,
1957-03-10,28.5,22.6,25.3,,
1957-03-11,29.0,23.2,25.7,,
1957-03-12,29.7,22.9,25.8,,
1957-03-13,28.4,23.4,25.2,,
1957-03-14,28.3,23.0,25.1,,
1957-03-15,30.2,23.4,25.9,,
1957-03-16,28.4,23.5,25.5,,
1957-03-17,28.4,23.2,25.2,,
1957-03-18,28.0,23.1,24.9,,
1957-03-19,28.0,22.6,25.0,,
1957-03-20,29.0,22.8,25.5,,
1957-03-21,28.1,23.6,25.6,,
1957-03-22,28.2,22.7,25.5,,
1957-03-23,29.9,22.7,26.0,,
1957-03-24,29.5,22.9,26.0,,
1957-03-25,28.4,23.2,25.5,,
1957-03-26,28.5,24.0,25.9,,
1957-03-27,27.5,23.4,24.8,,
1957-03-28,27.4,23.2,24.8,,
1957-03-29,28.6,23.3,25.6,,
1957-03-30,28.3,22.6,25.0,,
1957-03-31,28.4,22.9,25.1,,
1957-04-01,29.5,22.6,25.4,,
1957-04-02,28.7,22.7,25.4,,
1957-04-03,29.5,21.9,25.3,,
1957-04-04,28.5,22.9,25.3,,
1957-04-05,29.1,23.0,25.6,,
1957-04-06,28.9,22.6,25.5,,
1957-04-07,29.3,22.9,26.0,,
1957-04-08,29.3,23.1,25.9,,
1957-04-09,28.2,22.8,25.5,,
1957-04-10,29.7,22.1,25.7,,
1957-04-11,28.9,22.5,25.4,,
1957-04-12,27.4,23.6,24.8,,
1957-04-13,28.8,22.8,25.5,,
1957-04-14,29.1,22.9,25.7,,
1957-04-15,29.5,23.2,25.8,,
1957-04-16,29.7,22.9,26.2,,
1957-04-17,30.3,22.5,26.2,,
1957-04-18,29.5,22.6,25.8,,
1957-04-19,29.3,23.6,26.1,,
1957-04-20,29.8,23.1,26.2,,
1957-04-21,29.6,23.2,25.9,,
1957-04-22,29.7,23.9,26.2,,
1957-04-23,29.1,23.4,25.8,,
1957-04-24,29.3,23.5,26.0,,
1957-04-25,28.5,23.0,25.6,,
1957-04-26,28.8,23.3,25.7,,
1957-04-27,29.4,22.7,25.8,,
1957-04-28,29.3,23.2,25.7,,
1957-04-29,29.4,22.6,25.7,,
1957-04-30,29.1,22.9,25.6,,
1957-05-01,29.6,22.8,26.2,,
1957-05-02,29.2,23.1,25.7,,
1957-05-03,29.1,22.7,26.1,,
1957-05-04,29.2,24.0,26.3,,
1957-05-05,29.7,22.7,26.1,,
1957-05-06,29.3,23.2,26.0,,
1957-05-07,29.7,23.0,25.8,,
1957-05-08,29.1,23.1,25.4,,
1957-05-09,29.2,22.7,25.5,,
1957-05-10,28.7,23.1,25.7,,
1957-05-11,28.4,23.3,25.7,,
1957-05-12,29.6,23.1,26.0,,
1957-05-13,29.8,22.7,26.0,,
1957-05-14,30.6,22.8,26.4,,
1957-05-15,30.3,23.6,26.2,,
1957-05-16,30.3,22.9,26.4,,
1957-05-17,29.2,23.2,26.1,,
1957-05-18,28.9,23.3,25.8,,
1957-05-19,29.4,23.1,25.8,,
1957-05-20,29.7,23.4,26.2,,
1957-05-21,29.6,22.8,25.7,,
1957-05-22,30.0,22.7,25.8,,
1957-05-23,29.6,23.3,25.8,,
1957-05-24,29.2,23.4,25.7,,
1957-05-25,29.1,22.5,25.6,,
1957-05-26,29.2,23.0,25.8,,
1957-05-27,30.0,23.4,26.4,,
1957-05-28,29.6,22.3,25.9,,
1957-05-29,30.1,22.6,26.4,,
1957-05-30,28.8,23.0,25.8,,
1957-05-31,29.6,23.3,26.2,,
1957-06-01,29.6,22.8,25.9,,
1957-06-02,29.4,23.5,25.7,,
1957-06-03,29.6,22.5,25.8,,
1957-06-04,29.8,22.4,26.0,,
1957-06-05,30.0,22.6,26.2,,
1957-06-06,29.7,23.0,26.4,,
1957-06-07,29.9,22.7,26.2,,
1957-06-08,29.7,23.0,26.1,,
1957-06-09,29.6,23.0,26.1,,
1957-06-10,29.7,21.5,25.8,,
1957-06-11,29.3,22.7,26.0,,
1957-06-12,30.0,23.2,26.5,,
1957-06-13,30.4,22.9,26.3,,
1957-06-14,30.6,23.7,26.8,,
1957-06-15,30.9,23.3,26.8,,
1957-06-16,30.5,23.8,26.7,,
1957-06-17,29.2,23.5,25.9,,
1957-06-18,29.7,22.9,26.1,,
1957-06-19,29.8,22.5,26.2,,
1957-06-20,30.5,22.4,26.4,,
1957-06-21,30.1,23.1,26.0,,
1957-06-22,29.0,23.0,25.7,,
1957-06-23,28.8,22.8,25.5,,
1957-06-24,30.0,24.0,26.2,,
1957-06-25,30.3,22.7,26.1,,
1957-06-26,30.8,22.9,26.5,,
1957-06-27,30.3,21.6,26.1,,
1957-06-28,30.0,22.3,25.9,,
1957-06-29,30.6,22.5,26.2,,
1957-06-30,30.5,21.8,26.2,,
1957-07-01,29.5,22.9,25.8,,
1957-07-02,29.4,22.0,25.6,,
1957-07-03,29.8,22.5,25.9,,
1957-07-04,29.3,22.4,25.5,,
1957-07-05,29.6,23.0,26.0,,
1957-07-06,29.6,23.0,25.6,,
1957-07-07,30.4,22.4,26.1,,
1957-07-08,30.7,22.5,25.9,,
1957-07-09,31.7,23.0,26.9,,
1957-07-10,30.0,23.0,25.9,,
1957-07-11,30.6,23.0,26.4,,
1957-07-12,30.6,22.2,26.3,,
1957-07-13,30.2,23.1,26.0,,
1957-07-14,30.3,23.2,26.6,,
1957-07-15,29.3,23.9,26.0,,
1957-07-16,29.8,22.8,26.1,,
1957-07-17,30.0,22.8,26.4,,
1957-07-18,28.7,23.1,25.9,,
1957-07-19,28.3,23.1,25.0,,
1957-07-20,27.2,22.5,24.6,,
1957-07-21,29.6,23.1,25.1,,
1957-07-22,28.0,22.6,25.1,,
1957-07-23,28.1,23.0,24.9,,
1957-07-24,27.2,22.6,24.3,,
1957-07-25,25.4,22.8,23.9,,
1957-07-26,27.8,22.2,24.9,,
1957-07-27,29.3,21.9,25.2,,
1957-07-28,29.0,22.4,25.3,,
1957-07-29,29.2,22.4,25.6,,
1957-07-30,28.3,23.0,25.5,,
1957-07-31,28.7,23.0,25.4,,
1957-08-01,28.6,22.2,25.0,,
1957-08-02,28.5,22.0,25.1,,
1957-08-03,28.4,22.3,25.1,,
1957-08-04,27.9,22.6,25.0,,
1957-08-05,27.6,22.8,24.8,,
1957-08-06,26.6,22.8,24.4,,
1957-08-07,27.6,22.9,24.6,,
1957-08-08,28.1,21.8,24.5,,
1957-08-09,28.5,22.6,24.8,,
1957-08-10,27.6,22.3,24.7,,
1957-08-11,28.6,21.5,24.6,,
1957-08-12,29.1,21.7,25.2,,
1957-08-13,28.9,22.6,25.6,,
1957-08-14,29.2,21.7,25.2,,
1957-08-15,29.5,21.1,25.0,,
1957-08-16,29.5,20.9,25.0,,
1957-08-17,28.6,21.3,25.2,,
1957-08-18,28.8,21.6,25.1,,
1957-08-19,29.2,21.4,25.2,,
1957-08-20,29.2,21.7,25.5,,
1957-08-21,29.7,21.5,25.8,,
1957-08-22,30.1,22.6,26.4,,
1957-08-23,30.4,23.6,26.6,,
1957-08-24,29.4,22.8,26.2,,
1957-08-25,30.1,22.7,26.3,,
1957-08-26,29.3,22.6,26.0,,
1957-08-27,30.2,22.6,26.1,,
1957-08-28,29.9,23.1,26.5,,
1957-08-29,30.7,22.7,26.7,,
1957-08-30,30.5,22.3,26.3,,
1957-08-31,30.8,22.4,26.5,,
1957-09-01,31.2,22.0,26.6,,
1957-09-02,30.5,24.7,27.2,,
1957-09-03,30.2,22.6,26.5,,
1957-09-04,31.4,24.1,27.3,,
1957-09-05,30.6,22.9,26.7,,
1957-09-06,31.2,21.9,26.4,,
1957-09-07,31.4,22.1,26.6,,
1957-09-08,31.8,23.0,26.7,,
1957-09-09,30.5,23.6,26.4,,
1957-09-10,30.7,23.0,26.9,,
1957-09-11,31.5,24.0,27.4,,
1957-09-12,30.8,23.5,26.8,,
1957-09-13,30.6,22.9,26.8,,
1957-09-14,30.6,22.8,26.9,,
1957-09-15,30.8,22.7,26.8,,
1957-09-16,30.9,23.3,26.9,,
1957-09-17,32.1,22.2,27.1,,
1957-09-18,31.9,23.1,27.5,,
1957-09-19,30.8,24.1,26.8,,
1957-09-20,32.3,23.1,27.2,,
1957-09-21,32.4,23.9,27.8,,
1957-09-22,31.7,23.8,27.8,,
1957-09-23,33.0,23.8,28.4,,
1957-09-24,32.6,24.8,28.1,,
1957-09-25,31.7,23.7,27.5,,
1957-09-26,32.1,23.5,27.5,,
1957-09-27,32.1,23.0,27.2,,
1957-09-28,31.9,23.1,27.3,,
1957-09-29,31.9,24.0,27.9,,
1957-09-30,30.6,24.1,27.0,,
1957-10-01,31.4,23.4,26.6,,
1957-10-02,31.5,22.9,26.8,,
1957-10-03,31.8,22.6,26.9,,
1957-10-04,31.3,21.3,26.5,,
1957-10-05,31.0,23.7,26.8,,
1957-10-06,32.1,23.0,27.4,,
1957-10-07,32.3,22.4,27.3,,
1957-10-08,33.1,21.8,27.4,,
1957-10-09,33.5,21.8,27.7,,
1957-10-10,33.0,23.0,28.0,,
1957-10-11,33.2,22.8,27.9,,
1957-10-12,32.6,23.7,28.0,,
1957-10-13,31.8,24.1,27.6,,
1957-10-14,32.1,24.0,27.4,,
1957-10-15,32.6,24.0,27.6,,
1957-10-16,31.1,23.6,27.1,,
1957-10-17,31.3,23.2,27.2,,
1957-10-18,30.9,23.8,27.4,,
1957-10-19,31.7,23.5,27.6,,
1957-10-20,31.7,23.4,27.3,,
1957-10-21,31.6,24.3,27.7,,
1957-10-22,32.1,24.1,27.9,,
1957-10-23,32.5,23.5,27.8,,
1957-10-24,33.0,23.8,28.1,,
1957-10-25,32.1,23.2,27.9,,
1957-10-26,32.7,23.2,27.8,,
1957-10-27,31.0,23.8,26.5,,
1957-10-28,30.6,24.2,26.8,,
1957-10-29,31.0,24.0,26.6,,
1957-10-30,31.3,23.1,27.1,,
1957-10-31,30.0,23.6,26.8,,
1957-11-01,30.2,23.2,26.6,,
1957-11-02,29.9,23.7,26.6,,
1957-11-03,31.3,23.7,27.1,,
1957-11-04,30.1,23.6,26.6,,
1957-11-05,31.7,23.6,27.1,,
1957-11-06,31.4,23.1,27.2,,
1957-11-07,32.1,23.9,27.9,,
1957-11-08,32.3,23.3,27.8,,
1957-11-09,33.3,24.6,28.5,,
1957-11-10,32.2,24.4,28.1,,
1957-11-11,32.5,24.6,28.4,,
1957-11-12,32.0,24.3,27.7,,
1957-11-13,30.7,24.0,26.5,,
1957-11-14,30.3,23.9,26.8,,
1957-11-15,29.9,23.8,26.5,,
1957-11-16,31.1,23.3,26.7,,
1957-11-17,30.7,23.5,26.7,,
1957-11-18,31.1,23.8,27.4,,
1957-11-19,31.5,23.7,27.6,,
1957-11-20,32.7,24.3,28.2,,
1957-11-21,32.1,24.4,28.3,,
1957-11-22,31.5,24.0,27.4,,
1957-11-23,31.5,23.5,27.4,,
1957-11-24,31.5,23.5,27.0,,
1957-11-25,30.3,24.1,26.6,,
1957-11-26,29.2,23.5,26.1,,
1957-11-27,29.0,23.7,25.5,,
1957-11-28,29.2,23.3,25.9,,
1957-11-29,29.6,23.0,26.0,,
1957-11-30,26.9,23.6,25.1,,
1957-12-01,28.2,23.0,25.5,,
1957-12-02,27.9,23.5,25.6,,
1957-12-03,30.0,23.3,25.7,,
1957-12-04,30.3,23.0,26.3,,
1957-12-05,29.5,23.6,26.1,,
1957-12-06,30.3,23.5,25.8,,
1957-12-07,29.0,23.7,25.9,,
1957-12-08,29.3,23.8,25.9,,
1957-12-09,30.2,22.9,26.4,,
1957-12-10,28.6,23.7,26.1,,
1957-12-11,29.1,23.8,25.4,,
1957-12-12,28.9,23.8,25.8,,
1957-12-13,28.8,23.8,25.4,,
1957-12-14,30.4,23.0,26.1,,
1957-12-15,29.2,23.6,26.1,,
1957-12-16,28.4,24.2,26.0,,
1957-12-17,30.6,23.7,26.2,,
1957-12-18,29.1,24.0,26.2,,
1957-12-19,29.1,23.7,26.5,,
1957-12-20,30.7,23.3,26.9,,
1957-12-21,29.9,23.1,26.7,,
1957-12-22,29.4,23.8,26.2,,
1957-12-23,29.9,24.2,26.6,,
1957-12-24,29.8,24.0,26.5,,
1957-12-25,30.2,24.3,26.9,,
1957-12-26,30.5,22.9,26.4,,
1957-12-27,28.8,23.9,25.7,,
1957-12-28,28.8,23.1,26.1,,
1957-12-29,30.0,23.6,26.2,,
1957-12-30,29.5,23.9,26.3,,
1957-12-31,28.9,23.6,25.6,,
1958-01-01,29.0,23.1,25.9,,
1958-01-02,29.0,23.8,25.9,,
1958-01-03,29.2,23.6,25.9,,
1958-01-04,28.8,23.1,25.8,,
1958-01-05,29.1,22.7,25.8,,
1958-01-06,29.2,22.3,25.9,,
1958-01-07,28.5,23.6,25.8,,
1958-01-08,29.3,23.3,25.7,,
1958-01-09,29.1,23.2,25.7,,
1958-01-10,30.0,22.6,26.2,,
1958-01-11,29.4,23.6,26.4,,
1958-01-12,28.7,23.4,25.9,,
1958-01-13,29.2,23.3,26.2,,
1958-01-14,30.3,23.2,26.5,,
1958-01-15,29.3,24.1,26.5,,
1958-01-16,29.9,23.6,26.2,,
1958-01-17,31.1,24.0,27.3,,
1958-01-18,30.5,24.2,26.9,,
1958-01-19,29.4,23.8,26.3,,
1958-01-20,30.1,23.8,26.4,,
1958-01-21,28.7,23.0,25.4,,
1958-01-22,28.7,23.2,25.8,,
1958-01-23,27.9,23.5,25.5,,
1958-01-24,28.6,23.6,25.9,,
1958-01-25,28.7,23.4,25.8,,
1958-01-26,28.8,23.4,25.6,,
1958-01-27,27.6,23.7,25.2,,
1958-01-28,29.7,23.1,25.9,,
1958-01-29,28.6,23.7,25.9,,
1958-01-30,28.7,23.1,25.5,,
1958-01-31,28.4,23.4,25.7,,
1958-02-01,28.6,23.5,25.6,,
1958-02-02,28.7,23.6,25.6,,
1958-02-03,28.7,23.2,25.6,,
1958-02-04,29.2,23.6,26.1,,
1958-02-05,28.4,23.4,25.7,,
1958-02-06,28.2,23.3,25.7,,
1958-02-07,28.0,23.4,25.6,,
1958-02-08,29.7,23.6,26.1,,
1958-02-09,28.9,23.8,26.2,,
1958-02-10,29.0,23.7,26.0,,
1958-02-11,28.6,24.0,25.6,,
1958-02-12,26.1,23.9,24.5,,
1958-02-13,27.0,23.0,25.0,,
1958-02-14,26.1,23.2,24.5,,
1958-02-15,28.4,23.1,25.5,,
1958-02-16,28.7,23.4,26.1,,
1958-02-17,29.0,24.1,26.2,,
1958-02-18,28.4,23.6,25.6,,
1958-02-19,28.9,23.5,25.9,,
1958-02-20,28.3,23.6,25.6,,
1958-02-21,27.2,23.6,24.8,,
1958-02-22,26.6,22.6,24.6,,
1958-02-23,28.2,22.8,25.2,,
1958-02-24,29.5,23.1,25.7,,
1958-02-25,27.8,22.8,25.1,,
1958-02-26,27.9,23.3,25.6,,
1958-02-27,29.0,22.9,26.0,,
1958-02-28,29.0,22.9,25.9,,
1958-03-01,29.5,24.0,26.1,,
1958-03-02,29.1,23.6,25.8,,
1958-03-03,29.4,23.7,26.0,,
1958-03-04,28.7,24.6,26.3,,
1958-03-05,29.1,23.0,25.7,,
1958-03-06,29.4,23.0,26.0,,
1958-03-07,29.3,23.1,25.8,,
1958-03-08,28.4,23.5,25.5,,
1958-03-09,28.9,22.8,25.8,,
1958-03-10,28.2,23.9,25.9,,
1958-03-11,29.4,23.9,26.4,,
1958-03-12,28.8,23.9,26.1,,
1958-03-13,28.9,24.4,26.5,,
1958-03-14,27.8,24.3,25.9,,
1958-03-15,28.6,24.4,25.9,,
1958-03-16,29.0,23.6,26.1,,
1958-03-17,28.5,24.3,25.8,,
1958-03-18,29.3,24.2,26.5,,
1958-03-19,29.1,23.4,25.9,,
1958-03-20,28.7,23.5,26.0,,
1958-03-21,29.0,23.8,25.8,,
1958-03-22,29.0,23.6,26.0,,
1958-03-23,28.0,23.2,25.5,,
1958-03-24,30.2,23.0,26.3,,
1958-03-25,29.6,23.1,26.1,,
1958-03-26,28.6,23.6,26.0,,
1958-03-27,30.0,23.6,26.1,,
1958-03-28,29.9,23.2,26.1,,
1958-03-29,29.2,23.7,25.8,,
1958-03-30,28.7,23.2,25.5,,
1958-03-31,28.0,23.6,25.3,,
1958-04-01,28.4,23.7,25.4,,
1958-04-02,28.9,23.5,25.8,,
1958-04-03,30.1,22.9,26.4,,
1958-04-04,29.7,23.4,26.4,,
1958-04-05,30.2,23.1,26.6,,
1958-04-06,30.4,22.9,26.5,,
1958-04-07,30.7,23.7,26.9,,
1958-04-08,30.4,23.7,26.8,,
1958-04-09,29.1,23.9,26.1,,
1958-04-10,29.0,23.6,25.8,,
1958-04-11,28.5,23.5,25.6,,
1958-04-12,29.9,23.1,26.2,,
1958-04-13,29.1,23.6,25.8,,
1958-04-14,29.6,23.5,26.0,,
1958-04-15,28.7,24.1,26.0,,
1958-04-16,29.3,23.1,26.0,,
1958-04-17,29.3,23.6,26.0,,
1958-04-18,29.0,23.9,25.8,,
1958-04-19,29.0,23.8,25.9,,
1958-04-20,29.8,23.9,26.5,,
1958-04-21,30.0,23.4,26.3,,
1958-04-22,29.2,23.5,26.2,,
1958-04-23,29.0,24.1,26.2,,
1958-04-24,30.1,23.5,26.6,,
1958-04-25,29.7,23.9,26.4,,
1958-04-26,30.0,23.3,26.3,,
1958-04-27,27.8,23.5,25.5,,
1958-04-28,27.4,24.2,25.2,,
1958-04-29,29.1,23.8,25.9,,
1958-04-30,29.8,23.8,26.3,,
1958-05-01,30.3,23.6,26.8,,
1958-05-02,29.5,24.0,26.6,,
1958-05-03,29.5,23.5,26.4,,
1958-05-04,29.3,24.3,26.5,,
1958-05-05,29.5,23.8,26.4,,
1958-05-06,29.5,24.1,26.3,,
1958-05-07,28.8,23.8,25.9,,
1958-05-08,29.4,23.9,25.8,,
1958-05-09,29.4,22.8,26.0,,
1958-05-10,29.0,23.9,26.1,,
1958-05-11,29.3,23.7,26.0,,
1958-05-12,29.9,23.7,26.4,,
1958-05-13,28.9,23.9,25.8,,
1958-05-14,29.4,23.8,26.1,,
1958-05-15,29.5,23.8,26.1,,
1958-05-16,29.5,23.5,25.9,,
1958-05-17,29.8,24.1,26.3,,
1958-05-18,29.8,23.5,26.3,,
1958-05-19,30.1,23.5,26.3,,
1958-05-20,30.1,22.9,26.1,,
1958-05-21,29.5,23.6,26.2,,
1958-05-22,30.1,23.3,26.5,,
1958-05-23,30.2,23.1,26.7,,
1958-05-24,30.3,22.9,26.8,,
1958-05-25,29.7,23.4,26.6,,
1958-05-26,29.8,23.2,26.4,,
1958-05-27,29.8,23.3,26.5,,
1958-05-28,29.9,23.7,26.4,,
1958-05-29,29.7,23.5,26.3,,
1958-05-30,30.0,23.0,26.4,,
1958-05-31,30.3,23.2,26.2,,
1958-06-01,30.3,22.9,26.3,,
1958-06-02,30.1,24.4,26.8,,
1958-06-03,29.0,23.1,25.7,,
1958-06-04,30.0,22.2,26.3,,
1958-06-05,30.4,23.4,26.7,,
1958-06-06,30.7,23.3,26.9,,
1958-06-07,30.2,23.6,26.7,,
1958-06-08,30.3,23.0,26.5,,
1958-06-09,30.5,23.5,26.8,,
1958-06-10,30.5,21.8,26.1,,
1958-06-11,30.4,22.2,26.1,,
1958-06-12,30.2,23.8,26.8,,
1958-06-13,30.3,24.4,27.0,,
1958-06-14,30.9,23.2,26.7,,
1958-06-15,30.7,23.2,27.0,,
1958-06-16,30.7,23.8,27.0,,
1958-06-17,31.2,22.0,26.6,,
1958-06-18,30.4,22.2,26.3,,
1958-06-19,30.3,24.1,26.4,,
1958-06-20,29.0,23.4,25.8,,
1958-06-21,29.3,23.4,25.8,,
1958-06-22,29.1,23.6,25.5,,
1958-06-23,29.6,23.4,26.1,,
1958-06-24,28.8,23.9,25.4,,
1958-06-25,28.5,22.9,25.4,,
1958-06-26,28.1,23.1,25.2,,
1958-06-27,28.5,23.3,25.3,,
1958-06-28,29.6,23.0,25.6,,
1958-06-29,28.2,23.1,25.0,,
1958-06-30,28.9,23.2,25.6,,
1958-07-01,29.3,23.5,26.1,,
1958-07-02,30.0,23.0,26.2,,
1958-07-03,29.6,23.2,25.9,,
1958-07-04,29.4,23.2,25.9,,
1958-07-05,27.3,23.0,25.3,,
1958-07-06,28.4,23.5,25.7,,
1958-07-07,28.3,23.8,25.8,,
1958-07-08,28.8,23.7,25.7,,
1958-07-09,29.1,22.3,25.6,,
1958-07-10,29.7,23.5,26.3,,
1958-07-11,29.8,22.1,26.2,,
1958-07-12,29.7,23.1,26.1,,
1958-07-13,29.9,22.5,25.7,,
1958-07-14,29.3,22.4,25.2,,
1958-07-15,28.7,22.6,25.4,,
1958-07-16,28.8,23.1,25.5,,
1958-07-17,29.3,22.3,25.6,,
1958-07-18,29.4,22.9,25.5,,
1958-07-19,30.0,22.9,25.9,,
1958-07-20,29.7,22.6,26.0,,
1958-07-21,29.5,22.9,25.8,,
1958-07-22,30.0,22.8,26.1,,
1958-07-23,29.1,22.5,25.8,,
1958-07-24,28.3,22.2,25.4,,
1958-07-25,29.5,22.3,25.6,,
1958-07-26,29.4,22.4,25.6,,
1958-07-27,29.3,23.0,25.5,,
1958-07-28,27.9,22.3,25.4,,
1958-07-29,28.4,22.5,25.3,,
1958-07-30,29.7,22.2,25.5,,
1958-07-31,29.4,22.5,25.5,,
1958-08-01,29.6,22.8,25.7,,
1958-08-02,28.2,23.1,25.2,,
1958-08-03,28.9,22.5,25.6,,
1958-08-04,28.6,22.8,25.1,,
1958-08-05,28.3,23.2,24.9,,
1958-08-06,28.6,22.6,25.1,,
1958-08-07,29.1,23.1,25.1,,
1958-08-08,27.8,23.6,25.1,,
1958-08-09,29.6,23.0,25.7,,
1958-08-10,29.4,22.0,25.3,,
1958-08-11,27.7,23.5,25.4,,
1958-08-12,28.4,22.9,25.3,,
1958-08-13,27.5,22.9,24.8,,
1958-08-14,28.2,22.0,24.6,,
1958-08-15,27.8,22.2,25.0,,
1958-08-16,28.3,22.4,25.0,,
1958-08-17,27.5,22.8,25.0,,
1958-08-18,28.3,22.3,25.0,,
1958-08-19,29.2,21.8,25.6,,
1958-08-20,29.3,22.2,25.4,,
1958-08-21,28.7,23.1,25.1,,
1958-08-22,29.1,23.3,25.8,,
1958-08-23,29.6,22.7,25.9,,
1958-08-24,28.5,23.2,25.2,,
1958-08-25,29.4,22.6,25.5,,
1958-08-26,29.3,22.9,25.7,,
1958-08-27,28.1,23.4,25.3,,
1958-08-28,28.7,22.7,25.3,,
1958-08-29,29.7,22.4,25.2,,
1958-08-30,29.8,22.9,25.7,,
1958-08-31,29.6,23.5,25.9,,
1958-09-01,29.9,23.3,26.2,,
1958-09-02,30.5,22.9,26.4,,
1958-09-03,29.7,23.3,26.5,,
1958-09-04,30.0,23.6,26.6,,
1958-09-05,30.1,23.0,26.3,,
1958-09-06,30.1,22.7,26.3,,
1958-09-07,29.9,23.1,25.9,,
1958-09-08,30.5,23.0,26.1,,
1958-09-09,30.1,22.6,26.0,,
1958-09-10,30.6,22.6,26.3,,
1958-09-11,30.2,23.7,26.6,,
1958-09-12,31.3,23.1,26.8,,
1958-09-13,30.7,22.9,26.8,,
1958-09-14,30.5,23.7,26.9,,
1958-09-15,29.8,23.0,26.1,,
1958-09-16,29.9,22.9,26.1,,
1958-09-17,29.6,23.2,25.9,,
1958-09-18,29.2,22.8,25.7,,
1958-09-19,29.8,22.0,25.8,,
1958-09-20,30.5,22.5,26.2,,
1958-09-21,29.5,22.2,25.6,,
1958-09-22,30.6,21.2,25.8,,
1958-09-23,30.9,21.3,26.2,,
1958-09-24,31.0,21.3,26.2,,
1958-09-25,30.8,23.1,26.6,,
1958-09-26,31.4,23.6,27.0,,
1958-09-27,31.1,23.4,27.2,,
1958-09-28,29.6,23.7,25.9,,
1958-09-29,28.6,23.3,25.4,,
1958-09-30,28.7,23.0,24.9,,
1958-10-01,28.1,23.1,24.9,,
1958-10-02,29.2,22.8,25.4,,
1958-10-03,30.5,22.3,26.4,,
1958-10-04,29.8,23.8,26.4,,
1958-10-05,30.2,22.3,26.4,,
1958-10-06,28.7,23.8,25.8,,
1958-10-07,29.2,23.1,25.8,,
1958-10-08,28.8,22.6,25.7,,
1958-10-09,29.2,23.2,25.6,,
1958-10-10,29.2,24.0,25.8,,
1958-10-11,28.6,23.1,25.5,,
1958-10-12,28.3,22.9,25.5,,
1958-10-13,28.3,23.3,25.3,,
1958-10-14,28.4,22.9,25.0,,
1958-10-15,29.3,22.4,25.4,,
1958-10-16,29.9,22.9,25.8,,
1958-10-17,29.7,22.9,26.0,,
1958-10-18,30.4,22.4,26.5,,
1958-10-19,30.6,23.4,26.5,,
1958-10-20,30.5,23.5,26.8,,
1958-10-21,30.5,23.8,27.0,,
1958-10-22,30.1,23.6,26.9,,
1958-10-23,30.7,23.4,26.9,,
1958-10-24,31.1,23.5,26.9,,
1958-10-25,31.6,23.3,27.7,,
1958-10-26,30.5,24.3,27.2,,
1958-10-27,29.9,23.6,26.4,,
1958-10-28,29.8,23.1,26.6,,
1958-10-29,30.7,24.0,27.0,,
1958-10-30,31.2,23.6,27.1,,
1958-10-31,31.3,23.1,27.0,,
1958-11-01,31.2,23.0,26.9,,
1958-11-02,30.6,23.6,26.5,,
1958-11-03,29.9,24.0,26.7,,
1958-11-04,29.3,23.4,26.4,,
1958-11-05,29.5,23.6,25.8,,
1958-11-06,29.0,22.9,25.4,,
1958-11-07,29.3,22.8,25.6,,
1958-11-08,29.4,23.3,25.8,,
1958-11-09,29.0,23.1,25.6,,
1958-11-10,29.3,23.3,25.7,,
1958-11-11,29.3,23.9,26.1,,
1958-11-12,29.8,23.0,26.0,,
1958-11-13,29.2,23.0,25.9,,
1958-11-14,29.5,23.5,25.5,,
1958-11-15,28.6,23.1,25.5,,
1958-11-16,29.3,22.7,26.1,,
1958-11-17,28.6,23.8,26.0,,
1958-11-18,30.3,23.1,26.4,,
1958-11-19,31.5,24.8,27.4,,
1958-11-20,31.9,23.1,27.3,,
1958-11-21,31.9,23.7,27.2,,
1958-11-22,31.8,23.9,27.3,,
1958-11-23,32.2,21.0,26.5,,
1958-11-24,32.1,20.3,26.2,,
1958-11-25,31.4,22.1,26.8,,
1958-11-26,31.1,23.8,27.0,,
1958-11-27,30.3,23.6,26.4,,
1958-11-28,29.1,23.2,25.6,,
1958-11-29,28.9,22.6,25.2,,
1958-11-30,27.1,23.0,25.0,,
1958-12-01,28.8,23.0,25.6,,
1958-12-02,28.4,22.8,25.2,,
1958-12-03,28.1,22.7,25.2,,
1958-12-04,28.3,22.9,25.3,,
1958-12-05,28.5,22.8,25.4,,
1958-12-06,27.6,23.0,25.1,,
1958-12-07,27.7,23.0,25.0,,
1958-12-08,27.8,23.1,25.3,,
1958-12-09,28.6,23.1,25.4,,
1958-12-10,27.8,23.2,25.3,,
1958-12-11,27.7,23.0,24.9,,
1958-12-12,27.2,22.9,24.5,,
1958-12-13,26.2,22.8,24.4,,
1958-12-14,27.9,22.6,25.1,,
1958-12-15,28.6,23.1,25.8,,
1958-12-16,28.5,22.6,25.5,,
1958-12-17,28.3,23.4,25.6,,
1958-12-18,29.6,23.2,25.8,,
1958-12-19,29.6,23.6,25.9,,
1958-12-20,28.2,23.2,25.6,,
1958-12-21,27.9,23.3,25.4,,
1958-12-22,27.7,23.3,25.1,,
1958-12-23,28.4,23.4,25.5,,
1958-12-24,27.3,23.8,25.1,,
1958-12-25,25.5,23.3,24.4,,
1958-12-26,27.2,23.2,24.8,,
1958-12-27,26.7,23.6,24.5,,
1958-12-28,26.0,23.4,24.4,,
1958-12-29,27.9,23.6,25.0,,
1958-12-30,27.9,23.8,25.4,,
1958-12-31,28.0,23.5,25.2,,
1959-01-01,27.7,23.3,24.9,,
1959-01-02,27.9,23.2,25.0,,
1959-01-03,26.9,23.3,24.8,,
1959-01-04,27.4,22.8,25.1,,
1959-01-05,27.7,23.0,25.4,,
1959-01-06,27.8,23.3,25.0,,
1959-01-07,27.4,23.4,25.0,,
1959-01-08,28.4,23.2,25.5,,
1959-01-09,27.6,23.3,25.3,,
1959-01-10,27.4,23.0,24.8,,
1959-01-11,29.2,22.7,25.7,,
1959-01-12,27.9,23.3,25.5,,
1959-01-13,27.6,23.1,25.0,,
1959-01-14,27.5,22.6,24.9,,
1959-01-15,28.0,22.7,25.4,,
1959-01-16,27.7,22.5,25.2,,
1959-01-17,27.8,22.9,25.2,,
1959-01-18,27.6,22.3,24.6,,
1959-01-19,26.8,22.9,24.4,,
1959-01-20,28.0,22.0,24.8,,
1959-01-21,28.2,23.1,25.1,,
1959-01-22,27.7,22.7,24.9,,
1959-01-23,27.2,22.9,24.6,,
1959-01-24,28.2,22.3,25.2,,
1959-01-25,28.3,21.1,25.0,,
1959-01-26,28.4,22.8,25.6,,
1959-01-27,28.6,23.1,25.9,,
1959-01-28,27.9,23.3,25.5,,
1959-01-29,28.7,22.8,25.6,,
1959-01-30,28.8,22.8,25.7,,
1959-01-31,28.4,23.3,25.2,,
1959-02-01,28.3,23.7,25.3,,
1959-02-02,28.0,23.1,25.4,,
1959-02-03,28.9,22.7,25.8,,
1959-02-04,28.6,23.8,25.7,,
1959-02-05,29.1,23.6,26.1,,
1959-02-06,30.3,23.5,26.0,,
1959-02-07,30.2,22.1,25.8,,
1959-02-08,30.3,22.4,26.0,,
1959-02-09,29.0,23.6,25.8,,
1959-02-10,27.1,23.6,24.9,,
1959-02-11,26.5,23.1,24.5,,
1959-02-12,27.7,22.8,25.2,,
1959-02-13,28.6,23.2,25.5,,
1959-02-14,28.2,22.8,25.4,,
1959-02-15,29.7,22.9,26.2,,
1959-02-16,29.2,23.1,26.0,,
1959-02-17,28.8,23.3,25.4,,
1959-02-18,29.3,23.2,26.1,,
1959-02-19,28.4,23.0,25.6,,
1959-02-20,27.6,23.0,25.1,,
1959-02-21,28.8,22.8,25.5,,
1959-02-22,28.4,22.5,25.1,,
1959-02-23,27.4,23.2,25.0,,
1959-02-24,27.2,22.9,24.7,,
1959-02-25,28.6,22.3,25.4,,
1959-02-26,28.7,22.9,25.2,,
1959-02-27,27.1,22.4,24.6,,
1959-02-28,28.7,22.5,25.3,,
1959-03-01,28.7,22.6,25.5,,
1959-03-02,28.9,23.4,25.9,,
1959-03-03,27.7,23.5,25.2,,
1959-03-04,28.9,23.1,25.5,,
1959-03-05,29.1,23.0,25.5,,
1959-03-06,28.2,23.2,25.7,,
1959-03-07,28.2,23.4,25.4,,
1959-03-08,28.4,23.0,25.4,,
1959-03-09,29.4,23.3,25.7,,
1959-03-10,28.4,23.5,25.2,,
1959-03-11,29.6,22.9,26.2,,
1959-03-12,30.2,24.2,26.9,,
1959-03-13,28.2,23.9,25.9,,
1959-03-14,27.1,23.8,25.0,,
1959-03-15,28.4,23.6,25.4,,
1959-03-16,27.3,23.3,25.0,,
1959-03-17,28.4,24.4,25.9,,
1959-03-18,28.2,23.8,25.5,,
1959-03-19,29.3,23.8,25.7,,
1959-03-20,29.7,22.7,26.0,,
1959-03-21,29.0,23.3,25.9,,
1959-03-22,29.5,23.4,25.8,,
1959-03-23,29.9,22.8,26.0,,
1959-03-24,29.5,23.0,25.9,,
1959-03-25,28.3,23.0,25.3,,
1959-03-26,29.0,22.7,25.3,,
1959-03-27,29.3,22.5,25.6,,
1959-03-28,29.5,23.0,25.6,,
1959-03-29,28.7,22.9,25.7,,
1959-03-30,29.2,22.4,25.7,,
1959-03-31,28.1,23.0,25.2,,
1959-04-01,29.1,22.0,25.4,,
1959-04-02,28.7,23.4,25.8,,
1959-04-03,29.1,23.0,25.9,,
1959-04-04,29.2,23.2,25.8,,
1959-04-05,29.9,22.7,25.9,,
1959-04-06,30.0,23.5,26.2,,
1959-04-07,29.6,23.0,25.7,,
1959-04-08,29.5,23.3,25.6,,
1959-04-09,29.7,23.2,26.0,,
1959-04-10,29.8,23.0,26.3,,
1959-04-11,29.6,23.3,26.3,,
1959-04-12,29.1,23.7,26.3,,
1959-04-13,29.3,23.5,26.0,,
1959-04-14,29.1,23.2,25.6,,
1959-04-15,29.6,23.3,26.0,,
1959-04-16,29.4,23.3,26.0,,
1959-04-17,29.6,23.4,26.2,,
1959-04-18,29.2,22.9,25.9,,
1959-04-19,29.3,23.2,25.8,,
1959-04-20,29.6,22.6,25.9,,
1959-04-21,29.6,23.3,26.1,,
1959-04-22,28.7,23.7,25.7,,
1959-04-23,29.5,22.7,25.7,,
1959-04-24,29.6,23.1,25.9,,
1959-04-25,29.9,22.9,26.3,,
1959-04-26,29.9,22.8,26.0,,
1959-04-27,29.7,23.2,25.8,,
1959-04-28,29.5,22.3,25.9,,
1959-04-29,29.4,22.9,25.8,,
1959-04-30,28.9,22.9,25.9,,
1959-05-01,28.9,23.5,25.7,,
1959-05-02,28.3,22.9,25.2,,
1959-05-03,28.7,23.3,25.8,,
1959-05-04,28.6,23.5,25.5,,
1959-05-05,28.5,23.4,25.9,,
1959-05-06,29.7,23.8,26.5,,
1959-05-07,29.3,23.2,25.6,,
1959-05-08,29.4,23.4,26.1,,
1959-05-09,28.6,23.0,25.8,,
1959-05-10,29.5,23.3,25.7,,
1959-05-11,29.3,23.1,26.0,,
1959-05-12,29.5,24.2,26.1,,
1959-05-13,29.1,23.4,25.8,,
1959-05-14,29.0,23.2,25.8,,
1959-05-15,30.2,23.1,26.1,,
1959-05-16,29.7,23.4,25.9,,
1959-05-17,29.7,23.0,25.8,,
1959-05-18,28.4,23.8,25.6,,
1959-05-19,29.2,23.5,25.7,,
1959-05-20,28.0,23.9,25.5,,
1959-05-21,29.2,23.7,25.9,,
1959-05-22,28.7,23.3,25.8,,
1959-05-23,29.5,23.6,25.8,,
1959-05-24,29.4,23.7,25.6,,
1959-05-25,28.9,23.1,25.8,,
1959-05-26,29.5,23.5,26.1,,
1959-05-27,29.5,23.7,26.1,,
1959-05-28,30.5,23.6,26.9,,
1959-05-29,29.7,23.4,26.2,,
1959-05-30,29.5,22.9,25.8,,
1959-05-31,29.4,22.4,25.6,,
1959-06-01,29.6,22.7,26.0,,
1959-06-02,29.6,23.1,25.9,,
1959-06-03,29.3,22.9,25.7,,
1959-06-04,28.9,22.7,25.6,,
1959-06-05,29.2,23.0,25.8,,
1959-06-06,29.3,22.7,25.5,,
1959-06-07,29.4,22.8,25.8,,
1959-06-08,28.5,23.3,25.3,,
1959-06-09,28.4,22.7,25.0,,
1959-06-10,28.4,23.0,25.0,,
1959-06-11,29.5,22.5,25.4,,
1959-06-12,28.7,23.0,25.0,,
1959-06-13,28.2,22.8,25.4,,
1959-06-14,28.2,23.6,24.9,,
1959-06-15,25.2,22.8,23.9,,
1959-06-16,28.2,22.9,25.2,,
1959-06-17,27.7,23.4,24.9,,
1959-06-18,29.1,22.3,25.3,,
1959-06-19,29.6,22.4,25.8,,
1959-06-20,29.2,22.9,26.2,,
1959-06-21,27.9,23.4,25.5,,
1959-06-22,29.0,23.0,25.5,,
1959-06-23,29.2,21.6,25.5,,
1959-06-24,29.9,23.2,26.3,,
1959-06-25,29.1,22.8,25.8,,
1959-06-26,28.4,22.7,25.2,,
1959-06-27,29.1,21.8,25.3,,
1959-06-28,29.6,23.2,25.9,,
1959-06-29,28.7,23.2,25.5,,
1959-06-30,28.7,22.8,25.6,,
1959-07-01,28.9,23.3,25.2,,
1959-07-02,28.7,21.8,24.8,,
1959-07-03,29.0,21.5,25.2,,
1959-07-04,28.6,22.8,25.2,,
1959-07-05,28.6,22.7,24.9,,
1959-07-06,28.7,22.5,25.5,,
1959-07-07,29.0,21.7,25.1,,
1959-07-08,29.0,21.9,25.0,,
1959-07-09,28.5,22.2,24.8,,
1959-07-10,28.2,21.8,24.8,,
1959-07-11,29.2,21.2,25.4,,
1959-07-12,29.4,21.6,25.7,,
1959-07-13,29.2,22.0,25.6,,
1959-07-14,28.6,22.5,25.2,,
1959-07-15,28.5,21.1,24.9,,
1959-07-16,29.6,21.7,25.7,,
1959-07-17,29.8,22.4,25.7,,
1959-07-18,29.9,22.0,25.2,,
1959-07-19,28.1,22.1,24.4,,
1959-07-20,27.8,22.9,24.7,,
1959-07-21,28.5,23.2,25.7,,
1959-07-22,28.7,22.7,25.3,,
1959-07-23,28.9,23.1,25.6,,
1959-07-24,28.6,23.5,25.7,,
1959-07-25,29.4,22.0,25.5,,
1959-07-26,29.3,22.7,25.5,,
1959-07-27,28.5,22.6,25.3,,
1959-07-28,27.3,21.9,24.4,,
1959-07-29,28.4,21.6,24.6,,
1959-07-30,29.2,21.6,25.3,,
1959-07-31,29.2,22.1,25.2,,
1959-08-01,29.0,21.7,25.1,,
1959-08-02,28.6,21.9,24.9,,
1959-08-03,29.1,21.2,25.1,,
1959-08-04,28.7,20.4,24.8,,
1959-08-05,29.2,20.8,25.0,,
1959-08-06,29.2,22.3,25.5,,
1959-08-07,29.4,22.0,25.5,,
1959-08-08,30.0,22.2,25.9,,
1959-08-09,29.5,22.1,26.0,,
1959-08-10,30.0,21.2,25.7,,
1959-08-11,28.9,21.1,24.9,,
1959-08-12,29.9,22.0,25.7,,
1959-08-13,29.3,22.4,25.4,,
1959-08-14,29.0,22.7,25.7,,
1959-08-15,29.5,22.3,25.7,,
1959-08-16,30.1,22.8,26.2,,
1959-08-17,30.0,21.3,25.8,,
1959-08-18,29.6,22.2,25.3,,
1959-08-19,28.2,22.5,24.9,,
1959-08-20,28.9,22.2,25.3,,
1959-08-21,29.9,22.4,25.8,,
1959-08-22,29.6,21.4,25.4,,
1959-08-23,29.1,23.2,25.6,,
1959-08-24,29.6,22.7,26.0,,
1959-08-25,29.4,21.7,25.5,,
1959-08-26,29.0,23.0,25.7,,
1959-08-27,28.8,22.6,25.2,,
1959-08-28,28.8,22.1,25.2,,
1959-08-29,29.5,22.3,25.5,,
1959-08-30,29.0,23.3,25.7,,
1959-08-31,29.6,22.9,25.8,,
1959-09-01,30.3,20.5,25.3,,
1959-09-02,30.5,21.5,26.0,,
1959-09-03,30.7,22.4,26.6,,
1959-09-04,30.9,23.0,26.4,,
1959-09-05,30.3,22.5,26.4,,
1959-09-06,29.1,22.8,25.5,,
1959-09-07,29.9,21.8,25.7,,
1959-09-08,29.8,22.9,25.8,,
1959-09-09,28.9,22.6,25.6,,
1959-09-10,29.1,22.3,25.6,,
1959-09-11,31.1,20.8,26.1,,
1959-09-12,30.8,22.7,26.1,,
1959-09-13,30.5,22.4,26.2,,
1959-09-14,30.1,23.1,26.6,,
1959-09-15,30.7,22.2,26.5,,
1959-09-16,30.5,22.3,26.5,,
1959-09-17,29.9,23.0,25.9,,
1959-09-18,29.0,22.8,25.4,,
1959-09-19,29.2,22.6,25.4,,
1959-09-20,29.5,21.8,25.4,,
1959-09-21,29.6,22.1,25.4,,
1959-09-22,30.1,22.3,26.0,,
1959-09-23,31.1,21.9,26.5,,
1959-09-24,30.9,22.2,26.7,,
1959-09-25,30.3,23.5,26.6,,
1959-09-26,28.9,23.4,25.6,,
1959-09-27,29.6,22.9,26.2,,
1959-09-28,30.4,23.4,26.8,,
1959-09-29,30.7,23.3,26.8,,
1959-09-30,30.9,23.3,27.0,,
1959-10-01,31.4,22.9,27.2,,
1959-10-02,30.1,23.8,26.5,,
1959-10-03,30.7,23.1,26.4,,
1959-10-04,31.5,23.1,27.1,,
1959-10-05,30.2,23.7,26.4,,
1959-10-06,31.0,22.9,26.3,,
1959-10-07,30.1,23.1,26.4,,
1959-10-08,30.2,23.6,26.4,,
1959-10-09,30.5,23.4,26.2,,
1959-10-10,29.2,22.4,25.9,,
1959-10-11,31.1,22.3,26.8,,
1959-10-12,31.1,23.7,26.6,,
1959-10-13,30.9,23.3,26.5,,
1959-10-14,30.5,23.1,26.5,,
1959-10-15,31.5,22.9,26.9,,
1959-10-16,32.3,22.9,27.4,,
1959-10-17,32.1,22.9,27.6,,
1959-10-18,31.0,23.7,27.1,,
1959-10-19,31.5,23.0,27.5,,
1959-10-20,32.0,23.5,27.9,,
1959-10-21,33.5,23.5,28.2,,
1959-10-22,33.8,23.8,28.4,,
1959-10-23,33.9,24.0,28.9,,
1959-10-24,33.2,24.1,28.6,,
1959-10-25,33.0,24.7,28.4,,
1959-10-26,33.0,24.0,28.4,,
1959-10-27,31.1,24.6,27.1,,
1959-10-28,31.1,24.1,27.0,,
1959-10-29,29.4,24.1,26.1,,
1959-10-30,29.7,23.8,26.1,,
1959-10-31,30.3,23.6,26.4,,
1959-11-01,31.1,23.2,26.6,,
1959-11-02,30.5,23.6,26.3,,
1959-11-03,31.1,23.0,26.7,,
1959-11-04,29.9,23.7,26.2,,
1959-11-05,30.0,23.0,26.7,,
1959-11-06,29.9,23.0,26.2,,
1959-11-07,31.7,23.2,27.0,,
1959-11-08,30.7,23.5,26.7,,
1959-11-09,31.8,24.0,27.4,,
1959-11-10,31.9,24.4,27.2,,
1959-11-11,30.7,23.6,26.4,,
1959-11-12,30.2,23.3,26.4,,
1959-11-13,30.3,23.2,26.5,,
1959-11-14,30.7,23.1,26.5,,
1959-11-15,30.2,23.6,26.5,,
1959-11-16,30.9,23.6,26.4,,
1959-11-17,31.0,23.6,27.2,,
1959-11-18,30.6,24.3,27.2,,
1959-11-19,29.4,23.5,26.4,,
1959-11-20,29.3,23.8,26.3,,
1959-11-21,29.7,23.6,26.1,,
1959-11-22,30.3,23.0,26.4,,
1959-11-23,29.3,23.6,26.1,,
1959-11-24,29.5,23.8,26.0,,
1959-11-25,29.0,23.2,25.7,,
1959-11-26,29.7,23.0,25.6,,
1959-11-27,28.7,23.3,26.2,,
1959-11-28,29.8,23.2,26.1,,
1959-11-29,29.7,23.7,26.2,,
1959-11-30,29.9,23.9,26.3,,
1959-12-01,29.7,23.9,26.0,,
1959-12-02,29.7,23.6,26.6,,
1959-12-03,28.8,24.2,26.0,,
1959-12-04,28.4,23.5,25.6,,
1959-12-05,28.6,22.9,25.6,,
1959-12-06,29.0,23.2,25.5,,
1959-12-07,30.1,23.7,25.8,,
1959-12-08,28.9,22.9,25.4,,
1959-12-09,27.6,23.2,24.9,,
1959-12-10,27.6,23.3,25.1,,
1959-12-11,28.7,23.3,25.9,,
1959-12-12,29.2,23.4,25.4,,
1959-12-13,28.6,22.8,25.4,,
1959-12-14,29.6,23.2,26.1,,
1959-12-15,30.3,22.7,26.0,,
1959-12-16,28.8,23.8,25.6,,
1959-12-17,28.2,23.7,25.6,,
1959-12-18,27.5,24.0,25.1,,
1959-12-19,27.6,23.5,25.3,,
1959-12-20,28.6,24.0,25.7,,
1959-12-21,28.2,22.9,25.1,,
1959-12-22,27.6,23.4,25.2,,
1959-12-23,28.3,23.9,25.6,,
1959-12-24,28.3,23.2,25.5,,
1959-12-25,28.3,23.5,25.4,,
1959-12-26,28.7,23.6,25.9,,
1959-12-27,29.3,23.4,26.3,,
1959-12-28,30.0,23.5,26.3,,
1959-12-29,29.4,23.0,25.8,,
1959-12-30,30.1,22.7,25.9,,
1959-12-31,28.0,23.5,25.1,,
1960-01-01,26.5,23.5,24.9,,
1960-01-02,25.8,23.1,24.2,,
1960-01-03,26.5,22.9,24.6,,
1960-01-04,28.5,22.5,25.2,,
1960-01-05,28.1,22.3,25.0,,
1960-01-06,28.6,23.4,25.4,,
1960-01-07,27.4,23.4,25.3,,
1960-01-08,27.1,23.0,24.8,,
1960-01-09,27.1,22.1,24.7,,
1960-01-10,28.4,22.5,25.4,,
1960-01-11,29.4,22.5,25.5,,
1960-01-12,28.1,22.8,25.2,,
1960-01-13,28.3,23.0,25.5,,
1960-01-14,29.0,23.3,25.8,,
1960-01-15,28.4,23.4,25.5,,
1960-01-16,27.6,23.7,25.4,,
1960-01-17,28.5,23.8,25.3,,
1960-01-18,25.6,23.2,24.2,,
1960-01-19,26.8,23.0,24.6,,
1960-01-20,26.6,22.8,24.4,,
1960-01-21,26.9,23.2,24.7,,
1960-01-22,25.5,23.3,24.1,,
1960-01-23,26.5,23.2,24.2,,
1960-01-24,27.6,23.1,24.8,,
1960-01-25,26.7,22.9,24.5,,
1960-01-26,26.6,22.7,24.1,,
1960-01-27,28.0,22.2,25.0,,
1960-01-28,28.9,23.4,25.9,,
1960-01-29,28.1,23.5,25.6,,
1960-01-30,28.2,23.9,25.4,,
1960-01-31,26.9,24.0,25.1,,
1960-02-01,28.1,24.1,25.4,,
1960-02-02,26.1,23.1,24.3,,
1960-02-03,26.6,22.9,24.3,,
1960-02-04,26.5,22.8,24.3,,
1960-02-05,25.9,22.6,24.0,,
1960-02-06,27.2,22.3,24.4,,
1960-02-07,28.5,22.5,25.4,,
1960-02-08,28.7,22.8,25.7,,
1960-02-09,27.5,23.1,25.0,,
1960-02-10,27.3,22.8,24.6,,
1960-02-11,28.0,23.1,25.5,,
1960-02-12,28.6,23.1,25.4,,
1960-02-13,28.3,22.7,25.1,,
1960-02-14,28.3,23.3,25.5,,
1960-02-15,29.1,23.3,25.8,,
1960-02-16,29.0,22.9,25.6,,
1960-02-17,28.4,23.4,25.2,,
1960-02-18,27.3,23.3,25.1,,
1960-02-19,27.5,23.4,25.1,,
1960-02-20,29.7,23.1,25.7,,
1960-02-21,28.7,22.8,25.4,,
1960-02-22,28.8,22.9,25.4,,
1960-02-23,29.0,23.0,25.4,,
1960-02-24,29.2,23.2,25.6,,
1960-02-25,28.5,22.8,25.4,,
1960-02-26,28.5,23.2,25.5,,
1960-02-27,30.5,22.9,26.2,,
1960-02-28,29.3,22.6,25.7,,
1960-02-29,29.2,22.5,25.1,,
1960-03-01,29.5,21.9,25.4,,
1960-03-02,28.9,22.4,25.6,,
1960-03-03,27.5,22.6,25.0,,
1960-03-04,28.9,22.7,25.3,,
1960-03-05,29.1,22.8,25.3,,
1960-03-06,29.5,21.8,25.6,,
1960-03-07,29.8,22.2,25.9,,
1960-03-08,28.5,23.8,25.8,,
1960-03-09,28.8,23.3,25.6,,
1960-03-10,28.5,22.7,25.3,,
1960-03-11,29.3,22.4,25.7,,
1960-03-12,29.3,22.8,25.6,,
1960-03-13,29.9,23.1,25.9,,
1960-03-14,30.2,22.4,26.0,,
1960-03-15,29.0,23.3,26.1,,
1960-03-16,30.7,22.6,26.4,,
1960-03-17,29.5,23.2,25.8,,
1960-03-18,28.6,23.2,25.5,,
1960-03-19,29.2,22.6,25.6,,
1960-03-20,28.9,22.7,25.4,,
1960-03-21,29.7,23.1,26.1,,
1960-03-22,29.8,23.4,26.2,,
1960-03-23,29.2,23.4,26.0,,
1960-03-24,28.9,23.6,25.6,,
1960-03-25,29.1,23.2,25.8,,
1960-03-26,29.9,22.7,26.1,,
1960-03-27,29.4,22.7,25.7,,
1960-03-28,29.3,23.1,25.4,,
1960-03-29,28.5,23.2,25.5,,
1960-03-30,29.1,23.1,25.6,,
1960-03-31,30.1,22.9,25.9,,
1960-04-01,28.3,23.5,25.6,,
1960-04-02,28.0,23.3,25.3,,
1960-04-03,28.8,23.5,25.6,,
1960-04-04,27.8,23.0,25.5,,
1960-04-05,29.3,22.6,25.7,,
1960-04-06,29.3,22.4,25.6,,
1960-04-07,28.9,23.3,25.7,,
1960-04-08,29.0,23.6,25.8,,
1960-04-09,29.3,23.3,25.6,,
1960-04-10,29.2,22.9,25.6,,
1960-04-11,29.0,22.7,25.4,,
1960-04-12,28.8,22.8,25.4,,
1960-04-13,28.6,22.9,25.7,,
1960-04-14,29.2,23.3,25.6,,
1960-04-15,28.8,23.3,25.8,,
1960-04-16,29.6,23.2,26.0,,
1960-04-17,27.9,23.2,25.2,,
1960-04-18,29.8,22.9,26.1,,
1960-04-19,28.3,23.4,25.7,,
1960-04-20,29.0,23.4,25.6,,
1960-04-21,29.4,22.8,25.6,,
1960-04-22,29.3,22.8,25.7,,
1960-04-23,29.9,23.3,26.4,,
1960-04-24,29.7,24.1,26.3,,
1960-04-25,30.0,23.0,26.1,,
1960-04-26,29.9,23.3,26.2,,
1960-04-27,29.7,23.2,26.1,,
1960-04-28,28.6,23.5,25.8,,
1960-04-29,28.8,23.4,25.6,,
1960-04-30,29.9,23.3,26.0,,
1960-05-01,28.7,23.6,25.7,,
1960-05-02,28.9,23.6,25.9,,
1960-05-03,29.7,22.9,25.8,,
1960-05-04,29.4,23.0,25.8,,
1960-05-05,29.3,23.8,25.8,,
1960-05-06,30.2,22.9,26.1,,
1960-05-07,29.6,23.1,25.6,,
1960-05-08,29.4,23.5,26.3,,
1960-05-09,29.0,23.7,26.2,,
1960-05-10,29.3,23.3,26.2,,
1960-05-11,30.0,22.7,26.3,,
1960-05-12,29.3,23.5,26.0,,
1960-05-13,29.1,23.1,25.7,,
1960-05-14,29.2,23.6,25.9,,
1960-05-15,29.8,23.1,26.2,,
1960-05-16,29.4,23.4,25.8,,
1960-05-17,29.6,22.9,26.0,,
1960-05-18,30.1,22.7,26.0,,
1960-05-19,29.7,22.9,26.0,,
1960-05-20,30.5,23.7,26.7,,
1960-05-21,29.8,23.5,26.7,,
1960-05-22,29.3,23.5,26.2,,
1960-05-23,30.3,23.1,26.5,,
1960-05-24,30.3,24.1,26.6,,
1960-05-25,29.3,24.0,26.0,,
1960-05-26,28.9,23.0,25.7,,
1960-05-27,29.8,23.1,26.0,,
1960-05-28,29.8,23.4,26.4,,
1960-05-29,30.1,23.5,26.5,,
1960-05-30,29.7,23.2,26.2,,
1960-05-31,29.6,23.1,26.1,,
1960-06-01,29.9,23.4,26.4,,
1960-06-02,29.0,24.0,26.1,,
1960-06-03,29.9,22.8,26.1,,
1960-06-04,29.4,23.5,26.2,,
1960-06-05,29.8,23.2,26.3,,
1960-06-06,30.4,22.1,26.1,,
1960-06-07,30.0,23.6,26.7,,
1960-06-08,29.0,23.4,26.3,,
1960-06-09,28.6,23.9,26.2,,
1960-06-10,29.2,23.7,25.8,,
1960-06-11,28.8,22.9,25.6,,
1960-06-12,28.1,22.6,25.1,,
1960-06-13,28.7,23.0,25.7,,
1960-06-14,29.1,23.1,25.8,,
1960-06-15,29.2,22.2,25.7,,
1960-06-16,29.0,22.8,25.7,,
1960-06-17,28.5,23.2,25.4,,
1960-06-18,29.2,22.2,25.4,,
1960-06-19,29.3,21.9,25.5,,
1960-06-20,29.2,22.9,25.9,,
1960-06-21,28.5,23.6,25.8,,
1960-06-22,29.0,22.0,25.4,,
1960-06-23,29.4,21.9,25.5,,
1960-06-24,28.7,22.5,25.5,,
1960-06-25,29.6,23.5,26.1,,
1960-06-26,29.2,22.2,25.5,,
1960-06-27,29.5,20.8,25.2,,
1960-06-28,30.2,21.7,26.0,,
1960-06-29,29.8,23.4,26.1,,
1960-06-30,29.8,22.4,25.3,,
1960-07-01,28.7,22.7,25.2,,
1960-07-02,28.4,23.2,25.4,,
1960-07-03,29.1,23.7,25.7,,
1960-07-04,29.3,22.1,25.7,,
1960-07-05,29.5,23.1,26.2,,
1960-07-06,27.9,22.7,25.1,,
1960-07-07,29.0,21.8,25.1,,
1960-07-08,28.7,22.8,25.1,,
1960-07-09,28.8,23.2,25.2,,
1960-07-10,27.8,23.1,25.2,,
1960-07-11,28.7,22.0,25.1,,
1960-07-12,27.2,22.6,25.0,,
1960-07-13,29.3,22.7,25.4,,
1960-07-14,29.1,23.1,25.5,,
1960-07-15,28.8,22.7,25.1,,
1960-07-16,28.6,22.1,25.3,,
1960-07-17,29.0,22.9,25.8,,
1960-07-18,29.2,23.0,25.9,,
1960-07-19,29.3,22.6,25.8,,
1960-07-20,29.9,22.9,26.1,,
1960-07-21,29.6,22.9,25.9,,
1960-07-22,30.1,23.1,26.3,,
1960-07-23,30.4,22.5,26.3,,
1960-07-24,29.1,22.7,25.9,,
1960-07-25,28.7,23.2,25.5,,
1960-07-26,28.8,22.3,25.2,,
1960-07-27,29.6,22.5,25.2,,
1960-07-28,29.9,22.4,26.0,,
1960-07-29,29.4,23.1,25.8,,
1960-07-30,29.5,22.7,26.0,,
1960-07-31,29.4,23.0,25.7,,
1960-08-01,28.9,22.2,25.7,,
1960-08-02,29.8,22.7,25.8,,
1960-08-03,30.5,22.5,26.3,,
1960-08-04,29.9,23.6,26.4,,
1960-08-05,29.3,23.6,26.1,,
1960-08-06,29.4,22.8,25.9,,
1960-08-07,29.3,23.2,26.0,,
1960-08-08,29.9,23.5,26.2,,
1960-08-09,29.5,23.9,26.3,,
1960-08-10,29.8,23.6,26.4,,
1960-08-11,30.6,22.7,26.5,,
1960-08-12,30.3,23.3,26.6,,
1960-08-13,30.2,23.8,26.5,,
1960-08-14,30.0,23.5,26.4,,
1960-08-15,29.2,23.8,25.8,,
1960-08-16,29.8,23.2,26.0,,
1960-08-17,27.4,23.4,25.1,,
1960-08-18,29.7,22.1,25.8,,
1960-08-19,29.9,24.1,26.3,,
1960-08-20,29.1,22.6,25.6,,
1960-08-21,29.9,22.2,26.0,,
1960-08-22,30.1,22.0,26.0,,
1960-08-23,30.5,23.4,26.6,,
1960-08-24,30.1,22.9,26.3,,
1960-08-25,30.2,22.5,26.1,,
1960-08-26,29.0,22.5,25.4,,
1960-08-27,30.5,22.2,25.9,,
1960-08-28,30.2,23.1,26.4,,
1960-08-29,30.5,21.6,26.0,,
1960-08-30,30.2,21.6,26.1,,
1960-08-31,29.5,22.5,26.2,,
1960-09-01,30.1,22.5,26.1,,
1960-09-02,28.9,22.8,25.8,,
1960-09-03,29.0,22.8,25.6,,
1960-09-04,29.7,23.0,25.7,,
1960-09-05,29.9,23.2,25.8,,
1960-09-06,30.6,23.0,26.5,,
1960-09-07,31.2,24.4,27.4,,
1960-09-08,31.8,23.9,27.5,,
1960-09-09,30.3,23.0,26.4,,
1960-09-10,30.5,22.7,25.7,,
1960-09-11,29.8,21.7,25.9,,
1960-09-12,29.8,23.0,26.1,,
1960-09-13,30.2,22.7,26.2,,
1960-09-14,30.5,22.3,26.4,,
1960-09-15,30.2,22.7,26.5,,
1960-09-16,29.9,23.2,26.5,,
1960-09-17,30.6,23.0,26.3,,
1960-09-18,30.0,23.3,26.3,,
1960-09-19,29.4,22.8,26.1,,
1960-09-20,29.8,23.2,26.3,,
1960-09-21,29.8,23.1,25.9,,
1960-09-22,28.1,23.1,25.6,,
1960-09-23,29.9,23.0,26.2,,
1960-09-24,29.9,23.0,26.2,,
1960-09-25,28.2,23.4,25.7,,
1960-09-26,30.0,23.0,25.9,,
1960-09-27,30.5,22.9,26.4,,
1960-09-28,30.4,23.1,26.6,,
1960-09-29,30.9,23.1,27.0,,
1960-09-30,30.8,23.1,26.7,,
1960-10-01,31.4,22.0,26.4,,
1960-10-02,30.2,22.6,26.2,,
1960-10-03,31.1,22.7,26.7,,
1960-10-04,31.0,22.9,27.1,,
1960-10-05,32.2,23.8,27.6,,
1960-10-06,31.2,23.7,27.0,,
1960-10-07,32.2,22.6,27.2,,
1960-10-08,31.4,23.3,27.1,,
1960-10-09,31.8,23.2,27.5,,
1960-10-10,31.5,23.9,27.7,,
1960-10-11,31.5,22.7,27.4,,
1960-10-12,31.5,24.0,27.5,,
1960-10-13,30.6,23.4,26.9,,
1960-10-14,31.3,23.1,27.3,,
1960-10-15,31.8,23.1,27.6,,
1960-10-16,32.9,22.6,27.7,,
1960-10-17,32.5,23.9,27.6,,
1960-10-18,30.9,24.1,26.9,,
1960-10-19,31.5,23.7,27.0,,
1960-10-20,31.1,23.3,27.1,,
1960-10-21,30.7,23.6,26.6,,
1960-10-22,31.3,23.0,26.6,,
1960-10-23,31.3,23.2,26.7,,
1960-10-24,32.3,22.9,27.6,,
1960-10-25,32.4,23.8,28.1,,
1960-10-26,32.4,23.4,27.7,,
1960-10-27,32.9,22.7,27.7,,
1960-10-28,32.9,23.0,27.8,,
1960-10-29,31.6,25.0,27.6,,
1960-10-30,31.0,24.1,27.1,,
1960-10-31,30.3,24.0,26.9,,
1960-11-01,30.2,24.0,27.0,,
1960-11-02,32.0,23.7,27.6,,
1960-11-03,31.5,24.2,27.6,,
1960-11-04,32.3,24.3,28.0,,
1960-11-05,32.0,24.1,27.7,,
1960-11-06,32.5,24.3,27.2,,
1960-11-07,29.7,24.2,26.3,,
1960-11-08,30.9,23.7,26.4,,
1960-11-09,28.4,23.4,25.7,,
1960-11-10,30.3,23.0,26.1,,
1960-11-11,29.4,23.4,25.8,,
1960-11-12,26.7,23.3,24.5,,
1960-11-13,28.5,22.9,25.5,,
1960-11-14,28.0,22.8,25.0,,
1960-11-15,30.3,22.7,26.3,,
1960-11-16,29.9,23.7,26.4,,
1960-11-17,28.9,23.7,25.8,,
1960-11-18,29.8,22.2,26.0,,
1960-11-19,29.0,23.0,25.9,,
1960-11-20,30.0,23.7,26.3,,
1960-11-21,30.1,23.6,26.3,,
1960-11-22,29.9,23.4,26.1,,
1960-11-23,29.7,23.7,26.3,,
1960-11-24,30.7,23.2,26.3,,
1960-11-25,30.2,23.4,26.2,,
1960-11-26,30.2,22.3,26.1,,
1960-11-27,30.5,23.2,26.7,,
1960-11-28,29.5,24.1,26.2,,
1960-11-29,27.3,23.7,25.1,,
1960-11-30,29.3,22.4,25.5,,
1960-12-01,29.5,23.4,25.7,,
1960-12-02,29.9,22.7,25.7,,
1960-12-03,29.1,23.1,25.9,,
1960-12-04,29.3,22.9,25.7,,
1960-12-05,30.1,22.3,25.7,,
1960-12-06,28.0,22.9,25.3,,
1960-12-07,28.8,23.4,26.1,,
1960-12-08,28.6,24.1,26.0,,
1960-12-09,29.5,23.2,26.1,,
1960-12-10,28.8,23.1,25.7,,
1960-12-11,29.8,23.4,26.2,,
1960-12-12,28.3,23.4,25.7,,
1960-12-13,29.2,22.7,25.6,,
1960-12-14,27.9,23.5,25.4,,
1960-12-15,27.9,23.0,25.3,,
1960-12-16,28.9,23.0,25.6,,
1960-12-17,29.6,23.4,25.7,,
1960-12-18,30.2,23.4,26.3,,
1960-12-19,29.2,21.7,25.7,,
1960-12-20,28.4,22.9,25.6,,
1960-12-21,28.8,23.2,25.7,,
1960-12-22,28.6,23.5,25.6,,
1960-12-23,29.7,23.6,25.8,,
1960-12-24,28.3,23.6,25.7,,
1960-12-25,27.0,23.7,25.0,,
1960-12-26,28.3,23.4,25.5,,
1960-12-27,28.2,23.4,25.8,,
1960-12-28,29.3,23.3,25.7,,
1960-12-29,29.3,23.8,26.1,,
1960-12-30,27.6,23.4,25.1,,
1960-12-31,27.4,23.4,25.3,,
1961-01-01,28.2,23.6,25.7,,
1961-01-02,28.0,23.6,25.3,,
1961-01-03,29.9,22.7,25.5,,
1961-01-04,27.0,22.9,24.7,,
1961-01-05,27.2,22.6,24.7,,
1961-01-06,27.6,22.6,24.6,,
1961-01-07,26.9,22.7,24.3,,
1961-01-08,28.3,22.6,25.5,,
1961-01-09,29.6,22.8,25.5,,
1961-01-10,29.7,22.0,25.5,,
1961-01-11,29.1,22.8,25.4,,
1961-01-12,29.5,23.1,25.3,,
1961-01-13,25.7,23.0,24.0,,
1961-01-14,27.0,22.7,24.9,,
1961-01-15,28.4,23.4,25.4,,
1961-01-16,28.3,23.6,25.3,,
1961-01-17,26.8,23.1,24.5,,
1961-01-18,27.5,22.7,24.6,,
1961-01-19,26.3,22.8,24.2,,
1961-01-20,27.1,22.5,24.5,,
1961-01-21,27.2,22.5,24.7,,
1961-01-22,27.3,23.5,25.1,,
1961-01-23,27.9,23.4,25.2,,
1961-01-24,27.3,23.0,24.7,,
1961-01-25,27.0,22.9,24.7,,
1961-01-26,26.3,22.8,24.1,,
1961-01-27,27.7,22.7,24.9,,
1961-01-28,28.4,22.8,25.3,,
1961-01-29,28.3,22.9,25.1,,
1961-01-30,28.1,23.2,25.1,,
1961-01-31,27.7,22.1,24.9,,
1961-02-01,28.7,22.6,25.1,,
1961-02-02,27.0,22.3,24.5,,
1961-02-03,26.3,22.4,24.6,,
1961-02-04,27.5,22.7,24.9,,
1961-02-05,27.3,22.9,25.0,,
1961-02-06,27.0,22.8,24.8,,
1961-02-07,27.5,23.0,24.8,,
1961-02-08,28.9,22.6,25.3,,
1961-02-09,27.8,22.8,25.2,,
1961-02-10,27.2,23.2,25.0,,
1961-02-11,27.7,23.6,25.1,,
1961-02-12,27.5,23.1,25.2,,
1961-02-13,28.1,22.7,25.2,,
1961-02-14,29.3,22.7,25.7,,
1961-02-15,29.8,23.3,25.9,,
1961-02-16,28.6,23.5,25.4,,
1961-02-17,28.1,22.9,25.0,,
1961-02-18,27.9,23.1,25.5,,
1961-02-19,27.9,23.2,25.4,,
1961-02-20,28.1,23.3,25.4,,
1961-02-21,29.3,24.1,26.1,,
1961-02-22,29.2,24.0,26.0,,
1961-02-23,28.7,24.6,26.4,,
1961-02-24,29.6,24.5,26.6,,
1961-02-25,28.7,24.3,26.0,,
1961-02-26,28.2,24.0,25.6,,
1961-02-27,28.1,24.0,25.9,,
1961-02-28,27.8,23.8,25.6,,
1961-03-01,28.5,23.3,25.2,,
1961-03-02,26.8,23.4,24.7,,
1961-03-03,27.4,23.4,24.9,,
1961-03-04,27.5,23.6,25.0,,
1961-03-05,27.8,23.7,25.3,,
1961-03-06,28.1,22.8,25.0,,
1961-03-07,29.4,22.5,25.4,,
1961-03-08,28.6,22.2,25.2,,
1961-03-09,28.4,23.0,25.7,,
1961-03-10,28.6,22.5,25.6,,
1961-03-11,28.2,22.6,25.4,,
1961-03-12,28.1,23.0,25.1,,
1961-03-13,28.2,23.0,25.4,,
1961-03-14,28.4,22.9,25.1,,
1961-03-15,28.4,22.9,25.4,,
1961-03-16,28.8,22.6,25.5,,
1961-03-17,29.1,22.7,25.7,,
1961-03-18,29.3,23.3,26.3,,
1961-03-19,29.5,23.2,26.2,,
1961-03-20,29.0,23.8,26.0,,
1961-03-21,29.4,22.6,26.0,,
1961-03-22,30.0,23.5,26.6,,
1961-03-23,30.3,23.9,26.7,,
1961-03-24,30.4,23.5,26.8,,
1961-03-25,30.4,23.1,26.5,,
1961-03-26,30.9,23.0,26.7,,
1961-03-27,30.6,23.1,26.7,,
1961-03-28,30.1,23.4,26.5,,
1961-03-29,29.7,22.9,26.5,,
1961-03-30,29.3,23.2,26.2,,
1961-03-31,29.4,23.0,25.9,,
1961-04-01,27.9,23.8,25.7,,
1961-04-02,28.4,23.9,26.0,,
1961-04-03,29.8,23.5,26.4,,
1961-04-04,30.0,23.3,26.3,,
1961-04-05,30.4,22.8,26.3,,
1961-04-06,29.8,23.5,26.3,,
1961-04-07,28.6,23.4,25.6,,
1961-04-08,29.8,23.3,26.0,,
1961-04-09,30.2,24.0,26.5,,
1961-04-10,29.1,23.6,26.1,,
1961-04-11,28.0,24.0,25.7,,
1961-04-12,30.1,23.5,26.5,,
1961-04-13,29.7,24.6,26.6,,
1961-04-14,30.1,23.4,26.1,,
1961-04-15,29.1,23.8,26.1,,
1961-04-16,29.1,23.4,26.1,,
1961-04-17,29.1,24.1,26.1,,
1961-04-18,29.6,23.4,26.0,,
1961-04-19,29.1,22.9,25.6,,
1961-04-20,29.9,23.3,26.3,,
1961-04-21,29.8,23.3,26.1,,
1961-04-22,29.9,23.0,26.0,,
1961-04-23,30.4,23.0,26.4,,
1961-04-24,30.6,23.3,26.6,,
1961-04-25,29.0,23.5,25.9,,
1961-04-26,29.0,24.1,25.8,,
1961-04-27,29.4,23.6,26.0,,
1961-04-28,28.3,23.9,25.3,,
1961-04-29,30.0,22.7,26.0,,
1961-04-30,29.7,22.8,26.1,,
1961-05-01,28.8,23.4,25.9,,
1961-05-02,28.7,23.5,25.6,,
1961-05-03,29.6,23.6,25.9,,
1961-05-04,29.6,23.0,26.0,,
1961-05-05,29.0,23.4,26.0,,
1961-05-06,29.3,23.9,25.9,,
1961-05-07,29.5,23.4,25.9,,
1961-05-08,29.7,23.1,26.1,,
1961-05-09,29.1,23.3,25.9,,
1961-05-10,28.6,23.6,26.0,,
1961-05-11,29.5,23.6,26.0,,
1961-05-12,30.2,23.9,25.9,,
1961-05-13,28.8,24.0,25.8,,
1961-05-14,29.4,23.0,25.7,,
1961-05-15,28.2,23.4,25.5,,
1961-05-16,28.8,23.2,25.7,,
1961-05-17,30.0,23.1,26.2,,
1961-05-18,29.7,23.4,26.1,,
1961-05-19,29.2,23.2,25.7,,
1961-05-20,29.1,23.2,25.9,,
1961-05-21,30.1,23.2,26.3,,
1961-05-22,29.9,23.1,26.4,,
1961-05-23,29.1,23.4,25.6,,
1961-05-24,29.2,22.5,25.5,,
1961-05-25,29.9,22.7,26.1,,
1961-05-26,29.6,22.8,26.1,,
1961-05-27,29.7,22.6,26.1,,
1961-05-28,29.5,23.3,26.0,,
1961-05-29,28.1,23.7,25.8,,
1961-05-30,28.2,23.7,25.1,,
1961-05-31,29.1,22.7,25.5,,
1961-06-01,29.8,21.7,25.8,,
1961-06-02,29.8,24.0,26.5,,
1961-06-03,29.6,22.9,26.1,,
1961-06-04,29.8,23.1,26.2,,
1961-06-05,29.3,22.6,25.7,,
1961-06-06,29.2,23.9,26.4,,
1961-06-07,28.5,23.6,26.2,,
1961-06-08,29.1,23.8,26.1,,
1961-06-09,27.9,23.5,25.4,,
1961-06-10,29.0,22.4,25.1,,
1961-06-11,29.3,21.9,25.4,,
1961-06-12,28.6,23.0,25.3,,
1961-06-13,29.3,21.1,25.1,,
1961-06-14,29.7,20.4,25.4,,
1961-06-15,29.4,20.1,24.8,,
1961-06-16,28.9,20.7,24.9,,
1961-06-17,28.8,21.2,25.0,,
1961-06-18,29.1,22.6,25.9,,
1961-06-19,28.6,22.8,25.3,,
1961-06-20,29.1,22.7,25.6,,
1961-06-21,29.5,20.9,25.3,,
1961-06-22,28.9,21.9,25.5,,
1961-06-23,29.5,22.4,25.9,,
1961-06-24,29.9,21.7,25.8,,
1961-06-25,29.0,22.8,26.0,,
1961-06-26,29.0,22.2,25.8,,
1961-06-27,30.5,23.3,26.6,,
1961-06-28,30.1,22.7,25.9,,
1961-06-29,30.7,22.9,26.3,,
1961-06-30,30.1,22.2,26.1,,
1961-07-01,29.3,23.1,25.6,,
1961-07-02,29.2,22.2,25.7,,
1961-07-03,29.7,22.8,26.0,,
1961-07-04,29.5,23.4,26.2,,
1961-07-05,29.7,23.8,26.4,,
1961-07-06,29.6,23.2,26.0,,
1961-07-07,30.1,23.2,26.2,,
1961-07-08,30.0,23.4,26.3,,
1961-07-09,30.6,22.2,26.2,,
1961-07-10,29.4,23.2,25.9,,
1961-07-11,29.5,22.0,25.5,,
1961-07-12,29.9,22.2,25.7,,
1961-07-13,28.8,22.7,25.6,,
1961-07-14,29.8,21.4,25.3,,
1961-07-15,29.7,21.2,25.4,,
1961-07-16,30.5,20.2,25.3,,
1961-07-17,30.4,22.0,26.0,,
1961-07-18,29.3,22.7,25.8,,
1961-07-19,30.0,21.6,25.6,,
1961-07-20,29.5,23.3,26.0,,
1961-07-21,30.0,21.9,25.9,,
1961-07-22,30.5,19.7,25.3,,
1961-07-23,30.5,21.8,25.9,,
1961-07-24,29.8,23.0,26.4,,
1961-07-25,29.8,22.9,26.1,,
1961-07-26,30.7,22.8,26.5,,
1961-07-27,31.0,21.9,26.1,,
1961-07-28,30.5,22.7,26.0,,
1961-07-29,30.9,22.2,26.4,,
1961-07-30,30.4,23.4,26.8,,
1961-07-31,30.3,23.8,26.1,,
1961-08-01,29.6,23.0,25.9,,
1961-08-02,29.9,22.4,26.0,,
1961-08-03,30.9,22.9,26.6,,
1961-08-04,30.2,22.1,26.1,,
1961-08-05,30.2,22.3,26.1,,
1961-08-06,30.5,21.6,26.1,,
1961-08-07,31.2,22.9,27.0,,
1961-08-08,30.9,22.8,26.3,,
1961-08-09,30.5,22.1,26.0,,
1961-08-10,30.1,21.3,25.7,,
1961-08-11,30.6,20.7,26.0,,
1961-08-12,30.5,22.6,26.7,,
1961-08-13,31.3,22.9,26.9,,
1961-08-14,31.8,22.0,26.9,,
1961-08-15,30.8,23.8,26.9,,
1961-08-16,30.3,23.9,26.8,,
1961-08-17,30.4,22.4,26.4,,
1961-08-18,31.1,22.9,26.5,,
1961-08-19,30.8,22.5,26.6,,
1961-08-20,31.6,21.0,26.3,,
1961-08-21,31.8,21.5,26.7,,
1961-08-22,30.4,24.1,26.8,,
1961-08-23,30.7,22.1,26.7,,
1961-08-24,31.1,24.1,27.0,,
1961-08-25,31.8,23.8,27.1,,
1961-08-26,31.0,23.0,26.8,,
1961-08-27,31.7,23.8,27.2,,
1961-08-28,30.7,23.9,26.2,,
1961-08-29,31.0,21.8,26.4,,
1961-08-30,30.3,23.4,26.3,,
1961-08-31,30.7,22.5,26.3,,
1961-09-01,31.4,22.2,26.4,,
1961-09-02,30.5,22.7,26.0,,
1961-09-03,30.6,22.6,26.2,,
1961-09-04,30.7,22.0,26.2,,
1961-09-05,31.4,22.5,26.8,,
1961-09-06,31.6,23.5,27.1,,
1961-09-07,31.4,22.2,26.9,,
1961-09-08,32.0,22.2,26.5,,
1961-09-09,31.7,22.2,26.7,,
1961-09-10,32.0,23.1,26.9,,
1961-09-11,31.7,22.5,26.9,,
1961-09-12,31.3,21.7,26.4,,
1961-09-13,31.5,23.2,26.7,,
1961-09-14,31.7,22.1,26.8,,
1961-09-15,32.3,21.7,27.2,,
1961-09-16,32.6,21.8,26.9,,
1961-09-17,32.7,21.7,26.9,,
1961-09-18,32.3,22.2,27.2,,
1961-09-19,32.7,23.2,27.1,,
1961-09-20,32.2,20.9,26.7,,
1961-09-21,32.0,20.6,26.2,,
1961-09-22,31.6,22.5,26.8,,
1961-09-23,32.3,22.9,26.6,,
1961-09-24,31.8,23.2,26.9,,
1961-09-25,31.3,22.1,26.9,,
1961-09-26,31.7,22.5,27.0,,
1961-09-27,31.5,22.7,27.0,,
1961-09-28,31.7,23.3,27.1,,
1961-09-29,32.5,21.1,26.7,,
1961-09-30,32.5,21.8,27.2,,
1961-10-01,32.6,21.5,26.9,,
1961-10-02,33.5,20.4,26.9,,
1961-10-03,33.0,22.0,27.7,,
1961-10-04,31.5,23.4,27.1,,
1961-10-05,31.9,23.9,27.7,,
1961-10-06,32.6,24.5,28.0,,
1961-10-07,32.4,24.0,27.9,,
1961-10-08,33.4,23.5,28.2,,
1961-10-09,33.4,23.0,28.0,,
1961-10-10,33.5,23.0,28.3,,
1961-10-11,33.5,23.6,28.0,,
1961-10-12,33.0,23.0,27.6,,
1961-10-13,33.1,23.8,28.3,,
1961-10-14,33.3,24.2,28.1,,
1961-10-15,32.1,23.8,27.0,,
1961-10-16,33.3,23.4,27.7,,
1961-10-17,33.3,23.6,28.1,,
1961-10-18,32.8,22.6,27.8,,
1961-10-19,31.6,24.8,27.9,,
1961-10-20,31.4,24.1,27.4,,
1961-10-21,32.3,24.6,27.8,,
1961-10-22,33.2,23.4,28.0,,
1961-10-23,32.0,23.5,27.8,,
1961-10-24,31.8,23.9,27.8,,
1961-10-25,33.2,23.2,28.3,,
1961-10-26,33.0,22.7,28.0,,
1961-10-27,32.9,23.4,28.1,,
1961-10-28,33.2,23.8,28.2,,
1961-10-29,32.7,23.9,28.4,,
1961-10-30,32.2,23.9,27.3,,
1961-10-31,30.9,23.4,26.7,,
1961-11-01,31.3,23.7,26.5,,
1961-11-02,30.6,23.7,26.6,,
1961-11-03,28.8,23.8,25.7,,
1961-11-04,28.0,23.0,25.3,,
1961-11-05,29.1,22.9,25.6,,
1961-11-06,30.4,22.9,26.4,,
1961-11-07,30.6,23.2,26.7,,
1961-11-08,28.9,23.9,25.8,,
1961-11-09,29.9,23.1,26.2,,
1961-11-10,29.9,23.6,26.4,,
1961-11-11,28.6,23.9,25.9,,
1961-11-12,29.0,23.1,25.9,,
1961-11-13,29.8,22.8,25.8,,
1961-11-14,29.6,23.0,25.5,,
1961-11-15,30.5,23.0,26.1,,
1961-11-16,29.2,23.4,25.9,,
1961-11-17,28.7,23.8,25.8,,
1961-11-18,30.5,22.8,26.1,,
1961-11-19,29.7,23.3,26.4,,
1961-11-20,30.3,22.7,26.4,,
1961-11-21,30.4,23.2,26.7,,
1961-11-22,30.0,23.8,26.7,,
1961-11-23,30.3,23.2,26.5,,
1961-11-24,30.1,23.3,26.2,,
1961-11-25,27.7,23.6,25.6,,
1961-11-26,29.0,23.0,25.7,,
1961-11-27,29.5,23.9,26.3,,
1961-11-28,29.0,22.8,25.6,,
1961-11-29,29.4,23.1,25.9,,
1961-11-30,29.3,22.7,25.7,,
1961-12-01,29.6,22.8,25.8,,
1961-12-02,28.8,23.1,26.1,,
1961-12-03,29.4,23.7,26.4,,
1961-12-04,29.7,23.2,26.1,,
1961-12-05,28.9,23.6,25.9,,
1961-12-06,28.9,23.9,26.1,,
1961-12-07,30.5,23.7,26.4,,
1961-12-08,30.8,23.2,26.6,,
1961-12-09,29.8,23.6,26.5,,
1961-12-10,30.6,23.2,26.5,,
1961-12-11,28.7,23.7,25.9,,
1961-12-12,29.1,23.0,25.5,,
1961-12-13,29.0,23.1,25.5,,
1961-12-14,28.7,23.4,25.5,,
1961-12-15,29.2,22.6,25.7,,
1961-12-16,28.0,23.1,25.4,,
1961-12-17,30.5,23.1,26.6,,
1961-12-18,28.3,23.5,25.4,,
1961-12-19,27.9,23.2,25.1,,
1961-12-20,29.0,22.6,25.3,,
1961-12-21,28.4,23.2,25.6,,
1961-12-22,27.3,23.3,25.2,,
1961-12-23,28.7,23.3,25.3,,
1961-12-24,29.3,22.8,25.7,,
1961-12-25,29.8,23.9,26.2,,
1961-12-26,29.8,23.1,26.1,,
1961-12-27,29.8,22.6,26.5,,
1961-12-28,28.8,23.7,25.8,,
1961-12-29,27.8,23.1,25.1,,
1961-12-30,27.3,22.9,24.8,,
1961-12-31,28.9,22.7,25.5,,
1962-01-01,28.7,23.2,25.6,,
1962-01-02,29.1,23.1,25.7,,
1962-01-03,29.3,23.2,25.8,,
1962-01-04,28.6,24.0,26.0,,
1962-01-05,27.6,23.7,25.2,,
1962-01-06,28.6,23.0,25.3,,
1962-01-07,28.3,23.3,25.6,,
1962-01-08,29.2,23.1,25.8,,
1962-01-09,28.9,23.2,25.8,,
1962-01-10,29.2,24.2,26.2,,
1962-01-11,28.0,23.8,25.5,,
1962-01-12,29.0,23.4,25.7,,
1962-01-13,28.5,24.1,26.0,,
1962-01-14,28.8,24.2,26.1,,
1962-01-15,28.0,23.9,25.6,,
1962-01-16,28.9,23.5,26.0,,
1962-01-17,29.5,23.1,25.5,,
1962-01-18,29.4,22.9,25.8,,
1962-01-19,28.6,22.8,25.6,,
1962-01-20,27.5,23.6,25.1,,
1962-01-21,27.8,23.4,25.2,,
1962-01-22,27.4,23.6,24.9,,
1962-01-23,26.0,23.4,24.4,,
1962-01-24,26.0,23.2,24.4,,
1962-01-25,25.6,23.3,24.6,,
1962-01-26,27.7,22.9,25.1,,
1962-01-27,26.5,22.8,24.0,,
1962-01-28,27.7,22.4,25.0,,
1962-01-29,28.1,23.4,25.3,,
1962-01-30,27.5,23.3,24.9,,
1962-01-31,27.3,23.3,24.7,,
1962-02-01,27.0,23.0,24.7,,
1962-02-02,27.1,23.2,25.0,,
1962-02-03,27.9,23.4,25.3,,
1962-02-04,27.1,23.1,24.8,,
1962-02-05,27.3,23.3,25.1,,
1962-02-06,27.5,23.0,25.2,,
1962-02-07,27.5,22.9,24.8,,
1962-02-08,27.3,23.0,25.0,,
1962-02-09,27.9,22.2,24.9,,
1962-02-10,27.7,23.0,25.1,,
1962-02-11,28.8,22.4,25.4,,
1962-02-12,28.9,22.4,25.5,,
1962-02-13,27.5,23.3,25.1,,
1962-02-14,29.0,23.1,25.6,,
1962-02-15,28.1,23.6,25.7,,
1962-02-16,26.6,23.0,24.5,,
1962-02-17,27.7,22.9,25.0,,
1962-02-18,26.6,22.7,24.3,,
1962-02-19,27.4,22.6,24.6,,
1962-02-20,27.6,23.2,25.1,,
1962-02-21,26.8,23.1,24.7,,
1962-02-22,27.1,22.8,24.7,,
1962-02-23,28.2,22.5,24.9,,
1962-02-24,29.4,23.1,25.8,,
1962-02-25,29.1,23.2,25.8,,
1962-02-26,29.2,23.0,25.7,,
1962-02-27,29.7,22.5,25.9,,
1962-02-28,29.8,22.7,26.2,,
1962-03-01,29.8,23.9,26.3,,
1962-03-02,29.6,22.6,26.1,,
1962-03-03,27.6,22.4,25.1,,
1962-03-04,28.3,22.6,25.2,,
1962-03-05,29.3,22.3,25.5,,
1962-03-06,29.2,23.3,25.5,,
1962-03-07,27.9,23.0,24.9,,
1962-03-08,28.7,22.5,25.2,,
1962-03-09,28.8,22.6,25.3,,
1962-03-10,28.4,22.8,25.2,,
1962-03-11,28.0,23.1,25.4,,
1962-03-12,29.2,22.7,25.4,,
1962-03-13,28.0,22.7,25.2,,
1962-03-14,28.1,22.6,25.1,,
1962-03-15,28.7,23.1,25.4,,
1962-03-16,29.2,23.2,25.8,,
1962-03-17,29.7,23.1,26.3,,
1962-03-18,29.6,22.7,26.3,,
1962-03-19,29.2,23.6,26.3,,
1962-03-20,29.8,22.7,26.2,,
1962-03-21,29.4,23.3,26.0,,
1962-03-22,27.7,23.1,25.0,,
1962-03-23,28.1,22.9,25.1,,
1962-03-24,28.2,22.7,25.2,,
1962-03-25,28.8,22.9,25.3,,
1962-03-26,28.0,22.8,25.0,,
1962-03-27,28.2,22.4,25.0,,
1962-03-28,27.7,22.7,25.2,,
1962-03-29,28.5,22.7,25.6,,
1962-03-30,28.1,23.4,25.2,,
1962-03-31,28.6,22.8,25.4,,
1962-04-01,28.2,23.4,25.5,,
1962-04-02,29.1,23.3,25.6,,
1962-04-03,29.9,23.1,26.0,,
1962-04-04,29.2,23.0,25.8,,
1962-04-05,29.1,23.4,26.0,,
1962-04-06,28.7,23.4,25.3,,
1962-04-07,26.2,23.6,24.5,,
1962-04-08,27.3,23.3,25.1,,
1962-04-09,28.6,23.8,25.8,,
1962-04-10,29.3,23.8,25.7,,
1962-04-11,28.0,23.5,25.4,,
1962-04-12,28.7,23.3,25.8,,
1962-04-13,29.2,23.8,25.7,,
1962-04-14,30.1,23.0,26.0,,
1962-04-15,30.0,23.0,25.9,,
1962-04-16,29.7,22.5,25.8,,
1962-04-17,29.4,22.3,25.8,,
1962-04-18,29.6,23.0,26.1,,
1962-04-19,29.5,23.0,26.0,,
1962-04-20,29.7,23.3,26.2,,
1962-04-21,28.7,23.1,25.7,,
1962-04-22,29.3,23.5,26.0,,
1962-04-23,28.3,23.1,25.6,,
1962-04-24,28.4,23.4,25.4,,
1962-04-25,27.5,23.2,25.1,,
1962-04-26,28.6,22.8,25.3,,
1962-04-27,28.5,23.1,25.6,,
1962-04-28,28.0,23.1,25.1,,
1962-04-29,28.5,23.4,25.6,,
1962-04-30,29.0,22.8,25.8,,
1962-05-01,28.8,23.0,25.7,,
1962-05-02,28.5,23.1,25.4,,
1962-05-03,28.7,23.4,25.6,,
1962-05-04,29.0,23.3,25.5,,
1962-05-05,28.5,22.7,25.3,,
1962-05-06,29.6,23.9,26.3,,
1962-05-07,29.8,23.9,26.4,,
1962-05-08,28.3,23.9,25.9,,
1962-05-09,28.8,23.7,26.2,,
1962-05-10,29.7,23.6,26.0,,
1962-05-11,28.2,23.4,25.6,,
1962-05-12,28.9,23.2,25.9,,
1962-05-13,29.5,23.2,25.9,,
1962-05-14,29.3,23.4,25.9,,
1962-05-15,29.5,23.4,26.1,,
1962-05-16,29.9,22.9,26.2,,
1962-05-17,29.7,22.8,26.4,,
1962-05-18,29.4,23.8,26.3,,
1962-05-19,29.4,23.3,26.0,,
1962-05-20,29.5,23.9,26.4,,
1962-05-21,30.0,23.2,26.6,,
1962-05-22,30.3,22.9,26.7,,
1962-05-23,29.5,23.3,26.3,,
1962-05-24,29.9,23.4,26.6,,
1962-05-25,30.1,22.8,26.6,,
1962-05-26,29.9,24.1,26.7,,
1962-05-27,30.4,23.8,26.7,,
1962-05-28,30.6,23.1,26.8,,
1962-05-29,30.3,23.2,26.9,,
1962-05-30,30.0,23.5,26.6,,
1962-05-31,30.0,21.7,25.9,,
1962-06-01,29.3,24.3,26.2,,
1962-06-02,29.3,23.0,26.1,,
1962-06-03,29.1,23.6,26.3,,
1962-06-04,30.3,23.3,26.4,,
1962-06-05,30.5,22.7,26.3,,
1962-06-06,29.8,23.1,25.8,,
1962-06-07,28.2,23.4,25.4,,
1962-06-08,30.0,22.1,25.9,,
1962-06-09,29.6,23.7,26.3,,
1962-06-10,29.5,23.7,26.1,,
1962-06-11,30.0,23.0,25.9,,
1962-06-12,29.7,22.6,26.0,,
1962-06-13,30.3,22.9,26.4,,
1962-06-14,29.8,23.2,26.6,,
1962-06-15,30.3,23.6,26.3,,
1962-06-16,29.2,22.7,25.7,,
1962-06-17,29.4,21.9,25.7,,
1962-06-18,30.1,21.7,26.1,,
1962-06-19,28.9,24.0,26.0,,
1962-06-20,29.4,22.3,25.1,,
1962-06-21,29.7,22.4,25.4,,
1962-06-22,29.5,22.5,25.3,,
1962-06-23,28.8,22.4,25.1,,
1962-06-24,28.4,22.2,24.9,,
1962-06-25,28.8,22.9,25.0,,
1962-06-26,28.3,22.8,25.1,,
1962-06-27,28.4,23.2,24.7,,
1962-06-28,28.9,22.1,24.8,,
1962-06-29,28.0,22.5,24.7,,
1962-06-30,27.5,22.4,24.8,,
1962-07-01,28.0,22.6,24.9,,
1962-07-02,27.6,22.4,24.6,,
1962-07-03,27.2,22.3,24.3,,
1962-07-04,26.6,22.9,24.5,,
1962-07-05,27.9,22.2,24.4,,
1962-07-06,29.0,22.0,25.0,,
1962-07-07,28.9,22.5,25.2,,
1962-07-08,27.4,22.6,25.0,,
1962-07-09,29.3,22.1,25.4,,
1962-07-10,29.6,23.1,26.0,,
1962-07-11,29.4,22.9,25.6,,
1962-07-12,28.7,23.0,25.7,,
1962-07-13,28.8,22.7,25.6,,
1962-07-14,28.9,22.4,25.6,,
1962-07-15,29.8,22.8,26.2,,
1962-07-16,28.4,23.0,25.5,,
1962-07-17,27.8,22.6,25.1,,
1962-07-18,29.0,22.2,25.4,,
1962-07-19,29.6,22.2,25.8,,
1962-07-20,29.6,22.4,26.0,,
1962-07-21,29.5,23.3,26.1,,
1962-07-22,30.0,22.4,26.2,,
1962-07-23,30.4,22.4,26.2,,
1962-07-24,30.1,22.5,25.8,,
1962-07-25,29.4,22.5,25.9,,
1962-07-26,29.1,23.0,26.0,,
1962-07-27,29.5,21.9,25.8,,
1962-07-28,29.4,22.5,25.9,,
1962-07-29,29.8,22.9,26.0,,
1962-07-30,29.4,22.2,25.6,,
1962-07-31,29.1,21.9,25.2,,
1962-08-01,28.8,22.2,25.5,,
1962-08-02,29.2,22.5,25.9,,
1962-08-03,29.5,22.8,25.9,,
1962-08-04,29.8,22.1,25.8,,
1962-08-05,29.9,22.3,26.1,,
1962-08-06,28.1,22.4,25.3,,
1962-08-07,29.4,22.9,25.9,,
1962-08-08,27.9,23.2,25.6,,
1962-08-09,29.7,22.8,25.8,,
1962-08-10,29.8,22.8,25.8,,
1962-08-11,28.6,22.7,25.1,,
1962-08-12,27.6,22.1,24.1,,
1962-08-13,28.8,22.7,25.0,,
1962-08-14,26.1,23.2,24.6,,
1962-08-15,28.4,22.4,24.7,,
1962-08-16,29.1,21.3,25.0,,
1962-08-17,29.4,21.8,25.1,,
1962-08-18,29.2,22.0,25.6,,
1962-08-19,29.2,21.8,25.5,,
1962-08-20,28.9,22.3,24.9,,
1962-08-21,29.0,22.1,25.5,,
1962-08-22,29.6,21.8,25.6,,
1962-08-23,29.5,21.8,25.9,,
1962-08-24,29.0,22.4,25.6,,
1962-08-25,29.8,22.3,25.9,,
1962-08-26,30.0,22.6,26.2,,
1962-08-27,30.0,22.6,26.1,,
1962-08-28,29.9,23.2,26.0,,
1962-08-29,29.8,23.6,26.3,,
1962-08-30,29.7,22.8,26.1,,
1962-08-31,30.2,22.5,26.1,,
1962-09-01,30.8,21.8,26.3,,
1962-09-02,30.9,22.7,26.5,,
1962-09-03,30.5,23.4,26.8,,
1962-09-04,29.7,23.5,26.3,,
1962-09-05,30.5,22.0,26.3,,
1962-09-06,30.9,22.4,26.4,,
1962-09-07,30.9,21.3,26.1,,
1962-09-08,31.2,23.3,26.9,,
1962-09-09,29.9,23.7,26.3,,
1962-09-10,29.4,22.9,25.6,,
1962-09-11,30.1,22.2,25.8,,
1962-09-12,30.9,23.0,26.2,,
1962-09-13,31.0,21.4,25.9,,
1962-09-14,30.8,22.3,26.3,,
1962-09-15,31.0,21.8,26.4,,
1962-09-16,31.3,22.1,26.5,,
1962-09-17,32.2,22.5,27.2,,
1962-09-18,31.7,23.6,27.3,,
1962-09-19,32.0,23.6,27.0,,
1962-09-20,31.0,23.0,26.9,,
1962-09-21,30.3,24.1,26.5,,
1962-09-22,31.4,23.3,26.5,,
1962-09-23,30.4,23.4,26.7,,
1962-09-24,30.5,22.3,26.6,,
1962-09-25,30.4,23.0,26.4,,
1962-09-26,30.0,23.2,26.0,,
1962-09-27,29.6,22.6,26.3,,
1962-09-28,29.9,24.2,26.9,,
1962-09-29,31.6,22.7,26.9,,
1962-09-30,32.1,22.7,27.3,,
1962-10-01,32.1,24.7,27.9,,
1962-10-02,31.2,24.0,26.7,,
1962-10-03,31.2,23.8,27.3,,
1962-10-04,31.4,23.5,27.5,,
1962-10-05,32.0,23.0,27.5,,
1962-10-06,32.2,23.2,27.6,,
1962-10-07,32.0,24.0,27.1,,
1962-10-08,30.4,24.0,26.4,,
1962-10-09,30.1,24.2,26.5,,
1962-10-10,31.2,23.0,26.8,,
1962-10-11,30.5,23.3,26.4,,
1962-10-12,30.3,23.7,26.6,,
1962-10-13,30.3,23.7,26.8,,
1962-10-14,29.4,23.6,25.8,,
1962-10-15,30.7,23.2,26.2,,
1962-10-16,29.1,23.6,25.9,,
1962-10-17,28.6,23.3,25.3,,
1962-10-18,29.8,23.6,26.1,,
1962-10-19,30.3,23.5,26.5,,
1962-10-20,30.4,23.1,26.6,,
1962-10-21,30.7,23.5,26.6,,
1962-10-22,29.7,23.7,26.6,,
1962-10-23,30.3,23.8,26.2,,
1962-10-24,28.8,23.5,25.2,,
1962-10-25,29.4,23.7,26.2,,
1962-10-26,29.6,23.9,25.9,,
1962-10-27,29.1,23.6,25.6,,
1962-10-28,28.5,23.2,25.6,,
1962-10-29,29.3,23.5,26.1,,
1962-10-30,29.3,24.0,26.2,,
1962-10-31,28.3,23.3,25.6,,
1962-11-01,28.9,23.1,25.4,,
1962-11-02,28.2,23.5,25.5,,
1962-11-03,28.0,23.0,24.9,,
1962-11-04,27.2,22.9,24.5,,
1962-11-05,28.9,22.5,25.1,,
1962-11-06,26.2,23.2,24.6,,
1962-11-07,28.3,23.0,25.3,,
1962-11-08,30.3,22.6,25.9,,
1962-11-09,29.4,22.0,25.6,,
1962-11-10,27.6,22.8,25.3,,
1962-11-11,28.4,22.8,25.2,,
1962-11-12,29.8,22.5,25.7,,
1962-11-13,30.1,22.5,26.0,,
1962-11-14,29.3,23.0,26.0,,
1962-11-15,30.0,23.4,26.3,,
1962-11-16,30.1,23.3,26.4,,
1962-11-17,29.6,23.7,26.3,,
1962-11-18,28.6,23.3,25.6,,
1962-11-19,29.6,22.5,25.8,,
1962-11-20,29.1,23.3,25.6,,
1962-11-21,27.3,23.0,24.9,,
1962-11-22,28.5,23.2,25.7,,
1962-11-23,28.7,22.5,25.4,,
1962-11-24,29.7,22.9,26.1,,
1962-11-25,29.6,23.1,26.3,,
1962-11-26,28.9,22.8,25.8,,
1962-11-27,29.6,23.2,26.2,,
1962-11-28,29.9,23.4,25.9,,
1962-11-29,29.0,23.6,25.8,,
1962-11-30,29.9,23.4,26.2,,
1962-12-01,29.6,23.8,25.8,,
1962-12-02,28.9,23.4,25.5,,
1962-12-03,30.0,22.9,26.0,,
1962-12-04,30.9,23.4,26.6,,
1962-12-05,30.6,22.4,26.4,,
1962-12-06,30.3,22.6,26.2,,
1962-12-07,28.1,23.7,25.5,,
1962-12-08,28.0,23.0,25.1,,
1962-12-09,30.2,23.0,25.7,,
1962-12-10,29.4,23.1,25.6,,
1962-12-11,29.2,22.6,25.4,,
1962-12-12,29.9,22.7,26.0,,
1962-12-13,29.7,22.9,26.2,,
1962-12-14,28.9,23.3,26.1,,
1962-12-15,29.3,23.2,25.9,,
1962-12-16,28.8,22.8,25.6,,
1962-12-17,29.5,23.0,25.5,,
1962-12-18,26.9,23.2,24.7,,
1962-12-19,28.2,23.1,25.5,,
1962-12-20,28.3,22.9,25.2,,
1962-12-21,29.5,22.5,25.7,,
1962-12-22,28.3,23.1,25.4,,
1962-12-23,27.0,23.2,24.9,,
1962-12-24,26.4,22.9,24.4,,
1962-12-25,27.7,22.6,25.0,,
1962-12-26,27.9,23.0,25.2,,
1962-12-27,26.8,23.3,24.6,,
1962-12-28,27.8,22.7,25.1,,
1962-12-29,27.3,23.1,24.8,,
1962-12-30,28.2,23.0,25.5,,
1962-12-31,27.3,23.5,25.2,,
1963-01-01,28.4,22.7,25.6,,
1963-01-02,27.7,23.6,25.4,,
1963-01-03,28.1,23.2,25.3,,
1963-01-04,27.4,23.3,25.1,,
1963-01-05,27.7,22.7,25.1,,
1963-01-06,28.3,23.4,25.8,,
1963-01-07,27.6,23.4,25.4,,
1963-01-08,28.2,23.1,25.0,,
1963-01-09,27.4,23.0,24.8,,
1963-01-10,26.2,23.0,24.5,,
1963-01-11,28.2,23.0,25.0,,
1963-01-12,28.0,23.1,24.5,,
1963-01-13,26.3,23.0,24.1,,
1963-01-14,25.4,22.6,23.9,,
1963-01-15,26.8,22.4,24.4,,
1963-01-16,26.9,22.9,24.8,,
1963-01-17,27.1,22.5,24.4,,
1963-01-18,26.8,22.5,24.4,,
1963-01-19,26.6,22.5,24.2,,
1963-01-20,27.4,22.6,24.5,,
1963-01-21,27.0,23.0,24.6,,
1963-01-22,26.8,22.8,24.3,,
1963-01-23,27.6,23.1,25.0,,
1963-01-24,26.9,23.1,24.5,,
1963-01-25,25.8,23.0,24.0,,
1963-01-26,25.2,22.6,23.7,,
1963-01-27,26.1,22.8,24.3,,
1963-01-28,25.6,22.5,23.7,,
1963-01-29,27.6,21.6,24.5,,
1963-01-30,27.1,22.1,24.3,,
1963-01-31,27.4,22.7,24.7,,
1963-02-01,26.4,22.1,24.3,,
1963-02-02,26.8,22.6,24.3,,
1963-02-03,27.0,22.6,24.2,,
1963-02-04,27.2,23.0,24.7,,
1963-02-05,26.5,22.7,24.5,,
1963-02-06,27.8,20.9,24.6,,
1963-02-07,28.1,21.3,25.1,,
1963-02-08,28.1,23.2,25.4,,
1963-02-09,27.6,23.0,25.0,,
1963-02-10,27.1,22.8,24.8,,
1963-02-11,26.5,22.2,24.1,,
1963-02-12,27.4,22.2,24.6,,
1963-02-13,27.3,22.6,24.5,,
1963-02-14,25.9,22.7,24.1,,
1963-02-15,26.6,22.5,24.2,,
1963-02-16,27.5,22.5,24.8,,
1963-02-17,28.0,22.2,25.2,,
1963-02-18,27.5,23.0,25.2,,
1963-02-19,27.4,21.8,24.7,,
1963-02-20,28.6,22.1,25.1,,
1963-02-21,28.1,22.7,25.0,,
1963-02-22,26.2,22.7,24.2,,
1963-02-23,26.4,22.4,24.0,,
1963-02-24,26.7,22.5,24.2,,
1963-02-25,27.8,22.2,24.9,,
1963-02-26,28.0,22.1,24.7,,
1963-02-27,26.1,22.7,24.2,,
1963-02-28,25.3,22.4,23.6,,
1963-03-01,27.1,22.5,24.4,,
1963-03-02,27.8,21.9,24.9,,
1963-03-03,27.3,22.8,24.7,,
1963-03-04,27.7,23.0,24.9,,
1963-03-05,28.2,22.5,25.0,,
1963-03-06,28.3,22.6,25.1,,
1963-03-07,28.5,22.1,25.1,,
1963-03-08,28.5,22.5,25.1,,
1963-03-09,27.3,22.9,24.9,,
1963-03-10,28.2,22.9,25.1,,
1963-03-11,28.6,22.8,25.2,,
1963-03-12,27.8,22.7,24.8,,
1963-03-13,28.7,22.8,25.5,,
1963-03-14,27.3,23.5,25.4,,
1963-03-15,26.8,23.5,24.9,,
1963-03-16,27.5,23.1,25.0,,
1963-03-17,28.0,23.3,25.1,,
1963-03-18,27.3,22.5,25.0,,
1963-03-19,29.4,22.7,26.0,,
1963-03-20,28.7,23.3,25.7,,
1963-03-21,26.4,23.3,24.4,,
1963-03-22,27.7,23.5,25.0,,
1963-03-23,29.5,23.6,26.3,,
1963-03-24,29.4,23.4,26.0,,
1963-03-25,29.3,23.2,26.1,,
1963-03-26,29.3,23.2,25.7,,
1963-03-27,27.7,23.8,25.1,,
1963-03-28,29.0,23.1,25.4,,
1963-03-29,29.8,22.7,25.9,,
1963-03-30,28.8,23.3,25.6,,
1963-03-31,28.8,22.9,25.8,,
1963-04-01,28.2,22.6,25.1,,
1963-04-02,28.9,23.4,25.6,,
1963-04-03,29.7,22.6,25.7,,
1963-04-04,30.1,22.7,26.2,,
1963-04-05,29.5,22.6,25.9,,
1963-04-06,29.9,22.3,25.8,,
1963-04-07,29.6,22.9,26.0,,
1963-04-08,28.8,22.8,25.9,,
1963-04-09,28.3,23.0,25.5,,
1963-04-10,27.5,23.4,25.2,,
1963-04-11,29.2,22.9,25.4,,
1963-04-12,29.3,23.1,25.7,,
1963-04-13,29.0,22.6,25.7,,
1963-04-14,30.1,22.9,25.9,,
1963-04-15,30.1,21.1,25.5,,
1963-04-16,29.8,22.7,26.2,,
1963-04-17,29.7,23.5,26.5,,
1963-04-18,29.9,22.7,26.5,,
1963-04-19,30.0,23.7,26.5,,
1963-04-20,29.9,23.4,26.3,,
1963-04-21,29.9,23.5,26.5,,
1963-04-22,30.3,23.1,26.3,,
1963-04-23,29.6,23.5,26.1,,
1963-04-24,29.2,23.4,26.0,,
1963-04-25,29.9,23.8,26.3,,
1963-04-26,29.6,23.4,26.2,,
1963-04-27,29.5,23.4,26.0,,
1963-04-28,28.8,23.5,25.9,,
1963-04-29,28.8,23.4,25.9,,
1963-04-30,29.7,23.6,26.3,,
1963-05-01,30.2,24.3,26.7,,
1963-05-02,29.6,23.9,26.3,,
1963-05-03,29.0,22.8,25.9,,
1963-05-04,29.1,23.7,26.1,,
1963-05-05,28.9,23.6,25.8,,
1963-05-06,30.0,22.7,26.4,,
1963-05-07,29.2,23.6,26.2,,
1963-05-08,29.9,23.6,26.2,,
1963-05-09,28.5,23.1,25.8,,
1963-05-10,29.0,23.6,26.0,,
1963-05-11,28.8,23.5,26.0,,
1963-05-12,29.3,23.3,26.1,,
1963-05-13,29.8,24.2,26.6,,
1963-05-14,30.1,23.7,26.4,,
1963-05-15,30.1,23.5,26.3,,
1963-05-16,30.3,23.6,26.7,,
1963-05-17,29.9,24.0,26.3,,
1963-05-18,30.4,23.5,26.9,,
1963-05-19,30.9,22.8,26.8,,
1963-05-20,29.4,22.4,25.7,,
1963-05-21,30.3,22.6,26.3,,
1963-05-22,29.5,23.4,26.4,,
1963-05-23,30.1,23.2,26.4,,
1963-05-24,30.2,23.2,26.4,,
1963-05-25,29.4,23.8,26.3,,
1963-05-26,29.7,23.8,26.0,,
1963-05-27,30.2,23.7,26.7,,
1963-05-28,30.0,24.2,26.6,,
1963-05-29,29.2,23.9,26.2,,
1963-05-30,29.4,23.2,26.1,,
1963-05-31,30.0,23.2,26.1,,
1963-06-01,29.8,22.7,26.2,,
1963-06-02,29.8,23.6,26.1,,
1963-06-03,30.5,23.6,26.7,,
1963-06-04,30.3,23.8,26.7,,
1963-06-05,30.1,23.3,26.7,,
1963-06-06,31.2,23.3,27.3,,
1963-06-07,30.9,23.2,27.0,,
1963-06-08,31.0,24.2,27.3,,
1963-06-09,30.3,24.1,26.9,,
1963-06-10,30.5,24.6,27.1,,
1963-06-11,31.4,22.8,27.2,,
1963-06-12,30.8,23.0,26.7,,
1963-06-13,31.1,22.0,26.3,,
1963-06-14,30.5,22.4,26.5,,
1963-06-15,30.9,22.2,26.5,,
1963-06-16,31.6,22.8,27.0,,
1963-06-17,30.8,22.6,26.7,,
1963-06-18,32.3,20.5,26.5,,
1963-06-19,31.4,22.1,26.9,,
1963-06-20,31.6,22.2,26.9,,
1963-06-21,31.6,23.3,27.0,,
1963-06-22,31.1,21.7,26.4,,
1963-06-23,31.2,21.6,26.4,,
1963-06-24,31.3,23.1,27.0,,
1963-06-25,30.7,24.3,27.0,,
1963-06-26,31.1,23.2,26.5,,
1963-06-27,30.5,23.5,26.8,,
1963-06-28,30.5,24.2,26.9,,
1963-06-29,31.5,24.6,27.2,,
1963-06-30,31.0,24.1,27.0,,
1963-07-01,31.3,22.9,26.9,,
1963-07-02,30.5,23.2,26.8,,
1963-07-03,30.7,23.9,27.1,,
1963-07-04,31.7,23.6,27.4,,
1963-07-05,31.3,23.0,27.0,,
1963-07-06,31.2,22.7,26.5,,
1963-07-07,30.1,21.0,25.7,,
1963-07-08,30.7,21.7,26.2,,
1963-07-09,31.4,23.6,27.0,,
1963-07-10,31.0,23.7,27.1,,
1963-07-11,29.8,24.1,26.7,,
1963-07-12,31.5,23.8,27.1,,
1963-07-13,31.7,22.8,26.9,,
1963-07-14,31.5,21.8,26.7,,
1963-07-15,32.0,23.3,26.8,,
1963-07-16,30.6,23.3,26.0,,
1963-07-17,31.3,22.2,26.3,,
1963-07-18,31.1,23.7,27.0,,
1963-07-19,30.7,22.7,26.6,,
1963-07-20,31.3,23.2,26.6,,
1963-07-21,31.3,22.8,26.7,,
1963-07-22,31.8,22.7,26.8,,
1963-07-23,31.7,21.5,26.6,,
1963-07-24,32.2,21.8,26.7,,
1963-07-25,32.1,22.2,27.1,,
1963-07-26,30.9,23.8,27.0,,
1963-07-27,31.1,23.3,26.1,,
1963-07-28,30.5,22.7,26.4,,
1963-07-29,31.1,22.2,26.5,,
1963-07-30,31.4,21.9,26.6,,
1963-07-31,29.6,22.8,26.0,,
1963-08-01,30.4,21.1,25.8,,
1963-08-02,31.3,21.0,26.3,,
1963-08-03,31.4,22.6,26.7,,
1963-08-04,31.3,23.4,27.1,,
1963-08-05,31.0,24.6,27.6,,
1963-08-06,31.5,23.6,27.4,,
1963-08-07,31.8,23.2,27.4,,
1963-08-08,32.0,23.1,27.4,,
1963-08-09,31.3,23.6,27.0,,
1963-08-10,31.4,23.3,26.9,,
1963-08-11,31.5,21.4,26.5,,
1963-08-12,31.2,24.5,26.8,,
1963-08-13,31.0,23.7,26.8,,
1963-08-14,30.8,23.6,26.8,,
1963-08-15,30.7,21.4,26.3,,
1963-08-16,31.0,23.5,26.9,,
1963-08-17,31.9,24.1,27.3,,
1963-08-18,31.7,22.9,27.1,,
1963-08-19,31.9,23.7,27.2,,
1963-08-20,30.5,23.2,26.2,,
1963-08-21,30.9,22.4,26.5,,
1963-08-22,30.3,22.8,26.5,,
1963-08-23,31.4,22.9,26.8,,
1963-08-24,31.4,22.0,26.6,,
1963-08-25,31.7,22.3,26.8,,
1963-08-26,31.1,22.6,26.6,,
1963-08-27,31.9,22.8,26.8,,
1963-08-28,31.2,23.8,27.0,,
1963-08-29,31.2,22.9,26.7,,
1963-08-30,31.8,22.2,26.9,,
1963-08-31,31.6,21.3,26.6,,
1963-09-01,31.9,22.7,26.9,,
1963-09-02,32.1,22.8,26.8,,
1963-09-03,31.5,23.8,27.1,,
1963-09-04,31.7,23.4,27.1,,
1963-09-05,31.6,23.0,27.0,,
1963-09-06,32.3,24.8,27.6,,
1963-09-07,32.3,23.5,27.3,,
1963-09-08,31.1,23.9,27.3,,
1963-09-09,31.2,23.8,26.9,,
1963-09-10,31.7,23.8,27.1,,
1963-09-11,32.3,22.6,27.1,,
1963-09-12,32.4,22.7,27.3,,
1963-09-13,32.4,23.4,27.7,,
1963-09-14,32.9,23.2,28.0,,
1963-09-15,32.3,23.6,27.8,,
1963-09-16,32.0,24.1,27.5,,
1963-09-17,32.0,22.0,27.0,,
1963-09-18,32.1,23.6,27.4,,
1963-09-19,32.5,23.9,27.9,,
1963-09-20,32.3,23.7,28.1,,
1963-09-21,31.9,23.8,27.3,,
1963-09-22,31.0,23.6,26.7,,
1963-09-23,31.5,23.7,26.6,,
1963-09-24,32.6,23.6,27.4,,
1963-09-25,31.3,24.1,27.2,,
1963-09-26,32.5,23.0,27.8,,
1963-09-27,32.6,22.4,27.6,,
1963-09-28,33.1,23.2,27.9,,
1963-09-29,31.7,24.4,27.2,,
1963-09-30,31.2,23.8,27.0,,
1963-10-01,32.3,23.7,27.2,,
1963-10-02,33.4,24.0,28.2,,
1963-10-03,33.7,23.8,28.5,,
1963-10-04,33.1,23.7,28.2,,
1963-10-05,32.0,24.5,27.6,,
1963-10-06,32.2,23.8,27.9,,
1963-10-07,32.1,23.0,27.8,,
1963-10-08,32.9,23.3,27.2,,
1963-10-09,30.7,23.6,26.1,,
1963-10-10,30.4,23.8,26.6,,
1963-10-11,30.7,23.5,27.1,,
1963-10-12,31.1,23.3,27.2,,
1963-10-13,30.8,23.8,26.7,,
1963-10-14,31.3,23.2,27.1,,
1963-10-15,31.4,23.8,27.5,,
1963-10-16,31.4,23.7,26.5,,
1963-10-17,31.2,23.7,27.2,,
1963-10-18,31.2,23.5,27.2,,
1963-10-19,29.2,23.2,26.0,,
1963-10-20,30.2,23.8,26.3,,
1963-10-21,30.0,23.3,26.5,,
1963-10-22,30.9,23.7,26.9,,
1963-10-23,31.3,23.3,27.2,,
1963-10-24,31.3,23.8,27.2,,
1963-10-25,30.8,23.9,27.1,,
1963-10-26,31.1,24.7,27.1,,
1963-10-27,30.6,23.6,26.7,,
1963-10-28,30.7,23.4,26.9,,
1963-10-29,30.9,23.8,27.0,,
1963-10-30,30.9,23.5,26.4,,
1963-10-31,30.5,23.3,26.5,,
1963-11-01,30.9,23.6,26.7,,
1963-11-02,29.1,23.7,26.0,,
1963-11-03,30.6,23.4,26.7,,
1963-11-04,30.6,23.2,27.0,,
1963-11-05,30.2,23.5,26.6,,
1963-11-06,29.1,23.5,25.8,,
1963-11-07,29.9,23.6,26.2,,
1963-11-08,30.9,23.0,26.7,,
1963-11-09,31.4,23.0,27.0,,
1963-11-10,31.6,22.9,27.3,,
1963-11-11,31.4,23.3,27.3,,
1963-11-12,32.4,23.2,27.4,,
1963-11-13,32.7,23.5,27.8,,
1963-11-14,32.8,23.9,28.0,,
1963-11-15,32.3,23.1,27.6,,
1963-11-16,30.9,24.1,27.5,,
1963-11-17,32.6,23.5,27.7,,
1963-11-18,31.8,24.0,27.5,,
1963-11-19,31.7,23.5,27.5,,
1963-11-20,31.1,24.1,26.5,,
1963-11-21,30.3,23.9,26.5,,
1963-11-22,30.5,23.7,26.1,,
1963-11-23,30.4,23.0,26.2,,
1963-11-24,31.2,23.7,26.9,,
1963-11-25,31.2,23.4,26.9,,
1963-11-26,31.7,23.7,27.1,,
1963-11-27,31.0,23.8,26.6,,
1963-11-28,31.3,23.3,26.6,,
1963-11-29,30.6,23.9,26.4,,
1963-11-30,29.8,23.7,26.4,,
1963-12-01,30.7,24.0,26.8,,
1963-12-02,30.8,24.0,26.8,,
1963-12-03,30.3,23.5,26.4,,
1963-12-04,29.1,23.3,25.8,,
1963-12-05,30.0,23.0,26.0,,
1963-12-06,30.0,23.6,26.3,,
1963-12-07,30.5,24.1,26.8,,
1963-12-08,28.8,24.0,26.2,,
1963-12-09,29.4,23.3,26.3,,
1963-12-10,31.2,23.4,27.0,,
1963-12-11,29.9,23.5,26.4,,
1963-12-12,30.5,23.4,26.5,,
1963-12-13,29.8,23.4,26.4,,
1963-12-14,30.5,23.1,26.4,,
1963-12-15,31.5,22.9,26.4,,
1963-12-16,30.2,23.0,26.2,,
1963-12-17,27.7,23.6,25.4,,
1963-12-18,29.4,23.6,26.0,,
1963-12-19,27.9,24.0,25.8,,
1963-12-20,29.0,23.4,25.8,,
1963-12-21,29.6,23.4,26.2,,
1963-12-22,30.8,23.6,26.6,,
1963-12-23,30.6,23.5,26.9,,
1963-12-24,30.3,23.8,26.6,,
1963-12-25,30.1,23.9,26.3,,
1963-12-26,30.1,23.8,26.3,,
1963-12-27,28.7,23.7,25.8,,
1963-12-28,29.7,23.0,26.0,,
1963-12-29,29.3,23.5,25.9,,
1963-12-30,29.8,23.0,25.8,,
1963-12-31,28.4,23.4,25.5,,
1964-01-01,27.7,23.4,25.6,,
1964-01-02,29.4,23.3,26.0,,
1964-01-03,28.7,23.5,25.8,,
1964-01-04,29.2,23.7,25.9,,
1964-01-05,29.1,23.0,25.5,,
1964-01-06,29.3,23.5,25.5,,
1964-01-07,28.5,23.1,25.3,,
1964-01-08,29.4,23.7,26.1,,
1964-01-09,29.1,23.7,26.1,,
1964-01-10,28.5,24.2,25.9,,
1964-01-11,28.8,24.5,26.0,,
1964-01-12,29.1,23.8,26.1,,
1964-01-13,30.3,24.2,26.8,,
1964-01-14,30.0,24.0,26.5,,
1964-01-15,30.0,23.9,26.0,,
1964-01-16,28.6,24.1,25.7,,
1964-01-17,29.5,23.2,26.0,,
1964-01-18,29.4,23.2,26.1,,
1964-01-19,29.1,23.3,26.1,,
1964-01-20,28.7,23.6,25.9,,
1964-01-21,27.1,23.7,24.8,,
1964-01-22,28.9,23.4,25.8,,
1964-01-23,29.1,23.6,26.1,,
1964-01-24,29.8,23.8,26.4,,
1964-01-25,29.4,23.3,25.9,,
1964-01-26,28.6,22.9,25.7,,
1964-01-27,29.2,23.4,26.0,,
1964-01-28,29.1,22.8,26.0,,
1964-01-29,28.8,23.9,25.9,,
1964-01-30,27.4,23.4,25.2,,
1964-01-31,28.7,23.2,26.0,,
1964-02-01,28.3,23.1,25.7,,
1964-02-02,28.7,23.2,25.4,,
1964-02-03,28.5,23.3,25.2,,
1964-02-04,28.3,23.3,25.4,,
1964-02-05,28.0,23.7,25.2,,
1964-02-06,29.3,23.2,25.9,,
1964-02-07,29.6,21.9,25.8,,
1964-02-08,29.2,22.8,26.0,,
1964-02-09,29.5,23.9,26.5,,
1964-02-10,29.9,22.7,26.1,,
1964-02-11,30.5,23.6,26.6,,
1964-02-12,30.3,24.3,26.7,,
1964-02-13,29.4,23.4,26.1,,
1964-02-14,29.8,23.2,26.5,,
1964-02-15,30.2,23.0,26.4,,
1964-02-16,29.9,23.2,26.5,,
1964-02-17,28.6,24.2,26.0,,
1964-02-18,28.3,23.2,25.8,,
1964-02-19,29.3,23.7,26.0,,
1964-02-20,29.6,23.1,25.9,,
1964-02-21,29.4,23.1,25.9,,
1964-02-22,28.8,23.4,26.0,,
1964-02-23,30.4,22.5,26.4,,
1964-02-24,30.4,23.3,26.6,,
1964-02-25,29.4,23.7,26.3,,
1964-02-26,29.7,22.8,26.2,,
1964-02-27,29.0,23.4,26.0,,
1964-02-28,29.6,23.7,26.3,,
1964-02-29,29.6,23.5,26.2,,
1964-03-01,28.5,23.6,25.8,,
1964-03-02,28.9,23.4,25.5,,
1964-03-03,27.5,23.4,25.1,,
1964-03-04,29.5,23.3,26.1,,
1964-03-05,30.0,24.0,26.2,,
1964-03-06,29.4,24.2,26.4,,
1964-03-07,28.6,24.6,26.1,,
1964-03-08,27.4,23.7,25.1,,
1964-03-09,27.5,23.4,25.0,,
1964-03-10,28.6,23.0,25.7,,
1964-03-11,28.6,23.2,25.8,,
1964-03-12,28.8,23.9,26.1,,
1964-03-13,27.9,23.3,25.4,,
1964-03-14,30.3,23.5,25.8,,
1964-03-15,29.2,23.0,25.8,,
1964-03-16,28.1,23.7,25.6,,
1964-03-17,26.9,23.4,25.0,,
1964-03-18,29.7,22.8,25.6,,
1964-03-19,30.2,22.6,25.9,,
1964-03-20,29.8,23.2,26.1,,
1964-03-21,28.3,23.0,25.5,,
1964-03-22,28.3,22.7,25.6,,
1964-03-23,28.9,22.9,25.3,,
1964-03-24,29.4,22.6,25.9,,
1964-03-25,29.3,23.1,25.9,,
1964-03-26,29.5,23.1,26.1,,
1964-03-27,28.6,23.4,25.7,,
1964-03-28,28.6,23.0,25.5,,
1964-03-29,29.0,23.0,25.8,,
1964-03-30,27.8,23.3,25.6,,
1964-03-31,28.7,23.0,25.5,,
1964-04-01,29.9,23.0,26.3,,
1964-04-02,29.8,23.1,26.2,,
1964-04-03,28.7,23.8,25.9,,
1964-04-04,29.2,23.0,25.5,,
1964-04-05,29.4,22.7,25.9,,
1964-04-06,29.1,22.8,25.7,,
1964-04-07,28.7,23.3,25.6,,
1964-04-08,28.8,23.9,25.7,,
1964-04-09,29.7,23.1,26.2,,
1964-04-10,28.9,23.8,25.6,,
1964-04-11,28.8,23.1,26.0,,
1964-04-12,29.6,23.7,26.4,,
1964-04-13,30.0,23.0,26.4,,
1964-04-14,30.1,23.0,26.4,,
1964-04-15,29.1,23.5,26.1,,
1964-04-16,29.6,23.4,26.1,,
1964-04-17,29.7,23.5,26.1,,
1964-04-18,29.3,23.5,26.0,,
1964-04-19,28.5,23.8,25.7,,
1964-04-20,27.3,23.7,25.1,,
1964-04-21,28.1,22.9,25.3,,
1964-04-22,29.0,23.3,25.9,,
1964-04-23,28.5,23.9,25.8,,
1964-04-24,28.3,23.5,25.4,,
1964-04-25,27.7,23.5,25.1,,
1964-04-26,27.2,23.3,24.9,,
1964-04-27,27.0,23.7,24.9,,
1964-04-28,28.5,23.2,25.5,,
1964-04-29,29.3,23.1,26.0,,
1964-04-30,29.2,23.0,26.1,,
1964-05-01,29.2,23.6,26.1,,
1964-05-02,30.2,23.7,26.7,,
1964-05-03,28.3,23.6,25.8,,
1964-05-04,29.2,23.1,25.8,,
1964-05-05,28.0,24.1,25.6,,
1964-05-06,28.8,23.8,26.0,,
1964-05-07,29.7,23.2,26.2,,
1964-05-08,29.7,23.2,26.2,,
1964-05-09,28.3,23.0,25.5,,
1964-05-10,29.6,22.3,25.8,,
1964-05-11,29.7,23.3,26.0,,
1964-05-12,29.7,22.0,25.8,,
1964-05-13,30.2,22.9,26.7,,
1964-05-14,30.4,22.7,26.6,,
1964-05-15,30.4,23.9,26.3,,
1964-05-16,30.6,23.0,26.4,,
1964-05-17,30.0,23.2,26.2,,
1964-05-18,29.1,23.6,26.2,,
1964-05-19,29.2,22.9,25.6,,
1964-05-20,29.4,22.5,26.0,,
1964-05-21,29.3,22.7,25.6,,
1964-05-22,29.1,22.6,25.6,,
1964-05-23,29.6,22.6,25.7,,
1964-05-24,29.9,23.1,26.1,,
1964-05-25,29.3,23.0,26.2,,
1964-05-26,30.6,23.3,26.6,,
1964-05-27,30.3,23.8,26.6,,
1964-05-28,30.6,23.3,27.0,,
1964-05-29,30.0,24.2,26.6,,
1964-05-30,29.6,23.5,26.2,,
1964-05-31,30.2,23.2,26.4,,
1964-06-01,30.2,22.7,26.6,,
1964-06-02,30.3,23.9,27.0,,
1964-06-03,30.8,22.9,26.9,,
1964-06-04,30.7,23.1,26.9,,
1964-06-05,30.5,22.8,26.6,,
1964-06-06,29.9,22.5,26.3,,
1964-06-07,29.2,23.4,26.3,,
1964-06-08,29.0,22.8,25.9,,
1964-06-09,29.1,23.0,25.5,,
1964-06-10,29.7,22.9,25.5,,
1964-06-11,29.3,22.6,25.6,,
1964-06-12,28.7,23.0,25.4,,
1964-06-13,27.2,22.7,24.7,,
1964-06-14,28.2,22.8,25.3,,
1964-06-15,28.7,22.7,25.7,,
1964-06-16,30.0,23.8,26.6,,
1964-06-17,29.2,23.4,26.4,,
1964-06-18,29.4,22.6,26.0,,
1964-06-19,29.2,22.7,25.4,,
1964-06-20,29.4,21.8,25.6,,
1964-06-21,29.4,24.0,26.3,,
1964-06-22,28.8,23.4,25.7,,
1964-06-23,29.3,23.2,26.0,,
1964-06-24,29.5,23.6,26.3,,
1964-06-25,29.1,22.8,25.3,,
1964-06-26,29.2,23.1,25.9,,
1964-06-27,29.9,22.8,26.1,,
1964-06-28,29.6,21.2,25.3,,
1964-06-29,29.7,20.4,25.3,,
1964-06-30,29.6,21.7,25.3,,
1964-07-01,29.4,21.6,25.6,,
1964-07-02,29.5,22.2,26.0,,
1964-07-03,30.0,22.3,26.1,,
1964-07-04,30.8,21.5,26.2,,
1964-07-05,29.4,22.8,25.9,,
1964-07-06,30.1,22.6,25.4,,
1964-07-07,30.7,22.7,25.7,,
1964-07-08,29.4,22.8,25.5,,
1964-07-09,28.3,22.7,25.2,,
1964-07-10,28.4,22.7,24.9,,
1964-07-11,29.1,22.2,25.0,,
1964-07-12,28.5,22.4,25.1,,
1964-07-13,28.7,22.2,25.0,,
1964-07-14,28.8,22.4,25.4,,
1964-07-15,29.1,22.1,25.4,,
1964-07-16,28.4,22.5,25.2,,
1964-07-17,28.9,22.0,25.6,,
1964-07-18,29.6,22.0,25.6,,
1964-07-19,29.6,21.5,25.6,,
1964-07-20,30.0,23.1,26.3,,
1964-07-21,29.9,22.4,26.1,,
1964-07-22,29.5,23.2,26.1,,
1964-07-23,29.8,22.8,26.4,,
1964-07-24,30.3,22.1,26.1,,
1964-07-25,30.3,22.6,26.0,,
1964-07-26,30.9,22.5,26.4,,
1964-07-27,30.9,22.7,26.5,,
1964-07-28,29.9,23.8,26.3,,
1964-07-29,30.4,22.8,26.2,,
1964-07-30,30.0,22.3,26.3,,
1964-07-31,31.1,22.2,26.6,,
1964-08-01,30.3,23.6,26.3,,
1964-08-02,29.9,22.0,25.7,,
1964-08-03,29.5,21.8,25.5,,
1964-08-04,30.7,21.5,25.9,,
1964-08-05,29.8,21.7,25.8,,
1964-08-06,30.9,21.8,26.2,,
1964-08-07,30.1,22.7,26.5,,
1964-08-08,31.0,23.0,26.6,,
1964-08-09,31.0,23.5,26.9,,
1964-08-10,31.7,22.8,27.0,,
1964-08-11,30.8,22.7,26.9,,
1964-08-12,31.0,23.6,26.3,,
1964-08-13,30.0,22.5,26.1,,
1964-08-14,31.3,22.7,26.6,,
1964-08-15,31.2,22.7,26.6,,
1964-08-16,31.0,22.6,26.6,,
1964-08-17,31.1,22.2,26.5,,
1964-08-18,30.8,23.1,26.5,,
1964-08-19,31.0,22.1,26.4,,
1964-08-20,30.0,23.5,26.2,,
1964-08-21,30.8,22.5,26.4,,
1964-08-22,31.1,21.8,26.4,,
1964-08-23,31.5,23.0,27.0,,
1964-08-24,28.5,22.6,25.6,,
1964-08-25,29.6,22.7,26.1,,
1964-08-26,30.2,23.2,26.1,,
1964-08-27,30.1,21.9,25.4,,
1964-08-28,29.3,22.3,25.7,,
1964-08-29,29.3,22.7,25.9,,
1964-08-30,30.9,22.2,26.3,,
1964-08-31,31.1,23.3,26.7,,
1964-09-01,30.8,23.7,26.1,,
1964-09-02,30.4,23.2,25.8,,
1964-09-03,30.5,23.5,26.1,,
1964-09-04,28.8,22.9,25.3,,
1964-09-05,29.2,22.9,25.4,,
1964-09-06,29.5,22.6,25.8,,
1964-09-07,30.1,22.7,25.9,,
1964-09-08,28.9,23.1,25.4,,
1964-09-09,29.3,23.4,26.0,,
1964-09-10,30.4,22.9,26.5,,
1964-09-11,30.5,23.8,26.5,,
1964-09-12,30.8,22.5,26.0,,
1964-09-13,31.1,22.9,26.7,,
1964-09-14,30.6,23.2,26.4,,
1964-09-15,31.0,23.0,26.4,,
1964-09-16,29.4,23.8,25.8,,
1964-09-17,31.1,23.6,26.7,,
1964-09-18,29.7,23.3,26.0,,
1964-09-19,30.1,23.1,25.9,,
1964-09-20,31.0,22.7,26.5,,
1964-09-21,31.1,22.4,26.7,,
1964-09-22,31.8,22.6,27.2,,
1964-09-23,30.9,23.6,26.9,,
1964-09-24,31.0,23.6,26.7,,
1964-09-25,29.7,22.2,26.4,,
1964-09-26,29.4,23.7,26.2,,
1964-09-27,29.5,23.1,26.0,,
1964-09-28,28.7,22.4,25.2,,
1964-09-29,29.1,22.8,25.4,,
1964-09-30,29.4,22.1,26.0,,
1964-10-01,30.2,22.8,26.0,,
1964-10-02,29.4,22.7,25.5,,
1964-10-03,27.5,23.6,25.0,,
1964-10-04,30.0,22.6,26.1,,
1964-10-05,27.9,23.2,25.2,,
1964-10-06,28.5,22.9,25.2,,
1964-10-07,28.0,23.0,24.8,,
1964-10-08,29.9,22.7,25.8,,
1964-10-09,28.8,20.8,24.8,,
1964-10-10,29.8,21.9,25.7,,
1964-10-11,29.2,22.4,25.8,,
1964-10-12,28.7,22.8,25.2,,
1964-10-13,27.4,23.2,24.8,,
1964-10-14,28.6,22.8,25.1,,
1964-10-15,28.6,22.6,25.0,,
1964-10-16,29.8,22.0,25.7,,
1964-10-17,28.7,22.7,25.2,,
1964-10-18,29.0,22.6,25.7,,
1964-10-19,28.4,22.3,25.4,,
1964-10-20,28.7,22.2,25.5,,
1964-10-21,30.2,22.0,25.8,,
1964-10-22,30.6,21.6,25.9,,
1964-10-23,30.2,22.9,26.2,,
1964-10-24,30.0,23.0,26.3,,
1964-10-25,31.0,23.1,26.3,,
1964-10-26,30.1,23.3,25.6,,
1964-10-27,29.0,23.1,25.4,,
1964-10-28,28.3,23.0,25.2,,
1964-10-29,28.8,22.6,25.1,,
1964-10-30,27.5,23.1,25.2,,
1964-10-31,28.4,22.9,25.1,,
1964-11-01,27.7,23.0,24.9,,
1964-11-02,29.0,23.2,25.6,,
1964-11-03,26.7,23.2,24.7,,
1964-11-04,28.6,23.5,25.6,,
1964-11-05,30.6,22.2,26.0,,
1964-11-06,30.3,23.2,26.2,,
1964-11-07,30.8,22.1,26.3,,
1964-11-08,29.7,23.1,25.9,,
1964-11-09,29.9,23.7,26.2,,
1964-11-10,28.9,23.3,25.5,,
1964-11-11,30.2,22.6,25.9,,
1964-11-12,30.7,20.6,25.2,,
1964-11-13,29.9,21.8,25.5,,
1964-11-14,30.5,22.0,25.9,,
1964-11-15,31.0,21.6,25.9,,
1964-11-16,31.3,21.1,25.9,,
1964-11-17,31.1,21.4,26.2,,
1964-11-18,31.1,22.5,26.5,,
1964-11-19,30.7,21.8,26.3,,
1964-11-20,30.8,22.2,26.3,,
1964-11-21,31.7,22.5,26.4,,
1964-11-22,29.6,23.3,25.9,,
1964-11-23,30.7,23.4,26.6,,
1964-11-24,30.9,22.3,26.6,,
1964-11-25,31.4,22.2,26.6,,
1964-11-26,32.5,22.1,26.9,,
1964-11-27,32.2,23.3,27.3,,
1964-11-28,32.8,22.3,27.2,,
1964-11-29,32.8,21.9,26.9,,
1964-11-30,32.4,21.0,26.5,,
1964-12-01,31.4,22.9,27.0,,
1964-12-02,31.7,23.3,27.2,,
1964-12-03,29.7,24.5,26.7,,
1964-12-04,28.3,24.2,25.9,,
1964-12-05,26.2,22.6,24.5,,
1964-12-06,28.6,23.2,25.4,,
1964-12-07,29.8,22.4,25.7,,
1964-12-08,30.9,21.3,25.8,,
1964-12-09,31.2,22.0,26.4,,
1964-12-10,31.8,22.7,27.0,,
1964-12-11,31.8,23.0,26.8,,
1964-12-12,30.8,23.0,26.5,,
1964-12-13,31.4,22.5,26.8,,
1964-12-14,31.4,22.8,26.5,,
1964-12-15,30.1,23.1,26.2,,
1964-12-16,29.3,22.9,25.6,,
1964-12-17,28.9,23.4,25.7,,
1964-12-18,28.5,23.0,25.6,,
1964-12-19,27.0,22.8,24.4,,
1964-12-20,27.8,22.4,24.9,,
1964-12-21,28.3,22.8,25.2,,
1964-12-22,28.7,22.0,25.2,,
1964-12-23,28.1,22.7,25.1,,
1964-12-24,27.3,22.8,24.8,,
1964-12-25,26.9,22.8,24.4,,
1964-12-26,27.6,22.4,24.7,,
1964-12-27,28.5,22.4,24.9,,
1964-12-28,28.6,22.2,24.9,,
1964-12-29,27.7,22.4,24.9,,
1964-12-30,28.0,22.3,25.1,,
1964-12-31,27.4,22.5,24.7,,
1965-01-01,27.2,22.4,24.7,,
1965-01-02,28.8,22.5,25.4,,
1965-01-03,29.6,23.0,25.4,,
1965-01-04,26.9,23.2,24.6,,
1965-01-05,26.4,22.6,24.0,,
1965-01-06,26.3,22.2,23.7,,
1965-01-07,26.5,22.2,24.4,,
1965-01-08,28.2,22.2,24.4,,
1965-01-09,25.3,22.6,23.5,,
1965-01-10,26.3,22.6,23.8,,
1965-01-11,24.0,22.1,22.8,,
1965-01-12,26.1,22.0,23.6,,
1965-01-13,26.4,22.1,24.0,,
1965-01-14,27.2,21.3,24.6,,
1965-01-15,27.1,22.4,24.5,,
1965-01-16,24.2,22.1,23.0,,
1965-01-17,26.9,22.1,24.1,,
1965-01-18,26.6,22.2,24.1,,
1965-01-19,27.7,22.3,24.8,,
1965-01-20,27.7,23.0,24.6,,
1965-01-21,26.8,22.4,24.1,,
1965-01-22,26.5,21.8,24.1,,
1965-01-23,27.1,22.6,24.6,,
1965-01-24,28.0,22.2,24.7,,
1965-01-25,26.0,22.7,23.8,,
1965-01-26,26.5,22.4,24.0,,
1965-01-27,26.4,21.9,24.3,,
1965-01-28,27.6,21.6,24.7,,
1965-01-29,27.3,22.8,24.7,,
1965-01-30,28.0,22.7,25.0,,
1965-01-31,28.1,22.2,25.0,,
1965-02-01,27.3,22.2,24.8,,
1965-02-02,27.5,22.4,25.1,,
1965-02-03,27.8,22.0,24.8,,
1965-02-04,28.0,22.0,25.1,,
1965-02-05,28.3,22.1,25.2,,
1965-02-06,28.2,22.6,25.3,,
1965-02-07,28.1,22.9,25.1,,
1965-02-08,27.6,22.6,24.9,,
1965-02-09,27.5,23.3,25.1,,
1965-02-10,28.5,22.7,25.3,,
1965-02-11,28.6,22.5,25.1,,
1965-02-12,28.8,22.4,25.2,,
1965-02-13,27.4,22.9,24.8,,
1965-02-14,29.8,22.6,25.5,,
1965-02-15,27.8,22.7,24.8,,
1965-02-16,28.8,22.4,25.2,,
1965-02-17,28.8,22.7,25.3,,
1965-02-18,28.9,22.2,25.3,,
1965-02-19,28.6,21.9,25.4,,
1965-02-20,28.5,23.4,25.7,,
1965-02-21,29.2,22.6,25.9,,
1965-02-22,29.7,23.1,26.2,,
1965-02-23,28.8,23.6,25.7,,
1965-02-24,28.2,23.2,25.5,,
1965-02-25,27.7,23.7,25.3,,
1965-02-26,27.9,23.7,25.4,,
1965-02-27,27.1,23.0,24.6,,
1965-02-28,28.0,22.4,25.1,,
1965-03-01,28.0,22.6,25.1,,
1965-03-02,28.0,21.9,25.1,,
1965-03-03,28.0,23.1,25.2,,
1965-03-04,28.0,22.9,25.2,,
1965-03-05,27.8,23.2,25.4,,
1965-03-06,28.0,23.8,25.5,,
1965-03-07,28.7,23.5,25.7,,
1965-03-08,27.5,23.6,25.2,,
1965-03-09,27.3,23.1,24.7,,
1965-03-10,26.9,23.3,24.9,,
1965-03-11,27.7,23.8,25.2,,
1965-03-12,27.4,24.1,25.2,,
1965-03-13,25.9,22.8,24.3,,
1965-03-14,27.5,23.2,24.8,,
1965-03-15,27.6,22.7,24.6,,
1965-03-16,28.1,23.0,25.3,,
1965-03-17,28.0,23.2,25.3,,
1965-03-18,27.6,22.4,24.9,,
1965-03-19,28.7,23.0,25.7,,
1965-03-20,27.9,23.5,25.3,,
1965-03-21,27.8,23.5,25.0,,
1965-03-22,26.0,23.4,24.3,,
1965-03-23,27.9,23.5,25.3,,
1965-03-24,26.5,23.7,24.9,,
1965-03-25,30.0,22.9,25.9,,
1965-03-26,30.0,22.7,25.8,,
1965-03-27,29.7,20.1,24.9,,
1965-03-28,29.6,19.7,24.8,,
1965-03-29,29.7,20.7,25.3,,
1965-03-30,30.4,22.1,25.9,,
1965-03-31,30.7,21.7,25.8,,
1965-04-01,29.6,22.5,25.6,,
1965-04-02,29.8,22.8,25.6,,
1965-04-03,28.7,23.1,25.5,,
1965-04-04,28.9,22.6,25.3,,
1965-04-05,29.0,22.9,25.3,,
1965-04-06,28.5,22.1,24.9,,
1965-04-07,28.4,22.2,24.5,,
1965-04-08,28.2,22.3,24.9,,
1965-04-09,28.8,22.1,25.1,,
1965-04-10,28.9,22.6,25.0,,
1965-04-11,27.9,23.0,24.8,,
1965-04-12,27.1,22.2,24.5,,
1965-04-13,27.7,22.8,24.9,,
1965-04-14,29.0,22.6,25.2,,
1965-04-15,28.9,22.7,25.5,,
1965-04-16,29.7,23.3,26.1,,
1965-04-17,29.0,23.4,25.8,,
1965-04-18,29.6,23.1,26.2,,
1965-04-19,29.6,23.6,26.4,,
1965-04-20,29.8,22.4,26.0,,
1965-04-21,29.3,23.6,26.1,,
1965-04-22,29.5,23.2,26.3,,
1965-04-23,29.9,23.0,26.2,,
1965-04-24,29.5,22.9,26.1,,
1965-04-25,29.6,23.6,26.6,,
1965-04-26,29.1,23.9,26.0,,
1965-04-27,29.0,23.6,25.7,,
1965-04-28,29.6,23.2,25.9,,
1965-04-29,29.9,22.7,26.3,,
1965-04-30,29.6,23.2,26.3,,
1965-05-01,30.0,23.0,26.1,,
1965-05-02,30.3,21.7,26.0,,
1965-05-03,29.7,22.9,26.3,,
1965-05-04,29.1,23.4,25.5,,
1965-05-05,27.2,23.2,24.8,,
1965-05-06,28.9,23.5,25.7,,
1965-05-07,27.3,23.4,25.0,,
1965-05-08,27.9,22.9,25.2,,
1965-05-09,29.9,23.0,25.9,,
1965-05-10,29.4,22.3,25.7,,
1965-05-11,29.6,23.6,26.3,,
1965-05-12,29.9,23.4,26.0,,
1965-05-13,30.0,22.7,26.3,,
1965-05-14,29.9,23.0,26.3,,
1965-05-15,29.7,23.4,26.6,,
1965-05-16,29.7,22.3,26.4,,
1965-05-17,29.2,23.5,26.4,,
1965-05-18,28.6,23.3,25.6,,
1965-05-19,28.4,23.3,25.5,,
1965-05-20,28.6,23.1,25.3,,
1965-05-21,29.6,23.3,25.7,,
1965-05-22,28.8,23.1,25.7,,
1965-05-23,28.8,22.9,25.5,,
1965-05-24,28.9,22.9,25.6,,
1965-05-25,29.6,22.6,25.9,,
1965-05-26,30.1,22.0,26.0,,
1965-05-27,29.1,24.0,26.1,,
1965-05-28,29.2,23.4,26.3,,
1965-05-29,29.9,23.8,26.7,,
1965-05-30,30.2,24.2,26.7,,
1965-05-31,29.1,23.4,25.9,,
1965-06-01,29.7,22.9,26.0,,
1965-06-02,29.3,23.1,26.0,,
1965-06-03,29.8,23.6,26.3,,
1965-06-04,29.4,24.1,26.3,,
1965-06-05,29.3,21.4,25.8,,
1965-06-06,28.9,23.4,25.7,,
1965-06-07,29.7,22.4,26.2,,
1965-06-08,29.5,22.7,26.1,,
1965-06-09,29.4,22.9,26.0,,
1965-06-10,30.0,20.7,25.3,,
1965-06-11,28.6,22.3,25.5,,
1965-06-12,29.5,21.8,25.8,,
1965-06-13,30.7,22.1,26.2,,
1965-06-14,30.1,23.0,26.4,,
1965-06-15,29.9,24.0,26.4,,
1965-06-16,30.9,22.6,26.4,,
1965-06-17,28.5,23.2,25.0,,
1965-06-18,28.7,23.1,25.1,,
1965-06-19,29.1,23.4,25.6,,
1965-06-20,28.9,22.6,25.1,,
1965-06-21,28.1,22.4,25.0,,
1965-06-22,28.9,22.6,25.4,,
1965-06-23,28.7,22.1,25.2,,
1965-06-24,29.1,22.9,25.8,,
1965-06-25,29.6,23.6,26.4,,
1965-06-26,29.5,23.2,26.1,,
1965-06-27,30.0,22.7,26.2,,
1965-06-28,29.4,22.6,25.7,,
1965-06-29,28.9,22.8,25.4,,
1965-06-30,27.9,22.0,25.1,,
1965-07-01,28.7,22.1,25.4,,
1965-07-02,29.2,22.4,25.4,,
1965-07-03,29.5,22.2,25.6,,
1965-07-04,29.0,23.3,25.9,,
1965-07-05,29.6,22.3,25.8,,
1965-07-06,29.7,21.9,25.8,,
1965-07-07,29.0,22.3,25.5,,
1965-07-08,29.7,22.6,25.8,,
1965-07-09,30.6,21.5,25.8,,
1965-07-10,30.3,22.3,26.1,,
1965-07-11,29.6,23.4,25.9,,
1965-07-12,28.4,22.1,25.5,,
1965-07-13,29.2,22.4,25.5,,
1965-07-14,29.5,21.9,25.8,,
1965-07-15,30.2,23.4,26.5,,
1965-07-16,30.7,23.5,26.7,,
1965-07-17,30.3,22.6,25.6,,
1965-07-18,30.1,22.5,25.8,,
1965-07-19,29.2,23.1,25.5,,
1965-07-20,27.2,22.8,24.7,,
1965-07-21,28.5,21.7,25.1,,
1965-07-22,29.1,22.0,25.3,,
1965-07-23,29.5,22.6,25.5,,
1965-07-24,28.9,22.0,25.3,,
1965-07-25,29.8,22.2,25.5,,
1965-07-26,30.1,22.9,25.9,,
1965-07-27,29.5,22.6,25.7,,
1965-07-28,30.1,22.9,26.1,,
1965-07-29,29.6,22.7,25.7,,
1965-07-30,29.3,22.8,25.9,,
1965-07-31,28.8,23.5,25.9,,
1965-08-01,29.2,22.5,25.8,,
1965-08-02,30.2,22.3,25.9,,
1965-08-03,29.9,22.1,25.8,,
1965-08-04,30.2,21.8,25.8,,
1965-08-05,30.3,21.6,26.0,,
1965-08-06,30.5,22.0,26.1,,
1965-08-07,31.1,23.3,26.7,,
1965-08-08,30.9,23.2,26.6,,
1965-08-09,30.8,23.3,26.7,,
1965-08-10,30.1,22.9,26.2,,
1965-08-11,30.6,22.8,26.3,,
1965-08-12,30.9,22.7,26.3,,
1965-08-13,30.5,23.3,26.5,,
1965-08-14,28.9,22.9,25.2,,
1965-08-15,29.8,22.3,25.7,,
1965-08-16,29.9,22.2,26.0,,
1965-08-17,29.8,21.8,25.8,,
1965-08-18,30.2,22.4,26.1,,
1965-08-19,29.9,23.0,25.9,,
1965-08-20,30.2,21.7,25.8,,
1965-08-21,30.4,22.0,25.8,,
1965-08-22,30.0,21.0,25.4,,
1965-08-23,29.9,21.7,25.6,,
1965-08-24,30.9,22.5,26.1,,
1965-08-25,31.0,22.1,26.5,,
1965-08-26,30.9,21.8,26.6,,
1965-08-27,31.1,22.8,26.8,,
1965-08-28,30.4,22.9,25.8,,
1965-08-29,31.1,22.3,26.2,,
1965-08-30,31.3,21.7,26.4,,
1965-08-31,31.3,21.5,26.2,,
1965-09-01,31.8,22.4,26.5,,
1965-09-02,31.0,22.6,26.6,,
1965-09-03,31.5,22.9,26.9,,
1965-09-04,31.6,22.5,26.6,,
1965-09-05,32.0,22.2,26.8,,
1965-09-06,32.6,23.3,27.4,,
1965-09-07,31.5,23.6,27.2,,
1965-09-08,30.7,24.2,26.8,,
1965-09-09,31.0,22.7,26.4,,
1965-09-10,30.7,22.8,26.7,,
1965-09-11,30.9,22.9,26.6,,
1965-09-12,31.6,22.0,26.8,,
1965-09-13,31.9,21.7,26.8,,
1965-09-14,32.2,22.1,26.8,,
1965-09-15,32.5,22.1,27.1,,
1965-09-16,32.4,22.3,27.0,,
1965-09-17,31.6,22.7,27.1,,
1965-09-18,32.1,22.1,27.0,,
1965-09-19,31.8,23.4,27.3,,
1965-09-20,32.5,23.8,27.7,,
1965-09-21,31.9,21.9,27.1,,
1965-09-22,31.6,23.6,27.1,,
1965-09-23,32.1,22.9,27.5,,
1965-09-24,32.1,23.0,27.3,,
1965-09-25,33.1,23.9,27.8,,
1965-09-26,32.8,23.1,27.8,,
1965-09-27,32.4,23.2,27.6,,
1965-09-28,32.1,22.9,27.5,,
1965-09-29,32.0,23.9,27.5,,
1965-09-30,32.0,22.6,27.3,,
1965-10-01,32.0,24.0,27.3,,
1965-10-02,32.0,23.0,27.3,,
1965-10-03,32.0,23.2,27.0,,
1965-10-04,32.1,23.0,27.1,,
1965-10-05,30.7,23.3,26.7,,
1965-10-06,31.9,23.6,27.0,,
1965-10-07,32.2,23.2,27.5,,
1965-10-08,32.3,23.6,27.8,,
1965-10-09,32.1,24.5,27.9,,
1965-10-10,33.0,23.7,28.0,,
1965-10-11,32.5,23.1,27.8,,
1965-10-12,32.9,23.8,28.2,,
1965-10-13,32.5,23.4,27.9,,
1965-10-14,31.5,24.0,27.5,,
1965-10-15,32.1,24.0,27.6,,
1965-10-16,32.5,23.7,27.5,,
1965-10-17,33.5,23.0,27.9,,
1965-10-18,33.6,23.7,28.0,,
1965-10-19,32.3,23.2,27.4,,
1965-10-20,30.7,24.5,26.9,,
1965-10-21,33.1,24.8,28.2,,
1965-10-22,33.2,23.8,27.9,,
1965-10-23,33.5,23.7,28.2,,
1965-10-24,33.1,24.3,28.2,,
1965-10-25,32.3,23.8,28.1,,
1965-10-26,33.0,24.2,28.1,,
1965-10-27,33.2,23.3,28.1,,
1965-10-28,33.1,24.4,27.8,,
1965-10-29,31.2,24.6,27.3,,
1965-10-30,31.3,23.7,27.0,,
1965-10-31,32.1,23.8,27.0,,
1965-11-01,29.9,23.4,26.1,,
1965-11-02,29.4,23.8,26.3,,
1965-11-03,30.4,23.3,26.3,,
1965-11-04,29.3,22.8,25.5,,
1965-11-05,29.0,23.3,25.9,,
1965-11-06,29.6,23.2,26.2,,
1965-11-07,30.1,23.2,25.9,,
1965-11-08,30.2,22.9,25.9,,
1965-11-09,29.7,22.8,26.2,,
1965-11-10,30.0,23.4,26.6,,
1965-11-11,31.3,23.1,27.0,,
1965-11-12,30.9,24.0,26.9,,
1965-11-13,31.6,23.3,27.1,,
1965-11-14,30.6,24.7,27.0,,
1965-11-15,30.6,23.1,26.8,,
1965-11-16,30.5,24.2,26.6,,
1965-11-17,31.8,24.0,27.2,,
1965-11-18,31.8,23.2,27.3,,
1965-11-19,30.0,23.9,26.7,,
1965-11-20,30.3,23.6,26.4,,
1965-11-21,30.0,24.1,26.2,,
1965-11-22,30.8,23.7,26.8,,
1965-11-23,30.6,23.5,26.9,,
1965-11-24,30.0,23.7,26.4,,
1965-11-25,28.7,24.0,26.2,,
1965-11-26,30.3,23.1,26.6,,
1965-11-27,30.1,23.9,26.4,,
1965-11-28,30.9,22.9,26.3,,
1965-11-29,30.8,23.8,26.6,,
1965-11-30,30.0,23.9,26.6,,
1965-12-01,29.6,24.0,26.4,,
1965-12-02,30.5,23.8,26.4,,
1965-12-03,30.5,23.4,26.0,,
1965-12-04,30.4,23.3,26.4,,
1965-12-05,30.1,23.1,26.0,,
1965-12-06,28.7,23.4,25.4,,
1965-12-07,27.7,23.3,25.3,,
1965-12-08,29.7,23.3,26.1,,
1965-12-09,29.8,23.7,25.9,,
1965-12-10,30.3,22.8,26.1,,
1965-12-11,30.1,23.3,26.2,,
1965-12-12,29.3,23.3,25.7,,
1965-12-13,28.4,23.3,25.7,,
1965-12-14,30.0,23.4,26.0,,
1965-12-15,30.0,23.3,26.3,,
1965-12-16,29.9,24.3,26.5,,
1965-12-17,28.8,24.2,25.7,,
1965-12-18,27.9,23.5,25.2,,
1965-12-19,29.2,23.6,25.9,,
1965-12-20,28.9,23.4,25.4,,
1965-12-21,27.8,23.0,25.0,,
1965-12-22,28.5,23.0,25.3,,
1965-12-23,28.7,22.9,25.2,,
1965-12-24,30.0,22.6,25.6,,
1965-12-25,29.6,22.8,25.9,,
1965-12-26,29.6,22.9,25.9,,
1965-12-27,29.0,22.5,24.8,,
1965-12-28,29.0,22.8,25.6,,
1965-12-29,28.1,23.5,25.5,,
1965-12-30,28.9,23.0,25.1,,
1965-12-31,28.2,23.0,25.5,,
1966-01-01,29.4,23.8,26.0,,
1966-01-02,30.5,22.1,26.3,,
1966-01-03,29.4,22.8,25.6,,
1966-01-04,28.3,22.6,25.3,,
1966-01-05,28.5,22.7,25.1,,
1966-01-06,29.1,22.8,25.3,,
1966-01-07,29.2,22.9,25.2,,
1966-01-08,29.1,22.8,25.4,,
1966-01-09,27.6,21.9,24.8,,
1966-01-10,26.4,23.2,24.4,,
1966-01-11,26.6,22.3,24.0,,
1966-01-12,28.8,22.6,25.0,,
1966-01-13,28.3,22.4,24.9,,
1966-01-14,27.6,23.1,24.9,,
1966-01-15,28.8,23.0,25.2,,
1966-01-16,29.6,23.0,26.0,,
1966-01-17,28.5,23.0,25.7,,
1966-01-18,28.5,23.2,25.6,,
1966-01-19,29.0,23.1,26.0,,
1966-01-20,28.1,23.8,25.8,,
1966-01-21,29.7,23.1,26.2,,
1966-01-22,30.5,22.6,26.3,,
1966-01-23,30.3,22.6,26.3,,
1966-01-24,29.1,22.7,25.9,,
1966-01-25,29.6,22.8,26.0,,
1966-01-26,28.9,22.0,25.5,,
1966-01-27,28.9,23.5,25.9,,
1966-01-28,28.5,22.8,25.7,,
1966-01-29,28.7,23.5,26.0,,
1966-01-30,27.4,23.2,24.9,,
1966-01-31,28.4,22.9,25.2,,
1966-02-01,29.4,22.6,25.7,,
1966-02-02,29.7,23.7,26.2,,
1966-02-03,27.9,23.8,25.7,,
1966-02-04,27.3,23.3,24.8,,
1966-02-05,27.4,23.7,25.1,,
1966-02-06,28.6,23.5,25.7,,
1966-02-07,27.5,23.6,25.0,,
1966-02-08,27.0,23.4,25.1,,
1966-02-09,28.5,23.6,25.7,,
1966-02-10,28.8,23.4,25.5,,
1966-02-11,26.5,22.9,24.6,,
1966-02-12,27.9,23.2,25.2,,
1966-02-13,27.0,23.2,24.8,,
1966-02-14,27.6,23.3,25.0,,
1966-02-15,28.2,23.8,25.5,,
1966-02-16,29.3,23.0,25.7,,
1966-02-17,29.9,21.8,25.5,,
1966-02-18,29.1,21.9,25.6,,
1966-02-19,29.4,22.5,25.8,,
1966-02-20,29.8,23.3,26.0,,
1966-02-21,30.5,23.0,25.9,,
1966-02-22,28.3,22.9,25.5,,
1966-02-23,28.9,23.4,25.3,,
1966-02-24,27.3,23.2,25.1,,
1966-02-25,29.5,22.9,25.5,,
1966-02-26,29.1,23.0,25.1,,
1966-02-27,28.9,22.0,25.3,,
1966-02-28,28.2,23.0,25.4,,
1966-03-01,28.2,23.0,25.5,,
1966-03-02,28.6,23.3,25.6,,
1966-03-03,28.4,23.0,25.4,,
1966-03-04,28.0,22.8,25.0,,
1966-03-05,28.7,23.0,25.6,,
1966-03-06,29.5,22.4,25.9,,
1966-03-07,29.3,22.4,25.8,,
1966-03-08,29.6,22.7,26.2,,
1966-03-09,29.6,23.5,26.4,,
1966-03-10,29.7,22.9,25.9,,
1966-03-11,29.3,23.0,26.0,,
1966-03-12,29.6,22.8,26.0,,
1966-03-13,29.8,23.5,26.2,,
1966-03-14,28.5,23.3,25.4,,
1966-03-15,28.6,23.2,25.7,,
1966-03-16,29.5,23.9,25.9,,
1966-03-17,30.5,22.5,25.9,,
1966-03-18,29.6,22.9,25.8,,
1966-03-19,29.4,23.6,25.9,,
1966-03-20,28.6,23.8,25.9,,
1966-03-21,28.0,23.9,25.5,,
1966-03-22,30.6,23.3,26.4,,
1966-03-23,31.5,23.8,27.1,,
1966-03-24,30.0,23.6,26.3,,
1966-03-25,30.7,23.2,26.3,,
1966-03-26,28.6,23.2,25.8,,
1966-03-27,28.9,23.8,26.0,,
1966-03-28,29.6,23.8,26.0,,
1966-03-29,29.3,23.2,25.7,,
1966-03-30,29.2,23.1,26.1,,
1966-03-31,30.2,22.5,26.4,,
1966-04-01,30.9,23.3,26.9,,
1966-04-02,30.0,22.2,26.3,,
1966-04-03,30.6,22.3,26.4,,
1966-04-04,30.3,22.8,26.6,,
1966-04-05,30.1,22.8,26.3,,
1966-04-06,30.2,23.6,26.6,,
1966-04-07,28.9,23.9,26.0,,
1966-04-08,30.1,23.0,26.5,,
1966-04-09,29.0,24.3,26.4,,
1966-04-10,29.7,23.8,26.5,,
1966-04-11,30.6,22.8,26.7,,
1966-04-12,31.1,23.0,27.0,,
1966-04-13,30.3,23.6,27.1,,
1966-04-14,30.7,23.7,27.1,,
1966-04-15,30.8,24.5,27.5,,
1966-04-16,30.8,23.7,27.2,,
1966-04-17,30.2,24.8,27.2,,
1966-04-18,30.4,24.2,26.9,,
1966-04-19,29.7,23.4,26.5,,
1966-04-20,31.2,23.8,27.4,,
1966-04-21,31.0,23.1,26.8,,
1966-04-22,29.2,24.4,26.6,,
1966-04-23,30.3,24.2,26.4,,
1966-04-24,30.5,23.9,26.8,,
1966-04-25,30.2,24.6,26.9,,
1966-04-26,30.1,24.0,26.5,,
1966-04-27,30.7,23.2,26.2,,
1966-04-28,30.3,23.6,26.5,,
1966-04-29,28.8,23.8,25.8,,
1966-04-30,29.2,23.5,25.9,,
1966-05-01,29.9,23.4,25.8,,
1966-05-02,29.2,23.4,25.7,,
1966-05-03,29.5,23.0,25.6,,
1966-05-04,30.0,23.1,26.2,,
1966-05-05,29.7,23.1,26.4,,
1966-05-06,30.3,23.4,26.7,,
1966-05-07,30.8,23.9,27.2,,
1966-05-08,30.7,24.1,26.7,,
1966-05-09,30.1,23.6,26.4,,
1966-05-10,29.9,22.6,26.3,,
1966-05-11,30.7,22.3,26.8,,
1966-05-12,29.9,23.0,26.2,,
1966-05-13,29.9,23.3,26.6,,
1966-05-14,30.2,23.0,26.5,,
1966-05-15,31.1,23.1,27.1,,
1966-05-16,30.8,22.8,26.9,,
1966-05-17,30.0,23.6,26.4,,
1966-05-18,30.6,22.9,26.9,,
1966-05-19,30.5,23.7,27.1,,
1966-05-20,30.7,23.6,27.2,,
1966-05-21,29.5,23.3,25.9,,
1966-05-22,30.5,23.0,26.0,,
1966-05-23,30.3,23.8,26.8,,
1966-05-24,30.5,23.5,26.5,,
1966-05-25,30.3,23.5,26.9,,
1966-05-26,31.0,24.0,27.4,,
1966-05-27,30.7,22.8,26.9,,
1966-05-28,30.5,23.4,26.9,,
1966-05-29,30.4,23.1,26.6,,
1966-05-30,28.3,23.4,25.6,,
1966-05-31,29.8,22.5,25.9,,
1966-06-01,29.9,23.7,26.3,,
1966-06-02,29.0,24.1,26.1,,
1966-06-03,29.4,23.6,25.9,,
1966-06-04,28.8,23.7,26.0,,
1966-06-05,28.6,23.6,25.6,,
1966-06-06,29.2,22.4,25.5,,
1966-06-07,28.2,23.2,24.9,,
1966-06-08,29.0,22.9,25.1,,
1966-06-09,28.7,23.2,25.5,,
1966-06-10,29.1,22.6,25.3,,
1966-06-11,28.9,22.3,25.4,,
1966-06-12,28.9,22.7,25.2,,
1966-06-13,28.5,22.0,25.4,,
1966-06-14,29.2,22.1,25.6,,
1966-06-15,28.7,22.5,25.5,,
1966-06-16,29.1,21.5,25.5,,
1966-06-17,30.0,23.0,26.3,,
1966-06-18,29.7,22.9,26.2,,
1966-06-19,28.2,22.7,25.3,,
1966-06-20,28.6,23.0,25.1,,
1966-06-21,28.9,21.5,25.3,,
1966-06-22,29.6,22.1,25.7,,
1966-06-23,29.8,22.4,26.1,,
1966-06-24,28.8,20.8,24.9,,
1966-06-25,28.5,20.5,24.9,,
1966-06-26,28.5,20.5,25.0,,
1966-06-27,29.1,21.1,25.4,,
1966-06-28,28.8,21.1,25.2,,
1966-06-29,29.2,21.4,25.3,,
1966-06-30,31.0,20.4,25.8,,
1966-07-01,31.3,21.8,26.4,,
1966-07-02,30.8,22.9,26.3,,
1966-07-03,30.5,22.3,26.3,,
1966-07-04,30.2,23.5,26.4,,
1966-07-05,29.8,22.2,26.1,,
1966-07-06,30.3,23.9,26.9,,
1966-07-07,30.2,23.2,26.7,,
1966-07-08,29.9,23.4,26.6,,
1966-07-09,30.6,22.7,26.5,,
1966-07-10,30.6,21.0,25.9,,
1966-07-11,30.9,21.9,26.4,,
1966-07-12,30.9,22.3,26.7,,
1966-07-13,30.8,23.2,26.9,,
1966-07-14,31.6,22.4,26.9,,
1966-07-15,29.2,23.4,26.6,,
1966-07-16,29.2,23.7,25.9,,
1966-07-17,29.0,23.0,25.4,,
1966-07-18,29.8,22.9,25.9,,
1966-07-19,29.7,23.2,25.8,,
1966-07-20,29.4,22.5,25.7,,
1966-07-21,29.5,21.8,25.8,,
1966-07-22,29.2,20.9,25.3,,
1966-07-23,29.7,22.1,25.8,,
1966-07-24,29.9,21.4,25.9,,
1966-07-25,31.1,22.4,26.8,,
1966-07-26,31.1,23.1,27.1,,
1966-07-27,30.5,23.8,26.8,,
1966-07-28,30.6,22.8,26.8,,
1966-07-29,30.8,23.7,26.9,,
1966-07-30,28.7,23.3,25.6,,
1966-07-31,30.2,22.7,26.1,,
1966-08-01,31.4,21.6,26.4,,
1966-08-02,31.4,22.4,26.5,,
1966-08-03,30.7,21.7,26.1,,
1966-08-04,30.7,21.8,26.2,,
1966-08-05,31.0,21.6,26.5,,
1966-08-06,31.0,21.9,26.6,,
1966-08-07,31.5,22.2,26.8,,
1966-08-08,31.4,23.0,27.1,,
1966-08-09,31.6,23.5,27.5,,
1966-08-10,31.4,23.7,27.4,,
1966-08-11,31.3,24.0,27.4,,
1966-08-12,31.3,22.7,26.9,,
1966-08-13,31.5,22.7,27.1,,
1966-08-14,30.7,23.5,27.1,,
1966-08-15,31.2,22.9,26.9,,
1966-08-16,31.9,22.6,27.1,,
1966-08-17,32.0,22.4,27.5,,
1966-08-18,31.4,23.5,26.8,,
1966-08-19,31.0,23.1,26.8,,
1966-08-20,31.5,23.3,27.3,,
1966-08-21,31.6,23.2,27.2,,
1966-08-22,32.4,23.4,27.6,,
1966-08-23,31.9,23.3,27.3,,
1966-08-24,32.2,24.4,27.8,,
1966-08-25,31.1,25.0,27.5,,
1966-08-26,30.7,24.4,26.9,,
1966-08-27,30.3,23.2,26.4,,
1966-08-28,29.9,22.9,26.1,,
1966-08-29,30.6,22.4,26.5,,
1966-08-30,31.3,23.8,27.4,,
1966-08-31,29.8,23.8,26.6,,
1966-09-01,30.6,22.6,26.5,,
1966-09-02,29.0,23.2,25.8,,
1966-09-03,30.9,23.2,26.4,,
1966-09-04,31.0,23.1,26.7,,
1966-09-05,31.9,23.7,27.1,,
1966-09-06,31.2,24.0,27.2,,
1966-09-07,30.8,22.9,27.1,,
1966-09-08,31.3,23.2,27.1,,
1966-09-09,31.1,23.5,27.3,,
1966-09-10,32.0,23.3,27.3,,
1966-09-11,32.3,22.3,27.4,,
1966-09-12,32.1,23.6,27.5,,
1966-09-13,30.8,24.7,27.2,,
1966-09-14,31.9,23.7,27.1,,
1966-09-15,32.1,24.1,27.6,,
1966-09-16,32.0,22.2,27.3,,
1966-09-17,32.3,25.0,28.0,,
1966-09-18,32.0,23.5,27.6,,
1966-09-19,31.8,23.8,27.6,,
1966-09-20,32.7,23.7,27.8,,
1966-09-21,31.9,23.4,27.5,,
1966-09-22,31.6,23.7,27.6,,
1966-09-23,31.5,24.0,27.5,,
1966-09-24,32.0,23.9,27.9,,
1966-09-25,32.0,24.2,27.7,,
1966-09-26,32.6,23.6,27.9,,
1966-09-27,33.0,23.0,27.4,,
1966-09-28,32.2,24.4,27.9,,
1966-09-29,32.1,24.3,27.6,,
1966-09-30,31.1,24.2,27.7,,
1966-10-01,31.1,24.7,27.8,,
1966-10-02,32.1,24.6,27.3,,
1966-10-03,33.0,22.4,27.3,,
1966-10-04,33.3,23.5,27.7,,
1966-10-05,32.4,23.6,27.5,,
1966-10-06,32.0,24.0,27.7,,
1966-10-07,31.9,24.2,27.4,,
1966-10-08,30.9,23.8,26.7,,
1966-10-09,30.0,23.6,25.9,,
1966-10-10,29.9,23.5,26.3,,
1966-10-11,29.2,23.5,26.0,,
1966-10-12,29.9,23.3,26.1,,
1966-10-13,29.8,22.8,25.6,,
1966-10-14,30.0,23.0,26.2,,
1966-10-15,29.6,23.3,25.9,,
1966-10-16,30.2,23.6,26.3,,
1966-10-17,30.4,23.2,26.3,,
1966-10-18,29.4,23.2,26.0,,
1966-10-19,29.9,24.0,26.5,,
1966-10-20,30.0,23.4,26.4,,
1966-10-21,30.8,22.5,26.7,,
1966-10-22,30.7,23.7,26.7,,
1966-10-23,31.4,22.6,26.6,,
1966-10-24,31.4,23.0,26.8,,
1966-10-25,30.4,24.0,26.8,,
1966-10-26,31.2,23.6,26.8,,
1966-10-27,31.0,23.7,27.0,,
1966-10-28,30.5,24.0,26.9,,
1966-10-29,30.0,24.1,26.3,,
1966-10-30,29.8,23.7,26.5,,
1966-10-31,30.6,23.8,26.7,,
1966-11-01,30.8,23.2,26.7,,
1966-11-02,30.4,23.2,26.7,,
1966-11-03,29.5,24.4,26.7,,
1966-11-04,31.5,23.5,27.3,,
1966-11-05,30.2,24.4,27.1,,
1966-11-06,29.9,24.1,26.9,,
1966-11-07,30.3,23.8,26.9,,
1966-11-08,30.7,24.1,26.6,,
1966-11-09,29.9,23.7,26.3,,
1966-11-10,28.6,23.8,25.9,,
1966-11-11,30.2,23.0,26.2,,
1966-11-12,29.7,23.3,26.3,,
1966-11-13,29.0,23.4,26.0,,
1966-11-14,27.5,23.3,24.7,,
1966-11-15,27.4,23.2,25.1,,
1966-11-16,29.6,23.1,25.7,,
1966-11-17,29.7,23.5,26.3,,
1966-11-18,28.9,23.7,25.9,,
1966-11-19,28.3,23.0,25.5,,
1966-11-20,29.6,22.7,25.8,,
1966-11-21,30.6,23.3,26.6,,
1966-11-22,31.8,24.1,27.3,,
1966-11-23,31.2,22.0,26.8,,
1966-11-24,30.8,22.6,26.5,,
1966-11-25,29.4,23.2,26.0,,
1966-11-26,29.6,23.4,25.8,,
1966-11-27,29.0,23.8,25.7,,
1966-11-28,29.4,23.7,26.0,,
1966-11-29,30.3,23.3,26.0,,
1966-11-30,29.8,23.1,25.9,,
1966-12-01,29.5,23.3,25.3,,
1966-12-02,28.4,22.9,25.3,,
1966-12-03,29.4,22.3,25.6,,
1966-12-04,29.8,22.4,25.8,,
1966-12-05,30.7,23.8,26.5,,
1966-12-06,29.4,23.9,26.0,,
1966-12-07,29.4,23.6,25.5,,
1966-12-08,29.1,23.1,25.7,,
1966-12-09,28.6,23.2,25.3,,
1966-12-10,30.1,23.7,26.2,,
1966-12-11,27.9,23.3,25.7,,
1966-12-12,28.8,23.5,26.0,,
1966-12-13,28.8,23.9,25.6,,
1966-12-14,28.6,23.0,25.3,,
1966-12-15,28.3,23.4,25.3,,
1966-12-16,28.1,23.1,25.4,,
1966-12-17,29.0,22.9,25.6,,
1966-12-18,28.8,22.7,25.8,,
1966-12-19,30.1,23.2,26.0,,
1966-12-20,30.5,23.2,26.1,,
1966-12-21,28.6,23.7,25.8,,
1966-12-22,27.3,22.7,24.7,,
1966-12-23,27.8,22.9,24.9,,
1966-12-24,28.7,23.3,25.5,,
1966-12-25,29.2,22.7,25.5,,
1966-12-26,29.0,22.8,25.6,,
1966-12-27,29.4,23.9,26.5,,
1966-12-28,30.4,22.9,26.5,,
1966-12-29,29.8,22.7,25.9,,
1966-12-30,29.1,23.2,25.8,,
1966-12-31,29.2,23.3,25.5,,
1967-01-01,25.2,23.6,24.3,,
1967-01-02,28.1,23.6,25.4,,
1967-01-03,30.3,23.6,26.5,,
1967-01-04,29.6,23.8,26.2,,
1967-01-05,28.7,23.4,25.8,,
1967-01-06,29.1,23.7,25.7,,
1967-01-07,28.0,22.9,25.1,,
1967-01-08,27.1,23.3,24.7,,
1967-01-09,25.8,22.7,24.0,,
1967-01-10,28.2,22.5,25.4,,
1967-01-11,28.0,22.8,25.1,,
1967-01-12,28.4,22.1,25.0,,
1967-01-13,28.4,23.1,24.9,,
1967-01-14,24.4,22.6,23.6,,
1967-01-15,26.8,22.7,23.9,,
1967-01-16,26.2,22.1,24.1,,
1967-01-17,26.1,22.4,24.3,,
1967-01-18,27.1,22.2,24.5,,
1967-01-19,27.7,22.7,24.7,,
1967-01-20,27.1,23.1,24.7,,
1967-01-21,28.0,23.2,25.4,,
1967-01-22,28.1,22.6,25.4,,
1967-01-23,29.0,22.0,24.9,,
1967-01-24,27.4,22.6,24.5,,
1967-01-25,28.0,23.0,24.8,,
1967-01-26,26.6,23.1,24.5,,
1967-01-27,28.4,22.8,25.1,,
1967-01-28,28.8,22.7,25.3,,
1967-01-29,28.5,23.6,25.8,,
1967-01-30,28.5,23.7,25.6,,
1967-01-31,28.0,23.3,25.3,,
1967-02-01,27.7,22.8,25.1,,
1967-02-02,27.8,22.8,24.9,,
1967-02-03,27.2,23.0,24.9,,
1967-02-04,28.4,22.8,25.0,,
1967-02-05,27.7,22.6,24.7,,
1967-02-06,27.1,22.7,24.5,,
1967-02-07,27.2,23.1,24.7,,
1967-02-08,27.1,23.3,24.7,,
1967-02-09,27.4,23.2,24.6,,
1967-02-10,26.2,23.1,24.4,,
1967-02-11,26.4,23.1,24.3,,
1967-02-12,27.0,22.2,24.4,,
1967-02-13,27.7,22.2,24.8,,
1967-02-14,28.0,22.9,25.2,,
1967-02-15,28.7,22.8,25.8,,
1967-02-16,27.8,22.9,25.2,,
1967-02-17,27.1,22.8,24.6,,
1967-02-18,27.4,22.7,24.6,,
1967-02-19,27.8,22.6,25.0,,
1967-02-20,26.8,22.3,24.5,,
1967-02-21,26.9,22.9,24.8,,
1967-02-22,28.9,23.1,25.2,,
1967-02-23,28.5,22.4,24.9,,
1967-02-24,25.8,23.2,24.3,,
1967-02-25,27.6,23.0,25.1,,
1967-02-26,27.1,23.7,25.2,,
1967-02-27,26.8,23.2,24.7,,
1967-02-28,27.5,22.5,24.8,,
1967-03-01,27.4,23.0,24.6,,
1967-03-02,26.5,23.1,24.3,,
1967-03-03,27.6,23.0,24.7,,
1967-03-04,27.2,23.2,25.0,,
1967-03-05,29.0,23.6,25.3,,
1967-03-06,27.2,22.5,24.2,,
1967-03-07,26.6,22.9,24.3,,
1967-03-08,28.5,22.4,25.3,,
1967-03-09,28.5,23.3,25.5,,
1967-03-10,29.4,23.2,25.6,,
1967-03-11,28.7,23.6,25.6,,
1967-03-12,28.9,23.0,25.6,,
1967-03-13,28.8,22.6,25.4,,
1967-03-14,29.9,21.0,25.5,,
1967-03-15,29.4,21.4,25.5,,
1967-03-16,29.7,22.3,25.8,,
1967-03-17,29.8,22.3,26.0,,
1967-03-18,29.9,22.2,25.8,,
1967-03-19,30.0,21.5,25.8,,
1967-03-20,29.7,22.4,26.2,,
1967-03-21,29.0,22.5,25.6,,
1967-03-22,29.5,22.2,25.9,,
1967-03-23,29.5,22.6,26.1,,
1967-03-24,29.0,24.0,26.1,,
1967-03-25,29.6,22.9,25.7,,
1967-03-26,28.5,22.2,25.5,,
1967-03-27,29.2,23.2,25.8,,
1967-03-28,28.9,22.9,25.8,,
1967-03-29,28.7,22.7,25.6,,
1967-03-30,29.6,22.9,25.9,,
1967-03-31,28.7,23.1,25.5,,
1967-04-01,28.5,23.0,25.2,,
1967-04-02,29.0,22.6,25.0,,
1967-04-03,28.1,23.0,25.0,,
1967-04-04,28.9,22.8,25.0,,
1967-04-05,29.2,22.2,25.4,,
1967-04-06,29.5,22.2,25.5,,
1967-04-07,29.6,22.9,26.0,,
1967-04-08,29.5,22.5,26.0,,
1967-04-09,29.9,23.1,26.4,,
1967-04-10,29.5,22.8,26.3,,
1967-04-11,28.6,23.2,25.4,,
1967-04-12,29.5,23.3,25.8,,
1967-04-13,29.0,23.1,25.6,,
1967-04-14,29.0,22.3,25.4,,
1967-04-15,28.3,22.8,25.2,,
1967-04-16,28.7,22.6,25.5,,
1967-04-17,29.1,23.1,25.7,,
1967-04-18,29.7,22.5,25.7,,
1967-04-19,28.7,22.3,25.4,,
1967-04-20,29.9,22.1,25.7,,
1967-04-21,29.2,22.9,25.7,,
1967-04-22,29.0,22.9,25.8,,
1967-04-23,29.6,22.8,25.9,,
1967-04-24,29.5,23.0,25.8,,
1967-04-25,29.7,22.8,25.8,,
1967-04-26,28.8,22.8,25.4,,
1967-04-27,29.6,21.8,25.6,,
1967-04-28,30.0,23.5,26.4,,
1967-04-29,29.7,23.3,26.4,,
1967-04-30,30.0,22.4,26.3,,
1967-05-01,30.0,22.5,26.3,,
1967-05-02,29.4,23.0,26.1,,
1967-05-03,29.5,22.8,26.1,,
1967-05-04,29.1,23.7,26.2,,
1967-05-05,29.9,23.0,26.3,,
1967-05-06,29.3,22.8,25.9,,
1967-05-07,29.6,22.8,26.0,,
1967-05-08,29.7,23.4,26.2,,
1967-05-09,29.1,23.3,25.5,,
1967-05-10,29.1,22.4,25.6,,
1967-05-11,29.6,22.6,26.2,,
1967-05-12,29.5,23.7,26.5,,
1967-05-13,29.8,23.0,26.4,,
1967-05-14,30.1,22.1,26.4,,
1967-05-15,30.4,23.2,26.9,,
1967-05-16,30.8,23.1,26.9,,
1967-05-17,29.5,23.3,26.2,,
1967-05-18,29.3,23.8,26.1,,
1967-05-19,29.9,23.7,26.2,,
1967-05-20,29.2,23.4,26.0,,
1967-05-21,29.0,23.5,25.8,,
1967-05-22,29.5,22.7,25.9,,
1967-05-23,29.9,22.6,25.8,,
1967-05-24,30.2,22.4,26.0,,
1967-05-25,29.8,21.5,25.7,,
1967-05-26,29.7,22.4,26.1,,
1967-05-27,29.5,22.5,25.6,,
1967-05-28,30.1,21.7,26.0,,
1967-05-29,29.5,21.1,25.3,,
1967-05-30,30.1,21.5,26.0,,
1967-05-31,29.7,22.4,26.1,,
1967-06-01,29.9,22.9,26.1,,
1967-06-02,30.2,23.5,26.5,,
1967-06-03,30.0,23.3,26.5,,
1967-06-04,30.3,22.7,26.5,,
1967-06-05,31.0,23.0,26.6,,
1967-06-06,31.0,21.4,26.4,,
1967-06-07,31.2,22.3,26.6,,
1967-06-08,30.3,23.8,26.6,,
1967-06-09,30.7,22.1,26.3,,
1967-06-10,30.7,22.9,26.7,,
1967-06-11,31.0,22.8,27.0,,
1967-06-12,30.4,23.3,26.7,,
1967-06-13,30.6,22.9,26.4,,
1967-06-14,30.2,22.9,26.7,,
1967-06-15,30.6,23.9,27.1,,
1967-06-16,31.4,21.9,26.8,,
1967-06-17,31.6,22.6,27.2,,
1967-06-18,32.3,22.8,27.4,,
1967-06-19,30.1,22.4,26.6,,
1967-06-20,30.0,22.8,26.5,,
1967-06-21,29.9,22.6,26.4,,
1967-06-22,30.6,22.8,26.3,,
1967-06-23,31.3,23.7,26.9,,
1967-06-24,30.8,22.2,26.5,,
1967-06-25,31.4,21.0,26.2,,
1967-06-26,30.7,21.0,26.0,,
1967-06-27,31.1,23.0,26.7,,
1967-06-28,31.9,23.2,27.1,,
1967-06-29,30.8,23.8,27.0,,
1967-06-30,31.1,23.6,27.1,,
1967-07-01,31.0,23.9,27.1,,
1967-07-02,30.7,23.4,26.9,,
1967-07-03,30.5,23.5,26.7,,
1967-07-04,31.2,23.1,27.2,,
1967-07-05,31.1,23.2,26.9,,
1967-07-06,29.4,22.9,26.1,,
1967-07-07,30.4,23.1,26.2,,
1967-07-08,30.8,22.6,26.4,,
1967-07-09,29.8,23.7,26.8,,
1967-07-10,30.7,22.8,26.5,,
1967-07-11,31.1,23.7,26.9,,
1967-07-12,31.1,23.4,26.8,,
1967-07-13,31.7,22.6,26.7,,
1967-07-14,31.5,24.3,27.3,,
1967-07-15,31.1,23.1,26.2,,
1967-07-16,29.6,22.0,25.3,,
1967-07-17,31.0,22.6,26.4,,
1967-07-18,30.9,22.4,26.5,,
1967-07-19,30.2,22.2,26.3,,
1967-07-20,30.4,22.5,26.4,,
1967-07-21,30.9,23.1,26.7,,
1967-07-22,30.4,22.4,26.3,,
1967-07-23,30.0,22.4,25.9,,
1967-07-24,31.2,21.7,26.3,,
1967-07-25,31.4,21.8,26.5,,
1967-07-26,31.5,22.6,26.6,,
1967-07-27,30.7,23.0,26.8,,
1967-07-28,31.5,23.5,26.9,,
1967-07-29,31.0,23.6,26.9,,
1967-07-30,31.2,23.1,26.6,,
1967-07-31,31.0,23.6,26.7,,
1967-08-01,30.6,20.6,25.8,,
1967-08-02,31.1,21.9,25.9,,
1967-08-03,31.3,21.6,26.0,,
1967-08-04,31.5,21.5,26.3,,
1967-08-05,31.9,23.6,27.0,,
1967-08-06,32.0,21.9,26.8,,
1967-08-07,31.8,21.6,26.8,,
1967-08-08,32.0,21.7,26.8,,
1967-08-09,31.2,22.4,26.9,,
1967-08-10,31.5,23.5,27.3,,
1967-08-11,31.6,23.4,27.2,,
1967-08-12,32.2,20.9,26.5,,
1967-08-13,31.9,22.6,27.2,,
1967-08-14,32.1,24.1,27.3,,
1967-08-15,31.1,23.5,26.6,,
1967-08-16,30.5,23.1,26.4,,
1967-08-17,31.8,22.2,26.8,,
1967-08-18,31.6,22.0,26.6,,
1967-08-19,32.0,23.0,27.2,,
1967-08-20,31.2,23.6,26.7,,
1967-08-21,31.8,23.7,26.9,,
1967-08-22,31.4,24.1,27.3,,
1967-08-23,32.0,22.2,27.1,,
1967-08-24,31.8,21.1,26.6,,
1967-08-25,32.4,23.5,27.3,,
1967-08-26,30.6,22.9,26.6,,
1967-08-27,30.6,22.2,26.0,,
1967-08-28,31.3,22.7,27.0,,
1967-08-29,31.5,22.3,27.0,,
1967-08-30,31.7,23.2,27.1,,
1967-08-31,30.7,22.8,26.4,,
1967-09-01,31.8,22.7,26.8,,
1967-09-02,32.5,20.9,26.6,,
1967-09-03,32.6,23.6,27.4,,
1967-09-04,32.4,22.8,27.6,,
1967-09-05,32.3,22.0,26.7,,
1967-09-06,31.2,22.8,26.7,,
1967-09-07,31.2,23.0,27.0,,
1967-09-08,32.6,22.0,27.0,,
1967-09-09,32.1,22.4,26.9,,
1967-09-10,31.5,22.7,27.2,,
1967-09-11,30.5,24.5,26.9,,
1967-09-12,31.1,23.6,26.8,,
1967-09-13,32.1,24.1,27.4,,
1967-09-14,32.9,23.0,27.8,,
1967-09-15,32.6,22.3,27.5,,
1967-09-16,32.4,22.9,27.5,,
1967-09-17,32.3,24.3,27.3,,
1967-09-18,31.4,23.7,27.3,,
1967-09-19,32.4,23.3,27.4,,
1967-09-20,31.7,23.2,27.3,,
1967-09-21,32.9,22.0,27.0,,
1967-09-22,31.9,22.1,26.7,,
1967-09-23,32.3,23.2,27.2,,
1967-09-24,32.4,21.6,26.9,,
1967-09-25,31.7,24.0,27.4,,
1967-09-26,32.0,23.3,27.2,,
1967-09-27,32.5,23.2,27.3,,
1967-09-28,31.8,23.5,27.1,,
1967-09-29,31.1,23.1,26.6,,
1967-09-30,30.7,21.9,26.7,,
1967-10-01,30.9,22.8,27.1,,
1967-10-02,31.7,22.5,27.1,,
1967-10-03,31.7,23.0,27.5,,
1967-10-04,30.9,23.4,27.1,,
1967-10-05,31.5,22.7,27.3,,
1967-10-06,32.0,22.8,27.3,,
1967-10-07,32.3,23.4,27.3,,
1967-10-08,31.0,23.7,26.5,,
1967-10-09,30.1,23.2,26.1,,
1967-10-10,32.0,22.9,26.5,,
1967-10-11,31.2,22.8,26.3,,
1967-10-12,32.4,22.9,27.2,,
1967-10-13,32.4,22.8,27.6,,
1967-10-14,32.8,22.4,27.3,,
1967-10-15,32.3,23.1,27.6,,
1967-10-16,32.0,22.6,27.6,,
1967-10-17,32.7,22.4,27.6,,
1967-10-18,33.3,23.5,28.0,,
1967-10-19,32.9,23.0,27.5,,
1967-10-20,31.8,24.4,27.7,,
1967-10-21,33.1,23.8,27.9,,
1967-10-22,32.7,24.2,28.1,,
1967-10-23,31.9,23.2,27.7,,
1967-10-24,32.1,24.1,28.2,,
1967-10-25,31.5,23.6,27.9,,
1967-10-26,31.2,23.8,27.3,,
1967-10-27,31.6,23.4,27.4,,
1967-10-28,32.9,23.9,27.8,,
1967-10-29,32.7,23.6,27.7,,
1967-10-30,32.0,23.4,27.2,,
1967-10-31,31.8,23.1,27.0,,
1967-11-01,31.9,23.5,27.6,,
1967-11-02,32.0,23.4,27.5,,
1967-11-03,32.1,23.9,27.7,,
1967-11-04,31.6,24.2,27.1,,
1967-11-05,29.3,24.5,26.9,,
1967-11-06,31.3,23.3,27.2,,
1967-11-07,31.3,23.0,27.5,,
1967-11-08,31.8,24.4,27.6,,
1967-11-09,31.1,24.2,27.0,,
1967-11-10,31.1,23.6,26.7,,
1967-11-11,29.9,24.1,26.6,,
1967-11-12,30.4,23.1,26.0,,
1967-11-13,30.7,23.2,26.6,,
1967-11-14,29.9,23.8,26.1,,
1967-11-15,29.3,23.3,26.2,,
1967-11-16,29.6,23.1,26.0,,
1967-11-17,30.0,23.0,26.2,,
1967-11-18,30.5,23.1,26.2,,
1967-11-19,30.8,23.2,26.7,,
1967-11-20,30.1,23.6,26.3,,
1967-11-21,29.3,23.4,26.1,,
1967-11-22,28.9,23.1,25.6,,
1967-11-23,30.5,23.1,26.3,,
1967-11-24,28.8,23.6,25.9,,
1967-11-25,29.6,23.0,25.8,,
1967-11-26,29.9,23.0,25.7,,
1967-11-27,29.9,23.2,26.1,,
1967-11-28,28.3,23.8,25.7,,
1967-11-29,29.2,23.4,26.1,,
1967-11-30,30.1,23.0,26.1,,
1967-12-01,29.5,23.0,25.6,,
1967-12-02,28.3,23.8,25.2,,
1967-12-03,27.7,23.1,25.1,,
1967-12-04,28.9,23.5,25.8,,
1967-12-05,28.8,23.0,25.7,,
1967-12-06,29.3,23.6,25.9,,
1967-12-07,30.3,23.2,25.9,,
1967-12-08,27.8,23.2,25.2,,
1967-12-09,28.2,23.2,25.2,,
1967-12-10,28.9,22.6,25.4,,
1967-12-11,28.2,22.7,25.3,,
1967-12-12,27.5,22.4,24.4,,
1967-12-13,28.5,22.1,24.9,,
1967-12-14,28.7,22.6,25.5,,
1967-12-15,28.9,23.2,25.7,,
1967-12-16,29.4,23.0,25.7,,
1967-12-17,27.6,22.8,24.5,,
1967-12-18,27.9,22.5,24.6,,
1967-12-19,28.1,22.8,25.3,,
1967-12-20,27.8,23.3,25.5,,
1967-12-21,27.8,22.5,25.0,,
1967-12-22,27.2,22.5,24.7,,
1967-12-23,27.3,23.2,25.0,,
1967-12-24,27.3,22.8,24.6,,
1967-12-25,28.0,22.1,24.8,,
1967-12-26,27.9,22.6,24.8,,
1967-12-27,27.4,22.4,24.9,,
1967-12-28,27.4,22.9,24.7,,
1967-12-29,27.4,22.8,25.1,,
1967-12-30,28.0,22.5,25.4,,
1967-12-31,27.3,23.5,25.2,,
1968-01-01,27.5,22.4,24.8,,
1968-01-02,27.5,22.8,25.0,,
1968-01-03,29.2,22.7,25.4,,
1968-01-04,28.2,23.5,25.4,,
1968-01-05,27.7,22.6,24.8,,
1968-01-06,26.7,22.9,24.6,,
1968-01-07,28.7,23.3,25.3,,
1968-01-08,29.0,23.4,25.7,,
1968-01-09,28.2,23.3,25.4,,
1968-01-10,27.7,22.9,25.2,,
1968-01-11,28.3,23.0,25.0,,
1968-01-12,28.4,22.8,25.3,,
1968-01-13,28.8,23.4,25.9,,
1968-01-14,29.3,23.0,25.9,,
1968-01-15,28.2,23.6,25.3,,
1968-01-16,28.1,23.0,25.0,,
1968-01-17,28.0,23.2,25.4,,
1968-01-18,29.2,23.3,26.0,,
1968-01-19,29.6,23.1,26.3,,
1968-01-20,28.8,23.6,25.9,,
1968-01-21,28.1,23.7,25.5,,
1968-01-22,28.6,22.6,25.6,,
1968-01-23,28.0,22.5,25.0,,
1968-01-24,27.6,23.2,24.8,,
1968-01-25,27.6,22.6,24.7,,
1968-01-26,26.4,22.7,24.3,,
1968-01-27,27.3,22.7,24.5,,
1968-01-28,26.2,22.8,24.1,,
1968-01-29,27.4,21.8,24.6,,
1968-01-30,28.0,22.7,25.1,,
1968-01-31,27.4,21.5,24.6,,
1968-02-01,28.7,22.0,25.4,,
1968-02-02,29.0,23.9,26.1,,
1968-02-03,28.1,23.8,25.6,,
1968-02-04,28.4,23.3,25.5,,
1968-02-05,28.1,23.3,25.3,,
1968-02-06,29.3,23.4,25.6,,
1968-02-07,28.9,23.4,25.7,,
1968-02-08,27.3,23.0,24.8,,
1968-02-09,28.0,21.9,24.6,,
1968-02-10,27.9,22.1,24.8,,
1968-02-11,27.8,22.6,24.8,,
1968-02-12,27.6,22.7,24.9,,
1968-02-13,27.4,23.0,24.8,,
1968-02-14,27.1,22.7,24.5,,
1968-02-15,27.3,23.2,24.9,,
1968-02-16,26.1,22.7,23.9,,
1968-02-17,26.9,22.9,24.4,,
1968-02-18,26.4,22.7,23.9,,
1968-02-19,27.8,22.2,24.6,,
1968-02-20,28.3,22.0,24.7,,
1968-02-21,27.4,22.5,25.0,,
1968-02-22,27.5,22.7,24.9,,
1968-02-23,26.7,23.0,24.6,,
1968-02-24,27.6,22.4,24.8,,
1968-02-25,27.7,22.4,24.9,,
1968-02-26,28.3,22.0,24.9,,
1968-02-27,27.9,22.9,25.0,,
1968-02-28,27.2,22.8,24.5,,
1968-02-29,27.6,21.8,24.7,,
1968-03-01,28.0,22.2,24.9,,
1968-03-02,27.5,21.6,24.7,,
1968-03-03,28.0,22.1,24.8,,
1968-03-04,26.9,22.2,24.3,,
1968-03-05,27.8,22.6,24.8,,
1968-03-06,27.9,22.5,25.2,,
1968-03-07,28.1,23.0,25.6,,
1968-03-08,28.2,22.4,25.3,,
1968-03-09,28.1,22.7,25.4,,
1968-03-10,29.1,22.3,25.3,,
1968-03-11,28.5,22.3,25.4,,
1968-03-12,28.6,22.8,25.4,,
1968-03-13,28.6,22.4,25.4,,
1968-03-14,29.5,22.8,25.9,,
1968-03-15,29.5,22.6,25.9,,
1968-03-16,29.3,23.3,25.8,,
1968-03-17,28.4,23.0,25.3,,
1968-03-18,28.6,23.3,25.3,,
1968-03-19,28.7,23.1,25.4,,
1968-03-20,29.3,22.6,25.6,,
1968-03-21,28.8,22.5,25.5,,
1968-03-22,29.4,23.3,26.0,,
1968-03-23,29.3,23.3,25.7,,
1968-03-24,29.6,22.6,25.7,,
1968-03-25,28.9,23.8,25.9,,
1968-03-26,29.0,23.5,25.8,,
1968-03-27,27.8,22.8,25.3,,
1968-03-28,29.5,23.2,25.8,,
1968-03-29,29.0,23.5,25.7,,
1968-03-30,28.7,23.0,25.8,,
1968-03-31,30.3,23.1,26.3,,
1968-04-01,30.8,22.3,26.2,,
1968-04-02,30.4,23.1,26.2,,
1968-04-03,29.3,23.3,25.6,,
1968-04-04,28.9,23.6,25.5,,
1968-04-05,28.1,22.6,25.1,,
1968-04-06,28.0,22.7,25.3,,
1968-04-07,28.5,22.8,25.6,,
1968-04-08,26.9,23.3,24.8,,
1968-04-09,29.2,22.4,25.4,,
1968-04-10,28.0,21.8,24.9,,
1968-04-11,28.2,23.4,25.2,,
1968-04-12,28.9,22.9,25.2,,
1968-04-13,28.1,22.3,24.8,,
1968-04-14,28.6,22.5,24.9,,
1968-04-15,28.2,23.1,25.0,,
1968-04-16,27.9,22.6,24.9,,
1968-04-17,28.4,22.8,25.3,,
1968-04-18,28.5,22.7,25.4,,
1968-04-19,29.4,22.7,25.6,,
1968-04-20,28.6,22.7,25.5,,
1968-04-21,29.8,22.1,26.1,,
1968-04-22,29.7,23.5,26.4,,
1968-04-23,29.6,23.1,26.2,,
1968-04-24,29.0,22.5,25.7,,
1968-04-25,29.9,22.8,26.0,,
1968-04-26,28.7,22.9,25.8,,
1968-04-27,29.1,23.2,25.4,,
1968-04-28,28.8,22.7,25.4,,
1968-04-29,28.0,23.5,25.5,,
1968-04-30,29.8,22.7,25.6,,
1968-05-01,29.9,22.2,25.9,,
1968-05-02,30.1,23.3,26.2,,
1968-05-03,29.0,23.5,25.8,,
1968-05-04,28.5,23.0,25.4,,
1968-05-05,29.5,22.7,26.1,,
1968-05-06,29.6,22.8,26.0,,
1968-05-07,30.0,22.5,25.8,,
1968-05-08,29.3,22.4,25.9,,
1968-05-09,29.5,23.1,26.0,,
1968-05-10,29.5,22.7,25.9,,
1968-05-11,29.9,23.0,26.0,,
1968-05-12,30.3,22.9,26.3,,
1968-05-13,29.5,22.6,25.9,,
1968-05-14,29.3,23.0,25.6,,
1968-05-15,28.3,23.0,25.3,,
1968-05-16,29.0,23.3,25.9,,
1968-05-17,28.7,23.0,25.8,,
1968-05-18,28.7,23.3,25.6,,
1968-05-19,28.1,22.4,24.9,,
1968-05-20,29.3,23.1,26.1,,
1968-05-21,28.1,23.3,25.5,,
1968-05-22,28.9,22.8,25.6,,
1968-05-23,28.7,23.7,26.0,,
1968-05-24,29.7,22.9,25.9,,
1968-05-25,28.2,23.1,25.7,,
1968-05-26,29.1,22.9,25.7,,
1968-05-27,29.5,22.5,25.9,,
1968-05-28,29.4,22.8,26.0,,
1968-05-29,29.1,23.1,25.7,,
1968-05-30,28.6,22.8,25.3,,
1968-05-31,28.8,22.7,25.5,,
1968-06-01,29.2,22.2,25.7,,
1968-06-02,29.7,23.1,26.3,,
1968-06-03,29.9,23.0,26.0,,
1968-06-04,29.9,22.3,26.0,,
1968-06-05,29.3,24.3,26.6,,
1968-06-06,29.5,22.7,25.5,,
1968-06-07,29.8,22.8,25.7,,
1968-06-08,29.5,22.1,25.5,,
1968-06-09,29.1,22.4,25.6,,
1968-06-10,28.9,22.4,25.6,,
1968-06-11,29.4,22.6,26.0,,
1968-06-12,29.5,23.6,25.9,,
1968-06-13,28.7,22.3,25.3,,
1968-06-14,29.1,22.5,25.7,,
1968-06-15,28.5,22.4,24.9,,
1968-06-16,29.1,22.4,25.2,,
1968-06-17,28.6,22.6,25.7,,
1968-06-18,27.7,23.5,25.1,,
1968-06-19,28.8,22.1,25.1,,
1968-06-20,28.8,22.1,25.2,,
1968-06-21,29.2,22.9,25.7,,
1968-06-22,28.0,23.0,25.1,,
1968-06-23,28.1,22.9,25.2,,
1968-06-24,29.5,22.4,25.5,,
1968-06-25,29.0,22.5,25.4,,
1968-06-26,29.0,22.7,25.1,,
1968-06-27,28.6,22.6,25.1,,
1968-06-28,28.9,22.7,25.2,,
1968-06-29,28.5,22.6,25.0,,
1968-06-30,29.2,22.5,25.7,,
1968-07-01,27.7,23.3,25.4,,
1968-07-02,28.3,22.6,25.1,,
1968-07-03,28.2,22.7,25.4,,
1968-07-04,29.2,23.0,25.5,,
1968-07-05,28.2,22.3,25.0,,
1968-07-06,28.5,22.0,25.0,,
1968-07-07,28.2,22.6,25.1,,
1968-07-08,28.4,22.4,25.1,,
1968-07-09,29.1,22.0,25.2,,
1968-07-10,28.0,22.8,24.9,,
1968-07-11,27.0,22.8,24.4,,
1968-07-12,28.0,23.1,24.6,,
1968-07-13,26.3,22.7,24.4,,
1968-07-14,27.1,22.4,24.4,,
1968-07-15,28.1,22.5,24.7,,
1968-07-16,29.3,22.8,25.3,,
1968-07-17,28.9,22.8,25.4,,
1968-07-18,28.7,22.4,25.3,,
1968-07-19,28.4,22.2,24.9,,
1968-07-20,28.0,21.8,24.8,,
1968-07-21,28.8,22.4,25.0,,
1968-07-22,29.0,21.4,25.1,,
1968-07-23,29.3,22.2,25.4,,
1968-07-24,29.1,22.7,25.5,,
1968-07-25,29.2,22.1,25.4,,
1968-07-26,29.2,22.2,25.7,,
1968-07-27,29.5,21.0,25.4,,
1968-07-28,29.2,23.2,26.0,,
1968-07-29,28.1,23.4,25.5,,
1968-07-30,28.7,22.6,25.1,,
1968-07-31,28.0,23.0,25.0,,
1968-08-01,29.0,22.2,25.2,,
1968-08-02,28.6,22.0,24.9,,
1968-08-03,27.9,22.8,25.2,,
1968-08-04,28.7,22.9,25.0,,
1968-08-05,27.9,22.6,24.8,,
1968-08-06,28.0,22.2,24.7,,
1968-08-07,28.3,22.1,24.7,,
1968-08-08,28.6,21.4,24.6,,
1968-08-09,28.6,21.5,25.1,,
1968-08-10,28.6,21.3,24.7,,
1968-08-11,28.5,22.1,24.9,,
1968-08-12,28.5,22.2,25.3,,
1968-08-13,28.4,22.2,25.3,,
1968-08-14,28.8,22.5,25.5,,
1968-08-15,28.8,22.7,25.2,,
1968-08-16,28.2,23.1,25.2,,
1968-08-17,29.0,22.8,25.1,,
1968-08-18,29.2,22.8,25.1,,
1968-08-19,28.3,22.5,24.9,,
1968-08-20,27.3,22.3,24.6,,
1968-08-21,28.5,22.7,25.0,,
1968-08-22,28.6,22.7,25.2,,
1968-08-23,29.6,21.7,25.4,,
1968-08-24,28.8,22.8,25.6,,
1968-08-25,27.9,22.5,25.2,,
1968-08-26,29.5,22.2,25.5,,
1968-08-27,28.7,22.1,25.3,,
1968-08-28,29.2,22.8,25.4,,
1968-08-29,29.2,22.1,25.1,,
1968-08-30,27.3,22.8,24.5,,
1968-08-31,29.2,22.8,25.8,,
1968-09-01,29.1,22.2,25.8,,
1968-09-02,29.1,22.0,25.8,,
1968-09-03,29.5,21.7,25.5,,
1968-09-04,29.3,22.1,25.7,,
1968-09-05,28.7,22.8,25.5,,
1968-09-06,28.3,21.8,25.0,,
1968-09-07,29.0,21.4,25.0,,
1968-09-08,29.2,21.9,25.3,,
1968-09-09,29.3,22.1,25.7,,
1968-09-10,29.2,20.7,25.0,,
1968-09-11,30.3,21.9,25.8,,
1968-09-12,30.0,21.8,25.9,,
1968-09-13,30.3,22.2,26.4,,
1968-09-14,29.2,22.5,25.6,,
1968-09-15,29.7,21.7,25.7,,
1968-09-16,29.4,22.5,25.8,,
1968-09-17,29.2,22.4,25.8,,
1968-09-18,30.1,22.7,25.9,,
1968-09-19,29.5,23.0,25.8,,
1968-09-20,30.4,23.3,26.8,,
1968-09-21,30.4,23.0,26.2,,
1968-09-22,30.3,22.4,26.3,,
1968-09-23,30.0,22.4,26.2,,
1968-09-24,30.5,22.3,26.4,,
1968-09-25,30.5,22.1,26.4,,
1968-09-26,31.2,21.9,26.6,,
1968-09-27,31.2,21.8,26.6,,
1968-09-28,30.5,22.9,26.6,,
1968-09-29,30.4,22.9,26.9,,
1968-09-30,30.8,23.4,27.1,,
1968-10-01,31.3,22.2,26.9,,
1968-10-02,29.5,23.0,26.2,,
1968-10-03,28.8,23.0,25.8,,
1968-10-04,29.4,23.0,25.9,,
1968-10-05,29.6,23.3,25.5,,
1968-10-06,29.8,23.1,25.8,,
1968-10-07,30.1,22.0,26.2,,
1968-10-08,30.0,22.3,26.3,,
1968-10-09,29.8,23.2,26.1,,
1968-10-10,29.5,22.7,26.1,,
1968-10-11,29.1,23.2,25.6,,
1968-10-12,28.8,22.6,25.2,,
1968-10-13,28.6,22.2,25.2,,
1968-10-14,30.3,22.7,26.2,,
1968-10-15,30.0,22.8,26.1,,
1968-10-16,30.8,21.9,26.4,,
1968-10-17,31.6,22.4,26.9,,
1968-10-18,31.3,22.8,26.7,,
1968-10-19,31.1,22.4,26.6,,
1968-10-20,31.3,23.0,27.2,,
1968-10-21,32.0,23.8,27.8,,
1968-10-22,30.7,24.1,27.2,,
1968-10-23,30.9,23.7,26.7,,
1968-10-24,31.3,23.5,27.0,,
1968-10-25,30.4,23.1,26.7,,
1968-10-26,30.9,23.0,26.8,,
1968-10-27,29.7,23.3,26.4,,
1968-10-28,29.7,23.7,26.2,,
1968-10-29,29.6,23.4,26.0,,
1968-10-30,30.1,23.0,26.3,,
1968-10-31,30.2,23.4,26.0,,
1968-11-01,29.2,23.7,26.3,,
1968-11-02,30.8,23.4,26.9,,
1968-11-03,30.5,23.7,26.7,,
1968-11-04,30.3,23.9,26.6,,
1968-11-05,29.6,23.9,26.3,,
1968-11-06,28.6,23.3,25.6,,
1968-11-07,30.3,23.1,26.1,,
1968-11-08,29.4,23.3,25.9,,
1968-11-09,30.2,21.8,25.9,,
1968-11-10,29.2,22.2,25.7,,
1968-11-11,26.2,22.7,24.7,,
1968-11-12,30.3,22.3,25.7,,
1968-11-13,30.6,22.1,25.6,,
1968-11-14,29.5,22.8,25.5,,
1968-11-15,29.1,22.8,25.6,,
1968-11-16,29.6,22.6,25.7,,
1968-11-17,28.5,22.2,25.3,,
1968-11-18,29.9,22.4,25.9,,
1968-11-19,30.4,22.7,25.9,,
1968-11-20,29.6,22.6,25.7,,
1968-11-21,28.8,22.7,25.8,,
1968-11-22,29.0,23.1,25.9,,
1968-11-23,29.2,23.1,25.8,,
1968-11-24,28.9,23.4,25.8,,
1968-11-25,29.3,23.7,25.7,,
1968-11-26,28.8,23.1,25.9,,
1968-11-27,30.5,23.2,26.4,,
1968-11-28,29.8,23.7,25.9,,
1968-11-29,28.5,23.4,25.5,,
1968-11-30,29.1,22.9,25.3,,
1968-12-01,28.2,23.1,25.3,,
1968-12-02,28.9,22.5,25.4,,
1968-12-03,29.2,22.3,25.6,,
1968-12-04,29.5,23.3,25.9,,
1968-12-05,30.0,23.2,25.9,,
1968-12-06,29.8,22.7,25.9,,
1968-12-07,29.2,23.0,25.8,,
1968-12-08,29.0,23.0,25.6,,
1968-12-09,29.2,22.9,25.4,,
1968-12-10,28.9,23.2,25.5,,
1968-12-11,27.9,23.0,25.1,,
1968-12-12,28.5,22.9,25.3,,
1968-12-13,28.3,22.9,25.2,,
1968-12-14,27.0,23.6,25.3,,
1968-12-15,28.5,23.8,26.1,,
1968-12-16,31.1,22.4,26.4,,
1968-12-17,30.8,23.0,26.2,,
1968-12-18,29.0,24.0,25.9,,
1968-12-19,29.1,23.7,25.7,,
1968-12-20,27.8,23.6,25.0,,
1968-12-21,28.7,23.7,25.5,,
1968-12-22,28.0,23.9,25.3,,
1968-12-23,26.4,23.4,24.7,,
1968-12-24,27.6,23.4,25.1,,
1968-12-25,27.2,23.6,25.2,,
1968-12-26,27.3,23.6,25.3,,
1968-12-27,28.7,24.0,26.0,,
1968-12-28,28.1,23.9,25.4,,
1968-12-29,28.8,23.6,25.7,,
1968-12-30,29.3,23.4,25.8,,
1968-12-31,28.6,23.2,25.3,,
1969-01-01,29.4,21.8,25.5,,
1969-01-02,30.8,19.8,25.2,,
1969-01-03,30.6,19.3,25.3,,
1969-01-04,30.0,20.9,25.5,,
1969-01-05,29.4,22.5,25.9,,
1969-01-06,29.8,23.0,26.0,,
1969-01-07,30.5,22.3,26.0,,
1969-01-08,30.4,22.2,26.0,,
1969-01-09,30.0,22.8,25.9,,
1969-01-10,29.9,22.5,25.8,,
1969-01-11,29.6,22.8,26.1,,
1969-01-12,31.3,21.4,26.3,,
1969-01-13,30.1,22.4,26.4,,
1969-01-14,29.9,22.2,26.0,,
1969-01-15,29.7,23.3,26.0,,
1969-01-16,29.5,22.8,25.8,,
1969-01-17,29.2,22.8,25.8,,
1969-01-18,28.8,23.6,25.9,,
1969-01-19,29.4,22.3,25.5,,
1969-01-20,29.0,22.5,25.4,,
1969-01-21,28.5,22.9,25.5,,
1969-01-22,28.4,22.8,25.5,,
1969-01-23,27.7,23.2,25.5,,
1969-01-24,28.1,23.3,25.7,,
1969-01-25,28.1,23.1,25.5,,
1969-01-26,28.2,23.9,25.9,,
1969-01-27,30.0,23.3,26.3,,
1969-01-28,29.0,23.4,25.8,,
1969-01-29,28.9,22.9,25.6,,
1969-01-30,29.3,23.6,26.1,,
1969-01-31,29.7,23.9,26.5,,
1969-02-01,30.8,23.5,26.8,,
1969-02-02,30.2,24.0,26.7,,
1969-02-03,28.6,23.9,26.1,,
1969-02-04,28.1,23.6,25.2,,
1969-02-05,25.9,23.4,24.2,,
1969-02-06,27.8,23.1,24.8,,
1969-02-07,28.5,22.8,25.4,,
1969-02-08,28.7,22.4,25.6,,
1969-02-09,28.9,22.9,25.4,,
1969-02-10,28.4,22.8,25.6,,
1969-02-11,28.5,22.7,25.4,,
1969-02-12,29.2,22.7,25.9,,
1969-02-13,28.9,22.8,25.5,,
1969-02-14,28.5,23.4,25.5,,
1969-02-15,28.5,22.7,25.3,,
1969-02-16,29.6,23.2,25.6,,
1969-02-17,29.6,23.8,26.0,,
1969-02-18,28.6,24.0,25.6,,
1969-02-19,29.9,24.0,26.3,,
1969-02-20,28.3,24.3,25.9,,
1969-02-21,28.7,23.4,25.7,,
1969-02-22,29.3,23.2,26.1,,
1969-02-23,30.1,22.0,26.0,,
1969-02-24,29.2,22.5,25.8,,
1969-02-25,29.2,23.2,25.9,,
1969-02-26,28.5,23.3,25.7,,
1969-02-27,28.2,22.9,25.8,,
1969-02-28,30.1,22.1,26.1,,
1969-03-01,30.4,21.3,25.6,,
1969-03-02,30.3,20.9,25.8,,
1969-03-03,30.0,22.0,26.2,,
1969-03-04,30.6,22.5,26.5,,
1969-03-05,30.4,21.3,26.1,,
1969-03-06,29.2,22.5,26.1,,
1969-03-07,28.6,23.6,26.1,,
1969-03-08,29.3,23.8,26.6,,
1969-03-09,30.5,23.0,26.7,,
1969-03-10,29.5,24.1,26.4,,
1969-03-11,29.7,23.5,26.2,,
1969-03-12,29.9,23.1,26.2,,
1969-03-13,29.9,23.3,26.3,,
1969-03-14,29.3,23.4,26.1,,
1969-03-15,29.5,22.8,26.3,,
1969-03-16,29.7,23.6,26.3,,
1969-03-17,29.0,23.3,26.0,,
1969-03-18,29.5,23.9,26.2,,
1969-03-19,30.1,23.7,26.2,,
1969-03-20,30.1,23.5,26.6,,
1969-03-21,30.3,23.7,26.9,,
1969-03-22,30.2,23.8,26.2,,
1969-03-23,29.3,23.5,26.0,,
1969-03-24,28.8,23.8,25.9,,
1969-03-25,30.8,24.2,26.6,,
1969-03-26,29.4,23.9,26.2,,
1969-03-27,28.9,24.0,26.4,,
1969-03-28,28.9,24.1,26.0,,
1969-03-29,30.2,23.7,26.5,,
1969-03-30,30.3,24.7,26.7,,
1969-03-31,29.8,23.6,26.2,,
1969-04-01,30.8,24.0,26.6,,
1969-04-02,30.0,23.6,26.5,,
1969-04-03,29.7,23.4,25.9,,
1969-04-04,28.9,23.7,25.9,,
1969-04-05,29.0,23.5,25.7,,
1969-04-06,28.6,23.9,25.5,,
1969-04-07,28.5,23.2,25.4,,
1969-04-08,28.8,23.5,26.1,,
1969-04-09,29.4,24.0,26.5,,
1969-04-10,29.1,23.3,25.9,,
1969-04-11,29.0,23.5,25.8,,
1969-04-12,28.8,23.2,25.8,,
1969-04-13,30.0,23.4,26.2,,
1969-04-14,29.9,22.7,26.1,,
1969-04-15,29.7,22.4,26.1,,
1969-04-16,30.4,22.9,26.9,,
1969-04-17,30.9,23.7,27.2,,
1969-04-18,30.1,23.2,26.7,,
1969-04-19,29.8,23.5,26.5,,
1969-04-20,29.3,23.9,26.2,,
1969-04-21,29.2,23.5,26.1,,
1969-04-22,29.1,23.4,26.0,,
1969-04-23,28.4,23.8,25.7,,
1969-04-24,29.3,23.0,26.1,,
1969-04-25,29.7,23.5,26.3,,
1969-04-26,29.3,23.6,26.3,,
1969-04-27,29.9,23.0,26.4,,
1969-04-28,29.8,23.7,26.5,,
1969-04-29,29.6,23.9,26.5,,
1969-04-30,30.5,22.7,26.6,,
1969-05-01,30.8,23.9,27.1,,
1969-05-02,30.1,23.8,27.0,,
1969-05-03,28.3,24.3,26.3,,
1969-05-04,28.8,23.5,26.1,,
1969-05-05,30.0,23.7,26.5,,
1969-05-06,30.2,24.2,26.8,,
1969-05-07,29.6,24.4,26.3,,
1969-05-08,29.4,23.6,26.4,,
1969-05-09,30.5,22.6,26.6,,
1969-05-10,30.5,22.0,26.4,,
1969-05-11,30.6,22.9,26.9,,
1969-05-12,30.1,23.6,27.0,,
1969-05-13,29.9,23.6,26.6,,
1969-05-14,29.3,23.9,26.4,,
1969-05-15,29.6,24.2,26.7,,
1969-05-16,30.3,24.0,27.1,,
1969-05-17,29.1,24.5,26.2,,
1969-05-18,30.3,23.3,26.5,,
1969-05-19,30.7,23.3,26.8,,
1969-05-20,30.3,24.4,27.0,,
1969-05-21,30.9,23.0,27.1,,
1969-05-22,31.4,23.0,27.4,,
1969-05-23,30.4,24.1,27.1,,
1969-05-24,30.4,23.9,27.0,,
1969-05-25,31.0,22.0,26.9,,
1969-05-26,30.7,24.1,27.1,,
1969-05-27,30.5,23.8,26.3,,
1969-05-28,29.4,23.5,26.3,,
1969-05-29,30.0,23.3,26.0,,
1969-05-30,28.6,23.2,26.0,,
1969-05-31,30.1,23.1,26.3,,
1969-06-01,30.0,23.3,26.4,,
1969-06-02,30.3,23.6,26.6,,
1969-06-03,30.0,23.7,26.3,,
1969-06-04,29.5,23.1,26.0,,
1969-06-05,29.5,23.6,26.0,,
1969-06-06,28.5,23.5,26.0,,
1969-06-07,28.6,23.8,25.8,,
1969-06-08,29.4,23.0,25.9,,
1969-06-09,28.3,23.9,25.9,,
1969-06-10,28.9,23.7,25.6,,
1969-06-11,29.0,23.8,26.2,,
1969-06-12,29.8,23.5,26.3,,
1969-06-13,29.7,23.5,26.5,,
1969-06-14,30.2,22.2,26.1,,
1969-06-15,29.9,23.2,26.0,,
1969-06-16,29.4,22.6,25.5,,
1969-06-17,30.1,22.1,26.0,,
1969-06-18,30.3,22.0,26.1,,
1969-06-19,30.2,21.7,26.0,,
1969-06-20,30.1,20.9,25.6,,
1969-06-21,30.9,21.9,26.3,,
1969-06-22,29.4,23.1,26.2,,
1969-06-23,30.5,23.1,26.6,,
1969-06-24,29.5,22.2,26.2,,
1969-06-25,30.7,23.3,26.8,,
1969-06-26,30.0,23.6,26.7,,
1969-06-27,30.5,23.8,26.9,,
1969-06-28,30.7,22.9,26.5,,
1969-06-29,30.7,20.8,26.0,,
1969-06-30,30.8,22.3,26.6,,
1969-07-01,31.1,23.1,27.0,,
1969-07-02,30.7,23.6,26.3,,
1969-07-03,30.0,23.4,26.4,,
1969-07-04,29.8,22.2,26.0,,
1969-07-05,30.3,23.1,26.7,,
1969-07-06,30.9,23.1,26.9,,
1969-07-07,30.1,23.0,26.5,,
1969-07-08,30.3,22.6,26.3,,
1969-07-09,30.3,23.0,26.5,,
1969-07-10,29.6,22.7,26.1,,
1969-07-11,30.1,23.5,26.5,,
1969-07-12,30.4,23.6,26.6,,
1969-07-13,30.4,22.0,26.1,,
1969-07-14,30.5,21.4,26.2,,
1969-07-15,30.9,22.3,26.7,,
1969-07-16,31.0,23.4,26.9,,
1969-07-17,30.9,23.2,26.2,,
1969-07-18,30.4,22.5,26.2,,
1969-07-19,30.2,22.5,26.4,,
1969-07-20,30.5,22.4,26.3,,
1969-07-21,30.9,22.6,26.6,,
1969-07-22,30.7,23.8,26.9,,
1969-07-23,30.6,22.6,26.6,,
1969-07-24,30.7,22.0,26.3,,
1969-07-25,31.3,22.3,26.5,,
1969-07-26,31.1,22.6,26.8,,
1969-07-27,32.0,22.7,26.9,,
1969-07-28,31.6,22.6,26.9,,
1969-07-29,31.0,21.8,26.3,,
1969-07-30,31.6,21.9,26.8,,
1969-07-31,32.1,22.2,27.0,,
1969-08-01,31.6,23.2,26.9,,
1969-08-02,32.2,23.0,27.2,,
1969-08-03,30.8,22.5,26.8,,
1969-08-04,30.8,22.6,26.7,,
1969-08-05,31.3,21.5,26.4,,
1969-08-06,31.7,22.2,26.8,,
1969-08-07,32.4,23.4,27.3,,
1969-08-08,31.1,22.3,26.5,,
1969-08-09,31.7,22.2,26.9,,
1969-08-10,31.0,22.2,26.8,,
1969-08-11,31.2,23.3,27.0,,
1969-08-12,31.1,23.3,26.8,,
1969-08-13,31.4,23.9,27.1,,
1969-08-14,31.3,22.6,26.8,,
1969-08-15,31.9,23.5,27.5,,
1969-08-16,32.0,24.5,27.9,,
1969-08-17,32.6,23.1,27.5,,
1969-08-18,32.7,23.2,27.5,,
1969-08-19,32.2,24.1,27.9,,
1969-08-20,31.7,24.0,27.5,,
1969-08-21,29.9,24.0,26.1,,
1969-08-22,31.1,23.4,26.7,,
1969-08-23,30.9,24.3,27.2,,
1969-08-24,30.7,23.5,26.6,,
1969-08-25,30.6,23.0,26.4,,
1969-08-26,30.2,22.9,26.6,,
1969-08-27,31.5,23.2,27.0,,
1969-08-28,31.1,22.6,27.0,,
1969-08-29,31.6,23.0,27.2,,
1969-08-30,30.8,24.2,26.8,,
1969-08-31,31.2,23.1,26.8,,
1969-09-01,31.7,23.4,26.8,,
1969-09-02,31.0,22.5,26.6,,
1969-09-03,31.7,22.7,27.3,,
1969-09-04,32.4,23.7,27.7,,
1969-09-05,31.2,23.6,26.9,,
1969-09-06,30.2,23.1,26.2,,
1969-09-07,30.9,23.3,26.5,,
1969-09-08,31.9,24.1,27.7,,
1969-09-09,30.0,24.7,27.0,,
1969-09-10,30.2,23.8,26.4,,
1969-09-11,30.2,23.3,26.6,,
1969-09-12,30.8,23.7,26.7,,
1969-09-13,30.4,23.7,26.5,,
1969-09-14,30.7,23.9,26.6,,
1969-09-15,30.2,24.2,26.9,,
1969-09-16,31.5,24.7,27.4,,
1969-09-17,30.9,24.2,27.1,,
1969-09-18,31.5,23.7,27.2,,
1969-09-19,31.8,23.4,27.4,,
1969-09-20,31.3,23.8,27.6,,
1969-09-21,32.6,23.6,28.0,,
1969-09-22,31.9,23.7,27.6,,
1969-09-23,30.5,23.4,26.5,,
1969-09-24,29.2,22.4,25.5,,
1969-09-25,29.8,22.1,25.9,,
1969-09-26,31.2,23.0,26.9,,
1969-09-27,30.5,23.7,26.4,,
1969-09-28,30.3,23.4,26.5,,
1969-09-29,31.0,23.6,26.9,,
1969-09-30,31.5,25.1,27.6,,
1969-10-01,31.2,23.2,27.4,,
1969-10-02,30.6,23.8,26.9,,
1969-10-03,30.8,23.3,27.1,,
1969-10-04,30.0,23.9,26.7,,
1969-10-05,30.7,23.0,26.3,,
1969-10-06,30.5,23.4,27.0,,
1969-10-07,30.2,24.7,27.4,,
1969-10-08,32.4,24.2,27.9,,
1969-10-09,32.1,22.4,27.5,,
1969-10-10,32.5,23.4,27.7,,
1969-10-11,31.5,24.1,27.4,,
1969-10-12,32.1,23.1,27.5,,
1969-10-13,32.1,23.9,27.6,,
1969-10-14,32.9,23.7,27.9,,
1969-10-15,32.4,23.6,27.9,,
1969-10-16,32.8,23.5,27.7,,
1969-10-17,33.1,23.8,28.2,,
1969-10-18,32.9,23.2,27.9,,
1969-10-19,32.9,23.4,28.1,,
1969-10-20,31.9,23.7,27.7,,
1969-10-21,31.6,24.1,27.7,,
1969-10-22,32.1,24.0,27.4,,
1969-10-23,31.9,23.6,27.2,,
1969-10-24,30.5,23.8,26.1,,
1969-10-25,29.4,23.8,26.2,,
1969-10-26,29.5,23.4,26.0,,
1969-10-27,29.7,23.0,25.7,,
1969-10-28,29.0,23.1,25.5,,
1969-10-29,30.1,22.6,26.0,,
1969-10-30,29.7,23.8,26.0,,
1969-10-31,30.2,23.5,26.5,,
1969-11-01,30.4,23.5,26.6,,
1969-11-02,30.5,24.0,26.5,,
1969-11-03,29.3,24.0,26.1,,
1969-11-04,29.8,23.1,26.2,,
1969-11-05,30.0,23.2,26.2,,
1969-11-06,29.6,23.5,25.8,,
1969-11-07,30.3,23.3,26.3,,
1969-11-08,30.4,22.9,26.4,,
1969-11-09,31.0,23.7,27.2,,
1969-11-10,30.9,22.9,26.5,,
1969-11-11,29.6,23.8,26.4,,
1969-11-12,30.5,23.2,26.1,,
1969-11-13,30.9,22.9,26.4,,
1969-11-14,31.0,23.5,26.3,,
1969-11-15,31.5,23.6,27.1,,
1969-11-16,30.7,23.4,27.3,,
1969-11-17,31.6,22.9,27.3,,
1969-11-18,31.5,23.9,27.2,,
1969-11-19,31.4,23.1,27.3,,
1969-11-20,31.6,24.2,27.6,,
1969-11-21,31.5,23.9,27.6,,
1969-11-22,31.2,23.3,27.3,,
1969-11-23,31.1,24.0,27.2,,
1969-11-24,31.4,23.9,27.1,,
1969-11-25,30.1,23.9,26.6,,
1969-11-26,29.7,23.4,26.4,,
1969-11-27,29.6,23.2,26.2,,
1969-11-28,31.7,23.3,27.1,,
1969-11-29,31.4,23.9,27.3,,
1969-11-30,30.9,24.0,26.8,,
1969-12-01,30.4,23.2,26.6,,
1969-12-02,31.2,23.3,27.1,,
1969-12-03,30.7,23.8,27.2,,
1969-12-04,29.8,23.6,26.7,,
1969-12-05,29.9,23.6,26.6,,
1969-12-06,30.4,23.4,26.3,,
1969-12-07,28.7,24.0,26.1,,
1969-12-08,30.0,23.3,26.3,,
1969-12-09,29.2,23.0,25.9,,
1969-12-10,30.5,23.0,26.4,,
1969-12-11,29.1,23.7,26.2,,
1969-12-12,30.5,23.3,26.6,,
1969-12-13,29.5,23.6,26.4,,
1969-12-14,30.5,22.6,26.5,,
1969-12-15,28.5,23.9,26.0,,
1969-12-16,29.0,23.4,25.9,,
1969-12-17,27.7,23.2,25.5,,
1969-12-18,27.5,23.9,25.2,,
1969-12-19,26.7,23.4,24.9,,
1969-12-20,28.0,23.4,25.4,,
1969-12-21,28.7,22.5,25.3,,
1969-12-22,28.4,22.8,25.4,,
1969-12-23,29.1,22.4,25.5,,
1969-12-24,30.2,22.4,25.8,,
1969-12-25,30.8,22.4,26.4,,
1969-12-26,31.3,22.6,26.7,,
1969-12-27,31.5,22.7,26.8,,
1969-12-28,30.5,23.2,26.5,,
1969-12-29,29.7,23.3,26.3,,
1969-12-30,31.2,24.1,27.0,,
1969-12-31,31.9,21.2,27.0,,
1970-01-01,30.7,22.9,26.5,,
1970-01-02,29.1,23.0,26.3,,
1970-01-03,30.4,23.3,26.5,,
1970-01-04,30.8,23.9,26.8,,
1970-01-05,30.1,23.2,26.5,,
1970-01-06,28.6,23.7,25.9,,
1970-01-07,30.9,23.2,26.4,,
1970-01-08,29.6,23.1,26.0,,
1970-01-09,28.2,23.3,25.3,,
1970-01-10,28.4,23.4,25.6,,
1970-01-11,28.3,23.4,25.8,,
1970-01-12,29.8,22.9,25.9,,
1970-01-13,29.3,22.9,26.0,,
1970-01-14,29.2,22.8,25.3,,
1970-01-15,28.1,23.0,25.3,,
1970-01-16,28.5,23.5,25.4,,
1970-01-17,28.5,22.7,25.6,,
1970-01-18,27.6,23.3,25.1,,
1970-01-19,27.1,22.8,24.6,,
1970-01-20,27.0,23.0,24.8,,
1970-01-21,28.2,22.9,25.2,,
1970-01-22,27.9,23.1,25.1,,
1970-01-23,27.8,23.0,25.3,,
1970-01-24,27.0,22.8,24.9,,
1970-01-25,29.5,22.7,26.0,,
1970-01-26,28.7,22.9,25.6,,
1970-01-27,28.3,23.4,25.9,,
1970-01-28,28.6,23.4,25.4,,
1970-01-29,28.2,23.8,25.7,,
1970-01-30,29.9,24.2,26.2,,
1970-01-31,28.2,23.5,25.2,,
1970-02-01,27.6,23.4,25.4,,
1970-02-02,28.2,22.9,25.5,,
1970-02-03,27.9,23.9,25.7,,
1970-02-04,28.1,23.2,25.6,,
1970-02-05,28.4,23.6,25.7,,
1970-02-06,28.2,23.7,25.5,,
1970-02-07,27.7,23.2,25.3,,
1970-02-08,26.9,23.3,25.0,,
1970-02-09,28.5,23.0,25.4,,
1970-02-10,27.4,23.2,25.3,,
1970-02-11,28.3,23.1,25.4,,
1970-02-12,28.3,23.6,25.9,,
1970-02-13,29.2,23.8,26.3,,
1970-02-14,29.2,24.3,26.5,,
1970-02-15,28.4,23.8,26.0,,
1970-02-16,28.3,23.3,25.3,,
1970-02-17,28.9,22.6,25.5,,
1970-02-18,28.5,22.5,25.7,,
1970-02-19,29.2,23.4,26.0,,
1970-02-20,28.9,23.8,25.7,,
1970-02-21,28.8,23.2,26.0,,
1970-02-22,29.5,23.7,25.9,,
1970-02-23,30.0,23.1,26.1,,
1970-02-24,29.3,23.7,25.9,,
1970-02-25,29.4,23.2,26.1,,
1970-02-26,29.2,23.6,26.2,,
1970-02-27,29.5,23.3,26.2,,
1970-02-28,29.7,23.2,26.3,,
1970-03-01,29.1,23.9,26.0,,
1970-03-02,27.6,23.3,25.2,,
1970-03-03,29.1,23.3,25.7,,
1970-03-04,28.8,23.1,25.9,,
1970-03-05,27.8,23.0,25.3,,
1970-03-06,27.8,23.3,24.9,,
1970-03-07,29.5,23.2,26.1,,
1970-03-08,29.3,22.9,26.0,,
1970-03-09,29.7,23.4,25.6,,
1970-03-10,29.3,22.7,25.7,,
1970-03-11,29.4,23.2,25.9,,
1970-03-12,28.1,23.4,25.5,,
1970-03-13,29.4,23.6,26.1,,
1970-03-14,29.5,23.5,26.1,,
1970-03-15,30.3,22.6,25.8,,
1970-03-16,29.1,23.9,25.8,,
1970-03-17,29.5,23.1,26.0,,
1970-03-18,29.1,23.4,26.0,,
1970-03-19,27.8,23.6,25.3,,
1970-03-20,28.3,23.7,25.8,,
1970-03-21,30.0,23.9,26.1,,
1970-03-22,30.3,23.8,26.5,,
1970-03-23,30.0,23.7,26.7,,
1970-03-24,30.3,23.6,26.6,,
1970-03-25,29.3,23.6,25.8,,
1970-03-26,30.2,23.3,26.2,,
1970-03-27,31.0,23.0,26.8,,
1970-03-28,31.8,23.7,27.4,,
1970-03-29,30.2,23.5,26.9,,
1970-03-30,29.7,23.3,26.3,,
1970-03-31,29.0,23.7,25.8,,
1970-04-01,28.9,23.9,25.8,,
1970-04-02,28.8,23.0,25.3,,
1970-04-03,29.5,22.6,25.6,,
1970-04-04,29.3,23.1,25.7,,
1970-04-05,29.4,22.9,25.8,,
1970-04-06,29.4,23.4,25.8,,
1970-04-07,29.6,23.5,25.9,,
1970-04-08,28.2,23.1,25.3,,
1970-04-09,26.8,23.4,24.7,,
1970-04-10,28.2,23.1,25.4,,
1970-04-11,29.1,22.8,25.6,,
1970-04-12,28.7,22.9,25.7,,
1970-04-13,27.9,23.4,25.3,,
1970-04-14,28.4,23.5,25.4,,
1970-04-15,29.6,23.6,26.2,,
1970-04-16,30.2,23.3,26.1,,
1970-04-17,30.1,22.9,25.9,,
1970-04-18,30.1,23.8,26.4,,
1970-04-19,29.8,24.0,26.4,,
1970-04-20,30.4,24.0,26.6,,
1970-04-21,30.0,24.1,26.3,,
1970-04-22,28.8,24.5,25.9,,
1970-04-23,28.5,24.0,25.8,,
1970-04-24,26.9,23.9,25.0,,
1970-04-25,29.8,23.5,26.2,,
1970-04-26,30.8,22.9,26.7,,
1970-04-27,29.0,23.8,26.5,,
1970-04-28,30.7,23.4,26.8,,
1970-04-29,29.1,23.6,26.0,,
1970-04-30,29.4,23.9,26.1,,
1970-05-01,29.2,23.6,25.9,,
1970-05-02,27.7,23.4,25.6,,
1970-05-03,28.5,24.0,25.6,,
1970-05-04,29.3,23.6,26.1,,
1970-05-05,29.2,24.9,26.3,,
1970-05-06,29.7,24.4,26.4,,
1970-05-07,30.6,24.0,26.5,,
1970-05-08,28.3,23.1,25.4,,
1970-05-09,29.1,22.5,25.8,,
1970-05-10,29.4,23.3,25.9,,
1970-05-11,29.1,22.9,25.5,,
1970-05-12,30.1,22.2,25.9,,
1970-05-13,29.7,23.1,25.8,,
1970-05-14,28.9,23.4,25.9,,
1970-05-15,28.2,23.7,25.4,,
1970-05-16,27.1,23.1,24.8,,
1970-05-17,28.1,23.4,25.5,,
1970-05-18,29.2,24.0,26.1,,
1970-05-19,29.4,22.5,25.7,,
1970-05-20,29.7,22.8,25.7,,
1970-05-21,29.0,22.4,25.9,,
1970-05-22,29.3,23.2,26.2,,
1970-05-23,29.5,23.2,26.1,,
1970-05-24,29.7,23.1,26.3,,
1970-05-25,29.3,23.0,26.2,,
1970-05-26,30.0,23.5,26.2,,
1970-05-27,29.3,22.9,26.0,,
1970-05-28,28.0,23.5,25.5,,
1970-05-29,28.9,23.4,25.7,,
1970-05-30,28.5,23.3,25.7,,
1970-05-31,28.6,23.2,25.5,,
1970-06-01,28.0,23.6,25.4,,
1970-06-02,28.0,23.3,25.4,,
1970-06-03,29.8,23.2,26.0,,
1970-06-04,27.0,23.2,24.9,,
1970-06-05,28.8,22.8,25.4,,
1970-06-06,29.4,23.2,26.0,,
1970-06-07,29.4,24.3,26.3,,
1970-06-08,29.1,23.7,26.0,,
1970-06-09,29.7,23.4,26.4,,
1970-06-10,29.5,23.0,26.0,,
1970-06-11,29.3,22.5,25.6,,
1970-06-12,29.7,23.4,26.1,,
1970-06-13,29.9,22.7,26.5,,
1970-06-14,29.7,23.4,26.4,,
1970-06-15,28.2,23.9,25.4,,
1970-06-16,27.3,23.7,25.3,,
1970-06-17,30.2,22.6,26.3,,
1970-06-18,29.7,22.8,26.4,,
1970-06-19,29.6,22.6,26.2,,
1970-06-20,29.2,21.7,25.7,,
1970-06-21,29.2,22.5,25.9,,
1970-06-22,30.0,22.6,26.2,,
1970-06-23,29.7,22.7,25.7,,
1970-06-24,28.6,23.0,25.7,,
1970-06-25,29.3,22.7,25.7,,
1970-06-26,28.1,22.7,25.4,,
1970-06-27,29.3,22.8,25.5,,
1970-06-28,29.2,23.2,25.7,,
1970-06-29,29.7,22.7,26.1,,
1970-06-30,29.5,21.6,25.5,,
1970-07-01,29.3,22.0,25.8,,
1970-07-02,29.7,23.0,26.1,,
1970-07-03,29.6,21.8,25.6,,
1970-07-04,29.7,21.3,25.6,,
1970-07-05,28.3,22.9,25.7,,
1970-07-06,29.5,22.7,25.4,,
1970-07-07,29.5,23.0,25.5,,
1970-07-08,29.5,22.0,25.2,,
1970-07-09,29.8,22.9,26.2,,
1970-07-10,29.8,23.4,26.6,,
1970-07-11,29.6,22.5,26.3,,
1970-07-12,30.3,22.7,26.5,,
1970-07-13,30.2,22.3,26.3,,
1970-07-14,29.9,22.7,26.2,,
1970-07-15,30.5,22.5,26.4,,
1970-07-16,31.0,22.5,26.7,,
1970-07-17,29.7,23.7,26.8,,
1970-07-18,30.1,22.9,25.8,,
1970-07-19,27.7,23.1,24.8,,
1970-07-20,28.4,22.9,25.1,,
1970-07-21,28.9,23.0,25.5,,
1970-07-22,29.4,21.9,25.5,,
1970-07-23,29.1,23.1,25.3,,
1970-07-24,28.6,21.7,25.0,,
1970-07-25,28.7,21.7,25.2,,
1970-07-26,29.0,22.3,25.3,,
1970-07-27,28.3,22.6,25.4,,
1970-07-28,29.2,22.2,25.1,,
1970-07-29,29.7,21.0,25.2,,
1970-07-30,29.3,22.4,25.6,,
1970-07-31,29.6,20.8,25.2,,
1970-08-01,29.2,21.6,25.5,,
1970-08-02,29.2,22.5,25.8,,
1970-08-03,29.8,22.6,26.1,,
1970-08-04,30.2,21.7,25.9,,
1970-08-05,30.5,23.3,26.5,,
1970-08-06,29.8,21.6,25.9,,
1970-08-07,28.8,22.6,25.3,,
1970-08-08,28.9,22.6,25.6,,
1970-08-09,29.5,22.0,25.9,,
1970-08-10,29.8,22.8,26.1,,
1970-08-11,29.6,22.8,25.9,,
1970-08-12,29.2,22.5,25.4,,
1970-08-13,29.8,22.3,25.5,,
1970-08-14,28.3,22.9,25.1,,
1970-08-15,29.4,22.3,25.7,,
1970-08-16,29.7,22.2,25.7,,
1970-08-17,29.7,22.0,25.6,,
1970-08-18,30.1,21.7,25.8,,
1970-08-19,29.8,23.2,26.0,,
1970-08-20,30.3,22.3,26.1,,
1970-08-21,30.5,21.7,25.9,,
1970-08-22,30.7,23.3,26.6,,
1970-08-23,29.2,22.6,26.3,,
1970-08-24,29.4,22.6,25.8,,
1970-08-25,29.5,22.0,25.5,,
1970-08-26,30.6,23.2,26.2,,
1970-08-27,30.7,22.9,26.4,,
1970-08-28,30.7,22.3,26.4,,
1970-08-29,30.4,22.0,26.1,,
1970-08-30,30.2,20.4,25.5,,
1970-08-31,30.7,20.7,25.7,,
1970-09-01,30.7,23.0,26.5,,
1970-09-02,30.7,22.8,26.8,,
1970-09-03,31.3,21.5,26.7,,
1970-09-04,31.2,22.1,26.5,,
1970-09-05,31.6,23.0,27.0,,
1970-09-06,31.8,23.4,27.3,,
1970-09-07,31.4,23.5,27.0,,
1970-09-08,29.6,23.6,26.1,,
1970-09-09,30.2,23.1,26.0,,
1970-09-10,29.9,22.7,26.0,,
1970-09-11,30.8,22.0,26.5,,
1970-09-12,30.8,21.7,26.5,,
1970-09-13,31.2,21.7,26.5,,
1970-09-14,29.1,23.4,26.3,,
1970-09-15,30.2,23.4,26.1,,
1970-09-16,29.2,23.3,26.1,,
1970-09-17,30.4,23.3,26.5,,
1970-09-18,30.1,22.9,26.2,,
1970-09-19,29.2,22.9,25.5,,
1970-09-20,28.7,22.8,24.8,,
1970-09-21,29.0,22.4,25.3,,
1970-09-22,29.0,22.9,25.3,,
1970-09-23,29.6,22.7,25.6,,
1970-09-24,28.9,22.7,25.4,,
1970-09-25,30.1,22.9,26.0,,
1970-09-26,30.6,23.4,26.6,,
1970-09-27,30.4,23.1,26.6,,
1970-09-28,30.6,23.1,26.6,,
1970-09-29,31.1,22.6,26.8,,
1970-09-30,31.7,23.6,27.3,,
1970-10-01,32.2,23.2,27.5,,
1970-10-02,31.7,23.0,27.3,,
1970-10-03,33.0,23.4,27.9,,
1970-10-04,31.5,23.6,26.9,,
1970-10-05,31.3,23.8,27.1,,
1970-10-06,30.7,24.0,26.8,,
1970-10-07,30.8,23.0,26.4,,
1970-10-08,29.0,23.7,25.6,,
1970-10-09,28.6,22.9,25.6,,
1970-10-10,30.2,22.7,26.1,,
1970-10-11,30.8,23.9,26.9,,
1970-10-12,31.6,23.2,26.9,,
1970-10-13,31.2,23.2,27.0,,
1970-10-14,30.4,23.3,26.9,,
1970-10-15,30.7,23.9,27.0,,
1970-10-16,31.9,24.9,27.9,,
1970-10-17,32.7,22.9,27.8,,
1970-10-18,31.5,23.7,27.6,,
1970-10-19,31.1,23.8,27.0,,
1970-10-20,31.2,23.8,26.5,,
1970-10-21,30.0,23.4,26.0,,
1970-10-22,31.2,23.7,26.6,,
1970-10-23,30.9,24.5,27.3,,
1970-10-24,31.1,23.6,26.4,,
1970-10-25,30.0,23.1,26.3,,
1970-10-26,30.2,22.8,26.2,,
1970-10-27,29.0,23.5,25.7,,
1970-10-28,30.5,22.5,26.0,,
1970-10-29,31.6,23.4,26.7,,
1970-10-30,31.3,23.7,27.2,,
1970-10-31,31.3,24.2,27.2,,
1970-11-01,31.9,23.7,27.2,,
1970-11-02,30.9,24.0,26.9,,
1970-11-03,30.1,23.9,26.2,,
1970-11-04,29.4,23.3,26.0,,
1970-11-05,28.4,23.2,25.7,,
1970-11-06,27.9,23.6,25.4,,
1970-11-07,30.2,22.9,25.7,,
1970-11-08,29.4,23.4,26.2,,
1970-11-09,30.4,23.2,26.5,,
1970-11-10,30.4,23.8,26.7,,
1970-11-11,29.6,22.9,26.0,,
1970-11-12,29.9,23.5,26.5,,
1970-11-13,27.9,23.5,25.6,,
1970-11-14,29.4,23.1,25.7,,
1970-11-15,28.2,22.7,25.3,,
1970-11-16,28.6,22.8,25.5,,
1970-11-17,28.9,23.3,25.7,,
1970-11-18,29.3,23.0,25.8,,
1970-11-19,29.5,22.7,25.8,,
1970-11-20,29.5,23.1,25.9,,
1970-11-21,30.1,23.0,26.2,,
1970-11-22,29.6,22.6,25.6,,
1970-11-23,29.0,22.8,25.8,,
1970-11-24,30.2,23.1,26.5,,
1970-11-25,29.6,23.8,26.3,,
1970-11-26,29.9,23.8,26.2,,
1970-11-27,28.9,23.2,25.5,,
1970-11-28,28.6,22.8,25.6,,
1970-11-29,28.1,22.9,25.3,,
1970-11-30,29.5,22.9,25.9,,
1970-12-01,30.0,23.4,26.4,,
1970-12-02,29.7,23.8,26.3,,
1970-12-03,30.2,24.1,26.2,,
1970-12-04,31.1,23.5,26.7,,
1970-12-05,29.6,23.8,25.8,,
1970-12-06,27.3,23.4,24.9,,
1970-12-07,28.2,23.1,25.1,,
1970-12-08,28.8,23.1,25.7,,
1970-12-09,28.6,23.3,25.7,,
1970-12-10,29.9,23.1,25.9,,
1970-12-11,29.2,23.5,26.0,,
1970-12-12,29.7,23.4,26.1,,
1970-12-13,27.5,23.0,25.1,,
1970-12-14,27.6,23.9,25.5,,
1970-12-15,29.3,23.7,25.7,,
1970-12-16,29.6,22.2,25.7,,
1970-12-17,29.2,23.2,25.1,,
1970-12-18,28.3,22.3,24.7,,
1970-12-19,27.9,22.8,25.0,,
1970-12-20,27.2,22.9,24.6,,
1970-12-21,27.9,22.9,25.3,,
1970-12-22,28.6,23.3,25.9,,
1970-12-23,29.4,23.2,25.6,,
1970-12-24,29.4,23.0,25.4,,
1970-12-25,27.7,23.4,25.1,,
1970-12-26,29.9,23.0,26.0,,
1970-12-27,29.6,23.1,25.8,,
1970-12-28,28.9,23.1,25.5,,
1970-12-29,28.6,23.3,25.6,,
1970-12-30,29.6,22.2,25.8,,
1970-12-31,29.2,23.4,25.5,,
1971-01-01,28.8,23.5,25.7,,
1971-01-02,28.8,23.2,25.5,,
1971-01-03,28.0,22.6,25.3,,
1971-01-04,29.2,22.7,25.6,,
1971-01-05,28.2,23.2,25.6,,
1971-01-06,29.0,23.0,25.6,,
1971-01-07,28.9,23.1,25.3,,
1971-01-08,27.9,23.1,25.1,,
1971-01-09,27.8,22.4,25.1,,
1971-01-10,27.4,22.4,24.9,,
1971-01-11,28.4,22.8,25.4,,
1971-01-12,28.4,23.4,25.1,,
1971-01-13,28.3,23.1,25.1,,
1971-01-14,27.5,22.9,24.8,,
1971-01-15,27.3,22.7,24.6,,
1971-01-16,27.5,22.3,24.6,,
1971-01-17,28.1,21.8,24.8,,
1971-01-18,28.5,22.9,25.0,,
1971-01-19,29.0,22.8,25.5,,
1971-01-20,28.3,23.2,25.5,,
1971-01-21,28.2,23.0,25.4,,
1971-01-22,28.8,22.6,25.4,,
1971-01-23,28.2,23.0,25.5,,
1971-01-24,28.2,23.1,25.3,,
1971-01-25,27.7,22.9,25.0,,
1971-01-26,25.9,22.8,24.1,,
1971-01-27,25.3,22.6,23.6,,
1971-01-28,26.8,21.7,24.0,,
1971-01-29,27.8,22.1,24.8,,
1971-01-30,27.8,22.0,24.5,,
1971-01-31,26.7,22.8,24.4,,
1971-02-01,27.3,23.3,24.7,,
1971-02-02,27.6,23.1,24.8,,
1971-02-03,28.1,22.7,25.2,,
1971-02-04,27.5,22.7,24.8,,
1971-02-05,26.7,22.8,24.4,,
1971-02-06,26.9,22.1,24.3,,
1971-02-07,26.9,22.3,24.6,,
1971-02-08,27.6,22.8,25.0,,
1971-02-09,27.9,22.7,24.8,,
1971-02-10,27.1,22.5,24.3,,
1971-02-11,27.2,22.9,24.5,,
1971-02-12,27.1,22.5,24.4,,
1971-02-13,27.6,22.5,24.7,,
1971-02-14,26.4,22.4,24.4,,
1971-02-15,28.0,22.7,25.3,,
1971-02-16,28.0,23.3,25.4,,
1971-02-17,28.6,22.3,25.2,,
1971-02-18,27.6,22.5,25.1,,
1971-02-19,28.9,22.7,25.9,,
1971-02-20,27.9,23.5,25.7,,
1971-02-21,29.3,23.4,26.0,,
1971-02-22,28.0,23.7,25.4,,
1971-02-23,26.2,23.1,24.4,,
1971-02-24,24.7,22.9,23.6,,
1971-02-25,27.5,22.7,24.6,,
1971-02-26,29.0,22.2,25.3,,
1971-02-27,27.9,22.5,25.0,,
1971-02-28,29.0,22.6,25.4,,
1971-03-01,29.9,22.5,25.9,,
1971-03-02,30.1,23.1,26.0,,
1971-03-03,29.0,23.5,25.6,,
1971-03-04,28.7,23.5,25.7,,
1971-03-05,27.6,23.2,24.9,,
1971-03-06,28.7,22.4,25.0,,
1971-03-07,27.8,22.9,24.7,,
1971-03-08,27.8,23.0,24.9,,
1971-03-09,28.7,22.2,25.3,,
1971-03-10,27.8,21.6,24.7,,
1971-03-11,28.1,21.9,24.7,,
1971-03-12,28.0,22.6,25.2,,
1971-03-13,28.0,22.8,25.2,,
1971-03-14,28.5,22.9,25.1,,
1971-03-15,27.3,22.4,24.8,,
1971-03-16,28.6,22.6,25.4,,
1971-03-17,28.4,22.6,25.0,,
1971-03-18,29.1,23.6,25.9,,
1971-03-19,29.2,23.4,26.0,,
1971-03-20,29.6,23.6,26.2,,
1971-03-21,30.3,22.8,26.1,,
1971-03-22,30.8,20.8,25.9,,
1971-03-23,30.3,22.8,25.9,,
1971-03-24,29.8,23.3,26.1,,
1971-03-25,29.7,23.4,26.2,,
1971-03-26,29.1,23.2,26.0,,
1971-03-27,27.7,23.5,25.3,,
1971-03-28,28.6,22.9,25.2,,
1971-03-29,28.6,22.5,25.3,,
1971-03-30,29.2,23.2,26.0,,
1971-03-31,29.6,22.8,25.8,,
1971-04-01,29.2,23.0,25.6,,
1971-04-02,30.0,22.8,25.8,,
1971-04-03,30.2,23.1,25.9,,
1971-04-04,28.5,22.7,25.3,,
1971-04-05,28.9,22.6,25.5,,
1971-04-06,29.8,22.0,25.6,,
1971-04-07,29.2,22.7,25.6,,
1971-04-08,28.7,22.5,25.6,,
1971-04-09,29.1,22.5,25.5,,
1971-04-10,29.2,22.6,25.4,,
1971-04-11,28.3,22.6,25.4,,
1971-04-12,27.9,23.0,25.5,,
1971-04-13,28.9,23.2,25.6,,
1971-04-14,29.5,22.7,25.8,,
1971-04-15,28.4,23.0,25.8,,
1971-04-16,28.9,22.6,25.7,,
1971-04-17,29.3,22.9,26.0,,
1971-04-18,29.4,22.7,25.9,,
1971-04-19,28.5,22.8,25.3,,
1971-04-20,28.9,22.7,25.7,,
1971-04-21,30.1,22.5,26.2,,
1971-04-22,30.1,23.6,26.6,,
1971-04-23,30.3,23.0,26.3,,
1971-04-24,30.2,23.1,26.2,,
1971-04-25,29.7,23.1,26.4,,
1971-04-26,29.8,23.2,26.4,,
1971-04-27,30.1,23.0,26.3,,
1971-04-28,29.3,22.9,25.8,,
1971-04-29,28.9,22.3,25.7,,
1971-04-30,30.4,23.0,26.2,,
1971-05-01,29.8,23.5,26.2,,
1971-05-02,29.4,22.9,25.9,,
1971-05-03,30.8,23.5,26.4,,
1971-05-04,29.8,23.6,26.6,,
1971-05-05,29.9,24.3,26.5,,
1971-05-06,30.4,22.5,26.4,,
1971-05-07,30.1,24.5,27.0,,
1971-05-08,30.8,22.9,26.7,,
1971-05-09,29.7,23.3,26.1,,
1971-05-10,30.3,22.7,26.2,,
1971-05-11,31.4,23.0,26.6,,
1971-05-12,29.8,23.5,25.9,,
1971-05-13,29.3,22.5,25.5,,
1971-05-14,29.8,22.7,26.0,,
1971-05-15,30.2,22.3,25.8,,
1971-05-16,30.4,22.7,26.0,,
1971-05-17,29.6,23.0,26.0,,
1971-05-18,30.2,23.1,26.3,,
1971-05-19,29.6,22.7,25.9,,
1971-05-20,29.7,23.1,25.7,,
1971-05-21,29.3,23.1,25.7,,
1971-05-22,29.2,23.0,25.8,,
1971-05-23,29.9,23.4,26.2,,
1971-05-24,28.8,23.0,25.9,,
1971-05-25,29.4,23.2,25.8,,
1971-05-26,30.4,22.5,25.8,,
1971-05-27,30.6,22.5,26.0,,
1971-05-28,29.9,22.7,25.9,,
1971-05-29,29.7,23.5,25.8,,
1971-05-30,29.7,22.7,25.9,,
1971-05-31,30.2,22.4,26.1,,
1971-06-01,29.5,23.0,25.8,,
1971-06-02,28.8,22.9,25.5,,
1971-06-03,29.2,22.9,25.6,,
1971-06-04,29.3,22.6,25.5,,
1971-06-05,28.1,23.3,25.4,,
1971-06-06,29.5,22.3,25.5,,
1971-06-07,29.4,22.4,25.3,,
1971-06-08,29.0,22.7,25.2,,
1971-06-09,29.1,22.7,25.3,,
1971-06-10,28.7,22.9,25.5,,
1971-06-11,28.4,22.8,25.3,,
1971-06-12,29.5,22.6,25.9,,
1971-06-13,29.1,23.0,25.8,,
1971-06-14,29.5,22.0,25.8,,
1971-06-15,29.4,21.9,25.7,,
1971-06-16,29.8,20.2,25.5,,
1971-06-17,29.7,22.4,26.2,,
1971-06-18,29.2,23.2,26.3,,
1971-06-19,29.5,22.7,25.9,,
1971-06-20,27.6,22.9,24.9,,
1971-06-21,28.5,22.2,24.9,,
1971-06-22,29.2,22.3,25.3,,
1971-06-23,29.4,22.0,25.2,,
1971-06-24,29.0,22.0,25.4,,
1971-06-25,29.0,22.2,25.0,,
1971-06-26,29.2,21.9,25.3,,
1971-06-27,28.8,23.5,25.7,,
1971-06-28,28.9,22.5,25.5,,
1971-06-29,28.8,22.4,25.7,,
1971-06-30,27.7,23.3,25.1,,
1971-07-01,29.2,22.2,25.3,,
1971-07-02,28.6,21.8,24.8,,
1971-07-03,28.5,22.1,24.9,,
1971-07-04,29.6,21.1,25.3,,
1971-07-05,28.3,21.8,25.3,,
1971-07-06,30.3,20.8,25.6,,
1971-07-07,27.9,21.6,25.2,,
1971-07-08,28.3,21.8,25.3,,
1971-07-09,29.3,22.2,25.5,,
1971-07-10,29.1,23.5,25.9,,
1971-07-11,29.3,22.4,25.4,,
1971-07-12,29.7,22.3,25.4,,
1971-07-13,29.5,22.3,25.5,,
1971-07-14,30.0,22.0,25.8,,
1971-07-15,30.2,22.2,26.1,,
1971-07-16,29.8,21.7,25.7,,
1971-07-17,29.8,22.5,25.9,,
1971-07-18,29.7,23.5,26.1,,
1971-07-19,29.5,21.8,25.6,,
1971-07-20,30.3,22.6,26.5,,
1971-07-21,29.7,23.3,26.1,,
1971-07-22,29.4,22.6,25.4,,
1971-07-23,29.4,22.8,25.8,,
1971-07-24,29.5,23.7,26.0,,
1971-07-25,29.4,22.3,25.4,,
1971-07-26,29.7,22.4,25.6,,
1971-07-27,29.0,22.4,25.6,,
1971-07-28,30.4,22.3,26.2,,
1971-07-29,29.9,23.1,26.3,,
1971-07-30,30.1,22.6,26.0,,
1971-07-31,28.7,22.0,25.3,,
1971-08-01,30.6,22.0,26.0,,
1971-08-02,29.9,22.2,26.0,,
1971-08-03,30.3,23.8,26.5,,
1971-08-04,30.1,23.5,26.3,,
1971-08-05,30.7,22.5,26.3,,
1971-08-06,31.1,22.4,26.5,,
1971-08-07,31.1,22.1,26.4,,
1971-08-08,30.9,21.0,26.1,,
1971-08-09,30.5,21.6,26.0,,
1971-08-10,30.8,21.7,26.2,,
1971-08-11,30.9,22.4,26.6,,
1971-08-12,31.5,22.5,26.9,,
1971-08-13,29.9,23.2,26.4,,
1971-08-14,30.2,23.4,25.9,,
1971-08-15,29.8,22.9,25.7,,
1971-08-16,28.6,23.2,25.6,,
1971-08-17,29.5,22.8,25.7,,
1971-08-18,29.6,22.6,25.8,,
1971-08-19,29.5,22.2,26.0,,
1971-08-20,29.1,22.3,25.7,,
1971-08-21,29.2,22.7,25.4,,
1971-08-22,29.9,22.6,25.6,,
1971-08-23,30.1,22.4,25.7,,
1971-08-24,29.2,23.0,25.6,,
1971-08-25,28.7,21.9,24.7,,
1971-08-26,29.6,21.3,25.5,,
1971-08-27,30.4,22.4,26.1,,
1971-08-28,30.6,22.8,26.5,,
1971-08-29,30.8,23.5,26.7,,
1971-08-30,30.4,22.8,26.5,,
1971-08-31,29.8,23.4,25.5,,
1971-09-01,28.9,22.4,25.2,,
1971-09-02,30.1,21.4,25.8,,
1971-09-03,28.7,22.7,25.6,,
1971-09-04,29.3,23.5,26.0,,
1971-09-05,30.1,22.5,25.3,,
1971-09-06,30.0,22.8,26.0,,
1971-09-07,30.8,22.5,26.1,,
1971-09-08,30.2,23.0,26.4,,
1971-09-09,29.9,22.2,26.1,,
1971-09-10,29.7,22.6,26.0,,
1971-09-11,30.6,21.6,25.9,,
1971-09-12,29.5,23.9,26.3,,
1971-09-13,30.3,23.1,26.5,,
1971-09-14,30.8,22.0,26.3,,
1971-09-15,31.5,22.4,26.8,,
1971-09-16,31.8,23.9,27.7,,
1971-09-17,31.7,22.9,27.5,,
1971-09-18,30.4,24.1,26.8,,
1971-09-19,29.4,23.5,26.3,,
1971-09-20,30.3,23.4,26.5,,
1971-09-21,31.0,22.4,26.7,,
1971-09-22,31.6,22.4,27.0,,
1971-09-23,31.2,23.6,26.6,,
1971-09-24,31.3,23.6,26.3,,
1971-09-25,29.1,23.5,25.8,,
1971-09-26,30.6,23.2,26.5,,
1971-09-27,30.2,22.8,26.3,,
1971-09-28,30.7,23.2,26.5,,
1971-09-29,30.9,22.9,26.5,,
1971-09-30,31.0,23.8,27.0,,
1971-10-01,31.5,23.0,27.2,,
1971-10-02,29.6,23.6,26.4,,
1971-10-03,30.3,23.0,26.1,,
1971-10-04,30.5,23.1,25.8,,
1971-10-05,31.3,22.2,26.2,,
1971-10-06,31.8,21.5,26.6,,
1971-10-07,32.0,22.7,26.6,,
1971-10-08,31.5,23.2,26.9,,
1971-10-09,31.1,22.7,26.9,,
1971-10-10,30.8,23.0,26.9,,
1971-10-11,31.1,23.6,27.2,,
1971-10-12,31.5,23.9,27.2,,
1971-10-13,30.7,23.2,26.5,,
1971-10-14,27.8,23.6,25.1,,
1971-10-15,27.7,23.1,25.1,,
1971-10-16,29.1,22.8,25.5,,
1971-10-17,30.1,22.9,26.0,,
1971-10-18,29.1,23.3,25.9,,
1971-10-19,29.1,23.3,25.7,,
1971-10-20,28.2,23.0,25.5,,
1971-10-21,29.1,23.3,25.5,,
1971-10-22,29.8,23.2,25.6,,
1971-10-23,27.6,23.0,24.7,,
1971-10-24,29.1,23.3,25.4,,
1971-10-25,28.3,23.0,25.2,,
1971-10-26,28.5,23.1,25.0,,
1971-10-27,29.5,22.1,25.4,,
1971-10-28,28.9,22.8,25.5,,
1971-10-29,27.6,22.7,24.8,,
1971-10-30,28.9,22.6,25.0,,
1971-10-31,29.4,22.9,25.7,,
1971-11-01,29.4,22.6,25.2,,
1971-11-02,27.7,22.9,24.8,,
1971-11-03,29.5,23.1,25.5,,
1971-11-04,29.9,22.6,25.9,,
1971-11-05,30.1,22.4,26.0,,
1971-11-06,30.1,22.7,25.6,,
1971-11-07,30.0,22.7,25.9,,
1971-11-08,30.5,22.8,26.0,,
1971-11-09,30.0,22.9,25.8,,
1971-11-10,28.9,23.2,25.5,,
1971-11-11,28.4,23.6,25.5,,
1971-11-12,27.9,22.7,25.1,,
1971-11-13,27.2,23.5,25.2,,
1971-11-14,28.5,23.2,24.9,,
1971-11-15,29.3,22.5,25.4,,
1971-11-16,28.5,22.0,24.7,,
1971-11-17,27.7,22.6,24.3,,
1971-11-18,27.6,22.5,24.6,,
1971-11-19,26.3,22.4,24.0,,
1971-11-20,28.1,22.3,24.8,,
1971-11-21,29.0,22.8,25.5,,
1971-11-22,28.9,21.5,25.1,,
1971-11-23,29.2,22.0,25.3,,
1971-11-24,28.6,22.1,25.1,,
1971-11-25,29.5,22.1,25.3,,
1971-11-26,28.9,22.2,25.2,,
1971-11-27,28.7,22.2,25.1,,
1971-11-28,29.1,22.0,25.0,,
1971-11-29,29.1,22.4,25.1,,
1971-11-30,29.6,22.7,25.6,,
1971-12-01,28.4,22.5,25.2,,
1971-12-02,28.4,22.3,25.2,,
1971-12-03,28.1,22.5,25.0,,
1971-12-04,27.7,23.1,25.2,,
1971-12-05,28.8,22.7,25.3,,
1971-12-06,30.0,22.4,25.8,,
1971-12-07,30.1,22.7,25.8,,
1971-12-08,29.5,22.5,25.5,,
1971-12-09,29.4,22.7,25.6,,
1971-12-10,28.7,22.6,25.4,,
1971-12-11,29.4,22.1,25.4,,
1971-12-12,29.6,23.0,25.5,,
1971-12-13,27.6,23.3,24.8,,
1971-12-14,27.8,22.9,25.3,,
1971-12-15,28.1,22.9,25.4,,
1971-12-16,29.5,22.5,25.7,,
1971-12-17,28.9,23.1,25.6,,
1971-12-18,27.6,23.3,25.2,,
1971-12-19,26.5,22.5,24.2,,
1971-12-20,27.5,22.0,24.6,,
1971-12-21,27.2,22.8,24.9,,
1971-12-22,27.7,21.4,24.5,,
1971-12-23,28.7,22.2,25.0,,
1971-12-24,27.1,22.9,24.5,,
1971-12-25,28.8,21.5,24.8,,
1971-12-26,29.8,21.1,25.4,,
1971-12-27,29.3,22.5,25.5,,
1971-12-28,30.6,22.0,25.7,,
1971-12-29,30.1,22.8,25.9,,
1971-12-30,29.8,21.4,25.4,,
1971-12-31,28.1,21.8,25.1,,
1972-01-01,29.4,20.7,25.3,,
1972-01-02,28.1,22.4,24.8,,
1972-01-03,26.6,23.1,24.4,,
1972-01-04,27.2,22.6,24.6,,
1972-01-05,27.5,22.5,24.5,,
1972-01-06,27.7,22.4,24.4,,
1972-01-07,27.1,23.0,24.8,,
1972-01-08,27.9,22.8,24.8,,
1972-01-09,26.9,22.9,24.6,,
1972-01-10,27.1,22.6,24.3,,
1972-01-11,27.2,22.6,24.3,,
1972-01-12,26.3,22.1,23.9,,
1972-01-13,26.9,21.6,23.9,,
1972-01-14,24.9,22.3,23.4,,
1972-01-15,25.8,22.2,23.5,,
1972-01-16,26.6,22.0,24.1,,
1972-01-17,27.6,21.8,24.6,,
1972-01-18,27.9,21.6,25.0,,
1972-01-19,27.3,21.8,24.6,,
1972-01-20,27.3,21.8,24.5,,
1972-01-21,27.5,22.2,25.0,,
1972-01-22,28.1,22.3,25.1,,
1972-01-23,27.3,22.9,25.1,,
1972-01-24,28.0,22.7,25.6,,
1972-01-25,28.2,22.5,25.5,,
1972-01-26,27.4,22.4,25.1,,
1972-01-27,27.8,22.6,24.9,,
1972-01-28,27.7,22.4,24.7,,
1972-01-29,26.5,21.9,24.0,,
1972-01-30,28.5,21.8,25.0,,
1972-01-31,28.7,21.9,25.3,,
1972-02-01,28.7,22.1,25.2,,
1972-02-02,27.9,22.5,25.1,,
1972-02-03,28.2,22.2,25.2,,
1972-02-04,28.7,22.7,25.5,,
1972-02-05,28.1,22.7,25.3,,
1972-02-06,28.0,22.6,25.1,,
1972-02-07,29.4,22.4,25.7,,
1972-02-08,29.4,23.1,25.7,,
1972-02-09,29.3,22.7,25.5,,
1972-02-10,28.0,23.8,25.3,,
1972-02-11,27.6,23.2,25.3,,
1972-02-12,27.4,22.4,24.9,,
1972-02-13,27.7,22.7,25.0,,
1972-02-14,29.1,22.6,25.4,,
1972-02-15,28.8,22.2,24.9,,
1972-02-16,30.0,21.8,25.4,,
1972-02-17,28.3,21.8,25.0,,
1972-02-18,28.3,23.3,25.0,,
1972-02-19,28.0,23.0,24.9,,
1972-02-20,29.7,23.0,25.8,,
1972-02-21,27.2,23.3,25.0,,
1972-02-22,28.0,22.7,25.2,,
1972-02-23,29.1,22.1,25.2,,
1972-02-24,30.9,21.9,26.0,,
1972-02-25,30.8,22.5,26.1,,
1972-02-26,30.2,23.0,26.0,,
1972-02-27,28.9,23.8,26.0,,
1972-02-28,28.5,23.9,25.4,,
1972-02-29,28.4,23.3,25.3,,
1972-03-01,27.6,22.7,24.8,,
1972-03-02,27.6,22.8,24.7,,
1972-03-03,27.6,23.1,24.9,,
1972-03-04,28.1,22.7,25.1,,
1972-03-05,27.4,22.9,24.7,,
1972-03-06,27.7,22.6,25.2,,
1972-03-07,27.3,23.0,24.9,,
1972-03-08,27.1,23.1,24.7,,
1972-03-09,28.0,22.7,24.9,,
1972-03-10,28.4,23.0,25.3,,
1972-03-11,27.7,23.1,25.1,,
1972-03-12,29.0,23.0,25.4,,
1972-03-13,28.2,21.9,25.1,,
1972-03-14,28.5,22.1,24.9,,
1972-03-15,27.9,22.0,25.0,,
1972-03-16,29.2,21.3,25.3,,
1972-03-17,28.8,22.6,25.3,,
1972-03-18,29.1,22.8,25.7,,
1972-03-19,29.2,22.2,25.7,,
1972-03-20,29.3,21.5,25.4,,
1972-03-21,28.6,23.0,25.5,,
1972-03-22,28.2,22.7,25.3,,
1972-03-23,29.6,21.4,25.5,,
1972-03-24,30.1,22.5,26.0,,
1972-03-25,30.0,21.8,25.9,,
1972-03-26,29.3,22.3,25.8,,
1972-03-27,28.6,22.6,25.6,,
1972-03-28,28.7,23.2,25.4,,
1972-03-29,29.8,22.4,25.6,,
1972-03-30,29.2,22.4,25.4,,
1972-03-31,30.1,23.0,25.9,,
1972-04-01,29.7,22.4,25.8,,
1972-04-02,28.1,23.1,25.3,,
1972-04-03,28.8,22.8,25.6,,
1972-04-04,28.6,22.7,25.5,,
1972-04-05,30.0,22.8,26.3,,
1972-04-06,28.9,22.7,25.7,,
1972-04-07,27.9,23.1,25.4,,
1972-04-08,28.6,22.4,25.4,,
1972-04-09,29.3,22.9,25.9,,
1972-04-10,29.7,23.3,26.3,,
1972-04-11,29.5,23.0,26.2,,
1972-04-12,29.6,22.8,25.9,,
1972-04-13,30.0,22.3,26.1,,
1972-04-14,29.7,23.2,26.0,,
1972-04-15,29.5,22.3,25.7,,
1972-04-16,30.0,22.7,26.0,,
1972-04-17,28.3,23.7,25.8,,
1972-04-18,28.4,22.9,25.0,,
1972-04-19,28.4,22.6,25.2,,
1972-04-20,29.1,22.6,25.7,,
1972-04-21,29.4,22.6,25.6,,
1972-04-22,29.6,22.6,26.1,,
1972-04-23,29.5,22.6,25.6,,
1972-04-24,29.2,23.2,25.8,,
1972-04-25,29.1,22.8,25.6,,
1972-04-26,28.0,23.2,25.2,,
1972-04-27,27.7,23.1,25.2,,
1972-04-28,29.7,22.7,26.0,,
1972-04-29,30.1,22.9,26.2,,
1972-04-30,30.0,22.5,26.0,,
1972-05-01,30.0,23.1,26.2,,
1972-05-02,28.8,23.1,25.6,,
1972-05-03,29.7,23.2,26.1,,
1972-05-04,29.0,22.9,25.8,,
1972-05-05,29.4,23.9,26.0,,
1972-05-06,30.5,23.8,26.3,,
1972-05-07,28.1,23.8,25.4,,
1972-05-08,28.0,23.1,24.9,,
1972-05-09,29.3,22.4,25.4,,
1972-05-10,29.4,22.7,25.7,,
1972-05-11,29.6,21.6,25.7,,
1972-05-12,29.0,22.7,25.7,,
1972-05-13,29.6,22.8,26.0,,
1972-05-14,29.0,22.7,25.4,,
1972-05-15,28.9,22.8,25.5,,
1972-05-16,29.0,23.6,25.8,,
1972-05-17,29.1,22.4,25.9,,
1972-05-18,28.8,23.1,25.9,,
1972-05-19,28.7,23.8,26.1,,
1972-05-20,28.3,23.1,25.1,,
1972-05-21,28.9,21.7,25.1,,
1972-05-22,30.0,21.9,25.8,,
1972-05-23,30.0,22.8,26.2,,
1972-05-24,30.3,22.8,26.4,,
1972-05-25,30.2,22.2,26.1,,
1972-05-26,29.7,22.1,25.8,,
1972-05-27,29.6,22.2,26.0,,
1972-05-28,28.3,22.4,25.6,,
1972-05-29,29.2,22.7,25.5,,
1972-05-30,29.3,22.4,25.6,,
1972-05-31,29.2,23.5,26.0,,
1972-06-01,29.6,22.9,25.9,,
1972-06-02,30.5,22.6,26.3,,
1972-06-03,30.5,23.4,26.7,,
1972-06-04,29.7,22.5,26.0,,
1972-06-05,29.7,21.5,25.7,,
1972-06-06,30.4,20.7,25.7,,
1972-06-07,30.0,20.4,25.6,,
1972-06-08,30.1,21.5,25.8,,
1972-06-09,30.6,19.9,25.6,,
1972-06-10,30.3,21.1,26.0,,
1972-06-11,30.6,21.8,26.4,,
1972-06-12,30.4,22.3,26.4,,
1972-06-13,30.7,23.0,27.0,,
1972-06-14,30.3,23.3,26.7,,
1972-06-15,29.9,22.5,26.1,,
1972-06-16,30.1,22.7,26.2,,
1972-06-17,30.5,21.2,26.0,,
1972-06-18,30.8,21.2,25.9,,
1972-06-19,30.4,20.8,25.6,,
1972-06-20,30.5,20.6,25.7,,
1972-06-21,31.0,22.4,26.4,,
1972-06-22,30.2,22.7,26.2,,
1972-06-23,30.5,22.0,26.4,,
1972-06-24,30.6,22.7,26.6,,
1972-06-25,30.1,23.6,26.6,,
1972-06-26,30.8,23.4,26.5,,
1972-06-27,30.6,22.2,26.1,,
1972-06-28,30.9,22.4,26.5,,
1972-06-29,30.4,23.0,26.5,,
1972-06-30,30.6,23.6,26.6,,
1972-07-01,30.4,23.9,26.6,,
1972-07-02,31.0,22.2,26.4,,
1972-07-03,31.2,22.5,26.5,,
1972-07-04,30.9,22.3,26.5,,
1972-07-05,30.5,22.4,26.3,,
1972-07-06,30.7,22.0,26.6,,
1972-07-07,31.1,22.3,26.7,,
1972-07-08,31.5,24.1,27.4,,
1972-07-09,31.6,22.6,27.1,,
1972-07-10,31.1,23.2,26.8,,
1972-07-11,30.6,21.9,26.1,,
1972-07-12,31.2,20.6,25.7,,
1972-07-13,31.9,22.7,26.7,,
1972-07-14,31.8,22.0,26.6,,
1972-07-15,31.9,22.5,26.5,,
1972-07-16,31.7,22.6,26.7,,
1972-07-17,31.7,24.0,27.2,,
1972-07-18,31.5,21.6,26.6,,
1972-07-19,31.7,23.5,27.2,,
1972-07-20,30.7,22.6,26.9,,
1972-07-21,31.3,23.5,26.8,,
1972-07-22,31.4,23.6,26.8,,
1972-07-23,31.3,21.9,26.5,,
1972-07-24,31.6,22.6,26.6,,
1972-07-25,29.8,22.6,25.8,,
1972-07-26,30.6,21.9,25.9,,
1972-07-27,31.5,22.5,26.6,,
1972-07-28,31.2,22.9,27.1,,
1972-07-29,30.8,23.2,27.0,,
1972-07-30,30.6,23.6,26.4,,
1972-07-31,30.8,22.7,26.5,,
1972-08-01,31.1,22.9,26.8,,
1972-08-02,30.8,23.2,26.6,,
1972-08-03,31.1,23.4,26.9,,
1972-08-04,31.5,24.1,27.2,,
1972-08-05,31.3,23.1,26.8,,
1972-08-06,31.1,24.0,26.9,,
1972-08-07,30.6,24.1,26.8,,
1972-08-08,31.1,23.3,26.9,,
1972-08-09,30.1,24.0,26.5,,
1972-08-10,29.9,22.9,26.3,,
1972-08-11,30.4,23.3,26.2,,
1972-08-12,30.8,23.0,26.5,,
1972-08-13,31.1,21.2,26.3,,
1972-08-14,31.6,23.6,27.2,,
1972-08-15,31.3,24.2,27.1,,
1972-08-16,31.3,23.7,27.1,,
1972-08-17,31.6,23.0,27.0,,
1972-08-18,31.0,23.9,26.6,,
1972-08-19,29.8,23.4,26.3,,
1972-08-20,29.9,23.2,26.3,,
1972-08-21,29.7,22.8,25.8,,
1972-08-22,30.0,23.1,26.3,,
1972-08-23,31.5,23.0,26.5,,
1972-08-24,31.1,21.4,26.0,,
1972-08-25,31.2,20.6,26.0,,
1972-08-26,31.4,22.3,26.5,,
1972-08-27,31.8,21.8,26.6,,
1972-08-28,32.4,21.6,26.9,,
1972-08-29,31.6,22.7,26.9,,
1972-08-30,30.9,23.8,26.8,,
1972-08-31,32.1,21.3,26.6,,
1972-09-01,32.2,22.4,26.8,,
1972-09-02,31.4,22.5,27.0,,
1972-09-03,31.4,23.0,27.0,,
1972-09-04,31.9,23.7,27.4,,
1972-09-05,32.3,22.7,27.4,,
1972-09-06,32.5,21.8,27.3,,
1972-09-07,31.9,23.0,27.5,,
1972-09-08,31.1,24.3,27.4,,
1972-09-09,31.4,23.9,27.4,,
1972-09-10,31.1,23.8,27.1,,
1972-09-11,30.7,24.0,26.8,,
1972-09-12,31.4,22.8,27.0,,
1972-09-13,31.3,23.3,27.3,,
1972-09-14,31.1,23.7,27.4,,
1972-09-15,31.9,23.1,27.5,,
1972-09-16,32.5,23.2,27.8,,
1972-09-17,32.6,22.1,27.5,,
1972-09-18,32.3,23.2,27.7,,
1972-09-19,32.1,23.9,27.9,,
1972-09-20,32.8,23.8,28.1,,
1972-09-21,32.8,24.2,28.2,,
1972-09-22,32.8,22.3,27.6,,
1972-09-23,32.9,22.9,27.6,,
1972-09-24,32.6,24.4,28.0,,
1972-09-25,31.2,24.2,27.3,,
1972-09-26,32.5,24.2,28.1,,
1972-09-27,33.0,24.2,28.1,,
1972-09-28,33.0,23.1,27.8,,
1972-09-29,33.0,23.3,28.0,,
1972-09-30,32.5,23.9,27.7,,
1972-10-01,31.7,23.4,27.3,,
1972-10-02,33.1,23.6,27.7,,
1972-10-03,33.5,21.8,27.5,,
1972-10-04,33.4,22.7,27.6,,
1972-10-05,33.2,22.9,27.6,,
1972-10-06,33.3,22.4,27.8,,
1972-10-07,33.0,23.6,28.2,,
1972-10-08,32.5,24.3,27.9,,
1972-10-09,32.5,23.9,28.1,,
1972-10-10,32.1,24.0,28.0,,
1972-10-11,32.3,23.9,27.6,,
1972-10-12,34.3,23.5,28.5,,
1972-10-13,34.8,22.8,28.2,,
1972-10-14,34.4,22.4,27.9,,
1972-10-15,33.6,23.2,28.0,,
1972-10-16,32.9,23.9,28.2,,
1972-10-17,33.4,24.6,28.7,,
1972-10-18,33.8,24.1,28.7,,
1972-10-19,33.7,24.5,28.7,,
1972-10-20,34.3,25.0,29.1,,
1972-10-21,33.3,25.7,28.7,,
1972-10-22,33.5,24.3,28.5,,
1972-10-23,33.4,24.4,28.7,,
1972-10-24,34.1,24.4,28.8,,
1972-10-25,34.5,23.9,28.5,,
1972-10-26,33.7,24.4,28.8,,
1972-10-27,33.3,24.8,28.4,,
1972-10-28,31.5,24.4,27.6,,
1972-10-29,32.9,24.5,28.3,,
1972-10-30,32.6,24.5,27.5,,
1972-10-31,32.1,24.1,27.7,,
1972-11-01,31.9,24.5,27.6,,
1972-11-02,31.9,23.5,27.4,,
1972-11-03,32.2,24.1,27.9,,
1972-11-04,33.1,24.4,28.2,,
1972-11-05,33.1,23.8,28.0,,
1972-11-06,32.9,25.1,28.2,,
1972-11-07,31.9,23.6,27.8,,
1972-11-08,33.6,23.2,28.2,,
1972-11-09,33.7,24.8,28.9,,
1972-11-10,32.4,25.0,28.5,,
1972-11-11,32.8,24.7,27.4,,
1972-11-12,30.7,24.2,27.1,,
1972-11-13,31.0,24.0,26.7,,
1972-11-14,32.0,23.9,27.4,,
1972-11-15,32.5,23.8,28.0,,
1972-11-16,31.9,24.5,27.6,,
1972-11-17,30.2,24.6,27.3,,
1972-11-18,30.4,24.0,26.9,,
1972-11-19,29.3,24.2,26.1,,
1972-11-20,27.1,23.7,25.2,,
1972-11-21,28.9,23.8,25.7,,
1972-11-22,30.8,23.3,26.9,,
1972-11-23,31.1,24.4,27.3,,
1972-11-24,30.6,24.1,26.7,,
1972-11-25,30.9,23.8,26.9,,
1972-11-26,30.2,24.0,26.5,,
1972-11-27,30.6,24.1,26.6,,
1972-11-28,29.8,23.3,26.2,,
1972-11-29,29.7,23.7,26.2,,
1972-11-30,29.6,23.4,25.8,,
1972-12-01,29.7,23.5,25.8,,
1972-12-02,29.1,23.7,26.0,,
1972-12-03,29.8,23.9,26.4,,
1972-12-04,31.2,23.8,26.9,,
1972-12-05,29.4,23.4,26.0,,
1972-12-06,29.3,23.6,26.1,,
1972-12-07,30.3,23.2,26.1,,
1972-12-08,28.0,23.6,25.8,,
1972-12-09,28.2,23.0,25.5,,
1972-12-10,28.9,23.5,25.3,,
1972-12-11,29.9,22.9,25.8,,
1972-12-12,29.2,23.3,25.9,,
1972-12-13,29.8,23.7,26.2,,
1972-12-14,29.0,23.9,26.1,,
1972-12-15,29.5,23.5,25.7,,
1972-12-16,29.5,23.2,25.7,,
1972-12-17,29.8,23.5,26.4,,
1972-12-18,28.9,23.7,26.0,,
1972-12-19,29.9,23.4,26.5,,
1972-12-20,29.8,23.6,26.5,,
1972-12-21,30.2,23.5,26.4,,
1972-12-22,29.4,24.2,26.5,,
1972-12-23,29.5,23.3,26.0,,
1972-12-24,27.9,23.4,25.4,,
1972-12-25,29.6,23.1,26.3,,
1972-12-26,28.4,23.8,26.1,,
1972-12-27,28.9,23.8,26.3,,
1972-12-28,29.5,24.1,26.3,,
1972-12-29,30.5,22.6,25.9,,
1972-12-30,27.4,23.6,25.1,,
1972-12-31,29.1,22.9,25.9,,
1973-01-01,29.2,24.0,26.2,,
1973-01-02,29.3,23.6,25.9,,
1973-01-03,29.2,23.7,26.2,,
1973-01-04,28.5,23.6,25.5,,
1973-01-05,28.2,23.3,25.7,,
1973-01-06,28.0,24.1,25.8,,
1973-01-07,27.0,24.3,25.4,,
1973-01-08,26.3,23.7,24.6,,
1973-01-09,25.7,23.9,24.6,,
1973-01-10,26.0,23.8,24.5,,
1973-01-11,27.7,23.6,25.1,,
1973-01-12,28.6,23.2,25.5,,
1973-01-13,28.0,23.1,25.3,,
1973-01-14,28.1,23.7,25.8,,
1973-01-15,27.8,23.5,25.4,,
1973-01-16,29.1,23.5,25.8,,
1973-01-17,29.1,23.3,26.1,,
1973-01-18,29.2,24.0,25.9,,
1973-01-19,28.3,23.7,25.3,,
1973-01-20,28.5,23.8,25.8,,
1973-01-21,27.9,23.7,25.5,,
1973-01-22,27.8,23.6,25.6,,
1973-01-23,27.1,23.4,25.2,,
1973-01-24,27.7,23.6,25.4,,
1973-01-25,28.1,23.4,25.3,,
1973-01-26,27.3,23.4,24.9,,
1973-01-27,28.4,23.2,25.4,,
1973-01-28,28.0,22.9,25.6,,
1973-01-29,28.2,23.0,25.9,,
1973-01-30,29.0,23.7,26.2,,
1973-01-31,29.0,23.8,26.2,,
1973-02-01,29.2,23.7,26.0,,
1973-02-02,28.2,23.7,25.5,,
1973-02-03,28.8,23.9,25.8,,
1973-02-04,28.8,23.4,25.9,,
1973-02-05,28.2,23.6,25.4,,
1973-02-06,28.0,23.8,25.3,,
1973-02-07,28.4,23.3,25.5,,
1973-02-08,27.7,23.2,25.2,,
1973-02-09,28.7,23.6,25.8,,
1973-02-10,28.3,23.4,25.9,,
1973-02-11,27.8,23.1,25.4,,
1973-02-12,28.8,23.2,25.8,,
1973-02-13,27.3,23.7,25.3,,
1973-02-14,27.8,23.3,25.3,,
1973-02-15,27.9,23.3,25.7,,
1973-02-16,29.0,22.7,25.8,,
1973-02-17,29.8,23.7,26.2,,
1973-02-18,29.3,23.8,26.0,,
1973-02-19,29.0,23.2,25.7,,
1973-02-20,29.6,23.7,26.2,,
1973-02-21,28.2,23.8,25.7,,
1973-02-22,28.1,23.4,25.6,,
1973-02-23,27.8,23.9,25.8,,
1973-02-24,29.6,23.4,26.2,,
1973-02-25,28.7,23.4,25.8,,
1973-02-26,28.9,23.2,25.7,,
1973-02-27,29.1,23.5,26.2,,
1973-02-28,29.9,23.9,26.3,,
1973-03-01,29.5,23.6,26.2,,
1973-03-02,30.1,23.1,26.1,,
1973-03-03,29.3,23.6,26.1,,
1973-03-04,27.3,23.7,25.0,,
1973-03-05,26.3,23.6,24.6,,
1973-03-06,29.0,23.3,26.0,,
1973-03-07,29.5,23.2,26.3,,
1973-03-08,28.3,23.8,25.9,,
1973-03-09,27.5,23.6,25.2,,
1973-03-10,27.7,23.8,25.4,,
1973-03-11,28.7,24.0,26.0,,
1973-03-12,28.6,24.6,26.2,,
1973-03-13,28.6,23.9,26.2,,
1973-03-14,28.6,23.9,25.6,,
1973-03-15,28.7,23.4,25.4,,
1973-03-16,27.4,23.9,25.2,,
1973-03-17,27.7,24.2,25.6,,
1973-03-18,28.5,24.3,25.9,,
1973-03-19,28.8,23.5,25.3,,
1973-03-20,27.9,23.3,25.3,,
1973-03-21,29.3,23.3,25.6,,
1973-03-22,27.9,24.0,25.5,,
1973-03-23,28.5,23.5,25.5,,
1973-03-24,29.8,23.7,26.1,,
1973-03-25,29.5,22.3,25.7,,
1973-03-26,29.0,22.9,25.7,,
1973-03-27,28.6,23.3,25.9,,
1973-03-28,28.9,23.3,25.9,,
1973-03-29,29.9,23.2,26.1,,
1973-03-30,29.6,23.4,26.3,,
1973-03-31,29.7,23.6,26.4,,
1973-04-01,29.7,23.9,26.4,,
1973-04-02,29.9,23.7,26.6,,
1973-04-03,29.8,23.8,26.4,,
1973-04-04,30.1,23.4,26.3,,
1973-04-05,28.6,24.2,25.8,,
1973-04-06,29.1,23.5,25.7,,
1973-04-07,29.7,23.2,25.9,,
1973-04-08,29.7,23.8,26.0,,
1973-04-09,29.9,23.5,26.4,,
1973-04-10,29.0,23.7,25.9,,
1973-04-11,29.0,22.9,26.0,,
1973-04-12,29.6,23.0,26.4,,
1973-04-13,29.6,23.8,26.5,,
1973-04-14,29.5,23.7,26.1,,
1973-04-15,29.5,23.7,26.2,,
1973-04-16,29.5,23.6,26.3,,
1973-04-17,29.3,23.6,26.3,,
1973-04-18,29.0,23.6,26.2,,
1973-04-19,30.2,23.8,26.4,,
1973-04-20,30.0,23.7,26.2,,
1973-04-21,28.8,23.8,26.0,,
1973-04-22,29.1,23.8,25.7,,
1973-04-23,30.4,23.8,26.4,,
1973-04-24,29.3,23.7,25.9,,
1973-04-25,28.7,24.2,25.6,,
1973-04-26,29.5,23.5,26.0,,
1973-04-27,27.6,23.6,25.6,,
1973-04-28,29.9,23.7,26.2,,
1973-04-29,30.8,23.5,26.6,,
1973-04-30,30.8,24.1,26.8,,
1973-05-01,30.0,23.7,26.3,,
1973-05-02,29.5,23.6,26.4,,
1973-05-03,29.0,23.7,26.0,,
1973-05-04,29.9,23.5,26.6,,
1973-05-05,30.3,23.8,26.5,,
1973-05-06,30.1,23.2,26.2,,
1973-05-07,28.8,23.7,25.9,,
1973-05-08,29.1,23.4,25.5,,
1973-05-09,27.9,22.6,25.1,,
1973-05-10,28.4,23.8,25.9,,
1973-05-11,29.3,23.9,26.0,,
1973-05-12,29.0,23.7,25.8,,
1973-05-13,28.3,23.4,25.3,,
1973-05-14,29.8,22.5,25.8,,
1973-05-15,29.7,23.2,26.1,,
1973-05-16,28.7,23.4,25.7,,
1973-05-17,29.6,23.0,25.9,,
1973-05-18,29.7,23.1,25.8,,
1973-05-19,29.5,23.2,25.8,,
1973-05-20,28.9,23.7,25.8,,
1973-05-21,28.6,23.5,25.4,,
1973-05-22,28.3,23.4,25.2,,
1973-05-23,28.4,23.2,25.4,,
1973-05-24,29.6,22.8,25.8,,
1973-05-25,29.4,23.3,26.1,,
1973-05-26,29.5,23.2,25.8,,
1973-05-27,29.6,23.2,25.8,,
1973-05-28,28.9,23.5,25.6,,
1973-05-29,29.2,23.7,25.9,,
1973-05-30,27.4,23.9,25.4,,
1973-05-31,28.0,23.7,25.2,,
1973-06-01,27.9,23.4,25.3,,
1973-06-02,29.7,23.1,25.9,,
1973-06-03,29.9,23.1,26.4,,
1973-06-04,29.2,21.6,25.7,,
1973-06-05,29.7,23.4,26.2,,
1973-06-06,29.7,23.0,25.8,,
1973-06-07,29.2,23.0,25.6,,
1973-06-08,28.3,22.8,25.1,,
1973-06-09,27.9,23.1,25.2,,
1973-06-10,29.4,22.9,25.1,,
1973-06-11,29.9,23.2,26.1,,
1973-06-12,30.0,23.2,26.5,,
1973-06-13,30.2,23.3,26.2,,
1973-06-14,30.0,22.5,26.1,,
1973-06-15,29.6,22.4,25.9,,
1973-06-16,29.4,22.8,25.9,,
1973-06-17,29.6,23.3,25.9,,
1973-06-18,29.7,23.4,26.1,,
1973-06-19,29.6,23.3,26.2,,
1973-06-20,28.9,23.0,25.4,,
1973-06-21,28.2,22.7,25.6,,
1973-06-22,29.3,23.1,26.0,,
1973-06-23,29.9,22.3,26.0,,
1973-06-24,29.5,22.0,25.8,,
1973-06-25,28.3,23.2,25.0,,
1973-06-26,28.0,22.9,24.7,,
1973-06-27,28.9,23.2,25.2,,
1973-06-28,28.4,23.0,25.3,,
1973-06-29,29.5,22.7,25.4,,
1973-06-30,27.2,23.0,24.6,,
1973-07-01,28.2,22.9,24.6,,
1973-07-02,28.0,23.2,25.2,,
1973-07-03,28.7,23.2,25.5,,
1973-07-04,28.4,22.5,25.1,,
1973-07-05,29.6,21.8,25.5,,
1973-07-06,29.3,22.6,25.9,,
1973-07-07,29.4,21.8,25.8,,
1973-07-08,29.8,21.7,26.0,,
1973-07-09,30.4,22.7,26.4,,
1973-07-10,30.3,23.7,26.7,,
1973-07-11,29.7,23.4,26.4,,
1973-07-12,28.8,23.4,25.5,,
1973-07-13,28.9,23.0,25.3,,
1973-07-14,28.3,22.8,25.3,,
1973-07-15,29.1,22.5,25.4,,
1973-07-16,29.4,22.6,25.5,,
1973-07-17,29.4,22.3,25.5,,
1973-07-18,29.7,22.0,25.8,,
1973-07-19,28.1,23.4,25.3,,
1973-07-20,27.8,23.9,25.1,,
1973-07-21,29.4,22.9,25.9,,
1973-07-22,29.1,20.9,25.2,,
1973-07-23,28.5,23.2,25.7,,
1973-07-24,29.2,22.2,25.9,,
1973-07-25,29.6,22.6,26.0,,
1973-07-26,30.0,23.1,26.2,,
1973-07-27,29.6,22.2,25.8,,
1973-07-28,29.2,20.1,24.6,,
1973-07-29,29.7,21.3,25.6,,
1973-07-30,29.8,23.0,26.2,,
1973-07-31,29.6,22.6,25.9,,
1973-08-01,29.8,22.3,26.1,,
1973-08-02,28.5,23.2,25.5,,
1973-08-03,29.7,23.3,26.1,,
1973-08-04,28.9,22.5,25.2,,
1973-08-05,28.2,23.2,25.0,,
1973-08-06,29.0,22.2,25.1,,
1973-08-07,28.9,23.1,25.1,,
1973-08-08,28.1,22.4,24.8,,
1973-08-09,27.9,22.5,25.0,,
1973-08-10,28.4,22.5,25.0,,
1973-08-11,29.0,21.9,25.0,,
1973-08-12,29.0,22.2,25.3,,
1973-08-13,29.6,21.7,25.5,,
1973-08-14,29.0,22.4,25.9,,
1973-08-15,29.2,22.7,25.7,,
1973-08-16,29.2,22.5,25.6,,
1973-08-17,29.3,22.4,25.5,,
1973-08-18,29.1,22.9,25.8,,
1973-08-19,29.9,22.7,25.9,,
1973-08-20,30.1,22.7,26.0,,
1973-08-21,29.9,22.2,25.9,,
1973-08-22,29.3,23.1,25.9,,
1973-08-23,29.4,23.6,26.1,,
1973-08-24,30.2,23.0,26.2,,
1973-08-25,29.5,22.8,25.9,,
1973-08-26,29.5,23.4,26.4,,
1973-08-27,30.3,24.3,27.0,,
1973-08-28,29.2,24.4,25.9,,
1973-08-29,30.3,22.6,25.8,,
1973-08-30,30.0,22.0,26.1,,
1973-08-31,30.2,22.2,25.9,,
1973-09-01,29.5,22.8,26.0,,
1973-09-02,29.6,23.1,25.9,,
1973-09-03,29.4,22.5,25.9,,
1973-09-04,29.5,22.5,25.9,,
1973-09-05,29.8,23.9,26.5,,
1973-09-06,30.7,21.5,26.1,,
1973-09-07,30.6,22.9,26.1,,
1973-09-08,29.4,23.5,26.1,,
1973-09-09,29.8,22.7,26.0,,
1973-09-10,29.8,23.0,25.8,,
1973-09-11,30.0,22.5,25.9,,
1973-09-12,28.8,23.4,25.6,,
1973-09-13,29.4,22.9,25.6,,
1973-09-14,29.2,23.1,25.3,,
1973-09-15,28.7,22.7,25.7,,
1973-09-16,27.5,22.8,24.6,,
1973-09-17,28.7,22.9,25.3,,
1973-09-18,30.1,22.6,25.4,,
1973-09-19,29.1,22.6,25.5,,
1973-09-20,29.4,22.9,25.6,,
1973-09-21,27.9,23.2,25.3,,
1973-09-22,29.1,22.6,25.3,,
1973-09-23,29.8,23.1,25.4,,
1973-09-24,29.0,22.8,25.4,,
1973-09-25,28.2,23.1,24.6,,
1973-09-26,28.4,23.3,25.1,,
1973-09-27,29.0,22.7,25.3,,
1973-09-28,28.6,22.5,25.0,,
1973-09-29,29.7,22.6,25.6,,
1973-09-30,29.8,22.6,25.7,,
1973-10-01,29.6,22.7,25.6,,
1973-10-02,30.2,22.3,25.8,,
1973-10-03,29.7,22.9,26.2,,
1973-10-04,29.9,23.1,26.4,,
1973-10-05,30.2,22.8,25.8,,
1973-10-06,30.6,22.7,26.3,,
1973-10-07,30.7,22.6,26.1,,
1973-10-08,30.2,23.4,26.5,,
1973-10-09,30.4,23.1,26.7,,
1973-10-10,31.0,22.8,27.0,,
1973-10-11,29.8,23.8,26.3,,
1973-10-12,30.4,22.5,26.1,,
1973-10-13,30.3,23.2,26.3,,
1973-10-14,30.2,23.0,26.3,,
1973-10-15,30.6,23.4,26.8,,
1973-10-16,31.3,23.2,27.1,,
1973-10-17,31.3,22.5,27.1,,
1973-10-18,31.5,23.5,26.5,,
1973-10-19,28.6,23.2,25.5,,
1973-10-20,28.7,23.8,25.8,,
1973-10-21,29.7,23.6,26.1,,
1973-10-22,29.1,23.6,26.0,,
1973-10-23,29.1,23.2,25.6,,
1973-10-24,28.9,23.6,25.8,,
1973-10-25,30.0,23.1,25.7,,
1973-10-26,29.1,22.9,25.5,,
1973-10-27,27.6,23.4,25.4,,
1973-10-28,29.7,22.9,26.0,,
1973-10-29,30.0,23.3,26.3,,
1973-10-30,28.2,23.5,25.3,,
1973-10-31,28.3,22.9,25.0,,
1973-11-01,29.6,23.2,26.3,,
1973-11-02,31.4,23.7,27.0,,
1973-11-03,31.4,23.9,27.6,,
1973-11-04,29.6,24.2,26.3,,
1973-11-05,28.0,23.4,25.1,,
1973-11-06,29.3,23.4,25.8,,
1973-11-07,30.2,23.4,26.4,,
1973-11-08,29.5,23.3,26.0,,
1973-11-09,28.7,23.6,25.6,,
1973-11-10,29.9,23.1,26.3,,
1973-11-11,30.0,23.7,26.5,,
1973-11-12,29.6,23.8,25.9,,
1973-11-13,29.2,23.1,25.6,,
1973-11-14,29.2,22.7,25.6,,
1973-11-15,29.2,22.7,25.8,,
1973-11-16,29.5,22.9,26.0,,
1973-11-17,30.1,23.3,26.4,,
1973-11-18,30.8,23.4,26.6,,
1973-11-19,29.9,23.2,26.5,,
1973-11-20,30.8,23.4,26.7,,
1973-11-21,30.4,22.4,26.1,,
1973-11-22,29.5,23.5,25.4,,
1973-11-23,29.0,23.7,25.5,,
1973-11-24,26.8,24.0,25.2,,
1973-11-25,28.4,23.3,25.2,,
1973-11-26,28.9,22.8,25.1,,
1973-11-27,28.4,23.2,25.3,,
1973-11-28,27.7,22.8,25.1,,
1973-11-29,28.7,23.1,25.3,,
1973-11-30,29.0,23.4,25.8,,
1973-12-01,28.0,24.1,25.6,,
1973-12-02,28.4,22.5,25.5,,
1973-12-03,29.8,23.2,26.1,,
1973-12-04,29.3,23.2,25.5,,
1973-12-05,28.7,23.0,25.2,,
1973-12-06,28.1,22.6,24.9,,
1973-12-07,28.7,22.9,25.3,,
1973-12-08,29.2,22.6,25.2,,
1973-12-09,28.3,23.1,25.2,,
1973-12-10,27.0,23.4,24.7,,
1973-12-11,27.7,22.7,25.0,,
1973-12-12,26.8,23.1,24.4,,
1973-12-13,27.5,22.5,25.0,,
1973-12-14,29.1,22.0,25.3,,
1973-12-15,30.0,22.3,25.8,,
1973-12-16,30.3,23.2,26.0,,
1973-12-17,29.5,23.6,25.7,,
1973-12-18,28.9,23.1,25.2,,
1973-12-19,26.7,23.0,24.3,,
1973-12-20,28.4,22.4,24.9,,
1973-12-21,29.2,22.7,25.6,,
1973-12-22,29.5,24.1,26.3,,
1973-12-23,27.5,24.4,25.7,,
1973-12-24,26.0,23.5,24.7,,
1973-12-25,27.1,23.1,24.8,,
1973-12-26,26.2,23.0,24.1,,
1973-12-27,27.1,22.8,24.2,,
1973-12-28,26.1,23.0,24.1,,
1973-12-29,26.7,22.8,24.3,,
1973-12-30,27.3,22.6,24.5,,
1973-12-31,27.5,22.8,24.9,,
1974-01-01,26.0,22.9,24.1,,
1974-01-02,25.7,22.7,23.9,,
1974-01-03,26.4,22.8,24.1,,
1974-01-04,26.6,22.7,24.3,,
1974-01-05,26.1,23.1,24.3,,
1974-01-06,26.4,23.0,24.3,,
1974-01-07,25.7,22.3,24.1,,
1974-01-08,26.4,22.0,23.5,,
1974-01-09,27.3,22.4,24.2,,
1974-01-10,26.9,22.8,24.5,,
1974-01-11,27.3,23.0,24.6,,
1974-01-12,27.0,22.7,24.3,,
1974-01-13,25.9,22.6,23.9,,
1974-01-14,26.8,22.2,23.8,,
1974-01-15,26.5,22.4,24.1,,
1974-01-16,27.4,22.6,24.7,,
1974-01-17,28.0,22.2,25.2,,
1974-01-18,27.5,23.1,25.0,,
1974-01-19,26.9,23.1,24.6,,
1974-01-20,27.6,22.8,24.6,,
1974-01-21,27.9,21.7,24.8,,
1974-01-22,28.2,22.3,25.2,,
1974-01-23,28.1,22.9,25.3,,
1974-01-24,27.6,22.2,24.9,,
1974-01-25,29.1,22.9,25.4,,
1974-01-26,27.7,23.2,25.1,,
1974-01-27,27.0,22.6,24.5,,
1974-01-28,27.9,22.3,25.1,,
1974-01-29,29.1,22.3,25.5,,
1974-01-30,28.6,23.2,25.5,,
1974-01-31,28.3,23.0,25.3,,
1974-02-01,27.2,22.8,24.9,,
1974-02-02,27.3,23.3,25.0,,
1974-02-03,27.7,23.1,25.3,,
1974-02-04,27.9,22.9,24.7,,
1974-02-05,28.0,21.7,24.6,,
1974-02-06,29.6,22.2,25.3,,
1974-02-07,27.6,21.7,24.6,,
1974-02-08,27.5,22.1,24.2,,
1974-02-09,27.3,22.1,24.3,,
1974-02-10,27.1,22.5,24.2,,
1974-02-11,27.5,21.8,24.5,,
1974-02-12,27.1,22.4,24.5,,
1974-02-13,27.6,22.7,25.0,,
1974-02-14,27.8,22.4,25.1,,
1974-02-15,27.9,22.8,25.1,,
1974-02-16,28.3,23.1,25.3,,
1974-02-17,28.8,22.2,25.2,,
1974-02-18,28.8,23.2,25.5,,
1974-02-19,28.2,22.3,24.9,,
1974-02-20,28.4,22.9,25.0,,
1974-02-21,28.7,23.3,25.3,,
1974-02-22,28.8,23.5,25.5,,
1974-02-23,27.0,23.4,24.9,,
1974-02-24,28.7,22.9,25.3,,
1974-02-25,28.8,23.4,25.7,,
1974-02-26,28.6,23.1,25.3,,
1974-02-27,26.9,23.0,24.2,,
1974-02-28,25.8,22.6,23.9,,
1974-03-01,26.5,22.7,24.1,,
1974-03-02,27.0,22.9,24.7,,
1974-03-03,26.8,22.7,24.5,,
1974-03-04,28.1,22.6,25.0,,
1974-03-05,28.9,22.5,25.6,,
1974-03-06,29.2,23.6,26.0,,
1974-03-07,28.4,23.5,25.6,,
1974-03-08,28.9,23.5,25.4,,
1974-03-09,29.4,22.1,25.4,,
1974-03-10,27.9,24.1,25.6,,
1974-03-11,27.8,24.1,25.4,,
1974-03-12,28.0,23.5,25.1,,
1974-03-13,27.7,23.3,25.2,,
1974-03-14,28.9,22.3,25.6,,
1974-03-15,29.3,22.6,25.6,,
1974-03-16,29.1,22.5,25.5,,
1974-03-17,29.3,23.3,25.9,,
1974-03-18,28.8,22.5,25.4,,
1974-03-19,28.1,22.7,25.2,,
1974-03-20,27.5,22.7,24.8,,
1974-03-21,27.2,22.8,24.3,,
1974-03-22,28.2,21.9,25.0,,
1974-03-23,28.7,21.8,25.2,,
1974-03-24,29.3,22.3,25.8,,
1974-03-25,28.9,23.2,25.7,,
1974-03-26,28.8,22.4,25.5,,
1974-03-27,29.0,21.9,25.1,,
1974-03-28,28.1,22.0,25.4,,
1974-03-29,29.1,22.8,25.5,,
1974-03-30,28.8,22.3,25.3,,
1974-03-31,29.3,22.3,25.9,,
1974-04-01,29.6,23.0,26.2,,
1974-04-02,29.7,22.7,26.1,,
1974-04-03,29.5,22.6,26.0,,
1974-04-04,29.4,22.2,25.6,,
1974-04-05,29.5,23.0,25.8,,
1974-04-06,29.2,23.0,25.6,,
1974-04-07,28.9,23.4,25.6,,
1974-04-08,30.0,23.1,25.9,,
1974-04-09,29.0,23.4,25.6,,
1974-04-10,28.5,22.9,25.1,,
1974-04-11,28.9,23.1,25.5,,
1974-04-12,28.6,22.9,25.5,,
1974-04-13,29.4,23.3,25.9,,
1974-04-14,28.8,22.9,25.8,,
1974-04-15,29.4,23.2,25.7,,
1974-04-16,28.1,23.5,25.4,,
1974-04-17,29.0,23.1,25.5,,
1974-04-18,29.1,22.7,25.5,,
1974-04-19,29.6,22.4,25.7,,
1974-04-20,29.4,22.9,25.7,,
1974-04-21,29.3,22.6,26.0,,
1974-04-22,29.3,23.0,26.2,,
1974-04-23,29.0,22.8,25.8,,
1974-04-24,29.3,22.7,25.8,,
1974-04-25,29.6,23.4,26.3,,
1974-04-26,29.5,21.4,25.6,,
1974-04-27,29.5,21.8,25.9,,
1974-04-28,29.6,22.6,25.9,,
1974-04-29,29.1,23.0,25.7,,
1974-04-30,29.0,23.1,25.9,,
1974-05-01,29.2,23.2,25.8,,
1974-05-02,29.7,22.6,25.7,,
1974-05-03,29.8,22.7,26.1,,
1974-05-04,29.6,22.8,25.8,,
1974-05-05,28.8,22.5,25.4,,
1974-05-06,29.2,23.2,25.6,,
1974-05-07,29.4,23.1,25.6,,
1974-05-08,29.1,23.8,25.6,,
1974-05-09,29.2,22.9,25.5,,
1974-05-10,29.2,22.8,25.6,,
1974-05-11,29.2,22.6,25.8,,
1974-05-12,28.1,23.1,25.5,,
1974-05-13,28.8,22.5,25.1,,
1974-05-14,28.3,22.6,25.1,,
1974-05-15,28.9,22.8,25.2,,
1974-05-16,29.3,22.8,25.8,,
1974-05-17,29.3,22.3,25.4,,
1974-05-18,29.4,22.5,25.5,,
1974-05-19,30.0,21.6,25.6,,
1974-05-20,29.4,21.6,25.4,,
1974-05-21,28.5,22.6,25.5,,
1974-05-22,28.8,22.9,25.5,,
1974-05-23,29.4,22.9,25.7,,
1974-05-24,29.5,22.6,26.0,,
1974-05-25,28.6,22.3,25.3,,
1974-05-26,28.6,22.9,25.2,,
1974-05-27,29.8,22.3,26.0,,
1974-05-28,29.3,23.7,26.3,,
1974-05-29,29.3,23.4,25.7,,
1974-05-30,27.9,22.7,25.0,,
1974-05-31,29.5,22.7,25.6,,
1974-06-01,29.4,23.0,26.0,,
1974-06-02,28.6,22.7,25.7,,
1974-06-03,29.6,22.3,26.2,,
1974-06-04,30.2,23.0,26.3,,
1974-06-05,29.7,22.2,25.8,,
1974-06-06,29.6,23.0,25.8,,
1974-06-07,29.7,21.8,25.8,,
1974-06-08,29.5,22.9,25.9,,
1974-06-09,29.6,21.8,25.6,,
1974-06-10,30.1,21.6,25.7,,
1974-06-11,29.6,21.6,25.7,,
1974-06-12,29.4,22.3,25.8,,
1974-06-13,29.7,22.3,26.1,,
1974-06-14,30.4,22.5,26.3,,
1974-06-15,30.8,22.6,26.5,,
1974-06-16,30.6,22.4,26.1,,
1974-06-17,30.0,22.7,26.1,,
1974-06-18,30.0,23.7,26.2,,
1974-06-19,29.9,22.6,26.1,,
1974-06-20,29.4,23.0,25.9,,
1974-06-21,29.6,22.5,25.8,,
1974-06-22,29.6,22.4,25.8,,
1974-06-23,28.5,22.4,25.2,,
1974-06-24,29.5,21.8,25.7,,
1974-06-25,28.9,22.5,25.3,,
1974-06-26,29.4,22.3,25.4,,
1974-06-27,27.1,23.0,24.6,,
1974-06-28,27.0,22.6,24.0,,
1974-06-29,26.7,22.4,24.1,,
1974-06-30,28.8,22.3,24.8,,
1974-07-01,28.0,23.0,24.8,,
1974-07-02,28.2,21.3,24.4,,
1974-07-03,29.1,21.6,25.2,,
1974-07-04,29.0,22.5,25.6,,
1974-07-05,29.5,23.6,26.2,,
1974-07-06,29.4,22.6,25.6,,
1974-07-07,28.0,22.3,24.9,,
1974-07-08,28.7,22.2,25.0,,
1974-07-09,29.7,21.9,25.4,,
1974-07-10,29.7,22.3,25.3,,
1974-07-11,29.8,21.7,24.9,,
1974-07-12,28.9,22.2,25.1,,
1974-07-13,29.0,23.0,25.2,,
1974-07-14,28.8,21.9,25.1,,
1974-07-15,28.8,21.9,25.4,,
1974-07-16,28.7,22.4,25.5,,
1974-07-17,29.1,22.0,25.1,,
1974-07-18,29.4,21.8,25.1,,
1974-07-19,29.4,21.8,25.5,,
1974-07-20,29.8,21.6,25.7,,
1974-07-21,29.7,23.6,26.3,,
1974-07-22,30.1,21.8,26.2,,
1974-07-23,30.3,21.8,26.0,,
1974-07-24,27.2,22.9,24.9,,
1974-07-25,29.4,22.5,25.1,,
1974-07-26,28.6,22.6,25.1,,
1974-07-27,29.3,22.2,25.3,,
1974-07-28,29.6,21.9,25.9,,
1974-07-29,29.7,22.6,25.8,,
1974-07-30,29.3,22.3,25.5,,
1974-07-31,29.0,22.6,25.6,,
1974-08-01,28.8,22.6,25.3,,
1974-08-02,28.4,22.3,25.4,,
1974-08-03,29.0,22.8,25.4,,
1974-08-04,29.1,23.1,25.5,,
1974-08-05,29.5,22.6,25.5,,
1974-08-06,28.6,22.7,25.2,,
1974-08-07,28.7,22.8,25.8,,
1974-08-08,29.5,23.5,26.3,,
1974-08-09,29.7,23.4,26.4,,
1974-08-10,29.9,22.9,26.2,,
1974-08-11,29.7,22.8,26.2,,
1974-08-12,29.9,22.5,25.7,,
1974-08-13,28.2,23.5,25.6,,
1974-08-14,29.3,23.7,25.8,,
1974-08-15,29.9,22.6,25.9,,
1974-08-16,29.6,22.5,25.9,,
1974-08-17,29.6,24.0,26.2,,
1974-08-18,29.8,23.6,26.4,,
1974-08-19,30.1,22.6,26.1,,
1974-08-20,29.8,21.8,25.9,,
1974-08-21,30.2,22.7,26.2,,
1974-08-22,28.7,23.5,25.8,,
1974-08-23,28.6,22.3,25.2,,
1974-08-24,29.8,22.5,25.1,,
1974-08-25,29.8,22.2,25.8,,
1974-08-26,30.4,22.8,26.4,,
1974-08-27,29.2,23.1,25.9,,
1974-08-28,30.3,22.1,25.7,,
1974-08-29,29.7,22.1,25.6,,
1974-08-30,30.1,21.4,25.9,,
1974-08-31,30.3,22.5,26.6,,
1974-09-01,30.9,22.4,26.7,,
1974-09-02,30.6,23.2,26.4,,
1974-09-03,31.1,22.6,26.3,,
1974-09-04,30.7,22.7,26.5,,
1974-09-05,30.5,22.9,26.0,,
1974-09-06,29.1,22.5,25.5,,
1974-09-07,28.3,23.2,25.1,,
1974-09-08,29.6,22.4,25.3,,
1974-09-09,29.0,22.6,25.4,,
1974-09-10,30.2,22.7,25.8,,
1974-09-11,27.5,23.0,24.6,,
1974-09-12,29.3,22.7,25.2,,
1974-09-13,28.7,22.4,24.9,,
1974-09-14,28.1,22.6,24.6,,
1974-09-15,28.1,22.6,24.6,,
1974-09-16,29.3,21.8,25.6,,
1974-09-17,29.9,22.7,26.0,,
1974-09-18,30.7,22.8,26.6,,
1974-09-19,30.1,22.4,25.9,,
1974-09-20,29.4,23.1,25.8,,
1974-09-21,29.7,22.5,26.0,,
1974-09-22,30.3,22.4,26.7,,
1974-09-23,30.9,23.0,26.7,,
1974-09-24,29.6,23.2,26.1,,
1974-09-25,30.2,23.1,26.4,,
1974-09-26,30.4,23.5,26.9,,
1974-09-27,30.0,23.3,25.9,,
1974-09-28,30.1,22.6,25.6,,
1974-09-29,29.7,22.2,25.7,,
1974-09-30,28.7,23.3,25.6,,
1974-10-01,28.9,22.6,25.5,,
1974-10-02,29.4,22.9,25.6,,
1974-10-03,28.5,23.1,25.4,,
1974-10-04,27.6,22.9,24.7,,
1974-10-05,28.6,22.7,24.8,,
1974-10-06,29.0,22.9,25.5,,
1974-10-07,29.0,23.0,25.4,,
1974-10-08,29.5,23.1,25.6,,
1974-10-09,28.7,22.8,25.4,,
1974-10-10,28.4,23.4,25.6,,
1974-10-11,28.5,23.1,25.5,,
1974-10-12,29.3,22.1,25.1,,
1974-10-13,29.1,23.1,25.5,,
1974-10-14,29.2,22.9,25.9,,
1974-10-15,29.2,22.9,25.7,,
1974-10-16,28.9,23.2,25.5,,
1974-10-17,29.9,23.4,25.9,,
1974-10-18,30.6,23.1,26.4,,
1974-10-19,31.7,23.2,26.6,,
1974-10-20,29.9,23.4,26.0,,
1974-10-21,30.0,22.9,26.0,,
1974-10-22,28.8,23.7,25.8,,
1974-10-23,29.7,22.8,25.6,,
1974-10-24,28.5,23.1,25.5,,
1974-10-25,28.9,22.8,25.5,,
1974-10-26,28.7,23.0,25.5,,
1974-10-27,29.2,22.6,25.6,,
1974-10-28,29.9,22.4,25.9,,
1974-10-29,30.3,22.9,26.3,,
1974-10-30,30.0,22.2,26.0,,
1974-10-31,30.7,22.6,26.1,,
1974-11-01,31.0,22.9,26.2,,
1974-11-02,30.6,22.9,26.0,,
1974-11-03,29.9,23.0,26.0,,
1974-11-04,29.5,23.2,25.8,,
1974-11-05,29.2,23.0,25.8,,
1974-11-06,27.3,23.5,25.3,,
1974-11-07,29.3,23.0,25.3,,
1974-11-08,29.2,22.8,25.9,,
1974-11-09,29.4,23.2,26.0,,
1974-11-10,28.6,22.8,25.4,,
1974-11-11,29.7,23.1,25.9,,
1974-11-12,29.2,22.7,25.7,,
1974-11-13,29.9,23.1,25.9,,
1974-11-14,27.7,23.1,25.1,,
1974-11-15,29.1,23.0,25.4,,
1974-11-16,29.4,23.4,25.9,,
1974-11-17,27.4,23.4,25.1,,
1974-11-18,29.4,23.0,25.5,,
1974-11-19,29.7,23.0,25.5,,
1974-11-20,27.8,22.8,25.4,,
1974-11-21,28.6,23.0,25.6,,
1974-11-22,28.1,23.3,25.4,,
1974-11-23,27.8,23.2,25.2,,
1974-11-24,28.2,22.8,25.1,,
1974-11-25,29.6,22.9,26.0,,
1974-11-26,29.8,22.7,26.2,,
1974-11-27,29.1,23.5,26.2,,
1974-11-28,29.4,23.7,25.9,,
1974-11-29,30.6,22.7,26.3,,
1974-11-30,30.2,23.3,26.3,,
1974-12-01,29.2,22.8,26.0,,
1974-12-02,29.5,23.5,26.0,,
1974-12-03,29.5,22.9,25.8,,
1974-12-04,28.7,23.5,25.3,,
1974-12-05,28.7,22.7,25.2,,
1974-12-06,27.7,23.2,25.0,,
1974-12-07,26.9,23.2,24.4,,
1974-12-08,28.0,22.4,25.2,,
1974-12-09,28.4,22.5,24.8,,
1974-12-10,29.5,22.4,25.4,,
1974-12-11,29.3,23.0,25.4,,
1974-12-12,28.2,22.9,25.0,,
1974-12-13,28.9,23.0,25.3,,
1974-12-14,29.4,22.1,25.4,,
1974-12-15,29.4,22.5,25.5,,
1974-12-16,28.9,23.1,25.5,,
1974-12-17,28.6,23.4,25.3,,
1974-12-18,28.0,23.5,25.5,,
1974-12-19,27.4,23.8,25.3,,
1974-12-20,28.8,22.5,25.2,,
1974-12-21,28.3,22.5,25.4,,
1974-12-22,29.7,22.6,25.5,,
1974-12-23,29.6,22.6,25.9,,
1974-12-24,29.8,23.1,26.2,,
1974-12-25,30.0,22.2,26.0,,
1974-12-26,28.3,23.4,25.4,,
1974-12-27,28.7,23.1,25.4,,
1974-12-28,28.6,23.2,25.5,,
1974-12-29,29.3,22.3,25.7,,
1974-12-30,30.1,21.5,25.8,,
1974-12-31,30.5,22.2,26.2,,
1975-01-01,30.3,21.2,25.8,,
1975-01-02,29.7,22.5,25.8,,
1975-01-03,28.8,22.8,25.4,,
1975-01-04,30.0,23.0,26.2,,
1975-01-05,29.8,23.0,25.8,,
1975-01-06,29.8,22.8,26.1,,
1975-01-07,29.7,22.7,25.8,,
1975-01-08,29.5,22.5,25.7,,
1975-01-09,30.0,23.6,26.1,,
1975-01-10,28.5,23.4,25.5,,
1975-01-11,28.6,23.3,25.1,,
1975-01-12,28.7,23.1,25.6,,
1975-01-13,30.3,23.8,26.1,,
1975-01-14,28.1,23.3,25.4,,
1975-01-15,30.9,23.7,26.6,,
1975-01-16,30.2,22.8,26.1,,
1975-01-17,28.5,22.6,25.6,,
1975-01-18,28.1,22.1,24.9,,
1975-01-19,28.0,22.5,25.0,,
1975-01-20,28.5,22.2,25.2,,
1975-01-21,27.9,22.6,25.1,,
1975-01-22,29.2,22.3,25.5,,
1975-01-23,28.2,22.7,25.1,,
1975-01-24,27.7,23.1,25.0,,
1975-01-25,29.0,22.1,25.2,,
1975-01-26,26.3,22.6,24.5,,
1975-01-27,26.6,22.8,24.3,,
1975-01-28,26.0,22.5,24.2,,
1975-01-29,25.5,22.5,23.7,,
1975-01-30,27.1,22.3,24.4,,
1975-01-31,28.5,22.3,25.1,,
1975-02-01,28.1,22.6,25.1,,
1975-02-02,26.6,22.9,24.5,,
1975-02-03,28.4,22.5,25.3,,
1975-02-04,27.3,23.1,25.2,,
1975-02-05,27.3,23.2,25.2,,
1975-02-06,28.4,22.8,25.4,,
1975-02-07,28.8,23.2,25.2,,
1975-02-08,25.5,23.7,24.4,,
1975-02-09,27.4,22.9,25.0,,
1975-02-10,28.2,22.7,24.6,,
1975-02-11,26.7,22.9,24.3,,
1975-02-12,27.6,22.7,24.6,,
1975-02-13,27.2,23.4,24.8,,
1975-02-14,27.4,22.9,24.8,,
1975-02-15,26.8,23.0,24.4,,
1975-02-16,28.0,22.8,25.3,,
1975-02-17,28.0,22.5,25.2,,
1975-02-18,27.8,22.8,25.0,,
1975-02-19,27.8,22.6,24.9,,
1975-02-20,27.7,22.8,24.8,,
1975-02-21,28.1,22.5,25.1,,
1975-02-22,28.1,22.9,25.5,,
1975-02-23,28.8,22.3,25.3,,
1975-02-24,28.2,23.5,25.7,,
1975-02-25,28.5,23.8,25.7,,
1975-02-26,29.2,23.0,25.9,,
1975-02-27,28.1,23.3,25.4,,
1975-02-28,29.1,22.7,25.5,,
1975-03-01,28.7,22.4,25.1,,
1975-03-02,29.0,21.6,25.3,,
1975-03-03,28.7,23.3,25.8,,
1975-03-04,28.0,22.4,25.3,,
1975-03-05,29.1,22.9,25.3,,
1975-03-06,27.7,23.1,25.2,,
1975-03-07,29.6,22.4,25.4,,
1975-03-08,29.2,22.3,25.7,,
1975-03-09,29.2,23.6,25.8,,
1975-03-10,30.0,22.2,25.8,,
1975-03-11,28.1,23.1,25.7,,
1975-03-12,29.3,23.3,25.6,,
1975-03-13,27.8,23.4,25.5,,
1975-03-14,28.8,23.4,26.0,,
1975-03-15,27.1,23.8,25.3,,
1975-03-16,28.6,23.0,25.3,,
1975-03-17,29.6,23.4,26.1,,
1975-03-18,28.4,23.3,25.4,,
1975-03-19,27.6,23.4,25.3,,
1975-03-20,28.6,23.3,25.4,,
1975-03-21,29.1,23.1,25.4,,
1975-03-22,29.3,23.1,25.7,,
1975-03-23,29.3,23.5,26.1,,
1975-03-24,27.7,24.5,25.6,,
1975-03-25,28.6,24.1,25.5,,
1975-03-26,29.0,24.2,25.9,,
1975-03-27,29.3,24.0,26.0,,
1975-03-28,29.4,24.4,26.1,,
1975-03-29,27.8,23.3,25.2,,
1975-03-30,28.7,24.1,25.4,,
1975-03-31,28.7,23.6,25.7,,
1975-04-01,29.1,23.2,26.0,,
1975-04-02,29.3,23.7,26.1,,
1975-04-03,29.2,23.9,25.9,,
1975-04-04,29.6,23.1,25.9,,
1975-04-05,29.8,23.0,26.3,,
1975-04-06,29.2,23.3,25.9,,
1975-04-07,30.1,23.4,26.0,,
1975-04-08,29.5,22.9,25.9,,
1975-04-09,28.6,23.6,25.7,,
1975-04-10,27.3,23.3,25.2,,
1975-04-11,29.7,23.1,25.9,,
1975-04-12,29.2,23.8,26.2,,
1975-04-13,29.0,23.9,25.9,,
1975-04-14,29.4,23.4,26.0,,
1975-04-15,29.5,23.3,25.8,,
1975-04-16,29.3,23.9,26.2,,
1975-04-17,29.6,23.6,26.3,,
1975-04-18,29.9,23.9,26.3,,
1975-04-19,28.0,23.5,25.4,,
1975-04-20,28.6,23.2,25.7,,
1975-04-21,27.8,23.5,25.1,,
1975-04-22,28.9,23.4,25.9,,
1975-04-23,29.1,23.3,26.1,,
1975-04-24,30.0,23.0,26.3,,
1975-04-25,30.2,23.8,26.4,,
1975-04-26,30.1,23.3,26.2,,
1975-04-27,29.4,24.0,25.9,,
1975-04-28,28.4,23.4,25.5,,
1975-04-29,29.6,22.6,25.7,,
1975-04-30,29.9,22.7,26.2,,
1975-05-01,29.1,23.0,25.8,,
1975-05-02,29.5,23.2,25.8,,
1975-05-03,29.1,22.9,25.6,,
1975-05-04,29.0,23.0,25.8,,
1975-05-05,29.2,23.2,25.9,,
1975-05-06,29.6,23.1,26.0,,
1975-05-07,29.5,22.9,25.6,,
1975-05-08,28.9,23.1,25.4,,
1975-05-09,29.1,22.6,25.2,,
1975-05-10,29.3,22.9,25.6,,
1975-05-11,29.2,22.7,25.6,,
1975-05-12,28.1,23.6,25.6,,
1975-05-13,28.3,23.3,25.5,,
1975-05-14,27.6,23.4,25.2,,
1975-05-15,29.2,22.9,25.6,,
1975-05-16,28.9,22.0,25.1,,
1975-05-17,28.0,22.6,25.0,,
1975-05-18,28.9,23.9,25.9,,
1975-05-19,29.9,22.5,26.0,,
1975-05-20,29.4,23.2,26.2,,
1975-05-21,29.9,23.3,26.4,,
1975-05-22,30.2,22.8,26.0,,
1975-05-23,29.9,22.9,26.0,,
1975-05-24,28.0,22.7,25.4,,
1975-05-25,27.4,23.7,25.2,,
1975-05-26,28.3,22.7,25.1,,
1975-05-27,28.1,22.8,24.9,,
1975-05-28,28.9,22.6,25.3,,
1975-05-29,29.2,23.3,25.8,,
1975-05-30,29.3,22.4,25.6,,
1975-05-31,29.0,23.2,26.0,,
1975-06-01,29.0,22.3,25.6,,
1975-06-02,29.0,23.3,25.8,,
1975-06-03,29.4,21.5,25.7,,
1975-06-04,27.6,23.3,24.9,,
1975-06-05,29.6,23.3,25.7,,
1975-06-06,29.1,22.2,25.4,,
1975-06-07,29.5,22.5,25.8,,
1975-06-08,28.8,21.8,25.3,,
1975-06-09,28.7,21.3,25.2,,
1975-06-10,29.0,22.4,25.6,,
1975-06-11,29.5,22.1,25.6,,
1975-06-12,28.8,22.4,25.2,,
1975-06-13,29.3,23.1,25.4,,
1975-06-14,29.7,23.4,25.8,,
1975-06-15,29.3,22.9,25.8,,
1975-06-16,29.9,22.6,26.2,,
1975-06-17,29.3,22.1,25.8,,
1975-06-18,29.0,23.0,25.8,,
1975-06-19,28.8,23.2,25.9,,
1975-06-20,29.6,22.6,25.8,,
1975-06-21,29.9,23.0,26.3,,
1975-06-22,30.0,21.8,25.9,,
1975-06-23,28.7,23.0,25.6,,
1975-06-24,29.6,22.1,25.6,,
1975-06-25,29.8,22.2,26.1,,
1975-06-26,29.8,22.6,26.0,,
1975-06-27,30.0,23.4,26.5,,
1975-06-28,30.2,22.1,26.3,,
1975-06-29,29.7,23.1,26.3,,
1975-06-30,29.5,22.8,25.9,,
1975-07-01,29.1,23.5,25.7,,
1975-07-02,29.5,22.6,25.7,,
1975-07-03,30.0,22.8,26.4,,
1975-07-04,30.4,22.3,26.3,,
1975-07-05,29.8,23.0,26.1,,
1975-07-06,29.6,22.5,26.0,,
1975-07-07,29.9,22.6,25.9,,
1975-07-08,30.0,22.9,25.9,,
1975-07-09,29.5,21.7,25.4,,
1975-07-10,29.7,22.4,25.2,,
1975-07-11,29.4,21.4,25.2,,
1975-07-12,30.1,21.9,25.6,,
1975-07-13,28.1,22.4,25.0,,
1975-07-14,28.5,22.8,25.0,,
1975-07-15,28.9,23.1,25.4,,
1975-07-16,28.9,22.9,25.7,,
1975-07-17,28.7,22.8,25.5,,
1975-07-18,27.1,22.9,24.8,,
1975-07-19,27.8,22.1,24.3,,
1975-07-20,27.3,22.5,24.4,,
1975-07-21,28.0,22.2,24.7,,
1975-07-22,26.9,22.5,24.2,,
1975-07-23,28.6,22.0,24.8,,
1975-07-24,28.5,22.1,25.0,,
1975-07-25,28.1,23.0,25.2,,
1975-07-26,28.7,22.9,25.2,,
1975-07-27,28.7,21.3,24.5,,
1975-07-28,27.8,21.6,24.8,,
1975-07-29,29.2,22.9,25.3,,
1975-07-30,28.9,22.4,25.4,,
1975-07-31,29.0,22.4,25.4,,
1975-08-01,28.8,22.6,25.5,,
1975-08-02,28.6,21.7,24.8,,
1975-08-03,28.7,21.9,25.1,,
1975-08-04,28.9,21.8,25.4,,
1975-08-05,29.8,22.1,25.8,,
1975-08-06,30.0,22.6,26.0,,
1975-08-07,29.9,21.1,25.7,,
1975-08-08,30.3,21.5,26.1,,
1975-08-09,29.7,23.1,26.1,,
1975-08-10,28.7,23.0,25.7,,
1975-08-11,29.5,21.8,25.7,,
1975-08-12,29.3,22.0,25.9,,
1975-08-13,29.6,22.9,26.1,,
1975-08-14,29.4,23.0,25.9,,
1975-08-15,30.1,23.5,26.4,,
1975-08-16,30.8,23.0,26.6,,
1975-08-17,29.7,23.3,26.5,,
1975-08-18,30.1,23.1,26.4,,
1975-08-19,28.2,23.1,25.5,,
1975-08-20,29.5,22.8,25.5,,
1975-08-21,29.0,22.6,25.4,,
1975-08-22,29.5,21.9,25.3,,
1975-08-23,29.1,21.1,25.3,,
1975-08-24,29.2,21.8,25.6,,
1975-08-25,30.3,22.3,26.3,,
1975-08-26,29.5,23.3,26.2,,
1975-08-27,29.7,22.7,26.1,,
1975-08-28,29.5,21.6,25.4,,
1975-08-29,29.5,22.6,25.7,,
1975-08-30,29.6,23.0,25.5,,
1975-08-31,28.0,23.0,25.2,,
1975-09-01,29.1,22.6,25.2,,
1975-09-02,28.4,22.8,25.1,,
1975-09-03,29.0,22.4,25.2,,
1975-09-04,29.1,22.2,25.4,,
1975-09-05,28.2,23.1,25.2,,
1975-09-06,29.4,23.0,25.8,,
1975-09-07,29.6,22.4,25.7,,
1975-09-08,28.7,22.0,25.0,,
1975-09-09,27.2,23.0,24.7,,
1975-09-10,27.2,23.1,24.5,,
1975-09-11,27.8,22.5,24.6,,
1975-09-12,27.8,22.1,24.7,,
1975-09-13,28.1,22.8,24.7,,
1975-09-14,28.6,22.3,24.8,,
1975-09-15,28.5,21.8,25.0,,
1975-09-16,28.3,23.0,25.3,,
1975-09-17,30.0,22.6,26.0,,
1975-09-18,29.7,22.4,26.2,,
1975-09-19,30.0,22.7,25.8,,
1975-09-20,29.8,22.7,26.1,,
1975-09-21,30.7,22.1,26.4,,
1975-09-22,30.4,22.8,27.0,,
1975-09-23,30.3,23.1,26.9,,
1975-09-24,30.3,23.3,26.5,,
1975-09-25,31.0,23.3,26.8,,
1975-09-26,30.5,23.8,26.2,,
1975-09-27,28.6,22.9,25.6,,
1975-09-28,28.6,23.5,25.4,,
1975-09-29,29.4,23.6,25.9,,
1975-09-30,29.5,23.4,25.9,,
1975-10-01,28.3,23.0,25.3,,
1975-10-02,28.7,23.5,25.4,,
1975-10-03,29.2,23.3,25.1,,
1975-10-04,28.2,22.6,25.0,,
1975-10-05,29.1,23.1,25.2,,
1975-10-06,29.0,22.4,25.1,,
1975-10-07,28.3,22.8,25.3,,
1975-10-08,28.6,23.1,25.5,,
1975-10-09,29.1,22.6,25.2,,
1975-10-10,29.1,23.0,25.8,,
1975-10-11,28.4,23.1,25.2,,
1975-10-12,28.7,22.4,25.1,,
1975-10-13,28.5,23.0,24.9,,
1975-10-14,29.5,22.6,25.3,,
1975-10-15,28.8,22.5,25.1,,
1975-10-16,28.8,22.5,25.2,,
1975-10-17,29.5,22.8,25.6,,
1975-10-18,29.5,23.1,25.8,,
1975-10-19,29.4,23.0,25.6,,
1975-10-20,28.8,23.0,25.8,,
1975-10-21,29.9,23.2,25.7,,
1975-10-22,27.5,23.2,24.8,,
1975-10-23,29.5,22.9,25.6,,
1975-10-24,29.5,22.6,25.8,,
1975-10-25,28.7,23.1,25.2,,
1975-10-26,27.7,23.7,25.1,,
1975-10-27,28.6,23.6,25.8,,
1975-10-28,28.4,23.3,25.2,,
1975-10-29,27.7,22.2,24.7,,
1975-10-30,27.9,23.2,24.7,,
1975-10-31,28.1,23.6,25.3,,
1975-11-01,28.4,23.5,25.6,,
1975-11-02,30.3,22.9,25.9,,
1975-11-03,28.8,23.0,25.6,,
1975-11-04,29.1,22.8,25.6,,
1975-11-05,28.2,22.8,25.1,,
1975-11-06,29.3,22.8,25.3,,
1975-11-07,29.8,22.5,25.5,,
1975-11-08,29.0,23.1,25.5,,
1975-11-09,28.4,22.9,25.3,,
1975-11-10,29.2,22.6,25.3,,
1975-11-11,29.4,22.6,25.7,,
1975-11-12,28.9,23.0,25.5,,
1975-11-13,29.1,23.2,25.4,,
1975-11-14,28.9,22.9,25.2,,
1975-11-15,29.4,22.6,25.1,,
1975-11-16,29.0,23.0,25.3,,
1975-11-17,28.5,23.3,25.5,,
1975-11-18,29.2,23.0,25.5,,
1975-11-19,30.2,21.9,26.1,,
1975-11-20,29.5,22.8,25.8,,
1975-11-21,29.5,23.1,26.2,,
1975-11-22,29.4,23.0,25.9,,
1975-11-23,29.9,23.1,25.8,,
1975-11-24,28.9,23.1,25.6,,
1975-11-25,29.0,23.0,25.5,,
1975-11-26,29.8,22.3,25.6,,
1975-11-27,30.2,23.0,26.1,,
1975-11-28,30.2,22.3,25.9,,
1975-11-29,30.2,23.0,26.0,,
1975-11-30,29.6,23.0,25.6,,
1975-12-01,28.7,23.7,25.3,,
1975-12-02,28.7,23.0,25.6,,
1975-12-03,28.5,23.4,25.8,,
1975-12-04,29.1,23.4,25.6,,
1975-12-05,29.3,24.0,26.1,,
1975-12-06,29.6,23.7,26.4,,
1975-12-07,28.7,24.0,25.9,,
1975-12-08,27.8,23.8,25.6,,
1975-12-09,29.0,24.4,26.0,,
1975-12-10,26.6,23.6,24.8,,
1975-12-11,27.1,23.6,24.7,,
1975-12-12,28.1,23.6,25.5,,
1975-12-13,28.3,22.8,24.9,,
1975-12-14,27.8,23.3,25.2,,
1975-12-15,26.3,23.8,24.6,,
1975-12-16,28.2,23.2,25.3,,
1975-12-17,28.8,23.0,25.5,,
1975-12-18,28.2,22.9,25.2,,
1975-12-19,28.6,22.9,25.4,,
1975-12-20,29.5,23.1,25.9,,
1975-12-21,30.0,22.1,25.3,,
1975-12-22,29.3,22.7,25.3,,
1975-12-23,28.7,22.7,25.4,,
1975-12-24,29.8,23.0,25.7,,
1975-12-25,30.2,22.4,26.0,,
1975-12-26,29.7,23.4,26.3,,
1975-12-27,29.0,22.6,25.2,,
1975-12-28,27.3,22.4,24.6,,
1975-12-29,28.1,21.9,24.4,,
1975-12-30,27.5,22.4,24.7,,
1975-12-31,27.7,22.5,24.7,,
1976-01-01,26.1,22.7,24.2,,
1976-01-02,27.0,22.8,24.5,,
1976-01-03,27.6,22.6,24.9,,
1976-01-04,26.9,22.8,24.5,,
1976-01-05,26.6,22.9,24.5,,
1976-01-06,26.8,22.6,24.1,,
1976-01-07,25.2,22.6,23.9,,
1976-01-08,28.1,22.5,24.5,,
1976-01-09,27.9,22.2,24.7,,
1976-01-10,27.8,22.8,24.7,,
1976-01-11,25.7,22.7,23.9,,
1976-01-12,26.3,22.8,24.2,,
1976-01-13,26.7,22.5,24.1,,
1976-01-14,26.2,22.3,23.8,,
1976-01-15,26.9,22.0,24.1,,
1976-01-16,27.3,22.0,24.1,,
1976-01-17,27.7,22.4,24.6,,
1976-01-18,27.7,22.7,24.7,,
1976-01-19,26.0,22.9,24.0,,
1976-01-20,26.0,22.4,24.0,,
1976-01-21,27.0,22.9,24.3,,
1976-01-22,26.7,23.2,24.3,,
1976-01-23,27.1,22.7,24.4,,
1976-01-24,27.0,22.3,24.0,,
1976-01-25,27.2,22.0,24.5,,
1976-01-26,28.1,21.2,24.6,,
1976-01-27,28.1,21.3,24.7,,
1976-01-28,28.0,22.1,24.7,,
1976-01-29,27.3,22.7,24.4,,
1976-01-30,26.0,22.9,24.2,,
1976-01-31,26.6,22.2,24.4,,
1976-02-01,26.5,22.8,24.1,,
1976-02-02,28.4,22.0,24.7,,
1976-02-03,27.5,21.5,24.7,,
1976-02-04,27.8,22.3,25.0,,
1976-02-05,27.3,22.7,25.2,,
1976-02-06,27.4,23.0,24.8,,
1976-02-07,27.2,22.9,24.7,,
1976-02-08,27.1,22.3,24.6,,
1976-02-09,26.2,22.2,24.0,,
1976-02-10,26.6,22.3,24.0,,
1976-02-11,27.2,22.4,24.4,,
1976-02-12,27.5,21.8,24.4,,
1976-02-13,29.3,21.6,25.5,,
1976-02-14,29.5,22.6,25.9,,
1976-02-15,29.5,22.5,25.6,,
1976-02-16,27.7,23.1,25.2,,
1976-02-17,28.8,22.3,25.7,,
1976-02-18,29.2,22.7,25.5,,
1976-02-19,29.3,22.4,25.3,,
1976-02-20,28.5,23.2,25.4,,
1976-02-21,29.0,23.0,25.5,,
1976-02-22,29.4,22.5,25.7,,
1976-02-23,29.1,23.1,25.5,,
1976-02-24,28.5,22.4,25.2,,
1976-02-25,27.0,23.3,25.0,,
1976-02-26,26.7,22.9,24.4,,
1976-02-27,28.8,22.7,25.1,,
1976-02-28,28.0,23.0,25.0,,
1976-02-29,28.6,23.4,25.4,,
1976-03-01,28.5,23.7,25.5,,
1976-03-02,27.9,23.8,25.2,,
1976-03-03,27.2,23.0,24.6,,
1976-03-04,26.2,22.8,24.1,,
1976-03-05,27.2,22.9,24.6,,
1976-03-06,28.3,22.7,25.4,,
1976-03-07,28.4,23.0,25.6,,
1976-03-08,28.5,23.3,25.6,,
1976-03-09,28.4,23.7,25.7,,
1976-03-10,28.3,23.7,25.3,,
1976-03-11,28.9,23.3,25.7,,
1976-03-12,29.3,23.5,26.1,,
1976-03-13,29.2,23.2,25.7,,
1976-03-14,28.1,23.8,25.4,,
1976-03-15,27.5,22.6,24.9,,
1976-03-16,28.3,23.2,25.5,,
1976-03-17,28.8,23.8,25.6,,
1976-03-18,27.6,23.5,25.0,,
1976-03-19,27.1,23.4,24.8,,
1976-03-20,27.8,22.9,25.0,,
1976-03-21,28.8,22.8,25.1,,
1976-03-22,28.4,22.2,24.7,,
1976-03-23,29.0,22.3,25.1,,
1976-03-24,29.1,22.2,25.6,,
1976-03-25,29.8,23.0,26.1,,
1976-03-26,28.3,23.0,25.8,,
1976-03-27,29.0,23.4,25.7,,
1976-03-28,29.8,23.1,25.8,,
1976-03-29,28.2,23.3,25.3,,
1976-03-30,29.7,23.4,25.7,,
1976-03-31,29.2,23.1,25.7,,
1976-04-01,29.0,22.9,25.3,,
1976-04-02,28.0,22.9,24.8,,
1976-04-03,29.3,22.4,25.6,,
1976-04-04,29.3,22.6,25.7,,
1976-04-05,29.2,22.8,25.7,,
1976-04-06,28.9,23.1,25.6,,
1976-04-07,29.0,22.5,25.5,,
1976-04-08,29.2,22.1,25.5,,
1976-04-09,29.4,22.8,25.6,,
1976-04-10,29.1,22.9,25.6,,
1976-04-11,29.2,22.7,26.0,,
1976-04-12,29.5,22.8,25.8,,
1976-04-13,29.6,23.3,25.9,,
1976-04-14,29.6,22.5,25.7,,
1976-04-15,29.5,22.7,25.6,,
1976-04-16,27.8,22.9,25.1,,
1976-04-17,28.9,22.7,25.3,,
1976-04-18,29.1,22.8,25.5,,
1976-04-19,28.8,22.9,25.6,,
1976-04-20,26.9,23.1,24.7,,
1976-04-21,29.5,21.8,25.1,,
1976-04-22,29.1,22.1,25.6,,
1976-04-23,29.7,22.6,25.6,,
1976-04-24,29.0,22.8,25.7,,
1976-04-25,29.1,22.3,25.7,,
1976-04-26,29.3,22.7,25.6,,
1976-04-27,28.6,23.4,25.2,,
1976-04-28,28.5,22.9,25.5,,
1976-04-29,28.5,23.3,25.8,,
1976-04-30,28.5,23.3,25.4,,
1976-05-01,29.4,23.4,25.7,,
1976-05-02,29.6,23.1,25.7,,
1976-05-03,30.2,23.1,26.2,,
1976-05-04,29.5,23.4,26.1,,
1976-05-05,29.7,22.6,25.7,,
1976-05-06,29.8,22.7,26.2,,
1976-05-07,29.7,23.2,25.8,,
1976-05-08,28.2,22.9,25.4,,
1976-05-09,28.9,22.7,25.4,,
1976-05-10,29.5,23.3,25.6,,
1976-05-11,29.3,22.2,25.5,,
1976-05-12,29.2,22.8,25.7,,
1976-05-13,28.7,22.6,25.5,,
1976-05-14,29.4,22.4,25.4,,
1976-05-15,28.5,22.5,25.0,,
1976-05-16,28.7,22.1,25.3,,
1976-05-17,29.2,21.8,25.6,,
1976-05-18,29.7,22.1,26.0,,
1976-05-19,29.8,23.9,26.5,,
1976-05-20,29.0,23.6,26.0,,
1976-05-21,28.8,23.2,25.7,,
1976-05-22,29.0,23.2,25.7,,
1976-05-23,29.1,23.0,25.9,,
1976-05-24,29.7,23.1,26.0,,
1976-05-25,30.0,22.3,26.0,,
1976-05-26,29.2,22.7,26.1,,
1976-05-27,29.4,23.3,26.3,,
1976-05-28,30.0,22.1,25.9,,
1976-05-29,29.2,23.2,26.3,,
1976-05-30,30.4,23.5,26.7,,
1976-05-31,29.8,23.4,26.0,,
1976-06-01,29.9,22.3,26.1,,
1976-06-02,29.9,22.7,26.0,,
1976-06-03,29.5,23.3,25.9,,
1976-06-04,29.6,22.8,25.8,,
1976-06-05,29.1,22.5,25.7,,
1976-06-06,29.5,22.5,25.9,,
1976-06-07,30.0,22.6,26.2,,
1976-06-08,29.3,22.3,25.6,,
1976-06-09,28.2,22.7,24.9,,
1976-06-10,28.9,22.4,25.4,,
1976-06-11,29.3,21.9,25.9,,
1976-06-12,27.8,22.7,25.5,,
1976-06-13,28.3,23.3,25.3,,
1976-06-14,30.1,21.7,25.6,,
1976-06-15,28.9,23.3,25.4,,
1976-06-16,29.8,21.9,25.7,,
1976-06-17,29.7,23.1,26.3,,
1976-06-18,29.2,22.2,25.8,,
1976-06-19,29.2,22.3,25.7,,
1976-06-20,29.5,22.2,25.7,,
1976-06-21,30.1,21.3,25.7,,
1976-06-22,30.1,22.1,26.1,,
1976-06-23,29.9,23.0,26.3,,
1976-06-24,30.2,23.0,26.3,,
1976-06-25,30.3,22.9,26.6,,
1976-06-26,30.6,23.0,26.7,,
1976-06-27,30.9,22.9,27.0,,
1976-06-28,30.3,23.6,26.6,,
1976-06-29,30.4,23.1,26.6,,
1976-06-30,30.3,23.2,26.5,,
1976-07-01,30.7,21.7,26.3,,
1976-07-02,30.7,23.0,26.7,,
1976-07-03,30.8,22.3,26.4,,
1976-07-04,30.3,21.8,26.3,,
1976-07-05,30.1,23.7,26.3,,
1976-07-06,30.1,22.8,25.9,,
1976-07-07,29.8,23.3,26.0,,
1976-07-08,30.3,22.8,25.9,,
1976-07-09,30.6,22.0,26.0,,
1976-07-10,30.6,22.5,26.2,,
1976-07-11,30.4,22.2,25.9,,
1976-07-12,29.5,23.3,25.8,,
1976-07-13,29.8,23.5,26.3,,
1976-07-14,29.5,23.5,26.2,,
1976-07-15,29.1,22.3,25.5,,
1976-07-16,30.0,22.0,25.7,,
1976-07-17,30.2,20.8,25.6,,
1976-07-18,30.6,22.2,26.0,,
1976-07-19,30.4,21.6,25.8,,
1976-07-20,30.9,21.3,25.8,,
1976-07-21,30.7,22.9,26.5,,
1976-07-22,31.6,22.0,26.5,,
1976-07-23,30.3,23.4,26.8,,
1976-07-24,29.3,23.5,26.1,,
1976-07-25,30.8,22.7,26.3,,
1976-07-26,30.6,22.5,26.5,,
1976-07-27,31.0,21.8,26.4,,
1976-07-28,31.3,22.9,27.1,,
1976-07-29,31.7,23.2,27.1,,
1976-07-30,31.2,23.8,27.0,,
1976-07-31,31.0,23.7,27.0,,
1976-08-01,31.2,23.2,26.9,,
1976-08-02,31.4,22.8,26.7,,
1976-08-03,31.3,24.4,27.1,,
1976-08-04,31.6,23.0,27.1,,
1976-08-05,31.2,23.5,26.5,,
1976-08-06,30.9,22.5,26.3,,
1976-08-07,31.0,22.6,26.5,,
1976-08-08,30.7,21.6,25.9,,
1976-08-09,30.7,23.3,26.5,,
1976-08-10,31.4,21.8,26.4,,
1976-08-11,31.2,21.2,26.2,,
1976-08-12,31.9,22.0,27.0,,
1976-08-13,30.8,23.2,26.8,,
1976-08-14,31.1,22.9,27.0,,
1976-08-15,29.8,23.7,26.2,,
1976-08-16,30.2,22.3,25.9,,
1976-08-17,30.8,20.9,26.0,,
1976-08-18,31.1,21.8,26.2,,
1976-08-19,31.3,22.3,26.7,,
1976-08-20,31.6,22.1,26.7,,
1976-08-21,30.9,22.3,26.6,,
1976-08-22,31.3,23.2,27.3,,
1976-08-23,31.4,23.7,27.3,,
1976-08-24,31.2,22.9,27.0,,
1976-08-25,31.3,22.8,26.8,,
1976-08-26,29.8,23.4,26.0,,
1976-08-27,28.8,23.3,25.5,,
1976-08-28,27.5,22.9,24.8,,
1976-08-29,29.0,22.2,25.5,,
1976-08-30,29.3,22.2,25.5,,
1976-08-31,29.5,22.8,25.9,,
1976-09-01,29.6,22.8,25.8,,
1976-09-02,29.7,21.9,25.7,,
1976-09-03,29.1,22.6,25.5,,
1976-09-04,29.7,22.2,25.7,,
1976-09-05,30.6,23.2,26.4,,
1976-09-06,30.9,23.2,26.9,,
1976-09-07,31.1,23.3,26.9,,
1976-09-08,31.2,23.3,26.9,,
1976-09-09,31.1,23.3,27.1,,
1976-09-10,32.5,23.1,27.7,,
1976-09-11,32.5,22.5,27.6,,
1976-09-12,32.7,23.4,27.7,,
1976-09-13,32.6,22.5,27.3,,
1976-09-14,31.1,21.9,26.5,,
1976-09-15,31.5,22.1,26.7,,
1976-09-16,31.9,21.1,26.6,,
1976-09-17,32.3,23.0,27.2,,
1976-09-18,31.8,22.9,27.2,,
1976-09-19,31.7,23.8,27.3,,
1976-09-20,32.1,23.7,27.5,,
1976-09-21,31.3,22.6,27.1,,
1976-09-22,31.3,24.2,27.4,,
1976-09-23,31.2,24.2,26.7,,
1976-09-24,31.4,24.1,26.8,,
1976-09-25,31.6,23.5,26.7,,
1976-09-26,31.3,22.9,26.7,,
1976-09-27,32.3,23.9,27.4,,
1976-09-28,31.3,21.7,26.5,,
1976-09-29,30.0,23.5,26.4,,
1976-09-30,30.5,23.7,26.8,,
1976-10-01,31.4,23.1,27.0,,
1976-10-02,31.2,23.3,26.9,,
1976-10-03,29.9,23.4,26.2,,
1976-10-04,31.4,23.0,26.4,,
1976-10-05,30.1,23.7,26.3,,
1976-10-06,29.8,23.3,25.8,,
1976-10-07,29.9,23.5,26.0,,
1976-10-08,30.0,23.4,26.2,,
1976-10-09,30.1,23.6,26.2,,
1976-10-10,30.3,23.6,26.1,,
1976-10-11,29.2,23.6,26.2,,
1976-10-12,30.1,23.2,26.2,,
1976-10-13,26.8,23.6,24.8,,
1976-10-14,30.1,23.4,25.9,,
1976-10-15,29.6,23.5,26.3,,
1976-10-16,28.8,23.6,25.8,,
1976-10-17,29.8,24.0,26.6,,
1976-10-18,29.9,23.1,26.1,,
1976-10-19,30.5,22.7,26.4,,
1976-10-20,30.6,24.1,27.2,,
1976-10-21,30.1,24.3,27.1,,
1976-10-22,30.6,23.5,26.7,,
1976-10-23,31.0,23.1,26.8,,
1976-10-24,31.1,22.7,26.4,,
1976-10-25,31.2,21.1,26.3,,
1976-10-26,30.3,22.9,26.3,,
1976-10-27,31.1,22.4,26.4,,
1976-10-28,29.5,24.1,26.2,,
1976-10-29,29.0,22.7,25.6,,
1976-10-30,29.1,23.1,25.3,,
1976-10-31,28.1,23.0,25.3,,
1976-11-01,28.7,22.9,25.6,,
1976-11-02,29.2,23.4,25.8,,
1976-11-03,29.3,22.7,25.6,,
1976-11-04,29.9,23.0,26.0,,
1976-11-05,30.8,22.7,26.5,,
1976-11-06,31.3,23.1,26.8,,
1976-11-07,30.7,23.7,26.9,,
1976-11-08,30.2,23.3,26.5,,
1976-11-09,30.4,23.4,26.7,,
1976-11-10,30.5,23.4,26.6,,
1976-11-11,29.5,23.3,26.1,,
1976-11-12,30.2,23.6,26.2,,
1976-11-13,29.7,23.2,26.0,,
1976-11-14,28.4,23.7,25.8,,
1976-11-15,29.0,23.5,25.7,,
1976-11-16,29.3,23.8,26.0,,
1976-11-17,28.5,23.2,25.6,,
1976-11-18,29.2,23.5,26.0,,
1976-11-19,28.5,23.5,25.6,,
1976-11-20,28.5,23.7,25.8,,
1976-11-21,28.4,23.9,25.6,,
1976-11-22,29.7,23.2,25.9,,
1976-11-23,29.8,23.7,26.0,,
1976-11-24,30.2,23.7,25.9,,
1976-11-25,28.9,23.4,25.6,,
1976-11-26,30.4,23.6,26.1,,
1976-11-27,31.1,23.3,26.5,,
1976-11-28,30.5,23.1,26.3,,
1976-11-29,28.9,23.5,25.8,,
1976-11-30,27.5,23.5,25.0,,
1976-12-01,27.5,23.2,24.8,,
1976-12-02,29.6,23.0,25.6,,
1976-12-03,29.2,23.3,26.0,,
1976-12-04,29.9,23.7,26.4,,
1976-12-05,30.6,23.5,26.4,,
1976-12-06,28.9,23.5,26.1,,
1976-12-07,29.1,23.7,26.1,,
1976-12-08,28.7,23.7,25.8,,
1976-12-09,28.7,23.3,25.6,,
1976-12-10,27.8,23.1,25.3,,
1976-12-11,28.6,22.8,25.5,,
1976-12-12,29.3,22.7,25.6,,
1976-12-13,28.8,23.7,25.6,,
1976-12-14,27.6,23.3,25.3,,
1976-12-15,29.7,23.5,26.4,,
1976-12-16,29.0,23.5,26.2,,
1976-12-17,30.1,22.7,26.5,,
1976-12-18,30.3,23.8,26.4,,
1976-12-19,30.2,22.5,26.6,,
1976-12-20,30.0,23.3,26.5,,
1976-12-21,30.5,23.4,26.6,,
1976-12-22,30.5,23.8,26.4,,
1976-12-23,29.7,23.4,25.9,,
1976-12-24,29.4,23.2,25.8,,
1976-12-25,29.1,24.0,26.1,,
1976-12-26,29.5,23.4,26.3,,
1976-12-27,28.7,23.7,25.8,,
1976-12-28,28.5,23.7,25.6,,
1976-12-29,29.0,23.5,25.8,,
1976-12-30,29.2,23.8,26.0,,
1976-12-31,29.9,23.3,26.1,,
1977-01-01,29.6,23.4,26.3,,
1977-01-02,30.2,23.4,26.8,,
1977-01-03,28.0,23.8,25.7,,
1977-01-04,29.4,22.8,25.7,,
1977-01-05,29.5,23.0,25.4,,
1977-01-06,27.9,23.4,25.3,,
1977-01-07,28.4,23.2,25.7,,
1977-01-08,27.9,22.8,25.0,,
1977-01-09,29.3,23.2,25.5,,
1977-01-10,28.1,23.8,25.7,,
1977-01-11,28.7,24.1,26.0,,
1977-01-12,29.0,23.2,25.9,,
1977-01-13,28.8,23.2,25.5,,
1977-01-14,27.7,23.3,24.8,,
1977-01-15,27.9,23.2,25.0,,
1977-01-16,28.0,23.4,25.0,,
1977-01-17,28.0,23.5,25.5,,
1977-01-18,27.2,23.0,24.8,,
1977-01-19,28.2,23.2,25.2,,
1977-01-20,27.8,22.7,25.1,,
1977-01-21,26.9,23.2,24.9,,
1977-01-22,27.4,23.3,24.7,,
1977-01-23,28.8,23.5,25.1,,
1977-01-24,29.0,22.9,25.5,,
1977-01-25,28.3,23.0,25.4,,
1977-01-26,29.8,22.9,26.2,,
1977-01-27,29.4,23.7,26.2,,
1977-01-28,28.5,23.5,25.4,,
1977-01-29,28.3,23.3,25.8,,
1977-01-30,28.8,23.1,25.6,,
1977-01-31,28.7,22.8,25.4,,
1977-02-01,29.7,23.1,25.6,,
1977-02-02,28.7,23.0,25.2,,
1977-02-03,28.4,22.6,25.1,,
1977-02-04,27.3,23.0,24.8,,
1977-02-05,27.6,23.4,25.3,,
1977-02-06,27.4,23.2,24.8,,
1977-02-07,27.4,22.9,24.6,,
1977-02-08,28.1,23.2,25.6,,
1977-02-09,27.7,22.6,25.2,,
1977-02-10,27.8,23.7,25.3,,
1977-02-11,27.6,23.0,25.1,,
1977-02-12,27.9,23.9,25.5,,
1977-02-13,28.5,22.4,25.3,,
1977-02-14,28.3,23.1,25.4,,
1977-02-15,28.2,23.2,25.3,,
1977-02-16,27.9,22.9,25.1,,
1977-02-17,27.4,23.5,25.3,,
1977-02-18,27.2,23.3,25.3,,
1977-02-19,28.2,23.9,25.8,,
1977-02-20,28.5,23.7,25.9,,
1977-02-21,27.8,23.3,24.9,,
1977-02-22,27.0,23.1,24.7,,
1977-02-23,27.9,23.1,25.4,,
1977-02-24,28.2,23.2,25.2,,
1977-02-25,27.4,23.3,25.0,,
1977-02-26,27.2,23.3,24.7,,
1977-02-27,26.8,23.1,24.6,,
1977-02-28,29.0,23.3,25.2,,
1977-03-01,27.6,23.9,24.8,,
1977-03-02,28.9,23.7,25.8,,
1977-03-03,28.6,24.1,25.7,,
1977-03-04,27.2,23.2,24.7,,
1977-03-05,27.4,22.8,24.6,,
1977-03-06,27.1,22.7,24.6,,
1977-03-07,28.0,22.4,25.3,,
1977-03-08,27.8,22.7,25.0,,
1977-03-09,27.6,22.6,24.7,,
1977-03-10,27.4,22.6,25.0,,
1977-03-11,27.8,22.8,25.0,,
1977-03-12,28.8,22.6,25.1,,
1977-03-13,28.3,22.9,25.3,,
1977-03-14,28.4,22.8,25.6,,
1977-03-15,29.7,23.2,26.0,,
1977-03-16,28.4,23.5,25.5,,
1977-03-17,30.0,23.2,26.2,,
1977-03-18,29.7,23.5,26.0,,
1977-03-19,29.8,23.5,26.1,,
1977-03-20,29.0,23.9,26.0,,
1977-03-21,27.9,23.5,25.4,,
1977-03-22,27.0,23.2,24.7,,
1977-03-23,28.7,23.1,25.7,,
1977-03-24,29.0,23.2,25.9,,
1977-03-25,27.7,23.7,25.3,,
1977-03-26,28.3,22.9,25.5,,
1977-03-27,28.0,23.0,25.5,,
1977-03-28,28.3,23.1,25.5,,
1977-03-29,28.7,22.6,25.5,,
1977-03-30,28.6,23.4,25.3,,
1977-03-31,27.5,23.5,25.3,,
1977-04-01,29.1,22.8,25.3,,
1977-04-02,29.3,22.8,25.8,,
1977-04-03,29.2,23.9,26.0,,
1977-04-04,29.5,23.9,26.3,,
1977-04-05,29.4,23.9,26.1,,
1977-04-06,30.1,23.4,26.4,,
1977-04-07,29.8,23.4,26.1,,
1977-04-08,29.4,23.0,25.9,,
1977-04-09,28.9,23.7,25.8,,
1977-04-10,28.2,23.3,25.6,,
1977-04-11,28.5,23.6,25.3,,
1977-04-12,28.8,23.5,25.7,,
1977-04-13,29.6,23.0,25.6,,
1977-04-14,29.6,22.9,25.8,,
1977-04-15,30.1,23.4,26.0,,
1977-04-16,29.2,23.0,25.9,,
1977-04-17,29.2,23.4,25.9,,
1977-04-18,30.1,23.5,26.6,,
1977-04-19,29.6,23.6,26.3,,
1977-04-20,29.5,24.0,25.9,,
1977-04-21,28.7,23.8,26.0,,
1977-04-22,28.6,23.1,25.6,,
1977-04-23,29.1,23.5,25.8,,
1977-04-24,28.1,23.7,25.6,,
1977-04-25,28.5,23.4,25.7,,
1977-04-26,29.4,23.7,25.9,,
1977-04-27,29.1,23.0,25.9,,
1977-04-28,29.6,23.7,26.3,,
1977-04-29,29.1,23.0,26.1,,
1977-04-30,29.8,23.3,26.0,,
1977-05-01,29.9,23.2,26.3,,
1977-05-02,29.4,23.7,26.2,,
1977-05-03,29.9,23.1,26.5,,
1977-05-04,29.9,23.0,26.3,,
1977-05-05,29.5,23.6,26.1,,
1977-05-06,29.9,23.4,26.3,,
1977-05-07,29.7,23.6,26.2,,
1977-05-08,29.1,23.4,25.8,,
1977-05-09,29.2,23.3,26.1,,
1977-05-10,27.7,24.1,25.5,,
1977-05-11,29.3,23.2,25.9,,
1977-05-12,29.3,23.7,26.0,,
1977-05-13,29.0,24.0,26.2,,
1977-05-14,29.2,23.9,26.2,,
1977-05-15,29.5,23.6,26.2,,
1977-05-16,29.1,23.4,26.1,,
1977-05-17,29.6,23.2,25.9,,
1977-05-18,29.5,23.1,25.9,,
1977-05-19,29.8,23.3,26.3,,
1977-05-20,29.9,23.6,26.7,,
1977-05-21,29.7,23.0,26.1,,
1977-05-22,30.0,22.5,26.2,,
1977-05-23,29.6,22.9,26.1,,
1977-05-24,28.2,23.4,25.8,,
1977-05-25,28.8,23.1,25.7,,
1977-05-26,28.9,22.5,25.7,,
1977-05-27,29.2,23.0,25.7,,
1977-05-28,29.6,22.8,25.9,,
1977-05-29,29.1,22.5,25.6,,
1977-05-30,29.5,22.8,25.9,,
1977-05-31,28.9,23.2,25.6,,
1977-06-01,29.3,23.0,25.9,,
1977-06-02,29.6,23.2,26.0,,
1977-06-03,29.0,22.9,25.6,,
1977-06-04,28.8,23.4,25.4,,
1977-06-05,29.2,23.4,25.9,,
1977-06-06,28.8,23.4,25.7,,
1977-06-07,28.5,22.7,25.1,,
1977-06-08,27.4,22.5,24.8,,
1977-06-09,28.3,23.2,25.1,,
1977-06-10,28.1,22.6,24.6,,
1977-06-11,27.0,22.7,24.5,,
1977-06-12,27.6,22.9,24.7,,
1977-06-13,27.2,23.1,24.6,,
1977-06-14,29.3,22.9,25.6,,
1977-06-15,29.1,24.0,26.0,,
1977-06-16,28.8,23.6,25.7,,
1977-06-17,28.7,23.1,25.1,,
1977-06-18,28.1,22.5,25.0,,
1977-06-19,29.2,22.9,25.2,,
1977-06-20,28.7,22.6,25.2,,
1977-06-21,28.3,22.1,24.7,,
1977-06-22,28.4,22.4,24.9,,
1977-06-23,29.1,22.4,25.5,,
1977-06-24,29.7,22.8,25.8,,
1977-06-25,29.4,23.5,26.3,,
1977-06-26,29.1,24.1,26.1,,
1977-06-27,29.1,22.1,25.5,,
1977-06-28,29.5,22.7,25.7,,
1977-06-29,29.5,23.1,26.1,,
1977-06-30,27.6,23.1,25.1,,
1977-07-01,29.1,22.8,25.5,,
1977-07-02,29.0,20.7,24.9,,
1977-07-03,29.4,22.5,25.7,,
1977-07-04,29.0,22.4,25.6,,
1977-07-05,28.4,22.5,25.4,,
1977-07-06,29.1,21.6,25.3,,
1977-07-07,29.8,20.2,25.2,,
1977-07-08,29.7,22.4,26.0,,
1977-07-09,29.0,23.0,25.8,,
1977-07-10,29.2,22.0,25.5,,
1977-07-11,29.3,20.9,25.3,,
1977-07-12,29.4,22.0,25.8,,
1977-07-13,29.4,22.8,26.2,,
1977-07-14,29.8,22.1,25.9,,
1977-07-15,29.7,22.7,26.1,,
1977-07-16,29.3,22.5,25.8,,
1977-07-17,29.6,23.1,26.1,,
1977-07-18,30.2,23.3,26.4,,
1977-07-19,29.6,22.9,26.4,,
1977-07-20,30.2,22.2,26.3,,
1977-07-21,30.2,22.9,26.5,,
1977-07-22,30.6,22.9,26.6,,
1977-07-23,30.8,22.6,26.5,,
1977-07-24,30.8,24.1,26.7,,
1977-07-25,30.8,23.0,26.6,,
1977-07-26,30.3,23.9,26.7,,
1977-07-27,29.3,23.8,26.1,,
1977-07-28,29.8,23.0,26.4,,
1977-07-29,30.2,23.0,26.4,,
1977-07-30,30.0,23.0,26.0,,
1977-07-31,29.8,22.3,26.1,,
1977-08-01,30.3,23.0,26.2,,
1977-08-02,30.0,23.0,26.1,,
1977-08-03,29.8,22.6,25.9,,
1977-08-04,30.3,21.7,25.8,,
1977-08-05,31.1,21.0,26.1,,
1977-08-06,30.7,21.9,26.2,,
1977-08-07,30.7,23.3,26.5,,
1977-08-08,30.2,24.0,26.4,,
1977-08-09,29.3,23.6,26.2,,
1977-08-10,30.5,22.9,26.1,,
1977-08-11,30.7,22.6,26.0,,
1977-08-12,30.6,21.9,26.3,,
1977-08-13,29.7,22.3,25.9,,
1977-08-14,30.6,22.5,25.8,,
1977-08-15,30.4,23.3,26.4,,
1977-08-16,30.4,22.2,26.3,,
1977-08-17,30.4,21.1,25.7,,
1977-08-18,30.4,20.5,25.7,,
1977-08-19,30.8,20.9,25.9,,
1977-08-20,31.0,21.0,25.8,,
1977-08-21,31.1,21.5,26.3,,
1977-08-22,31.5,23.0,27.1,,
1977-08-23,31.3,23.3,27.1,,
1977-08-24,30.4,23.1,26.8,,
1977-08-25,30.1,24.3,27.0,,
1977-08-26,30.8,21.5,26.3,,
1977-08-27,31.3,22.0,26.8,,
1977-08-28,31.0,22.8,27.0,,
1977-08-29,30.9,23.9,27.1,,
1977-08-30,29.9,23.4,26.5,,
1977-08-31,29.8,22.9,25.6,,
1977-09-01,28.9,22.7,25.4,,
1977-09-02,29.4,22.5,25.8,,
1977-09-03,31.0,21.5,25.6,,
1977-09-04,29.4,21.5,25.0,,
1977-09-05,29.8,22.0,25.6,,
1977-09-06,30.8,21.6,26.3,,
1977-09-07,31.3,21.2,26.3,,
1977-09-08,30.4,21.9,26.3,,
1977-09-09,30.7,23.1,26.6,,
1977-09-10,31.1,23.1,26.4,,
1977-09-11,30.1,23.0,26.1,,
1977-09-12,31.2,22.6,26.9,,
1977-09-13,30.4,23.4,25.7,,
1977-09-14,29.7,22.6,25.9,,
1977-09-15,29.8,23.4,26.3,,
1977-09-16,29.7,23.2,26.0,,
1977-09-17,30.0,22.9,26.0,,
1977-09-18,30.2,22.8,26.3,,
1977-09-19,30.3,24.0,26.7,,
1977-09-20,30.6,23.8,26.8,,
1977-09-21,31.1,24.3,27.1,,
1977-09-22,30.7,22.3,26.5,,
1977-09-23,30.2,22.5,26.2,,
1977-09-24,30.7,22.3,26.4,,
1977-09-25,32.4,22.7,27.0,,
1977-09-26,32.1,22.0,26.9,,
1977-09-27,31.6,23.4,27.2,,
1977-09-28,31.7,23.3,27.2,,
1977-09-29,31.7,23.2,26.9,,
1977-09-30,31.3,23.2,27.1,,
1977-10-01,31.6,23.4,27.2,,
1977-10-02,31.2,23.8,27.1,,
1977-10-03,30.9,23.8,26.9,,
1977-10-04,31.2,23.3,27.0,,
1977-10-05,31.2,22.9,27.2,,
1977-10-06,31.6,23.7,27.3,,
1977-10-07,31.2,23.9,27.1,,
1977-10-08,31.0,23.2,27.0,,
1977-10-09,31.7,22.8,27.2,,
1977-10-10,30.9,22.2,26.9,,
1977-10-11,32.0,23.9,27.7,,
1977-10-12,32.3,22.7,27.8,,
1977-10-13,32.4,23.5,27.7,,
1977-10-14,32.4,23.8,27.5,,
1977-10-15,31.9,23.8,27.3,,
1977-10-16,31.6,23.9,27.9,,
1977-10-17,31.7,24.1,27.8,,
1977-10-18,32.3,24.0,28.2,,
1977-10-19,31.7,24.4,27.9,,
1977-10-20,32.4,24.1,27.6,,
1977-10-21,31.3,24.0,27.2,,
1977-10-22,31.5,23.7,27.5,,
1977-10-23,32.7,23.4,27.6,,
1977-10-24,32.2,22.5,27.5,,
1977-10-25,31.3,23.8,27.4,,
1977-10-26,32.3,22.7,27.4,,
1977-10-27,32.1,23.6,27.7,,
1977-10-28,31.8,24.3,27.1,,
1977-10-29,29.9,24.1,26.4,,
1977-10-30,30.3,24.4,26.8,,
1977-10-31,30.2,23.4,26.0,,
1977-11-01,29.2,23.6,25.8,,
1977-11-02,29.3,23.3,25.8,,
1977-11-03,29.2,23.7,25.8,,
1977-11-04,30.1,23.2,26.2,,
1977-11-05,30.9,23.8,26.6,,
1977-11-06,31.4,23.3,27.1,,
1977-11-07,31.2,23.2,27.0,,
1977-11-08,30.9,23.6,26.7,,
1977-11-09,30.7,23.2,26.3,,
1977-11-10,30.6,23.4,27.1,,
1977-11-11,30.8,23.4,27.2,,
1977-11-12,31.4,23.7,27.4,,
1977-11-13,31.6,22.9,27.1,,
1977-11-14,30.7,23.8,27.4,,
1977-11-15,30.7,23.4,27.2,,
1977-11-16,31.0,23.4,27.2,,
1977-11-17,30.5,24.4,26.8,,
1977-11-18,30.0,24.1,26.4,,
1977-11-19,30.3,23.8,26.4,,
1977-11-20,29.5,23.4,26.1,,
1977-11-21,30.1,23.2,26.5,,
1977-11-22,29.1,23.7,26.0,,
1977-11-23,29.3,23.3,25.9,,
1977-11-24,29.3,23.2,25.9,,
1977-11-25,29.2,23.8,26.0,,
1977-11-26,30.4,23.7,26.4,,
1977-11-27,28.6,24.0,26.0,,
1977-11-28,29.2,23.7,26.2,,
1977-11-29,28.7,23.7,25.9,,
1977-11-30,28.2,23.3,25.0,,
1977-12-01,28.3,23.3,25.4,,
1977-12-02,28.2,22.9,25.7,,
1977-12-03,28.3,23.2,25.4,,
1977-12-04,29.5,22.7,26.0,,
1977-12-05,30.3,22.8,26.4,,
1977-12-06,29.9,23.7,26.3,,
1977-12-07,29.4,23.6,25.9,,
1977-12-08,28.8,23.4,25.2,,
1977-12-09,27.9,23.5,24.9,,
1977-12-10,26.7,23.5,24.7,,
1977-12-11,28.6,23.0,25.5,,
1977-12-12,28.4,23.1,25.4,,
1977-12-13,29.5,23.6,25.7,,
1977-12-14,29.1,23.0,26.0,,
1977-12-15,29.3,23.1,25.7,,
1977-12-16,29.8,23.1,26.0,,
1977-12-17,29.4,23.3,25.9,,
1977-12-18,29.6,23.2,26.1,,
1977-12-19,28.6,23.9,26.0,,
1977-12-20,29.5,23.3,26.0,,
1977-12-21,29.3,24.0,26.2,,
1977-12-22,29.4,23.0,26.1,,
1977-12-23,29.0,24.3,26.3,,
1977-12-24,29.0,24.1,26.1,,
1977-12-25,28.9,23.0,25.9,,
1977-12-26,26.4,23.4,24.7,,
1977-12-27,29.3,22.8,25.8,,
1977-12-28,30.1,23.4,26.1,,
1977-12-29,28.1,23.6,25.6,,
1977-12-30,28.6,23.6,25.5,,
1977-12-31,27.7,23.4,25.3,,
1978-01-01,28.5,23.0,25.0,,
1978-01-02,29.2,23.4,25.8,,
1978-01-03,28.9,22.9,25.4,,
1978-01-04,28.1,23.3,25.5,,
1978-01-05,27.6,22.5,24.9,,
1978-01-06,28.3,23.0,25.2,,
1978-01-07,29.9,22.0,25.5,,
1978-01-08,29.9,23.1,25.8,,
1978-01-09,28.2,23.2,25.5,,
1978-01-10,28.5,23.4,25.6,,
1978-01-11,28.9,23.8,25.9,,
1978-01-12,28.9,23.8,25.9,,
1978-01-13,27.6,23.7,25.3,,
1978-01-14,28.3,23.3,25.6,,
1978-01-15,30.1,23.3,26.2,,
1978-01-16,28.1,23.4,25.4,,
1978-01-17,27.2,23.0,25.4,,
1978-01-18,28.9,23.3,25.7,,
1978-01-19,28.7,23.2,25.8,,
1978-01-20,29.3,23.6,25.9,,
1978-01-21,26.9,24.2,25.4,,
1978-01-22,28.5,23.2,26.1,,
1978-01-23,27.6,23.3,24.9,,
1978-01-24,26.5,23.4,24.9,,
1978-01-25,27.1,23.7,25.0,,
1978-01-26,27.8,23.5,25.3,,
1978-01-27,26.9,23.8,25.1,,
1978-01-28,26.3,24.2,25.1,,
1978-01-29,28.4,24.1,26.0,,
1978-01-30,29.0,24.3,26.3,,
1978-01-31,28.8,24.2,26.3,,
1978-02-01,28.5,23.9,25.6,,
1978-02-02,27.2,23.3,24.5,,
1978-02-03,27.6,23.4,25.3,,
1978-02-04,27.9,22.6,25.0,,
1978-02-05,28.6,22.9,25.5,,
1978-02-06,28.4,23.5,25.8,,
1978-02-07,28.7,23.2,26.0,,
1978-02-08,28.9,23.2,25.9,,
1978-02-09,28.9,23.7,25.8,,
1978-02-10,28.6,23.6,25.7,,
1978-02-11,28.5,23.0,25.6,,
1978-02-12,28.9,23.7,25.9,,
1978-02-13,29.8,23.5,26.1,,
1978-02-14,29.5,23.0,26.2,,
1978-02-15,29.7,23.8,26.6,,
1978-02-16,29.7,23.0,26.1,,
1978-02-17,30.3,23.4,26.6,,
1978-02-18,29.3,23.7,25.9,,
1978-02-19,27.1,23.5,25.2,,
1978-02-20,28.0,23.5,25.2,,
1978-02-21,28.4,23.1,25.2,,
1978-02-22,28.6,23.0,25.5,,
1978-02-23,28.6,23.4,25.8,,
1978-02-24,28.0,23.5,25.3,,
1978-02-25,28.6,23.3,25.7,,
1978-02-26,29.9,22.9,26.2,,
1978-02-27,29.3,23.4,26.1,,
1978-02-28,29.6,23.0,26.0,,
1978-03-01,29.2,22.9,25.8,,
1978-03-02,29.3,23.2,26.1,,
1978-03-03,29.1,23.4,26.0,,
1978-03-04,29.0,23.7,25.7,,
1978-03-05,28.4,24.0,25.6,,
1978-03-06,28.8,23.8,25.8,,
1978-03-07,28.7,23.5,25.9,,
1978-03-08,28.4,23.6,25.7,,
1978-03-09,29.8,23.4,26.3,,
1978-03-10,29.1,23.4,25.7,,
1978-03-11,29.2,23.2,26.1,,
1978-03-12,28.3,24.2,25.6,,
1978-03-13,29.1,23.3,25.8,,
1978-03-14,30.7,23.7,26.6,,
1978-03-15,28.0,23.5,25.7,,
1978-03-16,29.1,23.4,25.9,,
1978-03-17,28.0,23.7,25.8,,
1978-03-18,28.2,23.8,25.7,,
1978-03-19,29.8,23.8,26.2,,
1978-03-20,30.3,23.0,26.1,,
1978-03-21,29.9,24.0,26.1,,
1978-03-22,29.0,23.8,25.7,,
1978-03-23,28.2,23.6,25.4,,
1978-03-24,29.8,23.5,26.3,,
1978-03-25,29.2,23.6,26.0,,
1978-03-26,29.2,23.4,26.0,,
1978-03-27,28.2,23.8,25.7,,
1978-03-28,29.0,23.7,25.5,,
1978-03-29,28.1,23.9,25.5,,
1978-03-30,29.4,24.1,26.6,,
1978-03-31,29.1,24.5,26.1,,
1978-04-01,29.6,24.3,26.5,,
1978-04-02,29.2,23.7,26.1,,
1978-04-03,29.2,23.9,26.1,,
1978-04-04,30.2,23.8,26.0,,
1978-04-05,30.2,23.0,26.3,,
1978-04-06,30.5,23.1,26.3,,
1978-04-07,30.4,23.6,26.5,,
1978-04-08,30.5,22.7,26.4,,
1978-04-09,29.8,24.6,26.7,,
1978-04-10,29.9,23.6,26.5,,
1978-04-11,29.3,23.8,26.0,,
1978-04-12,29.9,23.7,25.9,,
1978-04-13,29.5,23.0,25.8,,
1978-04-14,29.1,22.9,25.4,,
1978-04-15,29.8,23.1,26.0,,
1978-04-16,30.2,23.5,26.6,,
1978-04-17,29.7,22.9,26.5,,
1978-04-18,29.2,23.8,26.2,,
1978-04-19,29.6,23.9,26.0,,
1978-04-20,28.3,23.2,25.4,,
1978-04-21,28.7,23.3,25.7,,
1978-04-22,29.4,23.2,25.4,,
1978-04-23,30.0,23.2,25.9,,
1978-04-24,29.0,23.4,25.7,,
1978-04-25,29.4,23.3,25.7,,
1978-04-26,29.1,22.7,25.5,,
1978-04-27,28.5,23.4,25.6,,
1978-04-28,28.8,23.0,25.5,,
1978-04-29,28.7,22.9,25.6,,
1978-04-30,28.5,23.5,25.8,,
1978-05-01,29.5,23.4,26.4,,
1978-05-02,30.2,23.8,26.4,,
1978-05-03,29.8,23.8,26.1,,
1978-05-04,28.6,24.1,25.8,,
1978-05-05,29.1,23.7,26.1,,
1978-05-06,27.6,23.4,25.1,,
1978-05-07,28.3,23.3,25.4,,
1978-05-08,29.8,23.4,26.3,,
1978-05-09,29.7,24.7,26.9,,
1978-05-10,30.3,24.0,26.7,,
1978-05-11,29.9,23.4,26.3,,
1978-05-12,29.6,24.1,26.3,,
1978-05-13,28.6,24.1,25.8,,
1978-05-14,29.5,24.4,26.5,,
1978-05-15,29.3,24.4,26.5,,
1978-05-16,30.0,24.3,26.6,,
1978-05-17,30.9,24.4,27.0,,
1978-05-18,30.2,23.3,26.4,,
1978-05-19,30.1,24.1,26.8,,
1978-05-20,29.8,24.8,26.9,,
1978-05-21,30.3,24.8,27.0,,
1978-05-22,30.7,23.8,26.9,,
1978-05-23,30.4,24.0,26.6,,
1978-05-24,30.2,23.4,26.6,,
1978-05-25,29.6,24.1,26.4,,
1978-05-26,30.4,23.0,26.5,,
1978-05-27,30.4,24.0,26.7,,
1978-05-28,29.6,23.5,26.0,,
1978-05-29,30.3,23.3,26.3,,
1978-05-30,29.0,23.8,26.1,,
1978-05-31,29.3,23.5,26.1,,
1978-06-01,29.4,23.6,26.0,,
1978-06-02,29.7,23.5,26.1,,
1978-06-03,29.3,23.3,26.0,,
1978-06-04,29.1,23.5,25.7,,
1978-06-05,28.3,23.2,25.3,,
1978-06-06,29.1,23.4,25.8,,
1978-06-07,29.4,23.7,26.1,,
1978-06-08,27.6,23.5,25.1,,
1978-06-09,28.7,23.0,25.1,,
1978-06-10,29.3,22.7,25.5,,
1978-06-11,29.1,22.9,25.2,,
1978-06-12,28.8,23.2,25.3,,
1978-06-13,26.7,23.1,24.4,,
1978-06-14,28.8,22.7,25.1,,
1978-06-15,29.1,22.6,25.5,,
1978-06-16,29.3,22.9,25.8,,
1978-06-17,29.1,23.5,25.9,,
1978-06-18,28.7,23.4,25.7,,
1978-06-19,28.8,23.2,25.5,,
1978-06-20,29.5,22.7,25.5,,
1978-06-21,29.4,22.4,25.9,,
1978-06-22,29.2,22.9,25.6,,
1978-06-23,28.7,23.1,25.5,,
1978-06-24,28.2,22.8,25.1,,
1978-06-25,28.6,22.7,24.9,,
1978-06-26,27.3,22.5,24.8,,
1978-06-27,29.1,23.1,25.6,,
1978-06-28,28.4,23.1,25.4,,
1978-06-29,29.2,22.7,25.2,,
1978-06-30,29.4,22.8,25.7,,
1978-07-01,29.7,22.8,25.4,,
1978-07-02,28.5,22.4,25.2,,
1978-07-03,28.0,22.2,24.2,,
1978-07-04,28.2,22.6,24.8,,
1978-07-05,30.0,22.0,25.6,,
1978-07-06,28.2,23.0,25.2,,
1978-07-07,27.4,23.2,25.2,,
1978-07-08,28.7,22.5,25.2,,
1978-07-09,29.3,22.7,25.2,,
1978-07-10,28.2,22.7,24.8,,
1978-07-11,28.5,22.3,24.6,,
1978-07-12,26.8,22.5,24.3,,
1978-07-13,28.1,22.1,24.9,,
1978-07-14,28.4,22.4,25.1,,
1978-07-15,28.7,22.9,25.5,,
1978-07-16,27.3,22.3,24.5,,
1978-07-17,28.6,21.9,25.1,,
1978-07-18,29.1,21.6,25.2,,
1978-07-19,28.7,22.8,25.2,,
1978-07-20,28.6,21.9,25.1,,
1978-07-21,29.0,21.3,25.0,,
1978-07-22,29.6,21.8,25.6,,
1978-07-23,28.9,22.7,25.7,,
1978-07-24,28.9,22.8,25.5,,
1978-07-25,28.9,23.3,25.4,,
1978-07-26,28.4,23.1,25.4,,
1978-07-27,28.3,23.3,25.3,,
1978-07-28,28.4,23.1,25.3,,
1978-07-29,28.8,22.9,25.2,,
1978-07-30,28.4,22.7,25.3,,
1978-07-31,28.7,23.1,25.3,,
1978-08-01,28.0,22.7,25.0,,
1978-08-02,29.7,22.3,25.6,,
1978-08-03,29.0,22.9,25.4,,
1978-08-04,28.9,22.9,25.7,,
1978-08-05,28.5,23.1,25.2,,
1978-08-06,28.0,22.5,25.0,,
1978-08-07,27.9,22.8,25.1,,
1978-08-08,29.2,22.3,25.4,,
1978-08-09,29.9,22.4,26.0,,
1978-08-10,29.8,22.8,26.2,,
1978-08-11,28.9,22.6,25.3,,
1978-08-12,29.0,22.8,25.6,,
1978-08-13,29.5,23.1,26.1,,
1978-08-14,29.8,22.1,26.0,,
1978-08-15,30.0,22.4,25.8,,
1978-08-16,28.7,22.9,24.9,,
1978-08-17,29.2,22.9,25.4,,
1978-08-18,28.7,22.8,25.5,,
1978-08-19,28.9,23.1,25.1,,
1978-08-20,28.0,22.9,25.1,,
1978-08-21,29.5,22.7,25.7,,
1978-08-22,29.0,23.3,25.6,,
1978-08-23,29.6,23.3,26.1,,
1978-08-24,29.3,22.2,25.8,,
1978-08-25,29.7,23.0,25.9,,
1978-08-26,28.6,23.5,25.8,,
1978-08-27,28.6,23.6,25.8,,
1978-08-28,28.7,23.3,25.9,,
1978-08-29,29.2,23.2,25.9,,
1978-08-30,28.7,22.4,25.3,,
1978-08-31,29.4,22.4,25.6,,
1978-09-01,29.4,22.4,25.9,,
1978-09-02,28.7,22.4,25.4,,
1978-09-03,28.6,22.8,25.2,,
1978-09-04,29.1,22.0,24.8,,
1978-09-05,29.6,22.4,25.2,,
1978-09-06,27.2,22.8,24.8,,
1978-09-07,27.2,22.8,24.7,,
1978-09-08,29.3,22.5,25.2,,
1978-09-09,28.3,22.3,24.8,,
1978-09-10,28.4,22.5,25.1,,
1978-09-11,28.7,22.4,25.1,,
1978-09-12,28.7,22.7,25.3,,
1978-09-13,28.5,22.7,25.1,,
1978-09-14,27.7,22.4,24.8,,
1978-09-15,27.8,22.5,24.9,,
1978-09-16,29.0,22.9,25.4,,
1978-09-17,29.5,22.8,25.5,,
1978-09-18,29.3,22.8,26.0,,
1978-09-19,29.4,22.9,25.9,,
1978-09-20,29.8,23.4,26.2,,
1978-09-21,28.9,23.2,25.7,,
1978-09-22,29.4,23.0,25.9,,
1978-09-23,28.8,23.4,25.4,,
1978-09-24,30.4,22.3,25.8,,
1978-09-25,29.7,22.6,25.9,,
1978-09-26,29.5,22.7,25.7,,
1978-09-27,29.3,22.0,25.2,,
1978-09-28,29.3,22.0,25.4,,
1978-09-29,28.3,22.7,25.4,,
1978-09-30,30.6,22.0,25.7,,
1978-10-01,30.5,22.5,26.0,,
1978-10-02,30.0,23.2,26.4,,
1978-10-03,28.1,23.1,25.4,,
1978-10-04,29.5,22.2,25.3,,
1978-10-05,28.9,23.1,25.3,,
1978-10-06,28.7,23.1,25.5,,
1978-10-07,28.8,22.4,25.3,,
1978-10-08,29.7,22.3,25.7,,
1978-10-09,29.5,22.6,25.5,,
1978-10-10,30.1,21.3,25.5,,
1978-10-11,29.7,22.2,25.7,,
1978-10-12,29.6,21.9,25.2,,
1978-10-13,29.4,22.5,25.4,,
1978-10-14,29.4,22.2,25.4,,
1978-10-15,29.9,22.9,26.3,,
1978-10-16,30.3,23.2,26.4,,
1978-10-17,30.3,23.3,26.4,,
1978-10-18,30.4,23.4,26.0,,
1978-10-19,30.3,21.6,25.9,,
1978-10-20,30.1,23.0,26.1,,
1978-10-21,29.5,23.5,26.0,,
1978-10-22,29.7,23.3,26.0,,
1978-10-23,28.7,23.1,25.8,,
1978-10-24,29.2,23.4,26.0,,
1978-10-25,29.6,23.5,25.7,,
1978-10-26,29.9,23.5,26.2,,
1978-10-27,29.2,23.4,25.6,,
1978-10-28,29.6,23.4,25.8,,
1978-10-29,29.4,22.9,25.8,,
1978-10-30,29.5,23.2,26.2,,
1978-10-31,29.9,22.9,26.1,,
1978-11-01,29.8,23.2,26.1,,
1978-11-02,29.6,23.4,26.1,,
1978-11-03,30.0,24.1,26.4,,
1978-11-04,30.1,23.5,26.5,,
1978-11-05,29.8,22.9,26.3,,
1978-11-06,29.6,23.5,26.1,,
1978-11-07,29.1,23.7,26.1,,
1978-11-08,28.3,23.3,25.2,,
1978-11-09,26.9,23.2,24.4,,
1978-11-10,27.4,22.8,24.7,,
1978-11-11,28.5,23.4,25.5,,
1978-11-12,29.8,23.0,25.6,,
1978-11-13,29.5,23.2,25.5,,
1978-11-14,27.4,22.9,25.0,,
1978-11-15,27.5,23.2,25.0,,
1978-11-16,28.3,23.1,25.2,,
1978-11-17,29.1,22.9,25.6,,
1978-11-18,29.5,22.8,26.1,,
1978-11-19,31.1,23.9,26.7,,
1978-11-20,30.4,22.4,26.6,,
1978-11-21,30.8,23.1,26.4,,
1978-11-22,30.1,23.5,26.3,,
1978-11-23,29.6,23.4,26.0,,
1978-11-24,30.7,21.7,25.9,,
1978-11-25,31.2,21.5,25.8,,
1978-11-26,30.4,21.0,25.3,,
1978-11-27,29.7,20.9,25.2,,
1978-11-28,29.1,22.3,25.6,,
1978-11-29,29.1,22.6,25.6,,
1978-11-30,29.0,23.2,25.7,,
1978-12-01,27.5,23.2,25.2,,
1978-12-02,28.3,23.2,25.5,,
1978-12-03,27.9,23.2,25.0,,
1978-12-04,27.4,23.2,25.3,,
1978-12-05,28.2,23.5,25.4,,
1978-12-06,28.7,22.8,25.5,,
1978-12-07,29.1,23.1,26.0,,
1978-12-08,29.4,23.1,26.0,,
1978-12-09,28.5,23.8,25.8,,
1978-12-10,28.1,23.8,25.8,,
1978-12-11,29.4,23.8,25.9,,
1978-12-12,28.6,24.1,25.9,,
1978-12-13,29.8,24.0,26.5,,
1978-12-14,28.7,24.4,25.9,,
1978-12-15,28.4,23.7,25.7,,
1978-12-16,28.6,23.5,25.8,,
1978-12-17,27.8,23.6,25.4,,
1978-12-18,28.2,23.8,25.9,,
1978-12-19,26.1,24.1,24.8,,
1978-12-20,28.9,23.1,25.6,,
1978-12-21,28.2,23.5,25.5,,
1978-12-22,27.7,23.4,25.0,,
1978-12-23,28.0,23.0,25.2,,
1978-12-24,28.1,22.9,25.4,,
1978-12-25,27.9,23.1,25.5,,
1978-12-26,28.3,23.6,25.8,,
1978-12-27,28.0,23.8,25.4,,
1978-12-28,28.9,23.5,25.7,,
1978-12-29,28.0,23.1,25.3,,
1978-12-30,27.4,22.8,24.8,,
1978-12-31,28.3,23.1,25.1,,
1979-01-01,26.3,23.6,24.7,,
1979-01-02,28.3,22.5,25.1,,
1979-01-03,28.3,23.1,25.2,,
1979-01-04,28.9,24.2,26.0,,
1979-01-05,27.8,23.7,25.7,,
1979-01-06,29.0,23.9,25.9,,
1979-01-07,28.1,24.1,25.5,,
1979-01-08,28.9,23.9,25.8,,
1979-01-09,27.5,23.6,25.4,,
1979-01-10,27.8,23.8,25.3,,
1979-01-11,27.6,23.1,25.0,,
1979-01-12,27.9,23.3,25.4,,
1979-01-13,28.7,22.5,25.3,,
1979-01-14,27.0,23.2,24.7,,
1979-01-15,27.5,23.1,24.8,,
1979-01-16,27.0,23.1,24.4,,
1979-01-17,28.4,22.6,25.4,,
1979-01-18,28.2,22.8,25.2,,
1979-01-19,27.4,23.1,25.1,,
1979-01-20,28.8,23.2,25.9,,
1979-01-21,28.3,22.8,25.5,,
1979-01-22,28.4,22.8,25.5,,
1979-01-23,29.2,23.5,25.9,,
1979-01-24,28.6,22.9,25.5,,
1979-01-25,26.6,23.5,24.8,,
1979-01-26,27.7,23.1,25.2,,
1979-01-27,29.3,22.2,25.8,,
1979-01-28,28.7,23.8,25.9,,
1979-01-29,28.5,23.0,25.9,,
1979-01-30,29.8,24.1,26.7,,
1979-01-31,29.9,23.1,26.6,,
1979-02-01,29.7,23.3,26.3,,
1979-02-02,28.4,24.0,25.7,,
1979-02-03,28.5,22.8,25.9,,
1979-02-04,28.9,23.3,25.7,,
1979-02-05,28.0,23.0,25.6,,
1979-02-06,29.0,23.3,26.0,,
1979-02-07,28.9,23.3,25.7,,
1979-02-08,27.9,23.5,24.9,,
1979-02-09,27.0,22.7,24.6,,
1979-02-10,28.9,23.4,25.6,,
1979-02-11,28.9,23.3,25.6,,
1979-02-12,28.4,22.9,25.7,,
1979-02-13,29.1,23.1,25.7,,
1979-02-14,28.9,23.0,25.7,,
1979-02-15,29.2,23.2,25.7,,
1979-02-16,29.9,22.9,25.6,,
1979-02-17,28.1,23.5,25.4,,
1979-02-18,28.6,23.1,25.4,,
1979-02-19,29.1,23.4,25.5,,
1979-02-20,28.6,24.3,26.0,,
1979-02-21,29.1,23.5,25.6,,
1979-02-22,29.8,24.1,26.4,,
1979-02-23,30.7,24.3,26.8,,
1979-02-24,28.1,24.4,26.1,,
1979-02-25,28.1,24.0,25.6,,
1979-02-26,29.0,23.8,25.6,,
1979-02-27,28.4,22.9,25.8,,
1979-02-28,27.9,22.7,25.3,,
1979-03-01,28.5,23.4,25.5,,
1979-03-02,28.0,23.3,25.1,,
1979-03-03,28.7,23.1,25.7,,
1979-03-04,28.9,23.8,25.9,,
1979-03-05,28.8,23.5,25.9,,
1979-03-06,28.3,24.1,25.7,,
1979-03-07,28.9,24.3,25.9,,
1979-03-08,28.3,24.3,25.9,,
1979-03-09,29.9,24.1,25.9,,
1979-03-10,29.1,23.7,25.6,,
1979-03-11,29.2,23.6,25.9,,
1979-03-12,28.0,24.5,25.7,,
1979-03-13,28.4,24.2,25.9,,
1979-03-14,29.8,23.6,25.8,,
1979-03-15,30.2,22.8,26.0,,
1979-03-16,30.3,23.1,26.0,,
1979-03-17,30.2,23.0,26.1,,
1979-03-18,30.0,23.1,26.2,,
1979-03-19,29.1,23.6,25.9,,
1979-03-20,28.1,22.8,25.2,,
1979-03-21,28.9,23.3,25.7,,
1979-03-22,29.6,23.2,26.3,,
1979-03-23,29.9,23.0,26.1,,
1979-03-24,29.0,23.5,26.1,,
1979-03-25,28.4,23.8,25.6,,
1979-03-26,28.3,23.4,25.8,,
1979-03-27,29.1,23.7,25.9,,
1979-03-28,28.7,23.3,25.7,,
1979-03-29,30.1,22.9,26.1,,
1979-03-30,28.8,23.9,25.9,,
1979-03-31,28.9,23.4,25.5,,
1979-04-01,28.0,22.8,25.4,,
1979-04-02,27.4,23.7,25.2,,
1979-04-03,27.8,23.9,25.6,,
1979-04-04,29.2,23.9,25.8,,
1979-04-05,29.0,23.4,25.7,,
1979-04-06,29.2,23.6,25.9,,
1979-04-07,29.4,23.8,26.1,,
1979-04-08,29.8,24.1,26.3,,
1979-04-09,29.2,24.0,26.2,,
1979-04-10,30.1,23.6,26.3,,
1979-04-11,29.1,23.8,25.5,,
1979-04-12,29.4,23.5,25.7,,
1979-04-13,30.7,23.1,26.5,,
1979-04-14,28.7,23.9,25.8,,
1979-04-15,29.4,22.9,26.0,,
1979-04-16,30.1,23.9,26.2,,
1979-04-17,30.1,23.7,26.6,,
1979-04-18,29.7,23.9,26.1,,
1979-04-19,28.3,23.5,25.5,,
1979-04-20,28.8,23.2,25.6,,
1979-04-21,29.5,23.0,26.0,,
1979-04-22,29.2,23.4,25.7,,
1979-04-23,27.8,23.7,25.2,,
1979-04-24,27.0,23.3,25.0,,
1979-04-25,28.1,23.5,25.4,,
1979-04-26,28.5,23.5,25.1,,
1979-04-27,28.5,22.4,25.6,,
1979-04-28,29.2,23.2,25.9,,
1979-04-29,29.9,23.2,26.1,,
1979-04-30,29.8,24.0,26.2,,
1979-05-01,28.5,23.4,25.7,,
1979-05-02,28.7,23.7,25.8,,
1979-05-03,28.8,24.2,26.0,,
1979-05-04,29.7,22.9,26.0,,
1979-05-05,29.8,23.0,25.9,,
1979-05-06,29.7,23.9,26.0,,
1979-05-07,29.0,24.3,25.9,,
1979-05-08,29.6,23.1,26.0,,
1979-05-09,28.8,23.4,25.9,,
1979-05-10,29.9,23.9,26.5,,
1979-05-11,30.4,24.3,26.8,,
1979-05-12,30.7,23.6,26.8,,
1979-05-13,31.2,23.5,27.1,,
1979-05-14,30.7,24.4,27.0,,
1979-05-15,30.4,24.0,26.6,,
1979-05-16,29.7,24.3,26.5,,
1979-05-17,29.8,23.5,26.4,,
1979-05-18,29.4,23.4,25.7,,
1979-05-19,29.4,23.3,25.6,,
1979-05-20,29.2,23.3,25.4,,
1979-05-21,29.8,23.1,25.9,,
1979-05-22,28.0,23.6,25.5,,
1979-05-23,28.9,23.1,25.5,,
1979-05-24,28.2,23.4,25.3,,
1979-05-25,28.8,23.3,25.6,,
1979-05-26,28.5,22.8,25.7,,
1979-05-27,29.4,22.9,26.0,,
1979-05-28,29.9,22.9,26.1,,
1979-05-29,29.4,23.4,25.9,,
1979-05-30,29.6,22.7,25.7,,
1979-05-31,28.4,23.2,25.6,,
1979-06-01,28.3,23.6,25.7,,
1979-06-02,29.4,23.6,26.1,,
1979-06-03,28.7,22.8,25.6,,
1979-06-04,29.4,23.2,25.7,,
1979-06-05,30.0,23.3,26.1,,
1979-06-06,29.4,23.4,25.9,,
1979-06-07,28.9,23.3,25.9,,
1979-06-08,28.4,23.4,25.2,,
1979-06-09,29.8,22.9,25.8,,
1979-06-10,28.2,23.5,25.8,,
1979-06-11,26.3,23.8,24.7,,
1979-06-12,29.1,22.8,25.8,,
1979-06-13,30.1,23.5,26.6,,
1979-06-14,29.8,22.2,26.0,,
1979-06-15,29.6,20.8,25.5,,
1979-06-16,29.6,22.7,26.0,,
1979-06-17,29.7,23.1,26.3,,
1979-06-18,29.1,24.3,26.0,,
1979-06-19,29.0,23.2,26.0,,
1979-06-20,29.2,22.6,25.8,,
1979-06-21,29.7,21.6,25.5,,
1979-06-22,29.6,20.9,25.3,,
1979-06-23,29.7,21.7,25.7,,
1979-06-24,30.2,22.7,26.5,,
1979-06-25,30.2,23.6,26.7,,
1979-06-26,30.3,23.2,26.3,,
1979-06-27,30.7,23.0,26.6,,
1979-06-28,29.9,23.2,25.8,,
1979-06-29,30.0,23.0,25.9,,
1979-06-30,29.7,23.2,25.9,,
1979-07-01,29.5,23.2,25.7,,
1979-07-02,29.4,23.1,25.5,,
1979-07-03,29.7,23.2,25.9,,
1979-07-04,29.2,23.0,25.8,,
1979-07-05,29.0,22.4,25.5,,
1979-07-06,29.7,22.4,25.9,,
1979-07-07,29.8,23.0,26.3,,
1979-07-08,29.8,23.0,26.3,,
1979-07-09,29.3,22.8,26.2,,
1979-07-10,29.6,23.7,26.5,,
1979-07-11,29.0,23.5,26.1,,
1979-07-12,28.6,23.6,25.7,,
1979-07-13,29.7,23.4,25.8,,
1979-07-14,28.3,22.9,25.2,,
1979-07-15,28.2,22.5,25.2,,
1979-07-16,29.3,22.0,25.4,,
1979-07-17,29.4,22.2,25.7,,
1979-07-18,29.5,22.2,25.8,,
1979-07-19,29.4,22.5,25.5,,
1979-07-20,28.5,22.1,25.0,,
1979-07-21,28.9,22.5,25.6,,
1979-07-22,29.2,22.5,25.8,,
1979-07-23,29.5,22.4,25.7,,
1979-07-24,29.0,22.1,25.3,,
1979-07-25,30.0,21.2,25.5,,
1979-07-26,29.5,22.0,25.7,,
1979-07-27,29.3,21.9,25.7,,
1979-07-28,29.6,21.7,25.7,,
1979-07-29,30.2,22.2,26.0,,
1979-07-30,30.4,22.5,26.1,,
1979-07-31,29.4,23.0,26.0,,
1979-08-01,29.0,23.1,26.0,,
1979-08-02,28.7,22.6,25.7,,
1979-08-03,28.5,23.1,25.3,,
1979-08-04,29.1,23.0,25.7,,
1979-08-05,28.8,23.2,25.2,,
1979-08-06,29.0,23.0,25.2,,
1979-08-07,29.2,22.7,25.5,,
1979-08-08,28.7,22.9,25.3,,
1979-08-09,28.0,23.5,25.2,,
1979-08-10,29.4,22.8,25.8,,
1979-08-11,29.9,22.9,25.9,,
1979-08-12,29.5,22.9,25.9,,
1979-08-13,29.5,23.4,26.4,,
1979-08-14,29.7,23.1,26.4,,
1979-08-15,29.7,23.5,26.3,,
1979-08-16,29.8,22.2,26.0,,
1979-08-17,30.0,21.1,25.5,,
1979-08-18,29.4,22.0,25.7,,
1979-08-19,29.2,22.3,25.8,,
1979-08-20,29.6,22.3,25.9,,
1979-08-21,29.9,22.3,26.0,,
1979-08-22,29.9,23.0,26.1,,
1979-08-23,29.2,23.4,25.4,,
1979-08-24,29.8,22.5,25.9,,
1979-08-25,29.8,23.4,26.2,,
1979-08-26,30.0,21.9,25.9,,
1979-08-27,30.4,22.2,26.1,,
1979-08-28,29.9,21.2,25.8,,
1979-08-29,29.7,22.9,26.1,,
1979-08-30,29.6,23.0,26.2,,
1979-08-31,30.4,22.8,26.4,,
1979-09-01,30.5,22.6,26.2,,
1979-09-02,30.6,22.3,26.2,,
1979-09-03,31.1,23.2,26.9,,
1979-09-04,30.6,23.2,26.8,,
1979-09-05,30.4,22.7,26.8,,
1979-09-06,29.6,23.5,25.7,,
1979-09-07,29.2,23.2,25.7,,
1979-09-08,28.6,23.1,25.4,,
1979-09-09,30.1,23.3,26.0,,
1979-09-10,29.7,23.7,26.1,,
1979-09-11,30.3,22.4,26.2,,
1979-09-12,30.4,23.2,26.5,,
1979-09-13,30.8,23.8,27.0,,
1979-09-14,30.6,22.7,26.1,,
1979-09-15,29.4,23.1,25.7,,
1979-09-16,30.7,23.4,26.6,,
1979-09-17,30.3,23.1,26.6,,
1979-09-18,30.1,23.5,26.3,,
1979-09-19,30.1,23.4,26.2,,
1979-09-20,29.5,23.1,26.1,,
1979-09-21,30.2,23.7,26.4,,
1979-09-22,28.8,23.7,25.8,,
1979-09-23,29.4,23.4,26.1,,
1979-09-24,28.3,23.3,25.7,,
1979-09-25,30.4,22.7,26.4,,
1979-09-26,28.6,23.3,25.4,,
1979-09-27,28.8,23.0,25.3,,
1979-09-28,29.1,23.3,25.5,,
1979-09-29,29.3,23.3,25.8,,
1979-09-30,28.8,23.0,25.5,,
1979-10-01,29.4,22.6,25.5,,
1979-10-02,29.4,23.2,25.8,,
1979-10-03,29.5,23.3,25.7,,
1979-10-04,29.3,23.5,25.9,,
1979-10-05,29.1,22.8,25.8,,
1979-10-06,28.1,23.7,25.3,,
1979-10-07,29.9,22.5,25.6,,
1979-10-08,29.6,23.0,25.8,,
1979-10-09,30.1,22.7,25.7,,
1979-10-10,29.3,22.8,25.8,,
1979-10-11,29.5,23.0,25.9,,
1979-10-12,30.6,22.4,26.5,,
1979-10-13,30.7,23.9,26.9,,
1979-10-14,31.7,22.4,26.9,,
1979-10-15,31.7,22.5,26.8,,
1979-10-16,30.9,22.3,26.4,,
1979-10-17,30.5,22.7,26.3,,
1979-10-18,30.8,22.0,26.6,,
1979-10-19,31.2,22.6,26.8,,
1979-10-20,30.8,22.7,26.8,,
1979-10-21,30.3,23.3,26.0,,
1979-10-22,28.7,23.5,25.8,,
1979-10-23,30.0,23.3,26.1,,
1979-10-24,30.4,23.2,26.3,,
1979-10-25,30.6,23.6,26.6,,
1979-10-26,30.3,23.7,26.8,,
1979-10-27,29.7,23.8,26.4,,
1979-10-28,29.4,23.4,26.0,,
1979-10-29,30.1,23.2,26.2,,
1979-10-30,29.2,23.6,26.1,,
1979-10-31,30.0,22.9,26.2,,
1979-11-01,29.6,23.6,26.2,,
1979-11-02,28.7,23.5,25.5,,
1979-11-03,28.5,23.2,25.1,,
1979-11-04,29.0,23.3,25.6,,
1979-11-05,28.7,23.6,25.6,,
1979-11-06,28.2,23.8,25.8,,
1979-11-07,30.1,23.4,26.3,,
1979-11-08,30.4,23.5,26.1,,
1979-11-09,30.0,23.4,26.0,,
1979-11-10,29.0,23.2,25.9,,
1979-11-11,27.3,23.5,25.1,,
1979-11-12,28.8,23.4,25.1,,
1979-11-13,28.9,22.9,25.5,,
1979-11-14,28.1,23.6,25.3,,
1979-11-15,29.3,23.4,25.6,,
1979-11-16,29.6,23.3,25.9,,
1979-11-17,30.0,23.6,26.8,,
1979-11-18,29.3,23.7,26.1,,
1979-11-19,30.1,23.2,26.4,,
1979-11-20,29.8,23.9,26.1,,
1979-11-21,29.6,23.5,25.9,,
1979-11-22,30.5,23.0,26.2,,
1979-11-23,30.0,23.5,26.1,,
1979-11-24,28.8,24.0,26.2,,
1979-11-25,29.5,23.9,26.2,,
1979-11-26,30.1,23.2,26.3,,
1979-11-27,30.5,23.9,26.2,,
1979-11-28,29.5,23.7,25.7,,
1979-11-29,27.9,23.8,25.5,,
1979-11-30,28.1,23.2,25.4,,
1979-12-01,29.4,22.9,25.8,,
1979-12-02,29.0,23.5,26.0,,
1979-12-03,29.9,23.3,25.7,,
1979-12-04,29.7,23.0,25.8,,
1979-12-05,28.7,23.6,25.7,,
1979-12-06,29.3,23.1,25.6,,
1979-12-07,27.8,23.8,25.4,,
1979-12-08,27.6,23.6,25.4,,
1979-12-09,29.9,22.9,26.1,,
1979-12-10,29.6,24.1,26.4,,
1979-12-11,29.7,23.8,26.4,,
1979-12-12,29.8,23.5,26.2,,
1979-12-13,28.1,22.8,25.2,,
1979-12-14,27.7,22.7,25.1,,
1979-12-15,27.9,22.9,25.0,,
1979-12-16,28.4,22.6,25.8,,
1979-12-17,28.4,23.2,25.4,,
1979-12-18,28.5,22.7,25.1,,
1979-12-19,29.3,22.5,25.5,,
1979-12-20,28.8,23.2,25.5,,
1979-12-21,28.2,23.1,25.5,,
1979-12-22,28.8,23.3,25.6,,
1979-12-23,26.4,23.3,24.8,,
1979-12-24,28.2,22.7,24.9,,
1979-12-25,26.4,22.6,24.4,,
1979-12-26,27.3,23.0,25.0,,
1979-12-27,27.0,23.0,25.0,,
1979-12-28,29.4,23.2,25.7,,
1979-12-29,29.9,23.0,25.8,,
1979-12-30,29.7,22.6,25.7,,
1979-12-31,29.8,23.6,26.0,,
1980-01-01,28.9,24.1,25.9,,
1980-01-02,27.4,24.1,25.2,,
1980-01-03,28.2,23.4,25.3,,
1980-01-04,28.6,22.7,25.5,,
1980-01-05,29.0,22.9,25.8,,
1980-01-06,28.8,23.9,26.2,,
1980-01-07,27.3,24.1,25.2,,
1980-01-08,27.8,23.8,25.1,,
1980-01-09,28.7,23.2,25.6,,
1980-01-10,29.1,23.1,25.6,,
1980-01-11,28.7,23.7,25.6,,
1980-01-12,28.4,23.3,25.4,,
1980-01-13,28.5,23.3,25.6,,
1980-01-14,28.6,23.4,25.7,,
1980-01-15,29.2,23.8,25.7,,
1980-01-16,27.9,23.3,25.0,,
1980-01-17,26.5,23.1,24.7,,
1980-01-18,28.6,22.7,25.4,,
1980-01-19,28.0,22.9,25.2,,
1980-01-20,27.9,23.8,25.1,,
1980-01-21,27.1,23.3,25.0,,
1980-01-22,27.7,23.4,25.0,,
1980-01-23,27.5,23.3,24.8,,
1980-01-24,27.7,23.0,25.2,,
1980-01-25,28.0,23.0,25.5,,
1980-01-26,26.8,23.5,24.9,,
1980-01-27,28.7,23.9,25.8,,
1980-01-28,29.6,22.8,26.1,,
1980-01-29,29.9,23.9,26.0,,
1980-01-30,28.0,23.7,25.4,,
1980-01-31,28.3,23.8,25.5,,
1980-02-01,28.7,23.5,25.4,,
1980-02-02,28.8,23.0,25.5,,
1980-02-03,28.9,24.0,26.1,,
1980-02-04,29.4,22.1,26.1,,
1980-02-05,29.4,23.8,26.4,,
1980-02-06,27.0,23.0,25.1,,
1980-02-07,29.3,23.1,25.8,,
1980-02-08,28.5,23.0,25.5,,
1980-02-09,26.6,22.9,24.3,,
1980-02-10,27.7,22.6,25.2,,
1980-02-11,28.0,22.9,25.2,,
1980-02-12,28.4,22.9,25.4,,
1980-02-13,28.4,22.9,25.5,,
1980-02-14,28.4,22.8,25.6,,
1980-02-15,28.4,23.3,25.5,,
1980-02-16,27.9,22.9,25.1,,
1980-02-17,29.2,23.0,25.9,,
1980-02-18,29.2,22.8,25.6,,
1980-02-19,28.0,23.3,25.4,,
1980-02-20,28.7,23.0,25.4,,
1980-02-21,28.2,23.5,25.4,,
1980-02-22,27.9,23.8,25.3,,
1980-02-23,26.7,23.5,24.9,,
1980-02-24,28.9,23.3,25.8,,
1980-02-25,28.9,23.3,25.6,,
1980-02-26,29.9,23.5,26.2,,
1980-02-27,28.8,23.5,25.9,,
1980-02-28,27.8,23.6,25.4,,
1980-02-29,29.9,22.8,26.0,,
1980-03-01,29.8,23.7,26.5,,
1980-03-02,29.0,24.6,26.3,,
1980-03-03,29.4,24.2,26.2,,
1980-03-04,28.5,23.2,25.7,,
1980-03-05,30.1,23.0,26.1,,
1980-03-06,28.7,23.6,25.7,,
1980-03-07,29.1,23.0,25.8,,
1980-03-08,29.5,23.2,25.5,,
1980-03-09,31.0,23.6,26.8,,
1980-03-10,29.6,23.9,26.2,,
1980-03-11,29.0,24.3,26.0,,
1980-03-12,29.0,23.7,26.3,,
1980-03-13,29.5,23.7,26.3,,
1980-03-14,29.6,23.4,25.9,,
1980-03-15,30.1,23.1,26.2,,
1980-03-16,29.9,22.8,25.7,,
1980-03-17,29.0,22.8,25.2,,
1980-03-18,27.9,23.3,24.9,,
1980-03-19,27.5,22.6,24.6,,
1980-03-20,29.9,21.4,25.5,,
1980-03-21,30.4,19.7,25.4,,
1980-03-22,30.3,22.2,26.2,,
1980-03-23,30.5,23.5,26.9,,
1980-03-24,30.1,24.0,26.8,,
1980-03-25,29.5,23.5,26.2,,
1980-03-26,29.3,23.1,25.7,,
1980-03-27,29.7,23.4,25.8,,
1980-03-28,28.8,23.2,25.5,,
1980-03-29,28.3,22.9,25.5,,
1980-03-30,28.9,24.0,26.0,,
1980-03-31,29.4,22.9,25.8,,
1980-04-01,30.0,23.1,26.5,,
1980-04-02,29.9,24.3,26.9,,
1980-04-03,30.1,23.5,26.8,,
1980-04-04,30.2,23.4,26.5,,
1980-04-05,29.8,23.7,26.8,,
1980-04-06,30.2,23.5,26.5,,
1980-04-07,29.9,23.4,26.3,,
1980-04-08,29.6,23.9,26.3,,
1980-04-09,28.7,24.2,25.7,,
1980-04-10,28.5,23.4,25.5,,
1980-04-11,27.7,23.4,25.3,,
1980-04-12,29.4,23.8,26.0,,
1980-04-13,28.9,23.5,25.8,,
1980-04-14,28.4,23.6,25.7,,
1980-04-15,28.9,23.6,25.7,,
1980-04-16,27.4,23.7,25.5,,
1980-04-17,30.1,23.4,26.6,,
1980-04-18,29.3,23.2,26.1,,
1980-04-19,29.3,23.3,26.3,,
1980-04-20,30.9,23.6,26.7,,
1980-04-21,29.1,24.8,26.6,,
1980-04-22,29.0,24.3,26.0,,
1980-04-23,27.7,23.8,25.4,,
1980-04-24,30.5,23.5,26.1,,
1980-04-25,30.3,23.4,26.4,,
1980-04-26,29.6,23.2,26.0,,
1980-04-27,29.5,23.2,26.2,,
1980-04-28,29.7,22.6,25.8,,
1980-04-29,29.3,22.9,25.7,,
1980-04-30,29.8,23.7,26.2,,
1980-05-01,28.9,23.7,26.0,,
1980-05-02,29.3,24.2,26.0,,
1980-05-03,30.2,22.7,26.3,,
1980-05-04,29.7,23.0,26.0,,
1980-05-05,27.5,24.0,25.6,,
1980-05-06,27.6,23.6,25.5,,
1980-05-07,29.2,23.5,25.3,,
1980-05-08,29.9,23.7,26.3,,
1980-05-09,29.9,23.2,26.1,,
1980-05-10,29.8,22.6,25.9,,
1980-05-11,27.9,23.5,25.8,,
1980-05-12,30.0,23.2,26.3,,
1980-05-13,30.0,24.1,26.8,,
1980-05-14,30.4,23.4,26.9,,
1980-05-15,30.2,24.4,26.8,,
1980-05-16,29.8,22.9,26.3,,
1980-05-17,29.7,23.3,26.4,,
1980-05-18,30.3,22.8,26.4,,
1980-05-19,30.2,23.1,26.2,,
1980-05-20,29.7,23.4,26.6,,
1980-05-21,29.9,23.8,26.8,,
1980-05-22,30.4,23.4,26.8,,
1980-05-23,30.3,24.0,26.8,,
1980-05-24,30.4,23.9,27.2,,
1980-05-25,30.5,24.1,27.4,,
1980-05-26,30.5,24.6,27.1,,
1980-05-27,29.6,24.3,26.2,,
1980-05-28,29.4,23.0,25.7,,
1980-05-29,29.2,23.3,26.2,,
1980-05-30,29.7,23.3,26.4,,
1980-05-31,29.6,23.5,26.4,,
1980-06-01,29.9,23.3,26.2,,
1980-06-02,29.1,22.8,25.8,,
1980-06-03,29.7,22.9,26.2,,
1980-06-04,30.6,23.4,26.9,,
1980-06-05,30.1,23.3,26.3,,
1980-06-06,29.4,24.2,26.3,,
1980-06-07,29.6,23.4,26.3,,
1980-06-08,30.2,23.6,26.4,,
1980-06-09,29.5,22.4,26.2,,
1980-06-10,29.5,23.1,26.2,,
1980-06-11,29.9,24.1,26.7,,
1980-06-12,30.6,22.6,26.6,,
1980-06-13,30.1,24.0,26.9,,
1980-06-14,30.0,23.6,26.2,,
1980-06-15,29.6,23.8,26.0,,
1980-06-16,29.4,23.7,26.0,,
1980-06-17,30.1,23.5,26.2,,
1980-06-18,29.8,23.6,26.2,,
1980-06-19,29.2,23.5,26.1,,
1980-06-20,29.3,23.8,26.0,,
1980-06-21,30.5,23.4,26.6,,
1980-06-22,30.0,24.4,26.9,,
1980-06-23,30.4,22.4,26.5,,
1980-06-24,30.6,24.2,27.2,,
1980-06-25,30.0,24.1,26.3,,
1980-06-26,29.7,23.7,26.0,,
1980-06-27,30.0,22.4,25.8,,
1980-06-28,30.2,23.1,26.1,,
1980-06-29,29.7,22.5,26.3,,
1980-06-30,30.2,22.9,26.3,,
1980-07-01,30.5,22.7,26.6,,
1980-07-02,30.9,23.5,26.9,,
1980-07-03,30.4,23.4,26.6,,
1980-07-04,29.9,23.8,26.7,,
1980-07-05,30.1,23.6,26.8,,
1980-07-06,29.9,23.5,26.4,,
1980-07-07,29.7,23.0,26.0,,
1980-07-08,30.7,22.6,26.1,,
1980-07-09,30.4,22.6,26.2,,
1980-07-10,30.1,23.3,26.2,,
1980-07-11,29.9,23.3,26.2,,
1980-07-12,30.6,23.8,26.7,,
1980-07-13,30.0,23.5,26.3,,
1980-07-14,29.1,23.1,25.9,,
1980-07-15,29.1,23.2,25.1,,
1980-07-16,28.4,22.7,25.1,,
1980-07-17,28.5,23.5,25.4,,
1980-07-18,29.6,22.4,25.5,,
1980-07-19,29.5,21.0,25.2,,
1980-07-20,29.5,22.3,25.8,,
1980-07-21,29.6,22.2,25.8,,
1980-07-22,29.3,23.4,26.0,,
1980-07-23,29.7,22.5,26.1,,
1980-07-24,29.8,24.1,26.7,,
1980-07-25,30.0,24.1,26.2,,
1980-07-26,30.6,23.5,26.3,,
1980-07-27,30.6,22.5,26.5,,
1980-07-28,29.9,22.3,25.9,,
1980-07-29,29.3,22.8,25.4,,
1980-07-30,28.5,23.1,25.5,,
1980-07-31,28.1,22.9,24.9,,
1980-08-01,29.0,22.9,25.3,,
1980-08-02,30.0,21.9,25.7,,
1980-08-03,29.9,23.2,26.1,,
1980-08-04,27.7,22.3,24.8,,
1980-08-05,28.1,22.4,24.6,,
1980-08-06,27.5,22.6,24.5,,
1980-08-07,28.4,21.5,25.0,,
1980-08-08,27.8,22.6,24.9,,
1980-08-09,29.0,22.5,25.1,,
1980-08-10,28.3,22.6,25.0,,
1980-08-11,28.9,22.2,25.4,,
1980-08-12,29.0,22.7,25.7,,
1980-08-13,29.8,23.2,25.5,,
1980-08-14,29.3,22.8,25.7,,
1980-08-15,29.7,23.2,26.0,,
1980-08-16,29.1,23.0,25.9,,
1980-08-17,28.4,22.7,25.4,,
1980-08-18,30.0,22.8,26.1,,
1980-08-19,29.8,23.1,26.2,,
1980-08-20,29.9,22.5,26.5,,
1980-08-21,30.2,23.1,26.4,,
1980-08-22,29.6,21.8,25.8,,
1980-08-23,30.0,21.5,25.8,,
1980-08-24,30.2,21.7,25.8,,
1980-08-25,29.5,22.0,25.8,,
1980-08-26,28.9,21.9,25.5,,
1980-08-27,29.8,22.1,25.9,,
1980-08-28,29.4,23.2,26.1,,
1980-08-29,30.6,22.4,26.2,,
1980-08-30,30.2,22.4,26.3,,
1980-08-31,30.3,21.9,26.4,,
1980-09-01,31.0,24.2,27.1,,
1980-09-02,31.8,22.9,26.9,,
1980-09-03,29.9,23.2,26.1,,
1980-09-04,29.7,23.2,26.2,,
1980-09-05,29.5,22.9,26.0,,
1980-09-06,29.0,23.4,25.8,,
1980-09-07,30.5,22.5,26.5,,
1980-09-08,30.8,22.9,26.3,,
1980-09-09,30.8,23.3,26.4,,
1980-09-10,30.8,24.0,26.2,,
1980-09-11,29.5,23.6,26.0,,
1980-09-12,29.4,23.3,25.9,,
1980-09-13,30.2,23.0,26.4,,
1980-09-14,30.0,23.4,26.2,,
1980-09-15,30.3,22.9,26.1,,
1980-09-16,30.4,23.8,26.6,,
1980-09-17,30.5,23.8,26.8,,
1980-09-18,30.4,22.8,26.6,,
1980-09-19,29.9,23.6,26.2,,
1980-09-20,30.5,23.0,26.4,,
1980-09-21,30.5,23.2,26.2,,
1980-09-22,30.7,23.2,26.6,,
1980-09-23,30.6,22.9,26.5,,
1980-09-24,30.9,23.4,26.8,,
1980-09-25,29.6,23.4,25.9,,
1980-09-26,28.9,22.5,25.7,,
1980-09-27,29.1,23.1,25.9,,
1980-09-28,30.3,23.7,26.2,,
1980-09-29,30.2,23.8,26.6,,
1980-09-30,31.0,23.5,26.8,,
1980-10-01,31.9,22.9,26.9,,
1980-10-02,31.9,23.5,27.2,,
1980-10-03,31.4,23.6,27.4,,
1980-10-04,31.3,23.8,26.4,,
1980-10-05,30.7,23.3,26.6,,
1980-10-06,30.6,23.4,26.7,,
1980-10-07,31.5,22.9,27.2,,
1980-10-08,31.9,23.8,27.7,,
1980-10-09,31.3,24.1,27.1,,
1980-10-10,31.0,24.0,26.8,,
1980-10-11,30.7,23.9,26.9,,
1980-10-12,30.6,24.4,27.0,,
1980-10-13,31.0,23.7,27.2,,
1980-10-14,30.6,24.2,26.8,,
1980-10-15,29.4,23.9,25.8,,
1980-10-16,30.0,23.3,25.8,,
1980-10-17,29.6,23.2,25.9,,
1980-10-18,30.2,23.6,26.6,,
1980-10-19,30.9,23.6,26.2,,
1980-10-20,29.5,23.1,25.8,,
1980-10-21,29.2,23.1,25.5,,
1980-10-22,29.4,22.9,25.5,,
1980-10-23,28.7,23.2,25.6,,
1980-10-24,30.4,22.7,26.1,,
1980-10-25,30.3,23.7,26.1,,
1980-10-26,29.4,23.1,25.6,,
1980-10-27,29.1,22.8,25.5,,
1980-10-28,27.7,23.4,24.8,,
1980-10-29,27.2,23.2,24.9,,
1980-10-30,28.8,23.2,25.4,,
1980-10-31,25.8,23.1,24.4,,
1980-11-01,27.7,23.4,25.1,,
1980-11-02,29.7,22.8,26.0,,
1980-11-03,30.4,23.3,26.1,,
1980-11-04,29.4,23.3,26.2,,
1980-11-05,29.2,23.3,26.3,,
1980-11-06,30.3,23.0,26.5,,
1980-11-07,30.8,23.7,26.8,,
1980-11-08,28.9,23.6,25.8,,
1980-11-09,28.6,22.9,25.4,,
1980-11-10,29.0,23.2,25.7,,
1980-11-11,29.3,23.3,25.7,,
1980-11-12,29.5,22.9,25.8,,
1980-11-13,28.8,23.4,25.7,,
1980-11-14,29.2,22.9,25.8,,
1980-11-15,29.4,23.1,26.2,,
1980-11-16,30.5,22.9,26.4,,
1980-11-17,30.8,23.1,26.4,,
1980-11-18,29.2,23.6,25.8,,
1980-11-19,28.2,23.5,25.3,,
1980-11-20,29.0,23.4,25.9,,
1980-11-21,28.8,23.7,25.6,,
1980-11-22,29.5,23.2,25.7,,
1980-11-23,30.4,23.6,26.3,,
1980-11-24,29.0,23.7,26.1,,
1980-11-25,28.9,23.7,25.9,,
1980-11-26,28.4,23.5,25.8,,
1980-11-27,28.1,23.4,25.2,,
1980-11-28,28.2,23.5,25.5,,
1980-11-29,28.5,23.7,25.7,,
1980-11-30,29.0,23.1,25.7,,
1980-12-01,29.5,23.5,26.1,,
1980-12-02,29.8,23.3,26.5,,
1980-12-03,27.8,23.8,25.5,,
1980-12-04,29.8,23.4,26.1,,
1980-12-05,29.4,23.8,26.0,,
1980-12-06,29.8,24.1,26.0,,
1980-12-07,29.2,23.9,25.9,,
1980-12-08,29.3,23.2,25.5,,
1980-12-09,29.4,23.5,26.0,,
1980-12-10,28.7,23.5,25.6,,
1980-12-11,27.6,23.5,25.0,,
1980-12-12,28.1,23.2,25.0,,
1980-12-13,27.2,23.3,25.1,,
1980-12-14,28.6,23.1,25.9,,
1980-12-15,29.5,24.4,26.0,,
1980-12-16,28.1,24.0,25.5,,
1980-12-17,28.0,23.6,25.3,,
1980-12-18,29.6,23.9,26.0,,
1980-12-19,29.7,24.1,26.4,,
1980-12-20,29.4,23.7,25.7,,
1980-12-21,28.2,23.6,25.6,,
1980-12-22,28.3,23.3,25.2,,
1980-12-23,26.7,23.3,24.6,,
1980-12-24,26.4,23.2,24.4,,
1980-12-25,29.0,23.2,25.7,,
1980-12-26,28.9,23.0,25.7,,
1980-12-27,27.5,23.3,25.2,,
1980-12-28,27.1,23.2,24.9,,
1980-12-29,28.1,22.8,25.3,,
1980-12-30,27.0,22.7,24.6,,
1980-12-31,27.5,23.2,24.8,,
1981-01-01,27.1,23.4,25.0,,
1981-01-02,28.4,23.1,25.3,,
1981-01-03,29.5,23.2,25.7,,
1981-01-04,28.8,23.5,25.7,,
1981-01-05,27.9,23.8,25.5,,
1981-01-06,26.2,23.6,24.6,,
1981-01-07,27.5,23.2,24.5,,
1981-01-08,26.9,22.7,24.3,,
1981-01-09,27.2,22.9,24.8,,
1981-01-10,27.0,23.1,24.5,,
1981-01-11,27.0,23.0,24.2,,
1981-01-12,26.4,23.0,24.1,,
1981-01-13,26.0,22.7,23.9,,
1981-01-14,26.3,22.8,24.3,,
1981-01-15,26.3,23.2,24.6,,
1981-01-16,26.2,23.1,24.5,,
1981-01-17,25.0,23.0,23.9,,
1981-01-18,27.0,22.3,24.0,,
1981-01-19,27.5,22.3,24.4,,
1981-01-20,27.5,22.3,24.6,,
1981-01-21,27.6,22.3,24.9,,
1981-01-22,27.6,22.6,24.9,,
1981-01-23,27.5,22.6,24.6,,
1981-01-24,27.5,21.7,24.7,,
1981-01-25,28.3,22.6,25.4,,
1981-01-26,27.4,23.3,25.2,,
1981-01-27,26.3,22.7,24.2,,
1981-01-28,27.0,22.9,24.6,,
1981-01-29,27.4,23.2,24.7,,
1981-01-30,28.5,22.4,25.2,,
1981-01-31,28.9,22.8,25.6,,
1981-02-01,29.9,22.2,25.9,,
1981-02-02,27.8,23.3,25.6,,
1981-02-03,27.4,23.4,24.6,,
1981-02-04,28.1,23.3,25.6,,
1981-02-05,27.8,22.9,25.1,,
1981-02-06,28.6,23.2,25.4,,
1981-02-07,28.6,23.5,25.5,,
1981-02-08,27.8,23.8,25.1,,
1981-02-09,28.3,23.2,25.3,,
1981-02-10,27.5,23.5,25.3,,
1981-02-11,28.4,23.4,25.5,,
1981-02-12,28.0,22.9,25.1,,
1981-02-13,29.9,22.7,26.0,,
1981-02-14,28.2,23.4,25.4,,
1981-02-15,27.3,23.7,25.3,,
1981-02-16,28.7,23.9,25.8,,
1981-02-17,28.2,23.9,25.6,,
1981-02-18,27.6,23.0,24.8,,
1981-02-19,28.1,23.1,25.2,,
1981-02-20,29.2,22.5,25.5,,
1981-02-21,28.2,23.7,25.9,,
1981-02-22,28.5,23.3,25.6,,
1981-02-23,28.8,23.5,25.6,,
1981-02-24,28.8,23.2,25.8,,
1981-02-25,29.7,23.2,26.0,,
1981-02-26,28.2,24.2,25.7,,
1981-02-27,27.7,23.6,25.2,,
1981-02-28,28.5,23.1,25.5,,
1981-03-01,27.1,22.8,24.4,,
1981-03-02,26.7,23.1,24.8,,
1981-03-03,27.3,23.4,25.1,,
1981-03-04,29.0,22.6,25.6,,
1981-03-05,28.4,22.5,25.3,,
1981-03-06,27.9,23.1,25.0,,
1981-03-07,28.2,22.6,24.9,,
1981-03-08,28.6,22.6,25.3,,
1981-03-09,28.5,22.9,25.5,,
1981-03-10,28.3,23.3,25.3,,
1981-03-11,26.4,23.2,24.7,,
1981-03-12,29.0,23.1,25.3,,
1981-03-13,29.0,21.9,25.3,,
1981-03-14,29.5,22.5,25.9,,
1981-03-15,28.9,23.9,25.9,,
1981-03-16,29.2,22.9,25.6,,
1981-03-17,28.7,22.8,25.7,,
1981-03-18,28.9,23.3,25.5,,
1981-03-19,29.6,23.3,26.2,,
1981-03-20,30.4,22.8,26.8,,
1981-03-21,28.1,23.9,25.9,,
1981-03-22,30.1,23.3,25.7,,
1981-03-23,29.4,22.6,25.7,,
1981-03-24,29.1,22.8,25.7,,
1981-03-25,28.8,23.8,25.4,,
1981-03-26,29.9,22.4,25.6,,
1981-03-27,29.6,22.8,26.1,,
1981-03-28,29.1,23.4,26.0,,
1981-03-29,29.6,23.6,26.4,,
1981-03-30,28.9,23.3,26.0,,
1981-03-31,29.1,23.0,25.8,,
1981-04-01,30.3,23.0,26.0,,
1981-04-02,29.7,23.7,26.1,,
1981-04-03,29.3,24.2,25.8,,
1981-04-04,29.5,23.3,26.1,,
1981-04-05,29.3,23.5,25.9,,
1981-04-06,29.6,23.2,26.4,,
1981-04-07,30.3,23.7,26.6,,
1981-04-08,30.2,23.4,26.5,,
1981-04-09,29.6,23.3,25.8,,
1981-04-10,30.1,23.0,26.3,,
1981-04-11,29.4,23.0,26.1,,
1981-04-12,28.9,23.0,25.6,,
1981-04-13,29.3,23.0,25.9,,
1981-04-14,29.0,22.7,25.6,,
1981-04-15,28.8,23.0,25.5,,
1981-04-16,28.7,23.3,25.3,,
1981-04-17,29.2,23.3,25.5,,
1981-04-18,28.8,23.3,25.5,,
1981-04-19,29.8,23.2,26.1,,
1981-04-20,29.7,23.6,26.2,,
1981-04-21,27.1,23.7,25.1,,
1981-04-22,28.8,22.9,25.5,,
1981-04-23,29.6,23.4,26.0,,
1981-04-24,29.5,23.7,26.1,,
1981-04-25,28.7,23.2,25.6,,
1981-04-26,29.3,23.3,26.0,,
1981-04-27,28.2,23.4,25.6,,
1981-04-28,29.6,23.3,25.9,,
1981-04-29,29.6,23.5,26.2,,
1981-04-30,30.1,24.1,26.3,,
1981-05-01,29.3,24.0,25.7,,
1981-05-02,29.7,23.2,25.9,,
1981-05-03,29.0,22.8,25.6,,
1981-05-04,29.4,23.0,25.7,,
1981-05-05,29.5,23.0,25.7,,
1981-05-06,29.2,23.1,25.9,,
1981-05-07,29.2,23.0,25.8,,
1981-05-08,29.5,23.1,25.8,,
1981-05-09,28.6,23.6,25.6,,
1981-05-10,29.4,22.5,25.8,,
1981-05-11,28.6,23.6,25.8,,
1981-05-12,28.3,23.5,25.8,,
1981-05-13,28.9,23.5,26.0,,
1981-05-14,29.5,24.1,25.9,,
1981-05-15,29.3,23.6,26.3,,
1981-05-16,28.9,23.9,25.8,,
1981-05-17,28.3,23.6,25.6,,
1981-05-18,28.3,23.9,25.8,,
1981-05-19,29.0,22.7,26.0,,
1981-05-20,29.5,23.3,25.9,,
1981-05-21,29.4,24.2,26.3,,
1981-05-22,29.8,23.1,26.6,,
1981-05-23,29.6,24.6,26.9,,
1981-05-24,29.6,23.4,25.8,,
1981-05-25,30.3,23.3,26.1,,
1981-05-26,29.2,23.4,25.9,,
1981-05-27,30.2,22.6,26.4,,
1981-05-28,29.9,23.1,26.1,,
1981-05-29,27.9,23.3,25.5,,
1981-05-30,29.4,23.5,26.2,,
1981-05-31,29.5,22.7,26.1,,
1981-06-01,29.1,23.3,26.0,,
1981-06-02,29.7,22.5,25.8,,
1981-06-03,29.7,23.4,26.3,,
1981-06-04,29.7,23.5,26.3,,
1981-06-05,29.5,23.4,26.1,,
1981-06-06,29.1,23.0,25.7,,
1981-06-07,29.8,22.2,25.7,,
1981-06-08,29.4,23.5,26.1,,
1981-06-09,28.2,23.2,25.7,,
1981-06-10,29.3,23.0,25.6,,
1981-06-11,29.8,23.4,26.2,,
1981-06-12,29.7,22.8,26.2,,
1981-06-13,29.4,23.7,26.0,,
1981-06-14,29.2,23.2,25.7,,
1981-06-15,29.6,22.7,25.8,,
1981-06-16,29.4,23.3,26.2,,
1981-06-17,29.5,23.5,25.9,,
1981-06-18,29.6,23.2,25.9,,
1981-06-19,28.9,23.0,25.4,,
1981-06-20,29.5,23.8,26.1,,
1981-06-21,30.0,24.0,26.6,,
1981-06-22,28.9,23.4,25.9,,
1981-06-23,28.1,23.0,25.4,,
1981-06-24,29.4,23.1,25.9,,
1981-06-25,28.4,23.1,25.3,,
1981-06-26,28.4,22.7,25.3,,
1981-06-27,29.5,22.6,25.5,,
1981-06-28,29.2,22.9,25.3,,
1981-06-29,29.0,21.9,25.5,,
1981-06-30,29.0,22.3,25.6,,
1981-07-01,29.4,23.9,26.0,,
1981-07-02,29.2,23.4,25.8,,
1981-07-03,29.0,22.2,25.7,,
1981-07-04,28.6,23.9,26.0,,
1981-07-05,28.6,22.5,25.6,,
1981-07-06,29.3,22.5,25.7,,
1981-07-07,29.1,22.3,25.7,,
1981-07-08,29.1,23.3,25.7,,
1981-07-09,29.4,22.1,25.6,,
1981-07-10,28.8,22.8,25.3,,
1981-07-11,28.5,22.6,24.9,,
1981-07-12,29.2,22.4,25.5,,
1981-07-13,29.1,23.0,25.7,,
1981-07-14,27.8,23.3,25.1,,
1981-07-15,29.3,22.0,25.1,,
1981-07-16,27.9,22.4,24.8,,
1981-07-17,29.4,23.4,25.5,,
1981-07-18,28.6,23.1,25.4,,
1981-07-19,27.7,22.9,25.1,,
1981-07-20,29.4,22.5,25.5,,
1981-07-21,29.3,22.8,25.5,,
1981-07-22,29.3,22.2,25.3,,
1981-07-23,28.2,23.3,25.1,,
1981-07-24,28.9,23.2,25.5,,
1981-07-25,29.4,23.0,25.8,,
1981-07-26,29.6,22.3,25.7,,
1981-07-27,29.5,22.1,25.8,,
1981-07-28,29.2,22.5,25.9,,
1981-07-29,28.3,23.0,25.0,,
1981-07-30,28.5,22.7,25.7,,
1981-07-31,27.6,23.3,24.9,,
1981-08-01,29.2,21.9,25.4,,
1981-08-02,29.3,23.3,26.1,,
1981-08-03,29.8,22.3,26.0,,
1981-08-04,29.3,23.1,25.8,,
1981-08-05,29.0,23.0,25.5,,
1981-08-06,28.5,23.2,25.5,,
1981-08-07,29.0,23.2,25.8,,
1981-08-08,28.9,22.2,25.4,,
1981-08-09,29.5,21.7,25.6,,
1981-08-10,29.4,22.4,25.6,,
1981-08-11,29.8,23.6,26.1,,
1981-08-12,29.7,22.9,25.9,,
1981-08-13,29.9,21.5,25.4,,
1981-08-14,29.4,22.9,25.9,,
1981-08-15,29.7,22.5,26.1,,
1981-08-16,29.6,23.5,26.2,,
1981-08-17,29.8,23.3,26.2,,
1981-08-18,29.6,22.3,25.9,,
1981-08-19,29.4,22.7,25.8,,
1981-08-20,29.4,23.7,25.6,,
1981-08-21,29.1,23.4,25.7,,
1981-08-22,30.3,22.3,26.2,,
1981-08-23,30.3,22.2,26.5,,
1981-08-24,30.2,23.1,26.0,,
1981-08-25,30.1,22.4,25.5,,
1981-08-26,29.8,22.3,25.9,,
1981-08-27,30.0,22.5,26.1,,
1981-08-28,29.5,22.5,25.5,,
1981-08-29,29.8,21.9,25.6,,
1981-08-30,29.7,22.7,25.9,,
1981-08-31,29.9,23.2,26.3,,
1981-09-01,30.0,22.1,26.1,,
1981-09-02,30.7,23.0,26.3,,
1981-09-03,30.1,22.3,26.3,,
1981-09-04,30.0,22.9,26.1,,
1981-09-05,29.9,23.1,26.0,,
1981-09-06,30.1,22.3,26.2,,
1981-09-07,29.9,23.2,26.2,,
1981-09-08,29.6,23.1,25.4,,
1981-09-09,30.2,22.9,25.9,,
1981-09-10,28.3,23.2,25.3,,
1981-09-11,28.6,23.8,25.6,,
1981-09-12,29.5,22.9,26.0,,
1981-09-13,30.4,23.1,26.6,,
1981-09-14,30.3,23.2,26.3,,
1981-09-15,29.8,23.1,25.7,,
1981-09-16,29.8,22.3,25.9,,
1981-09-17,29.3,23.0,26.1,,
1981-09-18,29.7,23.2,26.2,,
1981-09-19,29.7,23.3,26.1,,
1981-09-20,29.2,23.6,26.2,,
1981-09-21,30.7,23.1,26.6,,
1981-09-22,29.9,23.4,26.4,,
1981-09-23,29.7,23.4,26.2,,
1981-09-24,30.0,23.3,26.2,,
1981-09-25,29.3,23.7,26.1,,
1981-09-26,29.4,23.4,25.7,,
1981-09-27,28.0,23.1,25.1,,
1981-09-28,30.0,22.7,26.2,,
1981-09-29,29.3,23.9,26.0,,
1981-09-30,29.3,23.4,25.8,,
1981-10-01,29.1,22.8,25.3,,
1981-10-02,29.5,22.9,25.8,,
1981-10-03,29.3,23.4,25.8,,
1981-10-04,29.9,22.4,25.8,,
1981-10-05,28.0,22.6,25.5,,
1981-10-06,29.6,23.4,25.6,,
1981-10-07,29.5,23.0,25.9,,
1981-10-08,30.6,22.8,26.3,,
1981-10-09,30.3,21.6,26.2,,
1981-10-10,30.3,22.0,26.4,,
1981-10-11,30.4,22.9,26.3,,
1981-10-12,29.4,22.8,25.8,,
1981-10-13,29.5,23.3,26.1,,
1981-10-14,30.5,23.9,26.9,,
1981-10-15,30.7,24.5,27.1,,
1981-10-16,30.1,23.2,26.3,,
1981-10-17,30.3,23.2,26.6,,
1981-10-18,30.7,23.1,26.9,,
1981-10-19,31.3,23.1,27.0,,
1981-10-20,30.3,23.2,26.7,,
1981-10-21,30.8,23.7,27.1,,
1981-10-22,31.0,22.9,26.8,,
1981-10-23,30.9,23.0,27.0,,
1981-10-24,30.6,23.6,26.9,,
1981-10-25,30.0,23.7,26.0,,
1981-10-26,29.8,23.4,26.4,,
1981-10-27,30.1,23.2,26.2,,
1981-10-28,28.6,23.8,25.8,,
1981-10-29,29.0,23.5,26.1,,
1981-10-30,29.8,23.7,26.3,,
1981-10-31,30.6,22.7,26.5,,
1981-11-01,30.7,23.5,26.6,,
1981-11-02,28.4,23.6,25.8,,
1981-11-03,28.8,23.9,25.8,,
1981-11-04,28.8,23.5,25.7,,
1981-11-05,29.9,23.8,26.2,,
1981-11-06,31.0,23.5,26.4,,
1981-11-07,29.3,23.5,25.9,,
1981-11-08,30.4,22.8,26.4,,
1981-11-09,29.6,23.2,26.1,,
1981-11-10,30.7,23.7,26.6,,
1981-11-11,28.6,24.0,25.7,,
1981-11-12,27.3,23.6,24.9,,
1981-11-13,28.1,23.1,24.7,,
1981-11-14,27.3,23.0,24.6,,
1981-11-15,29.0,22.9,25.3,,
1981-11-16,26.6,23.7,24.7,,
1981-11-17,29.2,23.2,25.9,,
1981-11-18,30.2,22.5,26.2,,
1981-11-19,29.8,23.6,26.3,,
1981-11-20,28.5,23.1,25.6,,
1981-11-21,28.9,23.2,25.7,,
1981-11-22,28.0,22.9,25.0,,
1981-11-23,26.5,23.4,24.6,,
1981-11-24,29.2,23.1,25.4,,
1981-11-25,28.6,23.6,25.6,,
1981-11-26,28.0,23.5,25.5,,
1981-11-27,27.8,23.4,25.4,,
1981-11-28,28.6,23.5,25.5,,
1981-11-29,28.9,23.7,25.4,,
1981-11-30,28.3,23.9,25.4,,
1981-12-01,28.0,24.1,25.3,,
1981-12-02,28.3,23.0,25.6,,
1981-12-03,27.9,24.0,25.2,,
1981-12-04,29.0,23.7,26.1,,
1981-12-05,27.8,23.7,25.2,,
1981-12-06,27.3,23.6,25.1,,
1981-12-07,27.5,24.0,25.1,,
1981-12-08,29.1,23.2,25.6,,
1981-12-09,27.2,23.2,24.9,,
1981-12-10,29.0,22.5,25.5,,
1981-12-11,28.8,23.6,25.9,,
1981-12-12,28.5,24.0,26.0,,
1981-12-13,29.6,24.3,26.5,,
1981-12-14,30.5,23.4,26.7,,
1981-12-15,29.6,23.2,26.2,,
1981-12-16,28.6,23.7,25.7,,
1981-12-17,29.3,23.4,25.8,,
1981-12-18,28.3,23.6,25.3,,
1981-12-19,28.1,23.2,25.0,,
1981-12-20,28.2,23.3,25.6,,
1981-12-21,27.8,23.0,25.3,,
1981-12-22,26.1,23.4,24.5,,
1981-12-23,28.5,23.0,25.6,,
1981-12-24,28.3,23.7,25.9,,
1981-12-25,27.7,23.4,25.2,,
1981-12-26,27.8,23.2,25.1,,
1981-12-27,27.6,23.5,25.1,,
1981-12-28,28.2,23.3,25.6,,
1981-12-29,28.8,23.4,25.5,,
1981-12-30,28.0,23.0,25.0,,
1981-12-31,28.1,23.0,25.2,,
1982-01-01,28.5,23.0,25.1,,
1982-01-02,26.6,23.3,24.6,,
1982-01-03,28.2,22.2,24.9,,
1982-01-04,27.3,23.1,25.0,,
1982-01-05,27.1,22.7,24.8,,
1982-01-06,28.0,23.1,25.0,,
1982-01-07,26.8,23.3,24.5,,
1982-01-08,26.8,23.0,24.6,,
1982-01-09,27.5,22.9,24.6,,
1982-01-10,26.9,23.3,24.6,,
1982-01-11,27.4,23.1,24.7,,
1982-01-12,28.3,23.3,25.1,,
1982-01-13,28.8,23.5,25.5,,
1982-01-14,27.1,23.2,24.4,,
1982-01-15,27.2,23.2,24.6,,
1982-01-16,27.6,23.3,25.0,,
1982-01-17,26.6,23.2,24.8,,
1982-01-18,26.5,23.3,24.6,,
1982-01-19,26.8,22.9,24.6,,
1982-01-20,27.7,23.1,24.9,,
1982-01-21,28.1,22.9,24.9,,
1982-01-22,27.5,22.9,24.8,,
1982-01-23,27.8,22.3,24.8,,
1982-01-24,27.6,23.1,24.9,,
1982-01-25,26.9,22.5,24.4,,
1982-01-26,27.2,22.4,24.7,,
1982-01-27,28.4,22.6,25.2,,
1982-01-28,28.1,22.9,25.2,,
1982-01-29,27.7,22.9,25.0,,
1982-01-30,28.1,22.2,25.2,,
1982-01-31,27.6,23.1,25.2,,
1982-02-01,28.4,22.8,25.1,,
1982-02-02,28.8,23.1,25.3,,
1982-02-03,27.2,23.4,25.1,,
1982-02-04,28.7,23.4,25.2,,
1982-02-05,26.3,23.2,24.5,,
1982-02-06,27.4,23.3,24.7,,
1982-02-07,28.5,23.0,25.2,,
1982-02-08,29.0,22.8,25.3,,
1982-02-09,27.1,22.9,24.7,,
1982-02-10,28.9,22.2,24.9,,
1982-02-11,28.2,23.6,25.2,,
1982-02-12,27.0,23.5,25.2,,
1982-02-13,27.5,23.0,24.6,,
1982-02-14,25.4,23.0,24.2,,
1982-02-15,27.0,23.5,24.8,,
1982-02-16,27.5,22.9,24.7,,
1982-02-17,28.4,22.8,25.2,,
1982-02-18,29.2,22.2,25.4,,
1982-02-19,29.1,23.0,25.7,,
1982-02-20,29.2,23.3,25.8,,
1982-02-21,29.5,23.1,26.2,,
1982-02-22,29.6,23.0,26.0,,
1982-02-23,29.5,23.5,25.9,,
1982-02-24,28.3,23.9,25.5,,
1982-02-25,28.3,23.6,25.4,,
1982-02-26,28.0,23.5,25.4,,
1982-02-27,28.6,23.6,25.6,,
1982-02-28,28.1,23.3,25.5,,
1982-03-01,28.3,23.1,25.6,,
1982-03-02,28.7,23.4,25.4,,
1982-03-03,28.3,22.6,25.2,,
1982-03-04,28.1,23.0,25.0,,
1982-03-05,26.3,23.2,24.3,,
1982-03-06,28.3,23.0,25.3,,
1982-03-07,26.3,23.4,24.8,,
1982-03-08,27.5,22.0,24.6,,
1982-03-09,28.7,22.9,25.3,,
1982-03-10,26.8,23.1,24.5,,
1982-03-11,28.8,22.6,25.1,,
1982-03-12,28.7,22.8,25.3,,
1982-03-13,27.6,22.7,24.9,,
1982-03-14,26.5,23.3,24.5,,
1982-03-15,28.1,23.0,25.3,,
1982-03-16,29.1,22.9,25.5,,
1982-03-17,30.0,23.2,25.7,,
1982-03-18,29.8,23.3,25.7,,
1982-03-19,29.7,22.6,25.6,,
1982-03-20,30.5,23.6,26.3,,
1982-03-21,29.7,22.7,25.6,,
1982-03-22,29.3,22.3,25.5,,
1982-03-23,29.6,22.6,26.2,,
1982-03-24,29.8,23.0,25.9,,
1982-03-25,28.5,23.8,25.8,,
1982-03-26,29.7,23.8,26.3,,
1982-03-27,29.7,23.3,26.1,,
1982-03-28,30.0,23.1,25.8,,
1982-03-29,29.7,23.0,25.8,,
1982-03-30,29.7,23.3,25.7,,
1982-03-31,27.8,23.2,25.2,,
1982-04-01,29.8,22.2,25.6,,
1982-04-02,30.3,22.6,26.1,,
1982-04-03,29.4,23.6,26.0,,
1982-04-04,29.3,23.3,25.8,,
1982-04-05,29.6,23.9,26.1,,
1982-04-06,29.8,23.0,25.7,,
1982-04-07,29.2,23.7,25.4,,
1982-04-08,28.1,23.2,25.3,,
1982-04-09,27.6,23.3,24.9,,
1982-04-10,28.7,23.3,25.4,,
1982-04-11,29.9,23.2,26.1,,
1982-04-12,29.5,23.4,26.0,,
1982-04-13,29.0,24.0,26.0,,
1982-04-14,29.7,23.2,26.0,,
1982-04-15,28.3,23.5,25.6,,
1982-04-16,29.0,23.9,25.9,,
1982-04-17,28.4,23.2,25.6,,
1982-04-18,29.2,22.9,26.0,,
1982-04-19,29.2,22.5,25.9,,
1982-04-20,29.5,22.6,26.0,,
1982-04-21,30.5,23.9,26.7,,
1982-04-22,30.0,22.9,26.3,,
1982-04-23,29.6,23.2,25.9,,
1982-04-24,29.7,23.7,26.2,,
1982-04-25,28.0,23.7,25.4,,
1982-04-26,27.9,23.3,25.0,,
1982-04-27,28.0,23.0,25.5,,
1982-04-28,29.0,23.1,25.5,,
1982-04-29,29.0,23.4,25.9,,
1982-04-30,30.0,23.3,26.2,,
1982-05-01,29.5,23.1,26.1,,
1982-05-02,30.2,23.0,26.4,,
1982-05-03,29.6,23.0,26.2,,
1982-05-04,29.6,24.0,26.2,,
1982-05-05,29.8,23.7,26.4,,
1982-05-06,29.3,23.3,26.1,,
1982-05-07,29.1,23.0,25.3,,
1982-05-08,28.7,22.8,25.3,,
1982-05-09,29.6,22.8,25.7,,
1982-05-10,29.5,22.8,25.9,,
1982-05-11,29.9,22.4,26.1,,
1982-05-12,29.8,23.1,26.5,,
1982-05-13,30.0,22.4,26.4,,
1982-05-14,29.8,23.0,26.3,,
1982-05-15,30.4,23.0,26.4,,
1982-05-16,29.9,22.1,25.9,,
1982-05-17,30.3,22.4,26.3,,
1982-05-18,30.1,22.2,26.3,,
1982-05-19,30.1,23.8,26.6,,
1982-05-20,29.6,23.4,26.1,,
1982-05-21,29.6,23.5,26.1,,
1982-05-22,29.2,23.3,25.9,,
1982-05-23,30.3,23.3,26.4,,
1982-05-24,30.4,22.8,26.4,,
1982-05-25,30.1,23.5,26.6,,
1982-05-26,29.2,23.9,26.2,,
1982-05-27,29.6,23.7,26.3,,
1982-05-28,29.0,24.1,26.2,,
1982-05-29,29.6,23.9,26.0,,
1982-05-30,28.6,23.8,25.8,,
1982-05-31,29.0,24.1,26.3,,
1982-06-01,30.1,24.5,26.6,,
1982-06-02,29.2,24.3,26.2,,
1982-06-03,30.0,23.7,26.3,,
1982-06-04,29.5,24.0,26.4,,
1982-06-05,29.2,23.6,25.5,,
1982-06-06,29.2,23.2,25.8,,
1982-06-07,30.2,22.1,26.0,,
1982-06-08,30.2,23.3,26.3,,
1982-06-09,29.7,23.3,26.0,,
1982-06-10,29.3,22.4,25.4,,
1982-06-11,29.6,22.4,26.0,,
1982-06-12,29.7,24.1,26.5,,
1982-06-13,30.0,22.7,25.9,,
1982-06-14,29.8,22.4,26.1,,
1982-06-15,29.9,22.2,26.2,,
1982-06-16,29.5,22.9,25.9,,
1982-06-17,28.7,23.0,25.6,,
1982-06-18,28.1,23.4,25.2,,
1982-06-19,30.1,23.5,26.2,,
1982-06-20,29.6,22.3,25.9,,
1982-06-21,29.2,22.1,25.7,,
1982-06-22,28.9,22.0,25.5,,
1982-06-23,29.4,22.0,25.7,,
1982-06-24,29.2,22.2,25.6,,
1982-06-25,29.1,22.5,25.2,,
1982-06-26,28.9,22.5,25.7,,
1982-06-27,28.7,22.5,25.8,,
1982-06-28,29.5,21.7,25.6,,
1982-06-29,29.1,22.5,25.8,,
1982-06-30,30.0,23.0,26.2,,
1982-07-01,30.3,21.8,26.0,,
1982-07-02,30.3,22.9,26.4,,
1982-07-03,30.0,22.4,26.1,,
1982-07-04,30.1,22.1,26.1,,
1982-07-05,29.7,23.0,25.9,,
1982-07-06,29.7,21.7,25.7,,
1982-07-07,29.6,22.4,25.9,,
1982-07-08,29.7,22.9,26.1,,
1982-07-09,30.0,22.1,25.8,,
1982-07-10,30.0,22.2,25.8,,
1982-07-11,29.7,22.0,25.8,,
1982-07-12,29.4,22.0,25.8,,
1982-07-13,30.2,22.2,26.2,,
1982-07-14,29.1,22.3,25.8,,
1982-07-15,29.6,23.4,26.3,,
1982-07-16,29.6,23.0,25.9,,
1982-07-17,30.2,22.5,26.2,,
1982-07-18,29.8,23.9,26.4,,
1982-07-19,29.7,23.2,25.5,,
1982-07-20,30.2,22.3,25.3,,
1982-07-21,30.4,21.9,25.7,,
1982-07-22,29.9,23.3,26.2,,
1982-07-23,28.7,22.9,25.7,,
1982-07-24,30.0,23.4,26.1,,
1982-07-25,29.2,22.6,25.3,,
1982-07-26,29.5,21.9,25.5,,
1982-07-27,29.4,22.1,25.5,,
1982-07-28,29.8,22.6,25.8,,
1982-07-29,29.9,22.2,25.8,,
1982-07-30,30.1,21.7,25.7,,
1982-07-31,30.1,21.9,25.7,,
1982-08-01,30.8,21.3,26.1,,
1982-08-02,30.6,22.5,26.4,,
1982-08-03,29.9,23.4,26.2,,
1982-08-04,29.4,22.1,25.4,,
1982-08-05,29.2,23.2,25.7,,
1982-08-06,30.3,22.6,26.0,,
1982-08-07,30.5,22.8,26.2,,
1982-08-08,31.1,21.2,26.1,,
1982-08-09,30.6,22.7,25.9,,
1982-08-10,30.1,22.9,26.0,,
1982-08-11,30.3,21.8,26.0,,
1982-08-12,30.6,22.9,26.7,,
1982-08-13,30.5,23.2,26.5,,
1982-08-14,31.2,22.7,26.4,,
1982-08-15,30.3,23.9,26.2,,
1982-08-16,30.1,23.5,26.0,,
1982-08-17,29.9,23.9,26.2,,
1982-08-18,30.5,23.0,26.2,,
1982-08-19,31.1,21.6,26.2,,
1982-08-20,31.1,22.3,26.4,,
1982-08-21,30.7,22.9,26.5,,
1982-08-22,30.9,22.0,26.3,,
1982-08-23,30.9,23.3,26.4,,
1982-08-24,30.6,22.0,26.0,,
1982-08-25,30.4,21.0,25.9,,
1982-08-26,31.5,22.8,26.5,,
1982-08-27,31.2,22.2,26.3,,
1982-08-28,30.7,21.6,26.2,,
1982-08-29,30.6,23.6,26.5,,
1982-08-30,30.5,22.5,26.6,,
1982-08-31,30.6,23.1,26.5,,
1982-09-01,30.2,23.8,26.5,,
1982-09-02,31.3,23.3,26.6,,
1982-09-03,30.9,20.8,25.7,,
1982-09-04,30.9,20.6,25.6,,
1982-09-05,31.6,20.2,25.7,,
1982-09-06,31.2,20.9,26.1,,
1982-09-07,31.5,22.1,26.6,,
1982-09-08,31.3,22.2,26.6,,
1982-09-09,31.7,21.9,26.9,,
1982-09-10,31.7,22.9,27.1,,
1982-09-11,31.6,23.3,26.9,,
1982-09-12,31.7,22.9,27.0,,
1982-09-13,32.0,22.7,27.3,,
1982-09-14,30.2,23.9,26.7,,
1982-09-15,30.5,22.9,26.1,,
1982-09-16,31.2,23.3,26.7,,
1982-09-17,31.5,23.2,27.2,,
1982-09-18,31.1,23.7,27.1,,
1982-09-19,31.5,24.1,27.3,,
1982-09-20,31.3,23.3,27.4,,
1982-09-21,32.0,23.9,27.6,,
1982-09-22,31.4,22.6,27.0,,
1982-09-23,31.3,23.4,27.1,,
1982-09-24,31.4,22.9,26.9,,
1982-09-25,31.3,23.6,26.9,,
1982-09-26,31.5,24.1,27.4,,
1982-09-27,31.2,23.0,27.1,,
1982-09-28,31.4,23.6,27.3,,
1982-09-29,32.1,23.1,27.6,,
1982-09-30,32.4,23.1,27.5,,
1982-10-01,31.7,24.5,27.5,,
1982-10-02,32.2,23.4,27.4,,
1982-10-03,32.2,23.0,27.4,,
1982-10-04,31.6,22.1,27.0,,
1982-10-05,30.9,23.0,26.7,,
1982-10-06,31.6,23.0,27.0,,
1982-10-07,31.6,22.8,26.8,,
1982-10-08,32.4,23.6,27.5,,
1982-10-09,32.5,23.0,27.6,,
1982-10-10,33.3,23.8,28.0,,
1982-10-11,31.9,24.5,27.9,,
1982-10-12,33.0,24.2,28.1,,
1982-10-13,31.6,23.8,27.0,,
1982-10-14,31.0,23.5,26.7,,
1982-10-15,30.4,23.9,26.2,,
1982-10-16,29.0,23.8,25.7,,
1982-10-17,30.2,23.6,26.5,,
1982-10-18,31.5,23.8,27.2,,
1982-10-19,31.5,23.2,27.0,,
1982-10-20,31.9,23.5,27.4,,
1982-10-21,31.4,23.4,27.3,,
1982-10-22,32.1,22.9,27.5,,
1982-10-23,32.2,23.0,27.2,,
1982-10-24,32.0,23.2,27.4,,
1982-10-25,32.8,24.1,28.0,,
1982-10-26,31.8,23.7,27.6,,
1982-10-27,32.9,23.6,27.8,,
1982-10-28,32.9,24.7,28.6,,
1982-10-29,33.6,24.4,28.7,,
1982-10-30,32.7,24.5,27.9,,
1982-10-31,32.3,24.2,27.2,,
1982-11-01,30.3,24.2,26.5,,
1982-11-02,31.3,23.9,27.0,,
1982-11-03,31.9,24.0,27.3,,
1982-11-04,31.3,23.6,26.9,,
1982-11-05,30.9,23.8,26.8,,
1982-11-06,31.8,23.8,27.4,,
1982-11-07,31.4,23.2,27.0,,
1982-11-08,30.3,23.5,26.8,,
1982-11-09,30.1,23.8,26.7,,
1982-11-10,31.5,23.4,26.9,,
1982-11-11,31.4,23.5,27.0,,
1982-11-12,31.0,23.6,26.8,,
1982-11-13,30.3,23.3,26.4,,
1982-11-14,30.8,23.2,26.9,,
1982-11-15,30.7,23.6,27.0,,
1982-11-16,32.0,22.7,27.5,,
1982-11-17,30.6,24.1,26.9,,
1982-11-18,31.0,23.8,26.9,,
1982-11-19,31.4,23.4,26.6,,
1982-11-20,30.9,23.7,26.5,,
1982-11-21,31.0,24.1,27.2,,
1982-11-22,29.2,24.2,26.5,,
1982-11-23,29.3,23.3,26.3,,
1982-11-24,31.0,23.5,27.2,,
1982-11-25,30.4,24.1,26.5,,
1982-11-26,30.4,24.0,26.7,,
1982-11-27,31.4,23.4,27.3,,
1982-11-28,31.1,24.4,27.0,,
1982-11-29,31.2,23.5,26.5,,
1982-11-30,30.0,23.7,26.4,,
1982-12-01,30.3,24.1,26.9,,
1982-12-02,31.2,23.9,27.0,,
1982-12-03,31.8,23.5,27.5,,
1982-12-04,31.6,24.1,27.2,,
1982-12-05,30.3,23.8,26.5,,
1982-12-06,30.3,23.8,26.5,,
1982-12-07,31.3,23.7,26.9,,
1982-12-08,31.4,23.6,26.4,,
1982-12-09,29.9,23.6,26.3,,
1982-12-10,29.4,24.0,26.0,,
1982-12-11,30.6,23.7,26.5,,
1982-12-12,29.4,24.1,26.2,,
1982-12-13,29.1,23.8,25.9,,
1982-12-14,29.4,23.4,25.9,,
1982-12-15,30.0,23.5,26.3,,
1982-12-16,29.2,23.7,26.0,,
1982-12-17,30.3,23.6,26.7,,
1982-12-18,30.0,24.0,26.4,,
1982-12-19,29.9,24.1,26.3,,
1982-12-20,28.8,24.0,25.8,,
1982-12-21,29.4,24.0,26.3,,
1982-12-22,29.7,24.1,26.4,,
1982-12-23,29.6,24.0,26.1,,
1982-12-24,28.5,24.0,25.9,,
1982-12-25,28.6,24.0,25.8,,
1982-12-26,28.6,23.8,25.6,,
1982-12-27,29.0,23.8,25.8,,
1982-12-28,28.8,23.6,25.8,,
1982-12-29,28.1,23.6,25.6,,
1982-12-30,27.3,23.7,25.5,,
1982-12-31,28.6,23.4,25.8,,
1983-01-01,29.5,23.4,25.8,,
1983-01-02,29.8,23.7,25.9,,
1983-01-03,26.2,23.7,24.7,,
1983-01-04,28.6,22.9,25.5,,
1983-01-05,28.8,23.6,26.0,,
1983-01-06,27.9,23.9,25.7,,
1983-01-07,28.7,24.1,25.9,,
1983-01-08,28.6,23.6,25.5,,
1983-01-09,28.5,23.5,25.6,,
1983-01-10,28.6,23.3,25.7,,
1983-01-11,28.0,23.5,25.8,,
1983-01-12,28.9,23.4,25.7,,
1983-01-13,27.2,23.7,25.2,,
1983-01-14,28.0,23.8,25.6,,
1983-01-15,27.7,23.7,25.3,,
1983-01-16,28.3,23.5,25.6,,
1983-01-17,28.7,23.0,25.6,,
1983-01-18,28.0,23.8,25.7,,
1983-01-19,26.8,23.8,24.8,,
1983-01-20,27.0,23.2,24.6,,
1983-01-21,27.5,23.3,25.0,,
1983-01-22,27.7,23.5,25.0,,
1983-01-23,28.3,23.1,25.6,,
1983-01-24,28.7,23.7,25.6,,
1983-01-25,27.4,23.2,25.2,,
1983-01-26,28.7,22.8,25.8,,
1983-01-27,28.5,23.8,25.9,,
1983-01-28,29.9,23.0,26.4,,
1983-01-29,29.6,24.2,26.3,,
1983-01-30,28.9,23.9,26.0,,
1983-01-31,29.6,24.0,26.5,,
1983-02-01,29.1,24.0,26.3,,
1983-02-02,29.3,22.9,25.6,,
1983-02-03,28.4,23.9,25.7,,
1983-02-04,28.2,24.2,25.9,,
1983-02-05,28.0,23.6,25.5,,
1983-02-06,28.7,23.0,25.9,,
1983-02-07,28.7,24.4,25.9,,
1983-02-08,28.3,23.4,25.6,,
1983-02-09,29.0,22.6,25.8,,
1983-02-10,28.8,23.6,26.0,,
1983-02-11,29.6,23.6,26.4,,
1983-02-12,29.1,23.8,26.3,,
1983-02-13,29.0,23.9,26.1,,
1983-02-14,29.2,24.2,26.0,,
1983-02-15,28.8,23.9,26.0,,
1983-02-16,29.3,23.6,25.8,,
1983-02-17,28.5,23.5,25.3,,
1983-02-18,28.9,24.3,26.1,,
1983-02-19,29.7,23.8,26.2,,
1983-02-20,29.4,24.7,26.5,,
1983-02-21,28.9,23.7,25.6,,
1983-02-22,27.3,23.4,25.1,,
1983-02-23,29.0,23.5,25.8,,
1983-02-24,29.6,23.3,26.4,,
1983-02-25,29.3,23.7,26.4,,
1983-02-26,28.8,23.6,26.2,,
1983-02-27,28.9,23.8,26.3,,
1983-02-28,29.3,23.9,26.1,,
1983-03-01,28.8,23.6,25.9,,
1983-03-02,29.4,23.9,26.5,,
1983-03-03,29.8,24.4,26.6,,
1983-03-04,29.4,24.2,26.3,,
1983-03-05,29.3,24.1,26.4,,
1983-03-06,28.3,23.8,25.9,,
1983-03-07,28.9,23.7,26.2,,
1983-03-08,29.3,23.4,26.4,,
1983-03-09,29.7,22.7,26.5,,
1983-03-10,30.3,23.5,26.8,,
1983-03-11,29.8,23.6,26.4,,
1983-03-12,29.4,24.3,26.0,,
1983-03-13,29.3,24.1,26.2,,
1983-03-14,29.9,23.9,27.0,,
1983-03-15,28.7,24.2,26.2,,
1983-03-16,29.4,24.2,26.4,,
1983-03-17,30.5,24.1,27.1,,
1983-03-18,30.5,25.1,27.3,,
1983-03-19,29.7,24.0,26.9,,
1983-03-20,29.6,24.0,26.4,,
1983-03-21,29.6,24.3,26.3,,
1983-03-22,29.3,23.9,26.0,,
1983-03-23,30.4,24.0,26.6,,
1983-03-24,30.2,24.2,26.8,,
1983-03-25,29.8,24.0,26.8,,
1983-03-26,30.2,24.0,26.3,,
1983-03-27,29.8,24.4,26.4,,
1983-03-28,29.6,24.2,26.4,,
1983-03-29,28.9,24.1,26.3,,
1983-03-30,29.8,24.1,26.8,,
1983-03-31,29.5,23.8,26.5,,
1983-04-01,30.0,24.5,26.6,,
1983-04-02,29.5,24.2,26.2,,
1983-04-03,29.7,24.1,26.6,,
1983-04-04,30.2,24.1,26.1,,
1983-04-05,29.3,24.2,26.2,,
1983-04-06,29.3,24.3,26.2,,
1983-04-07,29.2,23.4,25.7,,
1983-04-08,29.8,23.4,26.2,,
1983-04-09,30.1,23.1,26.1,,
1983-04-10,30.4,23.2,26.8,,
1983-04-11,30.3,24.0,26.6,,
1983-04-12,30.6,23.6,26.9,,
1983-04-13,30.0,23.9,26.2,,
1983-04-14,30.3,24.1,26.8,,
1983-04-15,29.7,24.4,26.4,,
1983-04-16,29.9,23.9,26.5,,
1983-04-17,29.9,24.1,26.4,,
1983-04-18,28.5,24.4,26.2,,
1983-04-19,28.9,24.0,26.3,,
1983-04-20,28.7,23.9,25.9,,
1983-04-21,28.8,24.4,26.1,,
1983-04-22,29.1,24.1,26.3,,
1983-04-23,28.8,24.0,26.1,,
1983-04-24,29.2,24.2,26.3,,
1983-04-25,28.9,24.3,26.3,,
1983-04-26,30.5,23.4,26.6,,
1983-04-27,30.0,24.2,26.2,,
1983-04-28,29.7,24.6,26.8,,
1983-04-29,28.9,24.1,26.3,,
1983-04-30,30.0,23.6,26.3,,
1983-05-01,29.4,23.7,26.0,,
1983-05-02,28.9,24.3,25.9,,
1983-05-03,29.3,24.2,26.4,,
1983-05-04,29.3,23.8,26.5,,
1983-05-05,29.5,24.1,26.4,,
1983-05-06,28.2,24.0,25.6,,
1983-05-07,28.8,23.4,25.5,,
1983-05-08,27.9,23.7,25.4,,
1983-05-09,28.5,23.9,25.6,,
1983-05-10,28.8,24.3,25.8,,
1983-05-11,29.6,23.8,26.0,,
1983-05-12,28.6,23.7,25.7,,
1983-05-13,29.6,23.4,26.3,,
1983-05-14,29.3,23.8,26.2,,
1983-05-15,29.4,23.8,26.1,,
1983-05-16,28.8,23.6,25.9,,
1983-05-17,30.2,24.0,26.4,,
1983-05-18,30.4,24.3,26.6,,
1983-05-19,29.6,23.8,26.4,,
1983-05-20,27.8,23.8,25.7,,
1983-05-21,29.8,24.0,26.6,,
1983-05-22,29.5,24.2,26.3,,
1983-05-23,29.6,24.0,25.8,,
1983-05-24,28.6,24.0,25.7,,
1983-05-25,29.1,23.6,25.6,,
1983-05-26,29.3,24.1,25.9,,
1983-05-27,29.9,23.4,26.0,,
1983-05-28,28.3,23.7,25.7,,
1983-05-29,28.5,23.7,25.5,,
1983-05-30,29.3,24.1,26.3,,
1983-05-31,30.0,23.9,26.7,,
1983-06-01,30.1,24.2,27.0,,
1983-06-02,30.7,24.2,27.0,,
1983-06-03,29.9,23.9,26.5,,
1983-06-04,30.1,23.3,26.3,,
1983-06-05,30.3,23.9,26.6,,
1983-06-06,30.0,23.6,26.5,,
1983-06-07,29.9,24.0,26.6,,
1983-06-08,30.1,22.4,26.2,,
1983-06-09,29.7,21.6,25.8,,
1983-06-10,29.1,23.9,26.1,,
1983-06-11,29.0,23.9,26.1,,
1983-06-12,29.8,23.8,26.5,,
1983-06-13,30.5,23.7,27.2,,
1983-06-14,30.1,23.7,26.5,,
1983-06-15,29.5,23.8,26.1,,
1983-06-16,30.0,23.4,26.4,,
1983-06-17,30.0,24.0,26.1,,
1983-06-18,28.8,23.2,25.8,,
1983-06-19,29.7,22.8,26.2,,
1983-06-20,29.9,23.5,26.4,,
1983-06-21,29.2,23.2,25.9,,
1983-06-22,28.3,22.9,25.5,,
1983-06-23,29.8,23.9,26.5,,
1983-06-24,30.0,23.3,26.4,,
1983-06-25,30.1,23.8,26.7,,
1983-06-26,30.5,23.2,26.6,,
1983-06-27,29.8,23.4,26.6,,
1983-06-28,30.0,23.0,26.3,,
1983-06-29,30.1,23.6,26.6,,
1983-06-30,30.4,22.2,26.6,,
1983-07-01,30.4,24.1,26.7,,
1983-07-02,30.1,23.1,26.4,,
1983-07-03,29.3,23.1,26.1,,
1983-07-04,29.9,23.0,26.3,,
1983-07-05,30.0,22.9,26.3,,
1983-07-06,30.2,22.9,26.4,,
1983-07-07,30.8,20.7,25.9,,
1983-07-08,30.6,23.1,26.6,,
1983-07-09,31.4,23.2,27.1,,
1983-07-10,31.0,23.2,26.9,,
1983-07-11,30.7,22.0,26.3,,
1983-07-12,30.6,22.5,26.3,,
1983-07-13,31.0,22.9,26.5,,
1983-07-14,31.1,23.2,26.7,,
1983-07-15,30.2,23.0,26.6,,
1983-07-16,31.1,23.2,27.0,,
1983-07-17,31.3,23.4,27.0,,
1983-07-18,31.5,23.5,27.2,,
1983-07-19,28.8,23.5,25.1,,
1983-07-20,28.2,23.5,25.7,,
1983-07-21,28.5,23.1,25.2,,
1983-07-22,28.7,23.5,25.7,,
1983-07-23,30.1,22.8,26.5,,
1983-07-24,29.7,23.8,26.4,,
1983-07-25,30.1,23.7,26.4,,
1983-07-26,29.6,23.5,26.6,,
1983-07-27,30.6,22.5,26.7,,
1983-07-28,30.8,22.7,26.7,,
1983-07-29,30.6,23.9,26.7,,
1983-07-30,30.4,22.4,26.3,,
1983-07-31,29.9,23.1,26.3,,
1983-08-01,30.6,23.5,26.7,,
1983-08-02,30.3,24.1,26.9,,
1983-08-03,31.2,23.7,27.2,,
1983-08-04,30.8,23.0,26.8,,
1983-08-05,29.8,22.7,26.6,,
1983-08-06,31.2,23.7,27.1,,
1983-08-07,31.1,22.7,26.6,,
1983-08-08,31.2,22.3,26.8,,
1983-08-09,31.2,22.5,26.9,,
1983-08-10,31.7,23.6,27.4,,
1983-08-11,31.2,23.8,27.0,,
1983-08-12,29.9,23.7,26.3,,
1983-08-13,31.4,23.3,26.8,,
1983-08-14,31.3,23.3,26.4,,
1983-08-15,31.0,22.8,26.5,,
1983-08-16,29.8,24.0,26.3,,
1983-08-17,30.4,22.6,26.5,,
1983-08-18,30.9,23.7,27.0,,
1983-08-19,31.7,24.2,27.6,,
1983-08-20,32.1,24.5,27.7,,
1983-08-21,31.6,22.9,27.2,,
1983-08-22,32.0,22.5,26.9,,
1983-08-23,31.0,22.1,26.6,,
1983-08-24,31.9,23.6,27.1,,
1983-08-25,32.1,22.9,27.2,,
1983-08-26,32.2,24.2,27.8,,
1983-08-27,32.0,23.4,27.4,,
1983-08-28,31.9,22.0,26.9,,
1983-08-29,31.5,23.1,27.1,,
1983-08-30,31.7,23.8,27.5,,
1983-08-31,32.6,24.9,28.0,,
1983-09-01,32.0,24.3,27.7,,
1983-09-02,32.3,24.5,27.8,,
1983-09-03,31.6,24.0,27.5,,
1983-09-04,31.5,24.8,27.5,,
1983-09-05,31.1,23.9,27.3,,
1983-09-06,31.0,23.5,27.2,,
1983-09-07,31.8,23.9,27.5,,
1983-09-08,32.4,23.4,27.7,,
1983-09-09,31.9,24.9,27.9,,
1983-09-10,32.6,22.9,27.5,,
1983-09-11,31.9,24.2,27.8,,
1983-09-12,31.1,24.1,27.4,,
1983-09-13,31.3,24.9,27.5,,
1983-09-14,31.4,23.6,27.4,,
1983-09-15,31.1,24.3,26.9,,
1983-09-16,30.9,22.9,26.9,,
1983-09-17,31.7,24.0,27.3,,
1983-09-18,32.2,22.8,27.4,,
1983-09-19,33.5,22.4,27.9,,
1983-09-20,32.5,22.7,27.8,,
1983-09-21,31.1,24.8,27.1,,
1983-09-22,31.3,23.5,27.3,,
1983-09-23,32.1,24.2,27.7,,
1983-09-24,31.8,23.8,27.8,,
1983-09-25,31.5,23.8,28.0,,
1983-09-26,33.2,23.9,28.2,,
1983-09-27,33.5,24.4,28.2,,
1983-09-28,33.5,23.9,28.2,,
1983-09-29,32.6,24.5,28.2,,
1983-09-30,32.5,25.2,28.3,,
1983-10-01,32.4,24.3,27.2,,
1983-10-02,31.9,23.5,27.1,,
1983-10-03,31.6,23.4,27.7,,
1983-10-04,30.2,24.0,27.4,,
1983-10-05,28.9,24.0,26.3,,
1983-10-06,31.1,23.3,27.2,,
1983-10-07,32.1,23.7,28.0,,
1983-10-08,33.2,24.3,27.5,,
1983-10-09,32.2,24.0,27.3,,
1983-10-10,32.1,23.5,27.4,,
1983-10-11,31.6,23.9,27.2,,
1983-10-12,30.7,23.5,27.0,,
1983-10-13,31.2,23.8,26.7,,
1983-10-14,31.5,23.5,27.5,,
1983-10-15,31.6,23.6,26.8,,
1983-10-16,30.7,23.7,26.5,,
1983-10-17,29.7,23.8,25.8,,
1983-10-18,28.8,23.8,25.4,,
1983-10-19,27.8,23.7,25.5,,
1983-10-20,29.5,23.0,26.0,,
1983-10-21,30.9,23.4,26.4,,
1983-10-22,29.4,23.9,26.2,,
1983-10-23,30.5,22.6,26.1,,
1983-10-24,29.7,23.8,26.1,,
1983-10-25,30.0,23.0,26.2,,
1983-10-26,29.2,23.5,25.8,,
1983-10-27,28.4,23.3,25.5,,
1983-10-28,28.2,23.2,25.3,,
1983-10-29,28.3,23.5,25.7,,
1983-10-30,28.0,23.6,25.2,,
1983-10-31,28.7,23.6,25.5,,
1983-11-01,29.8,22.7,26.1,,
1983-11-02,29.6,23.7,26.1,,
1983-11-03,29.7,23.3,26.1,,
1983-11-04,29.8,23.6,26.1,,
1983-11-05,29.5,24.1,26.2,,
1983-11-06,28.9,23.4,25.9,,
1983-11-07,28.0,23.5,25.4,,
1983-11-08,29.7,23.4,26.0,,
1983-11-09,29.5,23.7,26.0,,
1983-11-10,29.2,23.5,26.1,,
1983-11-11,29.4,23.5,26.1,,
1983-11-12,30.4,23.9,26.5,,
1983-11-13,28.8,24.1,26.2,,
1983-11-14,28.8,24.1,26.1,,
1983-11-15,30.5,23.0,26.5,,
1983-11-16,29.5,23.7,26.2,,
1983-11-17,29.9,23.7,26.1,,
1983-11-18,28.0,23.4,25.4,,
1983-11-19,28.6,23.4,25.4,,
1983-11-20,27.5,23.8,25.2,,
1983-11-21,27.1,23.6,24.9,,
1983-11-22,27.1,23.1,24.5,,
1983-11-23,27.5,23.0,24.9,,
1983-11-24,27.8,23.3,24.7,,
1983-11-25,25.3,23.1,23.9,,
1983-11-26,25.7,22.8,23.9,,
1983-11-27,26.3,22.9,24.4,,
1983-11-28,27.2,23.7,25.0,,
1983-11-29,27.8,23.5,25.1,,
1983-11-30,27.7,22.9,25.0,,
1983-12-01,27.1,23.4,24.9,,
1983-12-02,28.8,23.4,25.2,,
1983-12-03,29.9,22.2,25.5,,
1983-12-04,29.9,21.4,25.5,,
1983-12-05,29.7,21.0,25.4,,
1983-12-06,29.1,22.1,25.4,,
1983-12-07,29.1,23.4,25.8,,
1983-12-08,29.9,22.9,26.1,,
1983-12-09,29.1,22.1,25.9,,
1983-12-10,30.0,22.1,26.1,,
1983-12-11,28.7,23.5,25.8,,
1983-12-12,27.9,22.8,25.0,,
1983-12-13,28.3,22.8,25.1,,
1983-12-14,27.0,23.2,25.0,,
1983-12-15,27.0,22.4,24.6,,
1983-12-16,28.1,22.9,24.9,,
1983-12-17,28.7,22.6,25.3,,
1983-12-18,30.5,21.8,26.0,,
1983-12-19,29.6,23.4,26.5,,
1983-12-20,29.8,22.6,26.1,,
1983-12-21,29.5,22.5,26.2,,
1983-12-22,29.2,23.7,26.1,,
1983-12-23,28.6,23.7,25.6,,
1983-12-24,26.8,23.4,24.8,,
1983-12-25,28.1,23.2,25.1,,
1983-12-26,26.4,22.9,24.6,,
1983-12-27,26.9,23.1,24.6,,
1983-12-28,26.7,23.2,24.5,,
1983-12-29,26.2,22.8,24.2,,
1983-12-30,28.7,22.5,25.6,,
1983-12-31,27.7,23.1,24.9,,
1984-01-01,27.8,23.0,24.9,26.71,29.36
1984-01-02,28.1,23.1,25.3,26.45,27.54
1984-01-03,27.5,23.6,25.4,26.62,28.5
1984-01-04,26.8,23.7,24.9,27.06,28.69
1984-01-05,27.8,23.1,24.7,26.61,28.28
1984-01-06,27.7,23.1,25.0,26.04,26.86
1984-01-07,27.5,23.1,24.8,25.97,27.32
1984-01-08,27.3,23.5,25.0,26.25,27.93
1984-01-09,26.8,23.2,24.6,25.87,27.51
1984-01-10,27.7,22.9,24.7,25.26,26.36
1984-01-11,28.1,22.6,25.0,25.14,26.48
1984-01-12,28.1,22.8,25.1,25.84,28.64
1984-01-13,28.9,23.0,25.4,25.37,26.96
1984-01-14,28.7,22.9,25.3,25.83,28.34
1984-01-15,28.1,23.2,25.0,26.13,28.13
1984-01-16,26.5,22.5,24.4,25.83,27.78
1984-01-17,26.8,22.1,24.5,25.84,27.28
1984-01-18,28.7,22.7,25.2,26.43,28.73
1984-01-19,28.1,22.8,25.2,26.2,28.42
1984-01-20,29.2,22.6,25.4,25.73,27.87
1984-01-21,28.5,23.1,25.3,25.85,28.2
1984-01-22,28.8,23.4,25.5,25.98,28.54
1984-01-23,28.6,22.8,25.5,26.02,27.99
1984-01-24,27.8,23.5,24.9,25.76,27.43
1984-01-25,27.4,23.2,24.7,25.79,27.52
1984-01-26,27.7,22.8,24.6,26.08,28.15
1984-01-27,26.8,23.0,24.4,25.36,26.59
1984-01-28,27.5,23.0,25.0,25.48,27.15
1984-01-29,28.0,22.7,24.8,26.1,28.68
1984-01-30,27.4,22.9,25.0,26.05,28.43
1984-01-31,28.1,23.2,25.2,25.77,27.42
1984-02-01,28.0,23.0,25.2,25.98,27.82
1984-02-02,27.3,23.6,25.1,25.49,26.82
1984-02-03,26.5,23.4,24.4,25.62,27.48
1984-02-04,28.0,23.6,25.5,25.64,27.43
1984-02-05,27.9,22.6,25.0,25.31,26.21
1984-02-06,28.2,23.1,25.2,25.78,27.5
1984-02-07,27.8,22.9,25.3,26.05,28.43
1984-02-08,27.4,22.9,24.7,25.96,28.3
1984-02-09,29.9,22.4,25.3,25.81,27.71
1984-02-10,27.5,23.1,25.0,25.63,27.08
1984-02-11,27.9,23.0,24.7,26.21,28.51
1984-02-12,27.9,22.9,24.8,25.92,27.87
1984-02-13,27.8,22.7,25.0,26.25,28.45
1984-02-14,27.8,22.6,24.9,26.06,27.9
1984-02-15,27.8,22.6,24.9,25.36,26.49
1984-02-16,27.8,23.1,24.8,25.2,27.07
1984-02-17,26.6,23.4,24.5,25.42,27.6
1984-02-18,28.3,23.4,25.0,25.58,27.54
1984-02-19,26.0,23.5,24.7,25.77,27.93
1984-02-20,26.5,23.1,24.2,25.67,27.1
1984-02-21,28.5,23.5,25.5,26.13,27.59
1984-02-22,28.0,23.4,25.1,26.31,28.46
1984-02-23,27.3,23.7,25.1,26.48,28.92
1984-02-24,27.7,23.0,25.4,26.47,28.7
1984-02-25,28.1,23.3,25.3,26.51,29.08
1984-02-26,27.8,23.1,24.9,26.0,27.6
1984-02-27,28.2,22.9,25.1,26.05,27.58
1984-02-28,27.9,23.1,25.0,25.66,27.69
1984-02-29,27.2,23.2,24.7,25.51,27.31
1984-03-01,27.7,22.8,25.0,26.06,28.01
1984-03-02,28.2,23.0,25.3,26.17,28.24
1984-03-03,27.8,23.5,25.1,26.19,28.13
1984-03-04,27.6,22.9,25.0,25.98,28.35
1984-03-05,27.4,23.4,24.9,25.56,27.21
1984-03-06,26.8,23.0,24.5,25.41,26.95
1984-03-07,27.1,23.4,24.9,25.42,27.38
1984-03-08,25.3,23.2,24.0,25.37,27.03
1984-03-09,27.3,23.2,24.6,25.37,27.5
1984-03-10,27.4,23.0,24.8,25.04,26.61
1984-03-11,27.5,23.0,24.8,25.46,27.64
1984-03-12,30.0,23.1,25.8,26.5,29.62
1984-03-13,29.3,22.7,25.4,25.98,28.58
1984-03-14,27.9,23.0,25.3,26.49,28.83
1984-03-15,27.8,22.8,25.2,26.83,28.89
1984-03-16,30.0,22.9,25.5,26.98,29.31
1984-03-17,29.6,22.5,25.7,26.66,28.21
1984-03-18,29.4,22.8,25.7,26.47,28.05
1984-03-19,30.1,22.3,25.9,26.87,29.23
1984-03-20,30.1,22.7,25.9,26.9,29.29
1984-03-21,29.3,22.6,25.6,26.93,29.8
1984-03-22,29.3,23.3,25.5,26.86,28.58
1984-03-23,29.0,22.7,25.4,27.46,30.14
1984-03-24,29.0,23.2,25.5,26.98,29.43
1984-03-25,28.5,23.6,25.6,27.09,29.29
1984-03-26,28.8,23.3,25.9,27.15,29.36
1984-03-27,28.3,23.6,25.5,27.31,29.48
1984-03-28,28.5,23.3,25.2,27.33,29.66
1984-03-29,29.0,23.2,25.5,27.21,29.67
1984-03-30,27.9,23.3,25.4,27.22,29.72
1984-03-31,27.9,23.6,25.4,26.73,28.83
1984-04-01,29.6,23.9,26.1,27.34,30.11
1984-04-02,29.2,23.3,25.9,27.39,29.74
1984-04-03,28.9,23.4,25.8,27.63,29.73
1984-04-04,28.5,23.5,25.7,27.81,30.12
1984-04-05,29.0,23.7,25.5,27.01,28.3
1984-04-06,29.0,23.0,25.3,27.14,28.8
1984-04-07,28.7,23.5,25.9,26.98,29.32
1984-04-08,30.0,23.4,25.8,26.83,29.02
1984-04-09,28.5,23.3,25.4,27.43,29.41
1984-04-10,28.2,23.3,25.2,27.09,28.93
1984-04-11,28.4,23.3,25.6,26.3,27.29
1984-04-12,28.5,23.6,25.6,26.95,29.25
1984-04-13,28.8,23.0,25.5,27.33,29.87
1984-04-14,28.2,23.6,25.3,27.67,30.3
1984-04-15,28.8,23.7,25.3,27.25,29.5
1984-04-16,28.5,23.1,25.6,26.91,28.77
1984-04-17,27.0,23.3,24.7,26.44,27.49
1984-04-18,28.8,22.7,25.4,27.0,29.17
1984-04-19,29.5,23.5,25.8,27.37,29.87
1984-04-20,28.6,22.9,25.2,26.84,29.5
1984-04-21,28.9,23.3,25.5,26.64,28.69
1984-04-22,29.4,22.7,25.8,27.01,29.17
1984-04-23,29.6,23.2,26.2,27.17,29.44
1984-04-24,29.2,23.2,26.0,27.01,29.35
1984-04-25,29.5,22.9,25.8,26.78,29.51
1984-04-26,29.1,22.9,26.0,27.03,29.27
1984-04-27,29.2,23.5,25.8,27.29,29.81
1984-04-28,29.5,23.5,26.2,27.32,30.01
1984-04-29,29.1,23.6,25.8,26.92,29.3
1984-04-30,29.6,23.2,26.0,26.91,29.03
1984-05-01,27.1,23.6,25.4,27.05,29.21
1984-05-02,28.9,23.5,25.8,26.92,28.95
1984-05-03,29.6,23.4,25.9,27.13,29.76
1984-05-04,29.3,22.6,25.7,27.05,29.01
1984-05-05,28.0,23.6,25.4,27.38,29.3
1984-05-06,28.0,23.4,25.1,26.92,28.55
1984-05-07,28.5,22.6,25.3,26.61,28.29
1984-05-08,29.6,22.5,25.7,27.27,29.65
1984-05-09,29.1,22.7,25.7,26.89,28.76
1984-05-10,29.5,23.0,25.8,27.03,28.93
1984-05-11,28.7,23.1,25.7,26.91,28.92
1984-05-12,28.0,23.0,25.2,26.92,28.68
1984-05-13,28.3,23.0,25.4,26.92,29.18
1984-05-14,28.8,22.9,25.3,26.74,28.73
1984-05-15,26.8,23.3,24.8,26.68,28.76
1984-05-16,29.4,22.3,25.4,26.7,29.11
1984-05-17,29.5,23.1,25.9,26.53,28.31
1984-05-18,28.6,23.3,25.7,26.33,28.22
1984-05-19,27.6,23.7,25.2,26.04,27.4
1984-05-20,28.8,23.0,25.5,26.21,28.26
1984-05-21,29.5,23.5,25.7,26.98,29.45
1984-05-22,29.6,22.5,25.7,27.12,29.1
1984-05-23,29.1,21.5,25.3,27.11,29.48
1984-05-24,28.4,22.9,25.1,26.6,28.73
1984-05-25,29.3,23.0,25.8,26.7,28.97
1984-05-26,29.9,22.3,26.2,26.76,29.26
1984-05-27,29.5,22.1,26.0,26.4,28.89
1984-05-28,28.5,22.9,25.3,27.08,29.27
1984-05-29,29.8,22.4,25.9,26.74,28.87
1984-05-30,29.6,22.6,26.1,26.98,29.03
1984-05-31,29.6,23.4,25.9,26.88,29.09
1984-06-01,27.9,23.3,25.3,26.87,29.19
1984-06-02,29.4,23.2,25.8,26.72,28.94
1984-06-03,29.7,23.2,26.2,26.69,28.82
1984-06-04,29.9,22.0,25.9,27.05,29.71
1984-06-05,29.0,22.5,25.4,27.02,29.49
1984-06-06,29.2,22.7,25.3,26.4,28.25
1984-06-07,29.6,22.7,26.0,27.1,29.4
1984-06-08,29.4,22.1,25.9,26.61,28.66
1984-06-09,27.0,23.6,25.2,26.4,27.99
1984-06-10,25.9,22.9,24.1,26.22,28.09
1984-06-11,27.9,23.0,24.8,26.4,28.47
1984-06-12,28.3,23.7,25.8,26.59,28.83
1984-06-13,29.0,23.7,26.1,26.55,29.22
1984-06-14,29.5,22.6,25.9,26.67,29.27
1984-06-15,28.9,22.6,25.5,27.11,29.48
1984-06-16,29.0,22.2,25.2,26.73,28.99
1984-06-17,29.0,23.7,25.9,26.23,28.65
1984-06-18,29.5,20.9,25.4,26.51,29.29
1984-06-19,29.4,22.3,25.7,26.76,28.91
1984-06-20,29.1,22.6,25.4,26.32,27.96
1984-06-21,29.3,22.2,25.4,27.0,29.5
1984-06-22,29.0,22.4,25.7,25.91,28.57
1984-06-23,29.9,23.0,26.0,25.91,28.61
1984-06-24,29.6,21.8,25.7,26.23,28.99
1984-06-25,29.5,22.3,25.5,26.52,28.98
1984-06-26,29.7,22.0,25.8,26.29,28.37
1984-06-27,29.5,21.8,25.7,26.53,29.18
1984-06-28,29.0,21.5,25.0,25.87,28.48
1984-06-29,29.5,20.2,24.9,26.48,29.25
1984-06-30,29.3,21.9,25.7,26.57,28.04
1984-07-01,28.7,23.9,26.0,26.74,28.57
1984-07-02,28.6,23.1,25.6,26.73,28.86
1984-07-03,28.6,22.8,25.4,26.43,28.89
1984-07-04,27.8,22.4,24.7,26.18,27.97
1984-07-05,29.2,21.8,25.2,25.79,27.33
1984-07-06,28.9,22.3,25.5,25.99,28.37
1984-07-07,28.7,22.4,25.2,26.12,28.58
1984-07-08,28.7,21.2,25.2,25.7,28.43
1984-07-09,29.2,21.7,25.5,26.59,29.09
1984-07-10,29.2,23.4,25.8,26.26,27.59
1984-07-11,29.0,23.0,25.1,26.87,29.23
1984-07-12,28.7,22.4,25.3,26.75,29.11
1984-07-13,29.1,23.4,25.8,26.5,29.32
1984-07-14,29.0,22.9,25.6,26.3,29.42
1984-07-15,29.1,22.4,25.5,26.24,28.9
1984-07-16,29.3,22.3,25.8,26.49,29.31
1984-07-17,28.1,23.1,25.2,26.32,28.2
1984-07-18,27.3,22.9,25.0,26.26,28.34
1984-07-19,27.9,22.7,24.5,26.56,28.78
1984-07-20,28.6,22.7,24.5,25.97,28.2
1984-07-21,26.4,21.9,23.8,26.05,27.84
1984-07-22,27.9,22.0,24.5,26.22,28.45
1984-07-23,28.9,21.4,25.0,26.65,28.87
1984-07-24,28.5,22.4,24.7,26.27,28.06
1984-07-25,29.3,21.4,25.0,26.42,28.78
1984-07-26,28.1,22.7,25.0,26.35,28.95
1984-07-27,28.9,22.0,25.2,26.13,28.65
1984-07-28,29.6,22.0,25.4,26.67,29.31
1984-07-29,29.6,23.1,26.1,26.59,29.45
1984-07-30,29.4,22.5,25.3,26.38,28.93
1984-07-31,29.5,21.9,25.8,26.33,29.01
1984-08-01,29.8,22.6,26.0,26.07,28.71
1984-08-02,29.1,22.1,25.7,26.22,29.22
1984-08-03,28.9,22.3,25.6,26.18,28.76
1984-08-04,29.2,22.6,25.8,26.24,28.75
1984-08-05,29.2,23.5,25.9,26.25,28.64
1984-08-06,30.0,22.2,26.0,26.78,28.97
1984-08-07,29.8,23.7,26.3,26.06,28.92
1984-08-08,29.7,23.0,26.1,26.36,29.29
1984-08-09,29.6,22.1,25.8,26.46,29.07
1984-08-10,30.0,22.3,26.2,26.59,29.06
1984-08-11,29.6,24.2,26.4,26.45,28.65
1984-08-12,29.2,23.4,25.8,26.29,28.73
1984-08-13,29.9,22.5,25.6,26.19,28.12
1984-08-14,29.2,23.3,25.4,25.92,27.52
1984-08-15,30.1,23.0,25.9,26.66,29.13
1984-08-16,30.1,23.2,25.8,26.74,29.15
1984-08-17,30.4,22.7,25.8,26.89,29.54
1984-08-18,28.9,22.9,25.5,26.92,29.27
1984-08-19,29.0,23.1,25.6,26.44,28.47
1984-08-20,28.8,23.2,25.6,26.55,29.08
1984-08-21,28.4,22.7,25.1,26.48,28.7
1984-08-22,28.8,22.0,25.6,26.49,28.84
1984-08-23,29.9,22.1,26.1,26.78,29.21
1984-08-24,29.0,23.0,25.7,26.49,27.8
1984-08-25,29.0,22.6,25.2,25.89,26.95
1984-08-26,28.8,22.3,25.0,25.94,27.71
1984-08-27,29.3,21.9,25.3,26.33,28.62
1984-08-28,29.8,22.5,25.9,26.37,28.93
1984-08-29,29.6,23.0,25.9,26.25,28.41
1984-08-30,29.7,22.9,25.9,26.89,29.13
1984-08-31,30.0,22.9,26.2,27.18,30.03
1984-09-01,30.0,22.3,26.1,26.84,29.73
1984-09-02,29.9,22.5,25.8,26.72,29.32
1984-09-03,29.0,23.2,25.5,26.33,28.62
1984-09-04,28.4,22.4,24.8,25.37,26.94
1984-09-05,28.2,22.7,25.0,25.33,27.17
1984-09-06,24.9,22.7,23.7,25.56,27.86
1984-09-07,28.0,22.4,24.3,26.2,28.51
1984-09-08,27.6,22.4,24.4,26.73,29.27
1984-09-09,26.3,22.6,24.2,25.43,26.38
1984-09-10,25.5,22.6,23.8,25.18,26.88
1984-09-11,28.3,21.8,24.3,26.02,28.05
1984-09-12,28.3,22.1,24.5,26.29,28.67
1984-09-13,28.3,21.9,24.6,26.93,29.45
1984-09-14,27.6,21.7,24.3,26.21,27.93
1984-09-15,26.9,22.1,24.3,25.79,27.61
1984-09-16,27.6,22.0,24.3,26.2,28.68
1984-09-17,28.2,22.0,24.5,26.77,29.09
1984-09-18,28.6,21.8,24.5,26.65,29.2
1984-09-19,29.0,22.2,25.2,26.76,29.73
1984-09-20,29.8,20.9,25.2,26.92,29.32
1984-09-21,28.8,22.6,25.3,26.57,28.02
1984-09-22,29.1,22.5,25.2,26.25,28.63
1984-09-23,29.4,22.7,25.4,26.93,29.46
1984-09-24,29.8,22.6,26.0,27.14,29.96
1984-09-25,29.6,22.7,26.1,27.13,29.36
1984-09-26,29.6,22.9,25.8,27.21,29.37
1984-09-27,29.4,22.7,25.6,27.5,30.11
1984-09-28,29.5,22.5,25.7,27.46,30.11
1984-09-29,29.5,22.9,25.7,26.9,29.14
1984-09-30,29.1,23.4,25.4,26.94,29.18
1984-10-01,27.2,23.2,24.5,26.69,29.12
1984-10-02,29.3,23.0,25.6,26.27,28.08
1984-10-03,29.7,22.4,26.3,26.26,28.11
1984-10-04,29.8,23.5,25.9,26.61,29.4
1984-10-05,29.3,23.1,25.7,26.05,28.13
1984-10-06,30.1,22.5,26.4,26.28,29.06
1984-10-07,30.3,23.3,26.6,27.46,30.49
1984-10-08,30.0,23.0,26.3,27.39,29.82
1984-10-09,30.0,23.7,26.1,27.86,30.9
1984-10-10,30.1,23.0,26.3,26.72,28.01
1984-10-11,29.3,23.6,26.2,27.47,30.64
1984-10-12,29.4,22.6,25.3,26.84,28.91
1984-10-13,29.2,23.1,25.6,26.1,28.36
1984-10-14,29.1,22.7,25.5,25.98,27.99
1984-10-15,29.9,22.6,25.8,26.74,29.35
1984-10-16,28.7,23.0,25.4,25.88,27.76
1984-10-17,29.2,22.7,25.7,26.76,29.37
1984-10-18,29.7,22.3,25.8,26.85,29.23
1984-10-19,30.4,23.2,26.3,27.68,30.14
1984-10-20,29.7,23.4,25.9,27.66,30.2
1984-10-21,30.0,23.4,26.0,27.6,29.97
1984-10-22,29.5,23.3,26.0,27.3,29.45
1984-10-23,28.9,23.3,25.5,26.95,29.18
1984-10-24,29.3,22.6,25.4,27.09,29.62
1984-10-25,29.0,22.5,25.6,26.9,29.15
1984-10-26,30.1,20.7,25.4,26.68,29.38
1984-10-27,30.2,22.6,25.9,26.67,28.83
1984-10-28,29.6,23.1,26.2,27.15,29.41
1984-10-29,30.8,23.2,26.8,27.14,29.59
1984-10-30,30.3,23.1,26.4,26.65,28.89
1984-10-31,29.9,23.3,26.3,26.63,28.94
1984-11-01,29.8,22.8,26.0,26.23,27.95
1984-11-02,28.5,23.1,25.7,27.22,29.93
1984-11-03,29.4,23.1,25.7,26.65,27.78
1984-11-04,29.9,22.4,26.0,27.34,29.74
1984-11-05,30.0,22.5,26.4,27.91,30.64
1984-11-06,29.6,23.0,26.1,27.48,29.02
1984-11-07,28.9,23.2,25.9,27.27,29.17
1984-11-08,29.6,21.9,25.3,26.92,28.11
1984-11-09,28.7,23.0,25.2,26.48,27.77
1984-11-10,29.9,21.9,25.7,27.51,30.32
1984-11-11,28.3,23.0,25.9,27.99,30.4
1984-11-12,28.9,22.7,25.4,27.8,30.39
1984-11-13,29.0,23.2,25.3,27.63,29.79
1984-11-14,28.3,22.9,25.4,27.62,29.77
1984-11-15,29.3,22.8,25.4,27.69,30.16
1984-11-16,29.4,23.3,26.0,27.34,29.53
1984-11-17,29.0,23.2,25.6,26.8,28.53
1984-11-18,30.2,22.9,25.9,27.65,30.29
1984-11-19,29.9,22.7,26.3,28.0,29.85
1984-11-20,29.7,23.2,26.1,27.5,29.91
1984-11-21,29.3,23.3,26.1,27.4,29.94
1984-11-22,29.1,23.1,25.7,27.54,30.07
1984-11-23,28.6,23.5,25.4,27.65,30.09
1984-11-24,27.2,23.3,25.1,26.94,29.01
1984-11-25,29.2,23.6,25.7,26.5,28.83
1984-11-26,26.6,23.4,24.5,26.46,28.43
1984-11-27,27.4,23.2,25.3,26.71,28.93
1984-11-28,29.6,23.7,26.0,27.4,30.32
1984-11-29,29.4,23.5,26.3,26.92,28.53
1984-11-30,29.1,23.3,25.7,26.85,28.22
1984-12-01,29.3,23.4,25.4,27.24,29.45
1984-12-02,29.2,23.3,25.6,27.57,30.32
1984-12-03,28.9,23.3,25.7,27.89,30.51
1984-12-04,29.9,23.3,26.0,26.83,28.15
1984-12-05,27.9,23.7,25.4,26.68,28.54
1984-12-06,28.8,23.4,25.5,25.98,27.11
1984-12-07,28.5,23.1,25.4,26.58,28.26
1984-12-08,29.2,24.1,26.0,26.15,27.87
1984-12-09,28.6,24.1,26.2,26.49,28.73
1984-12-10,26.6,23.7,24.9,26.11,27.95
1984-12-11,26.1,23.4,24.4,26.99,29.61
1984-12-12,26.8,23.4,24.6,26.4,28.16
1984-12-13,27.4,23.3,24.9,26.51,28.38
1984-12-14,27.8,23.5,25.2,26.73,28.82
1984-12-15,27.0,23.6,25.0,27.18,30.77
1984-12-16,26.4,23.3,24.6,26.96,29.75
1984-12-17,29.8,22.3,26.1,26.75,29.03
1984-12-18,29.9,22.1,25.7,26.19,28.55
1984-12-19,29.7,22.1,25.7,26.52,29.05
1984-12-20,30.2,21.3,25.3,26.48,29.5
1984-12-21,30.3,20.5,25.3,26.78,30.3
1984-12-22,30.4,21.1,25.9,26.96,30.08
1984-12-23,29.2,22.5,25.5,26.44,29.2
1984-12-24,28.8,23.1,25.6,25.59,27.13
1984-12-25,27.3,23.2,24.9,26.06,28.12
1984-12-26,28.3,23.2,25.6,26.55,29.38
1984-12-27,29.3,23.2,25.9,26.83,29.72
1984-12-28,25.9,23.5,24.3,25.96,28.22
1984-12-29,26.3,23.2,24.5,25.67,27.96
1984-12-30,27.3,22.3,24.9,25.63,27.44
1984-12-31,27.9,22.4,25.1,26.02,28.5
1985-01-01,28.9,22.5,25.4,25.46,27.55
1985-01-02,30.2,22.8,26.0,27.12,30.43
1985-01-03,28.2,23.4,25.6,26.75,30.04
1985-01-04,27.0,23.3,24.8,26.66,29.3
1985-01-05,28.3,23.0,25.2,26.37,28.45
1985-01-06,29.1,22.5,25.3,26.77,29.67
1985-01-07,27.8,23.0,24.9,26.59,28.57
1985-01-08,27.1,23.0,24.7,26.33,27.97
1985-01-09,27.3,22.8,24.8,25.82,27.04
1985-01-10,28.4,22.5,25.0,25.37,27.08
1985-01-11,28.3,23.3,25.4,25.52,27.47
1985-01-12,27.6,22.6,25.1,25.99,27.89
1985-01-13,27.7,23.4,25.0,25.58,27.24
1985-01-14,27.0,22.8,24.6,25.67,27.4
1985-01-15,26.8,22.9,24.5,25.6,26.94
1985-01-16,27.7,22.7,24.9,25.77,27.79
1985-01-17,28.2,22.9,25.4,26.43,29.02
1985-01-18,28.4,23.0,25.1,26.08,28.57
1985-01-19,28.3,22.7,25.1,25.53,26.47
1985-01-20,28.9,22.7,25.1,25.86,28.02
1985-01-21,28.7,22.4,25.4,25.69,27.52
1985-01-22,28.3,22.7,25.4,26.13,27.98
1985-01-23,29.1,22.6,25.6,26.87,29.88
1985-01-24,29.0,22.5,25.6,26.65,28.95
1985-01-25,28.5,22.7,25.3,26.0,27.7
1985-01-26,29.6,22.6,25.8,26.3,29.07
1985-01-27,28.3,23.5,25.6,26.05,27.9
1985-01-28,28.6,23.7,25.8,26.35,28.65
1985-01-29,28.4,23.0,25.5,26.48,28.65
1985-01-30,27.6,23.1,24.7,25.8,26.59
1985-01-31,27.5,23.2,24.6,25.22,26.51
1985-02-01,28.0,22.7,25.1,25.82,28.04
1985-02-02,27.9,23.0,25.2,26.1,29.01
1985-02-03,28.3,22.8,25.3,26.25,28.05
1985-02-04,28.8,23.5,26.0,27.25,29.71
1985-02-05,29.6,23.5,26.1,27.12,29.44
1985-02-06,29.3,23.8,26.0,27.16,29.3
1985-02-07,29.7,23.1,26.1,26.53,28.36
1985-02-08,29.0,23.0,26.0,26.66,29.31
1985-02-09,28.6,23.6,25.9,27.28,30.23
1985-02-10,29.2,23.9,26.1,26.36,28.09
1985-02-11,29.1,23.9,26.0,26.31,28.89
1985-02-12,28.6,23.6,25.4,25.81,27.05
1985-02-13,27.5,23.7,25.4,26.01,27.84
1985-02-14,27.0,23.7,25.3,25.7,26.93
1985-02-15,28.2,22.5,24.9,26.65,29.31
1985-02-16,29.2,23.2,25.7,26.48,28.23
1985-02-17,28.9,23.3,25.8,26.45,28.26
1985-02-18,29.7,23.6,26.6,26.66,28.84
1985-02-19,29.7,23.7,26.7,27.04,29.59
1985-02-20,29.0,25.0,26.6,27.32,30.01
1985-02-21,29.7,24.6,26.6,27.22,29.77
1985-02-22,29.5,24.0,26.1,27.03,28.91
1985-02-23,29.7,23.2,25.9,26.79,28.43
1985-02-24,29.7,23.3,26.4,26.91,28.82
1985-02-25,30.5,23.1,26.7,27.16,28.64
1985-02-26,30.5,22.3,26.5,27.57,30.25
1985-02-27,30.1,23.4,26.2,27.09,29.11
1985-02-28,30.1,22.9,25.8,27.16,30.2
1985-03-01,28.7,23.7,25.9,26.64,29.58
1985-03-02,27.6,24.1,25.3,26.25,28.62
1985-03-03,28.1,24.2,25.5,25.91,28.19
1985-03-04,27.3,24.4,25.5,25.97,28.88
1985-03-05,28.1,23.6,25.2,25.79,27.81
1985-03-06,29.3,23.3,25.7,26.33,29.01
1985-03-07,28.6,23.7,25.5,26.76,29.74
1985-03-08,28.3,23.8,25.1,26.79,29.98
1985-03-09,29.9,24.0,26.5,26.92,30.28
1985-03-10,30.4,22.8,26.5,26.96,30.58
1985-03-11,29.6,23.1,26.1,27.31,29.77
1985-03-12,29.2,23.2,25.7,27.29,29.42
1985-03-13,29.9,22.7,25.8,26.67,28.64
1985-03-14,29.3,22.6,25.9,27.32,29.76
1985-03-15,29.1,23.1,25.6,26.81,28.89
1985-03-16,28.3,23.2,25.1,26.52,28.42
1985-03-17,28.7,23.6,25.8,26.44,29.07
1985-03-18,28.6,23.5,25.6,26.54,28.19
1985-03-19,29.7,23.2,25.7,26.9,28.59
1985-03-20,28.7,23.1,25.6,26.9,28.55
1985-03-21,29.9,23.1,25.7,27.46,29.55
1985-03-22,30.5,21.3,25.9,27.53,29.16
1985-03-23,30.1,22.5,26.2,26.81,28.63
1985-03-24,30.3,23.2,26.5,27.32,29.1
1985-03-25,31.0,22.4,26.6,27.56,29.85
1985-03-26,30.0,21.7,25.8,27.13,29.93
1985-03-27,30.0,22.6,26.1,27.41,30.26
1985-03-28,30.3,23.3,26.4,27.28,29.86
1985-03-29,30.0,23.2,26.3,27.76,29.99
1985-03-30,29.0,23.8,26.3,27.42,29.02
1985-03-31,27.1,24.0,25.7,26.56,28.3
1985-04-01,28.1,23.5,25.8,27.0,29.53
1985-04-02,29.6,23.7,25.8,26.67,27.83
1985-04-03,29.6,22.9,25.8,26.64,28.51
1985-04-04,28.1,23.7,25.6,26.56,27.97
1985-04-05,29.7,23.6,26.1,26.6,28.63
1985-04-06,29.4,23.7,26.1,27.47,29.94
1985-04-07,29.5,23.1,25.9,27.2,29.63
1985-04-08,30.0,22.7,26.1,27.05,29.08
1985-04-09,30.8,23.6,27.1,27.9,30.35
1985-04-10,29.9,23.9,26.2,27.67,29.8
1985-04-11,27.7,23.6,25.6,27.05,28.84
1985-04-12,28.9,23.5,26.0,27.68,30.18
1985-04-13,30.2,23.4,26.2,27.32,29.23
1985-04-14,28.1,24.0,25.3,26.1,26.99
1985-04-15,30.2,23.4,26.4,26.22,28.08
1985-04-16,28.8,23.4,25.5,26.36,27.81
1985-04-17,28.9,24.0,26.1,27.01,29.22
1985-04-18,28.4,24.2,25.9,27.22,29.71
1985-04-19,28.8,23.7,25.9,26.71,28.42
1985-04-20,30.0,23.4,26.2,26.63,28.21
1985-04-21,29.1,23.3,25.9,25.97,26.86
1985-04-22,30.0,23.1,26.1,27.43,30.49
1985-04-23,30.1,23.1,26.1,27.11,29.87
1985-04-24,29.8,23.0,26.3,26.87,28.03
1985-04-25,29.8,23.5,26.6,26.69,28.53
1985-04-26,28.4,23.2,25.4,26.59,28.26
1985-04-27,28.7,23.7,25.8,26.4,27.96
1985-04-28,29.5,24.0,26.8,26.49,28.1
1985-04-29,30.1,23.2,26.4,27.21,29.52
1985-04-30,29.7,23.3,26.3,27.17,29.22
1985-05-01,29.9,23.4,26.2,27.13,29.12
1985-05-02,29.9,23.3,26.1,27.17,29.51
1985-05-03,29.8,23.1,26.0,27.6,29.95
1985-05-04,30.4,22.7,26.6,27.38,29.17
1985-05-05,30.6,23.5,27.0,27.28,29.02
1985-05-06,29.4,24.1,26.3,27.27,29.06
1985-05-07,28.7,23.1,25.7,27.38,28.81
1985-05-08,29.4,23.2,26.0,27.17,29.21
1985-05-09,29.0,23.4,25.9,27.25,29.04
1985-05-10,29.4,23.3,26.1,27.33,29.07
1985-05-11,29.7,23.0,25.9,27.49,29.85
1985-05-12,29.2,22.9,25.7,27.43,29.16
1985-05-13,28.3,23.1,25.1,27.1,28.52
1985-05-14,29.3,23.2,25.4,27.34,29.52
1985-05-15,29.3,22.9,26.0,27.44,29.75
1985-05-16,29.6,23.4,26.1,27.2,29.13
1985-05-17,29.0,23.7,26.1,27.06,28.28
1985-05-18,29.7,23.3,26.3,27.6,30.17
1985-05-19,29.6,23.1,26.0,27.38,29.96
1985-05-20,29.5,23.6,25.9,27.09,28.78
1985-05-21,30.2,22.9,26.4,27.2,29.67
1985-05-22,29.7,23.2,26.2,27.11,29.62
1985-05-23,29.8,23.0,26.2,27.33,29.66
1985-05-24,29.9,23.5,26.1,27.19,29.44
1985-05-25,29.7,23.2,26.4,27.27,29.94
1985-05-26,29.8,23.6,25.9,27.01,29.03
1985-05-27,29.7,23.3,26.1,26.8,29.31
1985-05-28,29.5,24.5,26.2,26.56,28.86
1985-05-29,28.6,23.8,25.8,26.73,29.03
1985-05-30,29.8,23.1,25.8,26.97,29.48
1985-05-31,29.4,23.1,26.0,26.91,29.04
1985-06-01,28.9,23.9,25.9,26.8,29.28
1985-06-02,28.8,23.4,25.7,26.94,29.55
1985-06-03,29.3,23.3,25.9,26.89,29.34
1985-06-04,29.5,23.1,25.7,26.85,29.44
1985-06-05,29.2,23.2,25.6,26.91,28.33
1985-06-06,28.6,23.0,25.5,27.21,29.28
1985-06-07,28.7,22.7,25.3,26.93,29.25
1985-06-08,27.9,23.1,25.1,26.56,28.07
1985-06-09,29.7,22.2,25.7,26.93,29.25
1985-06-10,28.7,23.0,25.5,26.82,28.81
1985-06-11,28.1,22.7,25.4,26.73,28.8
1985-06-12,28.5,22.8,25.1,26.48,28.43
1985-06-13,29.1,23.0,25.5,26.49,28.27
1985-06-14,28.9,22.9,25.4,27.05,29.09
1985-06-15,29.4,22.7,26.0,27.04,29.15
1985-06-16,27.9,23.1,25.1,26.58,28.44
1985-06-17,29.4,22.4,25.1,26.42,29.22
1985-06-18,28.8,22.3,25.1,26.15,27.51
1985-06-19,28.5,22.7,25.3,26.69,28.97
1985-06-20,28.4,23.1,25.1,26.65,28.28
1985-06-21,28.6,23.2,25.4,26.65,28.26
1985-06-22,29.1,22.6,25.3,26.49,28.06
1985-06-23,28.8,22.5,25.2,27.07,28.66
1985-06-24,29.3,22.9,25.4,27.17,29.09
1985-06-25,28.9,22.6,25.4,26.91,28.19
1985-06-26,29.7,22.0,25.6,27.0,28.73
1985-06-27,29.6,22.3,25.7,27.35,29.76
1985-06-28,29.3,22.3,25.1,27.53,30.06
1985-06-29,28.6,22.0,24.9,26.59,29.06
1985-06-30,29.1,22.3,25.3,26.67,29.07
1985-07-01,28.9,22.0,25.3,27.05,29.29
1985-07-02,28.6,22.7,25.0,26.68,28.24
1985-07-03,27.2,22.8,24.5,25.96,27.39
1985-07-04,28.3,22.1,24.5,26.28,28.06
1985-07-05,28.8,21.5,24.5,26.17,28.14
1985-07-06,28.7,22.2,24.9,26.29,28.74
1985-07-07,28.2,21.7,24.6,26.02,28.31
1985-07-08,27.3,22.3,24.4,25.51,27.19
1985-07-09,28.1,21.5,24.2,25.47,27.73
1985-07-10,27.6,22.1,24.2,26.01,27.8
1985-07-11,28.9,21.5,24.8,26.82,29.59
1985-07-12,28.7,22.1,25.2,26.0,27.36
1985-07-13,27.3,21.7,24.6,25.95,27.55
1985-07-14,28.7,22.8,25.0,25.85,28.14
1985-07-15,28.6,21.8,25.0,26.08,28.48
1985-07-16,28.6,22.1,25.1,26.09,28.76
1985-07-17,27.3,22.8,24.5,26.18,28.6
1985-07-18,28.1,22.3,24.9,25.94,28.26
1985-07-19,28.9,22.0,25.1,26.2,28.75
1985-07-20,27.9,22.7,24.6,26.31,28.41
1985-07-21,27.5,21.8,24.1,25.92,27.79
1985-07-22,25.7,22.3,23.8,25.85,27.64
1985-07-23,28.1,23.0,24.9,26.05,27.78
1985-07-24,28.2,22.7,24.7,25.63,26.68
1985-07-25,28.7,21.9,24.8,26.35,28.82
1985-07-26,29.0,21.0,25.0,26.77,29.23
1985-07-27,28.7,22.9,25.5,26.39,28.2
1985-07-28,28.5,22.2,24.9,26.13,27.69
1985-07-29,28.4,22.1,24.7,26.04,27.96
1985-07-30,28.6,21.8,25.3,26.41,28.58
1985-07-31,29.5,22.0,25.7,26.07,28.12
1985-08-01,29.2,22.5,25.7,26.34,28.49
1985-08-02,28.3,22.2,24.7,26.13,27.5
1985-08-03,29.1,22.2,25.4,26.36,28.44
1985-08-04,29.1,22.3,25.6,26.01,27.95
1985-08-05,28.2,23.0,25.2,25.89,28.66
1985-08-06,28.7,21.2,25.1,26.31,28.9
1985-08-07,28.6,22.0,24.8,26.39,28.52
1985-08-08,29.2,22.2,25.4,26.32,29.04
1985-08-09,29.7,21.9,26.0,26.29,29.74
1985-08-10,29.5,21.8,25.7,26.5,29.34
1985-08-11,29.2,21.0,25.0,25.2,28.21
1985-08-12,29.7,21.4,25.6,26.13,29.07
1985-08-13,29.1,22.2,25.8,26.31,28.64
1985-08-14,29.0,22.6,25.6,26.38,28.93
1985-08-15,28.5,22.7,25.2,26.03,28.15
1985-08-16,29.4,21.8,25.3,26.25,29.1
1985-08-17,29.9,21.8,25.8,26.43,29.2
1985-08-18,29.2,22.8,25.7,26.68,29.22
1985-08-19,29.5,22.0,25.2,26.9,29.89
1985-08-20,29.1,22.1,25.3,26.38,29.61
1985-08-21,28.3,22.2,25.0,26.57,29.49
1985-08-22,28.9,22.0,25.3,26.07,28.84
1985-08-23,29.8,22.3,25.8,26.0,29.05
1985-08-24,30.0,21.9,26.1,26.81,29.7
1985-08-25,29.9,22.4,26.0,26.88,29.65
1985-08-26,30.1,22.6,26.1,26.23,28.31
1985-08-27,30.2,22.8,26.3,27.03,29.91
1985-08-28,30.2,22.6,26.5,26.37,29.4
1985-08-29,29.9,22.9,25.9,26.99,29.84
1985-08-30,29.4,22.8,25.5,26.72,29.2
1985-08-31,28.1,22.9,25.4,26.29,29.12
1985-09-01,28.4,21.9,25.0,26.06,27.73
1985-09-02,28.5,21.8,25.0,26.31,29.14
1985-09-03,30.2,21.1,25.3,26.19,29.3
1985-09-04,30.5,21.7,25.9,26.62,30.13
1985-09-05,30.1,22.6,26.3,26.61,29.75
1985-09-06,30.1,22.5,26.3,27.07,30.14
1985-09-07,30.0,22.7,26.1,26.89,29.62
1985-09-08,29.7,22.6,25.7,27.08,29.78
1985-09-09,28.9,22.8,25.1,26.2,28.57
1985-09-10,29.6,22.6,25.9,26.72,29.64
1985-09-11,29.3,22.8,25.9,26.8,29.6
1985-09-12,29.0,23.0,25.7,26.68,29.48
1985-09-13,28.9,23.2,25.5,26.44,28.75
1985-09-14,29.1,22.1,25.4,26.47,29.29
1985-09-15,28.9,23.1,25.6,27.27,30.03
1985-09-16,29.4,22.5,25.6,27.54,30.26
1985-09-17,29.3,23.3,26.0,27.2,30.29
1985-09-18,29.9,23.0,26.2,27.28,30.22
1985-09-19,29.9,22.1,25.9,26.7,29.48
1985-09-20,29.0,22.5,25.6,26.89,29.37
1985-09-21,30.2,23.0,26.1,27.23,29.92
1985-09-22,30.4,22.6,26.1,27.82,30.96
1985-09-23,29.7,22.7,25.7,27.45,29.93
1985-09-24,29.3,23.3,25.9,26.97,29.06
1985-09-25,28.5,23.6,25.8,26.93,28.97
1985-09-26,27.9,23.1,25.4,26.52,28.64
1985-09-27,28.8,23.2,25.4,26.63,28.97
1985-09-28,28.8,22.9,25.4,27.21,29.59
1985-09-29,29.6,23.1,25.9,27.51,29.82
1985-09-30,30.4,22.4,26.4,27.68,30.64
1985-10-01,30.6,22.6,26.3,27.74,30.62
1985-10-02,30.4,23.0,26.3,27.77,30.82
1985-10-03,29.4,23.3,26.1,27.66,30.43
1985-10-04,30.0,23.0,26.3,26.96,30.24
1985-10-05,30.3,22.8,26.2,26.82,30.11
1985-10-06,30.0,22.4,26.2,27.48,30.63
1985-10-07,30.6,23.0,26.2,27.57,30.6
1985-10-08,30.1,23.3,26.2,27.28,29.88
1985-10-09,30.8,22.8,27.0,27.26,30.16
1985-10-10,29.4,23.8,26.3,27.16,29.69
1985-10-11,30.2,23.4,26.1,27.21,29.31
1985-10-12,30.8,22.8,26.2,27.48,30.35
1985-10-13,29.2,23.5,25.8,27.04,29.41
1985-10-14,28.9,22.8,25.4,26.08,27.61
1985-10-15,29.8,22.3,25.8,27.03,29.62
1985-10-16,29.5,23.4,25.9,27.2,29.72
1985-10-17,29.4,23.1,25.7,27.15,29.62
1985-10-18,29.1,23.2,25.3,26.85,28.69
1985-10-19,29.5,23.0,25.6,26.66,28.67
1985-10-20,29.8,22.1,25.5,26.2,27.55
1985-10-21,29.3,22.8,25.6,26.73,29.13
1985-10-22,28.7,22.8,25.5,26.08,27.61
1985-10-23,29.3,23.1,25.7,27.39,30.32
1985-10-24,29.5,22.4,25.6,27.54,30.46
1985-10-25,29.1,23.4,25.8,27.13,29.57
1985-10-26,27.8,23.0,25.2,27.19,29.86
1985-10-27,29.4,22.8,25.6,27.22,29.97
1985-10-28,28.9,22.8,25.4,26.68,28.51
1985-10-29,29.5,23.0,25.7,27.16,29.89
1985-10-30,29.4,23.1,25.9,27.2,29.72
1985-10-31,28.2,22.9,25.2,27.29,29.66
1985-11-01,28.7,22.9,25.5,26.93,29.17
1985-11-02,29.3,23.5,25.8,27.65,30.61
1985-11-03,30.0,23.0,26.0,27.76,30.96
1985-11-04,29.8,23.6,25.9,27.46,29.23
1985-11-05,30.0,23.4,25.8,27.34,29.32
1985-11-06,29.3,23.0,25.8,27.86,30.52
1985-11-07,29.0,23.3,25.5,27.75,29.7
1985-11-08,28.9,23.4,25.7,27.96,30.34
1985-11-09,29.7,23.2,25.8,28.14,30.79
1985-11-10,29.4,23.0,25.6,27.95,30.83
1985-11-11,30.0,23.2,25.9,27.82,30.46
1985-11-12,28.8,23.6,25.6,27.57,30.01
1985-11-13,29.2,22.9,25.6,27.33,29.7
1985-11-14,29.9,23.2,26.0,27.55,30.46
1985-11-15,30.1,23.2,26.0,27.49,30.54
1985-11-16,30.6,22.5,26.3,27.55,30.95
1985-11-17,29.9,23.6,26.5,28.06,31.41
1985-11-18,30.4,23.9,26.5,28.01,32.06
1985-11-19,30.0,24.0,26.3,27.23,30.34
1985-11-20,29.4,23.3,25.7,27.43,30.48
1985-11-21,29.0,23.2,25.6,27.29,30.09
1985-11-22,30.6,22.5,26.3,27.51,30.54
1985-11-23,30.2,23.3,26.3,27.45,30.6
1985-11-24,30.0,23.3,25.9,27.14,29.94
1985-11-25,28.3,23.5,25.4,26.39,28.08
1985-11-26,27.6,23.3,25.3,26.5,28.69
1985-11-27,29.4,22.6,25.8,26.25,28.77
1985-11-28,29.0,23.8,25.7,26.94,29.53
1985-11-29,28.9,23.7,25.4,26.39,29.06
1985-11-30,27.6,23.3,25.4,26.04,27.42
1985-12-01,27.6,23.3,25.2,26.63,29.34
1985-12-02,29.0,23.6,26.0,26.89,29.63
1985-12-03,29.1,23.8,25.9,27.12,30.13
1985-12-04,28.8,23.9,25.7,27.15,30.59
1985-12-05,28.2,23.3,25.3,27.12,30.55
1985-12-06,27.9,23.3,25.5,27.14,30.45
1985-12-07,29.4,22.4,25.8,27.15,30.29
1985-12-08,29.3,23.0,25.4,27.07,30.08
1985-12-09,30.0,21.8,25.7,27.13,30.55
1985-12-10,30.0,23.3,26.5,27.7,30.86
1985-12-11,29.8,23.4,26.0,26.84,28.94
1985-12-12,29.9,23.6,26.6,26.23,28.46
1985-12-13,30.7,22.9,26.7,27.38,30.36
1985-12-14,30.1,23.0,26.6,27.02,30.24
1985-12-15,29.8,23.3,26.4,27.65,30.91
1985-12-16,29.9,23.3,26.3,27.61,30.73
1985-12-17,28.3,23.2,25.4,26.15,27.65
1985-12-18,28.3,22.7,25.2,26.51,28.97
1985-12-19,28.2,23.2,25.2,26.09,27.86
1985-12-20,28.4,22.7,25.3,26.08,27.74
1985-12-21,28.6,23.2,25.4,26.62,28.4
1985-12-22,27.8,23.0,25.0,26.99,28.72
1985-12-23,28.4,22.8,25.3,27.15,29.18
1985-12-24,27.0,23.2,24.6,26.5,28.25
1985-12-25,26.8,22.7,24.7,26.8,29.19
1985-12-26,27.6,22.8,25.1,26.92,29.27
1985-12-27,28.5,23.0,25.3,27.03,29.82
1985-12-28,28.6,23.2,25.7,26.49,29.18
1985-12-29,28.0,23.5,25.7,26.59,29.03
1985-12-30,28.8,23.7,25.9,26.72,29.5
1985-12-31,28.4,23.4,25.7,26.2,27.77
1986-01-01,29.1,22.4,25.5,26.81,28.72
1986-01-02,29.0,23.2,25.6,26.9,29.43
1986-01-03,28.7,23.2,25.4,26.74,28.82
1986-01-04,28.2,23.5,25.3,26.68,28.64
1986-01-05,28.1,23.4,25.3,26.12,28.17
1986-01-06,27.6,23.5,25.5,26.64,29.32
1986-01-07,28.3,23.6,25.5,26.39,28.42
1986-01-08,26.8,23.7,24.7,26.0,28.16
1986-01-09,27.7,23.6,24.9,26.31,29.32
1986-01-10,28.4,23.5,25.5,26.58,29.45
1986-01-11,25.9,23.6,24.7,25.7,27.4
1986-01-12,27.5,23.2,24.5,26.09,28.48
1986-01-13,28.4,23.0,25.6,26.32,28.99
1986-01-14,27.0,23.4,24.5,25.9,28.13
1986-01-15,26.7,23.2,24.2,25.58,26.93
1986-01-16,27.5,23.1,24.7,25.84,26.85
1986-01-17,27.5,23.3,25.3,26.4,28.67
1986-01-18,27.5,23.4,24.9,25.64,27.46
1986-01-19,27.4,23.4,25.1,25.65,27.23
1986-01-20,27.0,23.5,24.9,25.82,28.04
1986-01-21,26.7,23.3,24.5,26.06,28.28
1986-01-22,28.0,23.6,25.3,26.05,28.17
1986-01-23,27.4,23.7,25.2,25.94,28.01
1986-01-24,27.2,23.0,24.8,25.74,27.44
1986-01-25,28.0,23.3,25.1,25.15,26.24
1986-01-26,27.5,23.2,24.7,25.59,27.62
1986-01-27,27.4,22.9,24.5,24.58,25.99
1986-01-28,26.6,22.7,24.6,25.46,27.99
1986-01-29,27.8,22.7,24.8,25.56,27.83
1986-01-30,28.3,22.6,25.2,25.89,28.27
1986-01-31,28.9,22.9,25.3,26.56,29.88
1986-02-01,28.2,23.2,25.0,26.09,28.92
1986-02-02,27.9,23.1,24.7,26.3,28.85
1986-02-03,28.9,22.3,25.0,26.7,29.18
1986-02-04,28.9,22.8,25.3,26.04,27.93
1986-02-05,28.7,22.7,25.2,26.11,28.45
1986-02-06,28.4,22.8,25.2,26.16,28.15
1986-02-07,28.8,22.4,25.3,26.16,28.33
1986-02-08,28.6,22.8,25.2,26.25,28.36
1986-02-09,27.8,22.8,25.0,25.9,26.84
1986-02-10,26.4,22.8,24.4,25.36,26.38
1986-02-11,26.4,22.6,24.1,25.34,27.03
1986-02-12,27.7,22.6,24.8,25.71,28.06
1986-02-13,27.8,22.5,25.0,26.12,28.58
1986-02-14,28.3,22.4,25.2,26.21,29.04
1986-02-15,28.7,23.1,25.5,26.46,29.05
1986-02-16,28.1,23.3,25.5,26.23,28.94
1986-02-17,28.5,23.3,25.8,26.3,29.07
1986-02-18,29.4,23.1,25.9,26.04,28.4
1986-02-19,28.8,23.7,25.9,25.71,27.6
1986-02-20,29.1,24.1,26.0,25.95,27.45
1986-02-21,28.1,23.3,25.0,25.57,27.46
1986-02-22,27.3,23.0,25.0,25.68,28.06
1986-02-23,28.2,22.9,24.7,25.74,28.61
1986-02-24,28.4,22.6,25.1,25.86,28.03
1986-02-25,29.0,22.0,25.3,26.77,29.89
1986-02-26,28.8,22.6,25.4,26.29,28.93
1986-02-27,28.3,23.0,25.0,25.79,27.66
1986-02-28,28.4,22.9,25.5,25.87,27.56
1986-03-01,27.7,23.2,25.3,26.36,28.63
1986-03-02,27.6,22.8,24.8,25.5,27.2
1986-03-03,27.4,22.3,24.7,25.53,27.12
1986-03-04,28.6,23.0,25.2,26.13,29.3
1986-03-05,27.8,23.2,24.8,25.71,27.93
1986-03-06,28.6,22.7,25.6,25.82,28.22
1986-03-07,28.4,23.3,25.6,25.57,27.06
1986-03-08,27.4,23.2,25.1,25.44,27.59
1986-03-09,28.6,23.1,25.5,26.06,27.79
1986-03-10,28.2,22.7,25.2,26.56,29.52
1986-03-11,28.7,23.2,25.3,26.24,27.71
1986-03-12,28.8,22.6,25.6,26.73,29.1
1986-03-13,29.0,23.8,25.5,26.64,28.83
1986-03-14,29.0,22.8,25.4,27.01,29.63
1986-03-15,27.8,23.5,25.1,26.98,29.3
1986-03-16,29.8,22.8,25.6,27.11,29.58
1986-03-17,28.6,22.7,25.5,27.1,29.43
1986-03-18,28.6,23.3,25.5,26.82,28.25
1986-03-19,28.3,23.2,25.4,26.51,28.28
1986-03-20,27.8,23.4,25.2,27.08,29.67
1986-03-21,29.6,22.9,25.6,26.61,28.59
1986-03-22,28.9,23.5,25.4,26.83,29.68
1986-03-23,28.9,22.8,25.3,26.89,29.43
1986-03-24,26.2,23.7,24.7,26.24,28.31
1986-03-25,27.1,23.3,24.9,26.57,29.13
1986-03-26,26.4,23.5,24.6,26.9,29.52
1986-03-27,27.6,23.1,25.0,26.55,28.14
1986-03-28,28.8,23.2,25.2,26.82,28.78
1986-03-29,29.5,22.8,25.5,26.75,29.14
1986-03-30,29.4,22.9,25.7,27.09,29.35
1986-03-31,29.6,23.0,26.0,27.08,29.82
1986-04-01,29.7,23.8,26.5,26.65,28.41
1986-04-02,29.2,23.6,25.6,26.63,28.52
1986-04-03,29.8,23.1,25.6,26.45,27.88
1986-04-04,29.9,23.2,25.7,26.54,29.08
1986-04-05,30.4,23.1,26.4,27.0,29.88
1986-04-06,28.3,23.2,25.4,26.8,29.3
1986-04-07,29.2,22.8,25.6,26.69,28.18
1986-04-08,29.5,23.1,25.9,27.4,29.48
1986-04-09,29.5,23.6,26.0,27.36,29.71
1986-04-10,29.5,22.9,26.0,27.22,29.66
1986-04-11,28.5,23.4,25.9,27.42,29.51
1986-04-12,30.0,23.1,26.0,27.57,29.47
1986-04-13,29.6,22.9,25.6,26.77,29.03
1986-04-14,29.4,23.4,25.7,26.96,29.23
1986-04-15,29.0,23.0,25.7,27.4,29.65
1986-04-16,29.0,23.1,25.7,27.05,28.46
1986-04-17,29.2,23.2,25.7,26.57,27.88
1986-04-18,28.5,23.4,25.6,27.2,29.2
1986-04-19,29.0,23.3,25.7,26.96,28.67
1986-04-20,29.9,23.1,26.0,27.07,29.66
1986-04-21,29.8,23.3,26.5,26.91,29.6
1986-04-22,29.8,23.4,26.1,26.72,29.1
1986-04-23,29.4,23.3,25.9,26.45,28.02
1986-04-24,29.1,23.5,25.9,26.94,29.58
1986-04-25,29.5,23.6,26.4,26.86,28.44
1986-04-26,30.5,23.3,26.5,27.32,29.72
1986-04-27,29.6,23.7,26.6,27.51,30.06
1986-04-28,29.2,23.7,26.4,27.18,29.32
1986-04-29,29.8,23.7,26.1,27.06,28.91
1986-04-30,28.9,23.8,25.9,27.64,29.65
1986-05-01,29.6,23.9,26.4,27.76,30.26
1986-05-02,29.4,23.9,26.3,27.4,29.55
1986-05-03,28.9,23.4,25.7,27.34,29.26
1986-05-04,28.7,22.9,25.6,27.26,29.6
1986-05-05,29.6,23.8,26.4,27.27,29.89
1986-05-06,30.3,23.1,26.8,27.26,29.36
1986-05-07,30.4,23.7,26.9,27.1,28.86
1986-05-08,30.5,23.6,26.7,27.44,29.79
1986-05-09,29.0,24.1,26.4,27.26,29.76
1986-05-10,30.0,23.4,26.2,27.12,29.2
1986-05-11,30.2,23.1,26.6,27.18,29.24
1986-05-12,29.5,24.6,26.4,27.3,29.32
1986-05-13,29.8,23.4,26.1,26.93,28.51
1986-05-14,29.6,23.4,26.2,26.86,28.54
1986-05-15,30.0,22.7,26.1,27.29,29.27
1986-05-16,29.2,23.4,26.0,26.82,28.53
1986-05-17,29.3,23.3,25.9,26.87,28.52
1986-05-18,28.9,23.2,25.8,26.78,28.13
1986-05-19,28.7,23.3,25.7,27.26,29.36
1986-05-20,29.6,23.7,26.2,27.13,29.79
1986-05-21,30.0,22.5,26.4,26.99,29.86
1986-05-22,30.1,21.8,26.4,27.24,29.99
1986-05-23,29.6,23.4,26.2,27.59,29.48
1986-05-24,29.5,23.1,26.0,27.31,29.47
1986-05-25,29.3,23.7,26.2,27.04,29.14
1986-05-26,29.5,23.5,25.9,27.13,29.4
1986-05-27,30.2,21.9,26.2,27.36,29.71
1986-05-28,30.6,23.1,27.0,27.38,29.91
1986-05-29,30.4,23.0,26.7,27.18,29.39
1986-05-30,30.3,22.7,25.7,27.11,29.32
1986-05-31,29.7,22.1,25.7,27.38,30.13
1986-06-01,29.9,22.6,25.8,27.37,29.34
1986-06-02,28.9,23.3,25.9,26.89,28.78
1986-06-03,27.9,23.1,25.6,26.88,28.98
1986-06-04,28.3,22.8,25.2,26.96,29.31
1986-06-05,29.4,22.7,25.5,27.09,28.96
1986-06-06,30.0,22.1,25.9,27.15,29.41
1986-06-07,30.2,22.8,26.4,27.19,29.26
1986-06-08,29.8,23.7,26.1,27.25,29.56
1986-06-09,30.1,23.3,26.4,27.2,29.4
1986-06-10,29.9,23.4,26.3,27.12,28.97
1986-06-11,28.3,23.1,25.3,26.73,28.48
1986-06-12,27.3,23.3,24.9,26.95,28.58
1986-06-13,29.1,22.9,25.4,26.89,28.98
1986-06-14,28.0,23.3,25.3,26.88,28.98
1986-06-15,27.8,23.2,25.0,26.74,28.52
1986-06-16,28.9,22.4,25.7,27.39,29.76
1986-06-17,29.0,22.9,25.9,27.51,30.52
1986-06-18,29.8,23.4,26.0,27.29,29.55
1986-06-19,29.8,23.0,26.0,27.07,29.99
1986-06-20,29.0,23.1,25.5,27.01,29.18
1986-06-21,29.4,22.5,25.7,26.91,29.37
1986-06-22,29.6,23.0,26.0,26.81,29.91
1986-06-23,30.2,23.3,26.6,26.78,29.77
1986-06-24,29.9,22.9,26.0,26.72,29.36
1986-06-25,29.1,23.2,25.9,26.66,28.34
1986-06-26,29.9,23.2,25.8,27.27,29.73
1986-06-27,29.5,22.8,25.5,27.19,29.65
1986-06-28,29.5,22.5,25.7,27.38,29.74
1986-06-29,28.4,23.4,25.7,26.71,28.17
1986-06-30,29.3,23.0,25.5,26.42,28.22
1986-07-01,29.8,22.4,25.7,26.77,29.57
1986-07-02,29.3,21.8,25.3,26.32,29.59
1986-07-03,28.5,22.2,25.2,25.49,28.33
1986-07-04,28.6,20.0,24.6,25.53,28.61
1986-07-05,28.6,20.2,24.7,25.72,28.49
1986-07-06,29.8,21.2,25.7,26.62,29.39
1986-07-07,29.8,22.6,26.2,27.12,29.82
1986-07-08,29.8,22.9,25.9,27.17,29.72
1986-07-09,29.6,23.2,25.6,26.86,29.39
1986-07-10,29.1,22.9,25.3,26.35,29.14
1986-07-11,29.3,23.2,25.6,26.13,28.92
1986-07-12,29.1,22.4,25.3,26.41,28.9
1986-07-13,28.5,22.8,25.4,26.32,28.48
1986-07-14,29.0,22.7,25.2,26.32,28.44
1986-07-15,28.1,22.7,25.0,26.42,28.62
1986-07-16,29.1,22.7,25.4,26.69,29.05
1986-07-17,29.1,22.5,25.7,26.59,28.41
1986-07-18,29.4,22.5,25.9,26.98,28.58
1986-07-19,29.6,22.7,26.0,26.68,29.07
1986-07-20,29.8,22.5,25.9,26.92,29.32
1986-07-21,29.6,22.7,25.8,26.65,28.9
1986-07-22,29.3,22.6,25.8,26.89,29.07
1986-07-23,29.1,22.3,25.6,27.04,29.35
1986-07-24,28.3,22.0,25.3,26.97,29.09
1986-07-25,28.1,22.1,24.7,26.74,29.28
1986-07-26,28.3,22.0,25.1,26.61,28.71
1986-07-27,27.7,22.9,24.7,26.65,28.77
1986-07-28,28.0,22.1,24.5,26.33,27.95
1986-07-29,28.3,21.9,24.8,26.28,28.43
1986-07-30,29.1,21.9,25.0,26.38,28.99
1986-07-31,29.2,21.5,25.1,26.29,29.48
1986-08-01,28.8,19.8,24.4,26.37,29.46
1986-08-02,28.5,21.6,24.7,26.42,29.17
1986-08-03,28.5,22.5,25.0,26.45,29.34
1986-08-04,28.8,22.8,25.4,26.17,28.6
1986-08-05,29.2,23.1,25.6,26.41,29.38
1986-08-06,28.7,22.7,25.2,26.09,28.43
1986-08-07,28.5,22.4,25.4,26.44,29.06
1986-08-08,28.9,22.4,25.5,26.47,29.06
1986-08-09,29.0,23.4,25.9,26.45,28.64
1986-08-10,28.0,23.6,25.3,26.52,29.07
1986-08-11,29.2,23.0,25.6,26.28,28.65
1986-08-12,29.5,22.6,25.5,26.13,28.64
1986-08-13,28.4,23.0,25.3,26.16,28.26
1986-08-14,28.9,22.6,25.0,25.94,28.2
1986-08-15,29.1,22.3,25.5,26.06,28.81
1986-08-16,29.6,21.1,25.3,25.61,28.43
1986-08-17,28.1,22.3,24.8,25.07,27.27
1986-08-18,28.9,21.1,24.7,25.29,27.99
1986-08-19,28.5,22.0,25.1,25.78,28.52
1986-08-20,29.2,21.4,25.2,26.25,28.61
1986-08-21,29.2,20.5,24.6,26.18,28.55
1986-08-22,29.5,21.7,25.3,26.66,29.36
1986-08-23,29.9,21.8,25.9,26.86,29.79
1986-08-24,30.2,22.9,26.2,27.02,30.05
1986-08-25,30.1,22.7,26.0,26.88,29.5
1986-08-26,29.4,23.6,25.9,26.92,29.37
1986-08-27,29.9,23.1,26.1,26.65,29.41
1986-08-28,30.5,22.3,26.0,26.24,29.32
1986-08-29,30.6,21.7,25.9,26.37,29.51
1986-08-30,30.3,22.3,26.1,26.54,29.39
1986-08-31,30.7,22.2,26.2,27.29,30.27
1986-09-01,30.7,23.1,26.4,27.49,30.34
1986-09-02,30.1,23.0,26.2,27.07,30.18
1986-09-03,29.8,22.7,25.9,26.41,29.43
1986-09-04,29.6,22.4,25.8,26.5,29.16
1986-09-05,30.5,22.8,26.5,26.18,29.21
1986-09-06,29.7,23.6,26.2,26.48,29.04
1986-09-07,30.4,22.9,26.3,26.52,29.27
1986-09-08,27.8,22.3,24.8,25.74,28.2
1986-09-09,26.8,23.4,24.9,25.71,28.05
1986-09-10,28.7,23.4,25.7,26.47,28.97
1986-09-11,29.3,22.8,25.5,26.4,29.27
1986-09-12,29.5,21.8,25.4,26.14,28.98
1986-09-13,29.3,21.9,25.5,26.41,29.08
1986-09-14,29.5,22.4,25.3,26.57,29.38
1986-09-15,28.7,22.7,25.0,26.28,29.31
1986-09-16,28.1,22.3,24.8,26.96,29.16
1986-09-17,27.8,22.4,24.9,26.6,29.23
1986-09-18,29.4,21.4,25.6,26.29,28.85
1986-09-19,29.4,22.7,25.6,26.07,28.55
1986-09-20,29.0,22.4,25.2,26.07,28.52
1986-09-21,29.3,23.3,26.0,26.52,29.18
1986-09-22,29.4,23.3,26.1,26.58,29.67
1986-09-23,29.2,23.1,25.5,26.34,28.99
1986-09-24,29.0,22.6,25.5,26.3,28.65
1986-09-25,26.8,22.9,24.7,26.53,29.26
1986-09-26,29.2,22.8,25.6,26.75,29.67
1986-09-27,30.0,22.3,26.0,27.29,30.23
1986-09-28,29.9,23.1,26.4,27.42,30.04
1986-09-29,29.6,23.1,26.1,27.25,29.79
1986-09-30,29.8,23.1,26.3,27.38,30.15
1986-10-01,29.7,23.0,26.1,27.46,29.95
1986-10-02,29.5,22.9,26.0,27.25,30.14
1986-10-03,28.8,23.0,25.6,27.25,30.03
1986-10-04,28.7,23.2,25.8,27.45,29.52
1986-10-05,29.4,23.6,25.9,27.66,30.37
1986-10-06,29.7,23.4,25.7,27.77,30.56
1986-10-07,29.2,23.0,25.7,27.38,29.89
1986-10-08,28.2,23.0,25.4,26.97,29.44
1986-10-09,28.8,23.1,25.6,27.0,29.36
1986-10-10,27.7,23.2,25.1,26.58,28.47
1986-10-11,27.3,23.0,25.0,26.77,29.1
1986-10-12,28.7,22.5,25.2,27.04,29.9
1986-10-13,29.1,22.9,25.4,26.78,28.93
1986-10-14,29.9,22.8,26.0,26.95,29.72
1986-10-15,30.2,22.9,26.3,27.0,29.59
1986-10-16,29.8,23.3,26.2,27.46,30.05
1986-10-17,29.4,23.6,26.2,27.35,29.62
1986-10-18,28.8,23.5,25.7,27.59,30.18
1986-10-19,30.0,22.9,26.2,27.4,30.0
1986-10-20,30.0,23.1,26.2,27.1,30.01
1986-10-21,29.8,23.1,25.8,27.15,30.24
1986-10-22,29.5,22.7,25.8,27.37,30.04
1986-10-23,29.3,23.2,25.7,27.04,29.33
1986-10-24,29.3,23.9,25.9,27.57,29.88
1986-10-25,28.5,23.7,25.5,27.73,30.25
1986-10-26,28.4,23.3,25.6,27.48,30.06
1986-10-27,28.3,23.8,25.0,27.05,29.41
1986-10-28,27.7,23.6,25.3,26.96,29.45
1986-10-29,28.4,22.9,25.4,26.87,29.11
1986-10-30,27.8,23.3,25.5,27.4,30.02
1986-10-31,28.9,23.5,25.6,27.41,29.57
1986-11-01,29.5,23.2,25.6,27.4,29.51
1986-11-02,29.8,23.1,25.9,27.24,29.92
1986-11-03,29.8,23.6,25.8,27.6,29.86
1986-11-04,29.2,23.7,25.6,27.47,29.48
1986-11-05,28.8,23.5,25.5,26.47,28.2
1986-11-06,28.2,23.6,25.3,25.9,27.27
1986-11-07,28.5,23.3,25.0,26.29,28.34
1986-11-08,29.4,23.0,25.5,26.18,28.27
1986-11-09,27.4,23.5,25.3,26.17,28.45
1986-11-10,28.0,23.4,25.3,26.08,27.78
1986-11-11,28.5,23.0,25.1,26.54,29.57
1986-11-12,29.0,22.0,25.3,26.43,29.93
1986-11-13,30.1,23.5,26.0,26.95,30.61
1986-11-14,29.1,23.3,25.6,27.38,30.49
1986-11-15,30.3,22.2,26.1,27.52,30.47
1986-11-16,29.8,22.6,25.6,27.38,30.25
1986-11-17,28.8,22.8,25.3,26.99,29.36
1986-11-18,28.5,23.0,25.4,27.1,29.4
1986-11-19,28.7,23.1,25.6,27.19,29.71
1986-11-20,28.9,23.3,25.6,26.56,28.0
1986-11-21,29.6,22.7,25.7,27.29,29.87
1986-11-22,29.4,23.0,25.8,27.12,29.33
1986-11-23,28.7,23.2,25.7,27.24,29.12
1986-11-24,28.8,23.4,25.4,27.02,28.7
1986-11-25,28.5,23.2,25.2,26.98,29.07
1986-11-26,29.3,23.4,25.3,27.08,29.68
1986-11-27,28.5,23.2,25.2,27.23,28.46
1986-11-28,28.3,23.2,25.0,27.08,28.82
1986-11-29,26.6,23.0,25.0,26.8,28.89
1986-11-30,28.9,22.7,25.3,27.02,29.28
1986-12-01,29.9,23.4,26.4,27.4,29.85
1986-12-02,30.3,22.3,26.0,28.06,30.77
1986-12-03,30.3,22.2,26.0,27.61,30.46
1986-12-04,29.8,23.8,26.6,27.32,29.66
1986-12-05,29.4,22.8,25.9,27.3,29.58
1986-12-06,29.3,23.5,26.1,27.21,29.22
1986-12-07,29.7,22.7,26.0,27.59,30.22
1986-12-08,29.5,22.8,26.1,27.9,30.37
1986-12-09,29.6,23.2,26.4,27.34,28.86
1986-12-10,28.2,23.0,25.9,27.58,29.64
1986-12-11,27.8,23.3,25.4,27.4,29.28
1986-12-12,28.8,23.0,25.6,26.93,28.32
1986-12-13,27.7,23.2,25.0,27.02,28.77
1986-12-14,27.3,23.4,24.8,25.9,27.04
1986-12-15,27.7,22.8,24.9,26.19,28.01
1986-12-16,27.8,23.0,24.7,25.85,26.75
1986-12-17,28.3,22.8,25.8,26.34,27.69
1986-12-18,29.9,23.3,26.1,27.23,29.02
1986-12-19,30.0,23.6,26.4,27.76,30.34
1986-12-20,28.4,23.1,25.7,27.53,29.47
1986-12-21,28.6,23.2,25.8,27.67,30.19
1986-12-22,27.9,23.5,25.3,26.53,27.83
1986-12-23,28.9,22.5,25.7,27.01,29.77
1986-12-24,29.2,22.7,25.7,26.74,28.77
1986-12-25,28.8,23.2,25.5,27.02,29.26
1986-12-26,27.7,22.9,24.9,26.76,28.43
1986-12-27,28.0,22.9,25.3,27.0,28.57
1986-12-28,29.2,23.4,25.8,27.22,29.39
1986-12-29,28.2,23.4,25.2,26.21,27.9
1986-12-30,28.2,23.4,25.6,25.91,27.39
1986-12-31,29.0,23.2,25.7,26.3,27.76
1987-01-01,27.0,23.7,25.3,26.74,28.38
1987-01-02,27.1,23.6,25.0,26.48,27.51
1987-01-03,26.6,22.9,24.3,26.73,28.29
1987-01-04,26.5,22.8,24.6,26.23,28.29
1987-01-05,27.0,23.1,24.6,25.23,26.25
1987-01-06,25.5,23.1,24.2,25.56,26.72
1987-01-07,27.6,23.2,25.3,26.42,28.0
1987-01-08,28.6,23.6,25.6,26.27,27.66
1987-01-09,28.8,23.6,25.4,26.36,28.28
1987-01-10,28.4,23.7,25.7,25.81,27.29
1987-01-11,28.1,23.4,25.6,25.92,27.5
1987-01-12,28.9,22.8,25.5,26.5,28.85
1987-01-13,26.2,23.4,24.5,25.65,26.34
1987-01-14,28.5,22.9,25.3,25.76,26.9
1987-01-15,28.3,23.2,25.4,26.38,28.4
1987-01-16,29.2,23.1,25.8,26.18,28.16
1987-01-17,28.9,23.4,26.0,25.89,28.28
1987-01-18,28.6,24.0,25.8,26.27,28.01
1987-01-19,28.6,23.0,25.8,25.92,27.34
1987-01-20,29.0,23.5,25.9,25.98,27.48
1987-01-21,28.8,23.0,25.4,26.11,27.83
1987-01-22,29.0,23.6,25.8,26.3,28.05
1987-01-23,28.5,23.6,25.6,25.53,26.76
1987-01-24,28.8,23.5,25.6,26.22,28.1
1987-01-25,26.9,24.0,24.8,26.36,28.65
1987-01-26,25.2,22.9,24.0,25.77,28.18
1987-01-27,26.1,22.9,24.2,25.55,27.4
1987-01-28,27.4,22.3,24.7,26.0,27.8
1987-01-29,27.4,23.3,25.0,25.91,27.57
1987-01-30,28.0,22.9,25.1,25.66,26.48
1987-01-31,27.7,22.6,24.8,26.03,27.83
1987-02-01,28.2,22.7,25.1,26.1,27.85
1987-02-02,27.5,23.1,24.9,25.71,27.28
1987-02-03,28.0,22.6,25.0,26.03,28.04
1987-02-04,28.3,23.9,25.5,26.05,27.92
1987-02-05,28.6,23.7,25.3,25.89,27.18
1987-02-06,28.2,23.4,25.5,26.11,27.23
1987-02-07,28.0,23.5,25.2,26.27,28.23
1987-02-08,26.6,23.2,24.5,25.46,26.25
1987-02-09,25.6,22.6,23.9,25.8,27.03
1987-02-10,28.1,22.3,24.9,25.81,27.39
1987-02-11,28.3,22.7,25.0,25.81,27.35
1987-02-12,28.9,22.6,25.4,26.5,29.21
1987-02-13,28.4,23.4,25.7,26.48,28.89
1987-02-14,28.1,23.7,25.6,26.13,27.38
1987-02-15,28.1,23.6,25.4,26.34,27.72
1987-02-16,28.1,23.0,24.9,25.72,27.08
1987-02-17,28.1,22.9,25.0,26.2,27.61
1987-02-18,28.1,22.4,25.2,26.61,28.68
1987-02-19,27.8,23.4,25.1,26.43,28.26
1987-02-20,28.5,22.9,25.0,26.28,27.53
1987-02-21,27.9,22.9,25.0,26.54,28.68
1987-02-22,28.9,22.9,25.3,26.37,28.13
1987-02-23,28.1,22.8,24.8,26.23,27.69
1987-02-24,28.7,23.2,25.3,26.16,27.88
1987-02-25,26.7,23.5,24.8,25.79,26.97
1987-02-26,27.8,23.1,25.1,26.04,28.27
1987-02-27,29.1,22.7,25.6,25.7,26.77
1987-02-28,28.9,23.5,25.4,25.44,26.16
1987-03-01,29.1,23.2,25.6,25.34,26.2
1987-03-02,28.4,22.9,25.3,25.7,26.6
1987-03-03,27.8,22.6,25.1,26.54,28.34
1987-03-04,28.6,22.8,25.4,26.76,28.54
1987-03-05,29.3,22.6,25.5,26.99,29.09
1987-03-06,29.6,23.2,26.0,26.88,29.34
1987-03-07,29.4,22.8,26.1,26.81,28.99
1987-03-08,29.7,23.4,26.2,26.76,29.71
1987-03-09,29.5,23.4,26.2,26.46,28.83
1987-03-10,29.2,23.8,26.1,26.56,28.59
1987-03-11,28.9,23.7,25.9,27.11,29.51
1987-03-12,30.0,23.7,26.5,26.9,29.53
1987-03-13,30.0,24.6,26.9,26.95,29.72
1987-03-14,29.9,23.8,26.4,27.18,29.89
1987-03-15,29.8,23.7,26.3,27.32,28.96
1987-03-16,29.4,23.6,26.2,27.54,28.76
1987-03-17,28.8,23.3,25.8,27.9,30.11
1987-03-18,29.8,22.4,25.7,27.69,29.57
1987-03-19,29.4,22.6,25.8,27.15,29.23
1987-03-20,28.6,23.3,25.3,26.65,28.63
1987-03-21,29.0,23.3,25.5,26.25,27.84
1987-03-22,29.7,23.0,25.9,27.28,29.97
1987-03-23,29.6,23.8,26.0,27.58,30.27
1987-03-24,28.6,23.5,25.7,26.56,27.98
1987-03-25,29.1,23.2,26.1,27.19,29.21
1987-03-26,29.5,24.2,26.1,27.19,28.71
1987-03-27,28.9,23.2,25.5,27.11,29.11
1987-03-28,28.6,22.8,25.3,26.3,27.42
1987-03-29,28.5,22.7,24.9,26.8,28.85
1987-03-30,29.5,23.2,26.2,26.93,29.63
1987-03-31,29.7,24.1,26.2,27.54,29.82
1987-04-01,29.8,23.1,26.4,27.48,29.41
1987-04-02,29.6,23.8,26.2,27.5,29.44
1987-04-03,30.2,24.0,26.2,27.43,29.52
1987-04-04,29.0,23.7,25.8,27.09,28.95
1987-04-05,28.8,23.5,25.9,26.95,29.23
1987-04-06,29.8,23.5,26.2,27.14,29.41
1987-04-07,28.6,24.0,25.8,27.06,29.02
1987-04-08,28.1,23.5,25.6,27.04,29.11
1987-04-09,30.2,23.5,26.1,27.05,29.43
1987-04-10,30.2,22.9,26.4,27.55,30.0
1987-04-11,28.2,23.4,25.7,27.29,29.39
1987-04-12,29.8,22.6,25.8,27.64,29.81
1987-04-13,29.7,23.4,26.2,27.22,28.62
1987-04-14,30.3,23.1,26.3,27.44,29.88
1987-04-15,29.0,24.1,26.3,27.42,29.56
1987-04-16,29.3,23.2,25.9,27.26,29.31
1987-04-17,30.0,22.7,26.4,27.27,29.74
1987-04-18,29.4,23.6,26.4,27.5,29.51
1987-04-19,28.2,23.4,25.9,27.34,29.48
1987-04-20,29.5,23.0,26.1,27.58,30.11
1987-04-21,29.5,23.6,26.1,27.54,29.58
1987-04-22,28.9,23.7,25.7,27.42,29.61
1987-04-23,28.0,24.1,25.6,27.09,28.89
1987-04-24,29.8,23.8,26.2,27.48,29.5
1987-04-25,29.2,23.6,26.0,27.69,29.95
1987-04-26,29.6,23.6,26.3,27.33,28.99
1987-04-27,29.8,23.1,26.3,27.57,29.91
1987-04-28,28.3,23.6,25.8,27.37,29.43
1987-04-29,28.5,23.4,25.7,27.28,29.36
1987-04-30,28.2,23.8,25.7,27.4,29.54
1987-05-01,29.9,23.3,26.2,27.59,30.08
1987-05-02,30.3,23.3,26.2,27.45,29.67
1987-05-03,29.4,24.0,26.2,27.1,29.13
1987-05-04,29.7,23.7,26.2,27.05,29.19
1987-05-05,29.0,23.1,25.6,26.79,28.86
1987-05-06,29.9,23.0,26.2,26.7,28.6
1987-05-07,30.0,23.2,26.3,27.0,29.11
1987-05-08,28.8,23.4,25.6,26.84,28.22
1987-05-09,28.6,23.0,25.3,27.16,29.05
1987-05-10,28.9,22.6,25.2,27.31,29.85
1987-05-11,28.8,23.4,25.8,26.94,28.45
1987-05-12,29.7,23.4,26.3,27.43,29.46
1987-05-13,29.6,23.3,26.2,26.76,27.99
1987-05-14,29.9,23.4,26.6,27.58,29.66
1987-05-15,30.0,23.3,26.1,27.75,30.14
1987-05-16,30.3,23.1,26.5,27.83,29.77
1987-05-17,29.9,23.2,26.3,27.48,29.44
1987-05-18,30.1,22.9,26.3,27.23,29.12
1987-05-19,30.5,21.9,26.4,27.12,29.27
1987-05-20,29.8,22.7,26.0,27.27,29.62
1987-05-21,30.4,22.5,26.7,27.45,29.92
1987-05-22,30.7,21.8,26.6,27.43,29.96
1987-05-23,30.7,23.2,27.1,27.53,29.44
1987-05-24,31.1,23.1,27.0,27.88,29.98
1987-05-25,30.1,23.8,26.2,26.84,28.09
1987-05-26,28.7,23.3,25.7,27.15,29.08
1987-05-27,30.0,23.4,25.8,27.03,29.46
1987-05-28,29.6,22.3,25.5,27.08,29.47
1987-05-29,29.5,22.2,25.6,27.12,29.44
1987-05-30,30.0,23.3,26.2,27.54,29.76
1987-05-31,29.8,24.3,26.5,27.62,30.06
1987-06-01,29.7,23.6,26.2,27.7,29.76
1987-06-02,29.6,23.0,26.0,27.85,30.03
1987-06-03,29.7,24.1,26.1,27.53,29.47
1987-06-04,28.8,23.7,25.8,27.26,29.41
1987-06-05,28.5,23.8,25.9,27.15,29.43
1987-06-06,27.6,23.7,25.3,27.15,29.33
1987-06-07,27.4,23.4,24.9,26.98,29.21
1987-06-08,28.6,23.3,25.9,26.98,29.34
1987-06-09,30.0,23.8,26.5,27.42,30.07
1987-06-10,30.0,23.2,26.5,27.4,29.79
1987-06-11,30.1,23.7,26.8,27.36,29.93
1987-06-12,30.0,23.6,26.5,27.49,29.88
1987-06-13,29.6,24.1,26.7,27.09,29.26
1987-06-14,29.4,23.7,26.2,27.1,29.58
1987-06-15,29.8,22.6,26.1,26.61,28.93
1987-06-16,29.9,23.0,26.3,26.46,28.92
1987-06-17,29.7,23.2,26.5,26.59,28.87
1987-06-18,29.4,23.4,26.1,26.69,28.78
1987-06-19,30.1,23.4,26.6,26.7,28.63
1987-06-20,30.6,23.6,26.7,26.56,28.5
1987-06-21,30.7,23.9,27.2,27.06,29.35
1987-06-22,30.6,23.8,27.0,27.33,29.78
1987-06-23,29.9,23.4,26.3,27.03,29.6
1987-06-24,30.1,23.1,26.4,26.98,29.43
1987-06-25,28.9,23.4,26.1,27.13,29.45
1987-06-26,29.7,23.3,26.0,27.05,29.41
1987-06-27,29.4,23.1,25.9,26.68,28.61
1987-06-28,29.9,21.7,25.8,26.98,29.4
1987-06-29,29.8,23.0,26.4,26.25,28.59
1987-06-30,30.1,23.2,26.6,25.97,28.65
1987-07-01,30.3,22.9,26.2,26.01,28.55
1987-07-02,29.1,23.1,25.8,26.18,28.25
1987-07-03,29.6,22.9,26.0,26.18,28.28
1987-07-04,29.9,23.1,26.1,26.63,28.87
1987-07-05,30.6,22.6,26.4,26.59,29.24
1987-07-06,30.5,23.1,26.5,26.37,29.15
1987-07-07,30.2,22.4,26.5,26.45,29.26
1987-07-08,30.6,23.4,26.7,26.38,28.9
1987-07-09,29.9,22.9,26.1,26.83,29.35
1987-07-10,30.3,23.6,26.6,26.42,28.96
1987-07-11,30.7,23.5,26.8,26.71,29.0
1987-07-12,31.0,24.0,27.1,26.29,28.66
1987-07-13,30.8,23.0,26.8,26.56,29.21
1987-07-14,29.8,23.1,26.1,26.37,29.17
1987-07-15,30.1,22.6,26.3,25.97,28.85
1987-07-16,30.8,22.5,26.5,26.32,29.01
1987-07-17,30.8,22.7,26.8,26.94,29.63
1987-07-18,30.5,23.9,26.9,27.19,29.6
1987-07-19,30.5,23.4,26.8,26.57,29.14
1987-07-20,30.9,23.0,27.0,26.31,29.09
1987-07-21,31.1,23.2,27.0,26.27,28.95
1987-07-22,31.0,24.1,27.3,26.19,28.74
1987-07-23,31.0,23.8,27.4,26.32,29.22
1987-07-24,30.9,23.4,27.3,26.66,29.29
1987-07-25,30.2,23.7,26.8,26.67,29.46
1987-07-26,29.1,23.6,25.9,26.46,29.11
1987-07-27,29.9,23.0,26.2,25.95,28.7
1987-07-28,29.5,23.0,26.3,25.56,28.45
1987-07-29,30.5,22.7,26.6,26.07,28.9
1987-07-30,30.9,22.6,26.9,26.33,29.46
1987-07-31,30.6,23.2,27.1,26.76,29.69
1987-08-01,31.3,23.5,27.2,26.91,29.78
1987-08-02,31.1,23.5,27.2,26.5,29.28
1987-08-03,31.5,23.6,27.5,26.56,29.77
1987-08-04,31.1,23.4,27.3,26.14,29.21
1987-08-05,31.1,22.1,27.0,25.91,29.32
1987-08-06,31.8,22.7,27.3,25.78,29.06
1987-08-07,31.5,22.7,26.9,26.21,29.39
1987-08-08,31.2,22.7,26.9,26.18,28.83
1987-08-09,31.3,23.6,27.5,26.3,29.56
1987-08-10,31.1,23.5,26.8,26.05,29.33
1987-08-11,31.2,22.8,26.9,25.59,28.6
1987-08-12,31.3,22.5,26.8,25.66,28.59
1987-08-13,31.4,22.0,26.6,26.18,29.14
1987-08-14,31.3,22.8,26.7,25.41,28.72
1987-08-15,31.2,21.9,26.6,24.93,28.41
1987-08-16,31.6,22.0,26.6,24.86,28.39
1987-08-17,31.9,21.7,26.7,25.3,28.49
1987-08-18,31.4,22.5,26.9,25.81,28.74
1987-08-19,31.8,23.5,27.3,25.62,28.84
1987-08-20,31.0,23.4,26.9,26.19,29.47
1987-08-21,32.0,24.1,27.2,25.89,29.52
1987-08-22,31.4,22.3,26.9,25.6,28.74
1987-08-23,31.5,22.1,26.9,25.61,28.82
1987-08-24,31.8,22.6,27.0,26.02,29.04
1987-08-25,32.1,23.0,27.5,27.32,30.59
1987-08-26,31.7,24.7,27.5,26.97,29.93
1987-08-27,30.7,23.8,27.1,26.6,28.93
1987-08-28,31.4,23.9,27.3,26.46,29.32
1987-08-29,31.5,24.7,27.6,26.61,29.54
1987-08-30,31.3,23.8,27.2,26.62,29.68
1987-08-31,31.5,24.4,27.5,26.81,29.7
1987-09-01,32.1,23.6,27.7,27.25,30.55
1987-09-02,31.6,24.0,27.7,27.32,30.43
1987-09-03,31.1,24.7,27.0,27.34,30.27
1987-09-04,30.8,23.2,27.0,27.16,30.04
1987-09-05,30.5,22.7,26.8,26.81,30.15
1987-09-06,30.3,23.2,26.6,27.21,30.7
1987-09-07,30.6,23.3,26.7,26.67,29.55
1987-09-08,31.9,22.5,27.0,26.64,29.88
1987-09-09,32.2,22.2,27.0,26.37,29.91
1987-09-10,32.0,21.7,27.0,26.13,29.43
1987-09-11,32.0,22.4,27.1,26.5,29.76
1987-09-12,31.4,23.8,27.3,26.62,29.43
1987-09-13,30.8,24.0,27.1,26.94,30.51
1987-09-14,31.1,23.4,27.1,27.09,30.37
1987-09-15,31.0,23.8,27.3,27.11,30.21
1987-09-16,31.7,23.4,27.4,27.16,30.63
1987-09-17,33.1,23.4,27.8,26.68,29.75
1987-09-18,32.7,23.8,28.0,27.13,30.94
1987-09-19,32.7,23.1,27.9,27.67,31.57
1987-09-20,32.9,23.8,28.1,28.0,31.98
1987-09-21,33.2,23.9,28.0,27.99,31.81
1987-09-22,33.0,22.8,27.8,28.08,31.78
1987-09-23,32.1,23.2,27.5,27.59,30.8
1987-09-24,32.0,24.8,27.9,27.58,31.13
1987-09-25,33.3,23.4,28.0,28.01,32.18
1987-09-26,32.8,23.2,28.1,28.34,31.96
1987-09-27,30.7,24.3,27.0,28.07,31.18
1987-09-28,30.4,23.8,26.9,27.45,29.91
1987-09-29,31.6,23.8,27.1,27.39,30.33
1987-09-30,31.9,23.7,27.3,27.09,28.78
1987-10-01,32.4,24.0,27.9,27.9,30.99
1987-10-02,32.3,24.6,27.2,27.76,30.84
1987-10-03,32.0,23.9,27.3,28.03,31.0
1987-10-04,31.7,23.6,27.6,27.85,30.87
1987-10-05,32.7,24.6,28.2,28.02,31.4
1987-10-06,32.8,24.3,28.3,27.78,31.48
1987-10-07,32.8,23.9,28.2,27.94,31.18
1987-10-08,32.4,24.4,28.5,27.96,30.89
1987-10-09,31.7,24.6,28.0,28.0,30.93
1987-10-10,31.1,24.7,27.7,27.99,31.02
1987-10-11,31.3,24.4,27.2,27.87,31.03
1987-10-12,31.1,24.0,27.2,27.78,30.74
1987-10-13,31.5,24.1,27.3,27.86,31.15
1987-10-14,30.9,23.6,27.2,27.66,31.17
1987-10-15,31.6,23.9,27.7,27.71,31.11
1987-10-16,31.0,24.3,27.2,27.75,31.09
1987-10-17,31.4,24.8,27.7,27.57,30.23
1987-10-18,32.2,24.4,28.0,28.15,31.45
1987-10-19,30.9,24.6,27.5,28.3,31.62
1987-10-20,31.8,24.0,27.5,28.25,31.63
1987-10-21,31.7,23.8,27.6,28.29,31.88
1987-10-22,32.1,23.1,27.7,28.36,31.85
1987-10-23,32.6,24.2,28.2,28.77,32.65
1987-10-24,33.0,23.3,28.1,28.44,32.45
1987-10-25,32.8,24.1,28.2,28.36,32.54
1987-10-26,33.5,23.2,28.3,28.39,32.44
1987-10-27,32.5,25.4,28.6,28.8,32.64
1987-10-28,32.9,24.9,28.7,29.17,33.25
1987-10-29,32.5,24.6,28.0,28.98,32.81
1987-10-30,32.7,24.8,27.6,28.79,31.98
1987-10-31,32.7,24.0,28.3,29.29,33.38
1987-11-01,33.1,24.5,28.6,29.16,32.61
1987-11-02,32.2,24.7,28.3,29.16,32.86
1987-11-03,31.5,24.9,27.5,28.81,31.97
1987-11-04,31.5,23.7,27.4,28.69,31.94
1987-11-05,31.0,24.4,27.7,28.71,31.81
1987-11-06,30.4,24.7,27.1,28.55,31.4
1987-11-07,30.5,24.3,26.8,28.65,31.92
1987-11-08,30.3,24.3,26.7,28.66,31.53
1987-11-09,29.5,24.2,26.1,27.13,28.62
1987-11-10,27.8,24.0,25.9,27.37,29.55
1987-11-11,30.5,24.2,26.9,28.12,31.04
1987-11-12,31.6,23.9,27.4,28.05,30.07
1987-11-13,30.6,24.1,27.0,27.62,29.45
1987-11-14,30.9,24.5,27.1,28.11,30.99
1987-11-15,30.7,23.9,26.6,27.2,29.05
1987-11-16,30.7,24.1,26.4,27.65,30.26
1987-11-17,30.8,23.1,26.8,28.26,30.51
1987-11-18,31.7,23.5,27.1,27.93,29.9
1987-11-19,31.2,23.9,27.4,28.1,30.61
1987-11-20,30.4,23.8,26.6,28.4,31.14
1987-11-21,30.5,23.7,26.8,28.21,29.94
1987-11-22,29.5,24.3,26.6,28.53,31.09
1987-11-23,29.9,24.2,26.7,27.26,29.0
1987-11-24,31.0,23.2,27.0,27.68,30.31
1987-11-25,32.1,24.0,27.6,27.75,30.27
1987-11-26,31.6,24.7,27.6,28.61,31.97
1987-11-27,32.4,24.8,27.9,28.56,31.14
1987-11-28,30.8,24.5,27.2,27.67,29.03
1987-11-29,30.3,24.2,26.6,28.31,30.76
1987-11-30,29.8,23.9,26.5,28.37,30.43
1987-12-01,30.2,24.1,26.4,27.62,29.26
1987-12-02,29.8,24.3,26.9,27.83,30.07
1987-12-03,29.0,24.4,26.1,27.74,29.53
1987-12-04,28.9,24.1,26.2,27.87,30.08
1987-12-05,28.8,24.1,25.7,28.38,31.07
1987-12-06,28.4,24.0,25.7,27.27,28.71
1987-12-07,28.9,23.8,25.9,27.69,30.31
1987-12-08,30.0,23.9,26.4,28.03,30.63
1987-12-09,29.8,24.1,26.5,27.93,29.68
1987-12-10,28.9,24.0,26.0,27.54,30.26
1987-12-11,30.7,23.0,26.8,27.51,29.27
1987-12-12,30.1,23.5,26.2,28.13,30.93
1987-12-13,28.6,23.8,25.8,27.6,30.36
1987-12-14,25.3,23.6,24.5,27.16,28.14
1987-12-15,27.5,23.7,25.4,26.52,27.52
1987-12-16,27.6,23.6,25.1,27.43,30.53
1987-12-17,29.5,23.3,25.8,26.94,29.13
1987-12-18,27.5,23.7,25.3,26.75,28.71
1987-12-19,26.0,23.6,24.6,27.09,29.24
1987-12-20,28.0,23.3,25.3,27.23,29.28
1987-12-21,26.8,24.0,24.9,27.39,29.65
1987-12-22,27.4,23.6,25.0,26.71,27.84
1987-12-23,28.2,24.0,25.6,26.6,28.21
1987-12-24,27.6,24.3,25.7,27.36,29.98
1987-12-25,27.8,24.5,26.0,27.6,29.98
1987-12-26,28.8,24.3,26.1,27.59,29.63
1987-12-27,30.1,23.6,26.6,27.41,29.28
1987-12-28,29.8,23.7,26.5,27.73,30.65
1987-12-29,30.4,23.4,26.7,27.66,30.82
1987-12-30,29.9,23.3,26.6,27.59,31.4
1987-12-31,29.2,23.6,26.0,27.14,29.45
1988-01-01,29.5,23.5,26.3,27.36,28.65
1988-01-02,29.5,23.7,26.0,27.69,30.09
1988-01-03,29.2,23.5,26.1,27.17,28.22
1988-01-04,30.4,23.1,26.2,27.84,30.34
1988-01-05,29.5,23.3,26.2,27.42,30.47
1988-01-06,28.7,23.7,25.8,26.59,28.92
1988-01-07,27.9,23.8,25.3,26.85,29.39
1988-01-08,29.0,23.7,25.7,26.55,28.45
1988-01-09,30.1,22.7,26.4,27.18,29.87
1988-01-10,29.0,23.0,25.8,26.99,28.38
1988-01-11,29.0,23.5,26.0,26.7,27.33
1988-01-12,30.2,23.1,26.4,27.33,29.45
1988-01-13,30.0,23.0,26.4,26.69,28.12
1988-01-14,28.8,24.0,26.0,26.86,28.91
1988-01-15,29.4,23.8,26.4,26.84,29.14
1988-01-16,28.5,23.6,26.2,27.18,28.83
1988-01-17,28.6,23.6,25.5,26.73,27.65
1988-01-18,28.6,23.9,25.5,26.34,27.12
1988-01-19,28.8,23.7,25.7,26.49,28.22
1988-01-20,26.4,23.6,24.8,26.7,28.44
1988-01-21,27.0,23.6,25.2,26.91,28.61
1988-01-22,28.7,23.9,25.9,27.1,29.14
1988-01-23,27.8,23.7,25.7,26.95,28.41
1988-01-24,27.7,23.6,25.2,27.08,29.27
1988-01-25,29.6,23.6,25.8,26.99,28.94
1988-01-26,28.3,23.6,25.5,27.03,29.61
1988-01-27,28.8,23.4,25.6,26.06,27.19
1988-01-28,28.5,23.7,25.7,25.94,27.8
1988-01-29,27.1,23.6,25.0,26.55,29.06
1988-01-30,27.1,23.5,25.0,26.51,27.87
1988-01-31,29.9,23.5,26.4,26.04,27.14
1988-02-01,28.7,23.4,25.9,26.82,29.4
1988-02-02,27.0,23.8,25.0,26.74,29.07
1988-02-03,29.2,23.5,25.8,26.29,27.93
1988-02-04,27.4,23.8,25.3,26.79,29.31
1988-02-05,28.0,24.1,25.4,27.23,30.16
1988-02-06,28.6,23.4,25.5,26.78,29.08
1988-02-07,28.5,23.8,25.7,26.54,27.5
1988-02-08,28.6,23.3,25.7,26.23,27.2
1988-02-09,29.7,23.4,26.3,26.4,27.6
1988-02-10,29.5,23.6,26.3,25.81,26.8
1988-02-11,29.4,24.2,26.5,26.34,27.81
1988-02-12,28.1,24.3,25.8,26.45,28.54
1988-02-13,29.6,23.7,26.3,26.53,28.14
1988-02-14,28.8,24.1,26.0,26.45,28.16
1988-02-15,28.7,23.5,25.6,26.55,28.64
1988-02-16,28.4,23.9,26.0,27.08,29.79
1988-02-17,29.2,23.3,26.0,26.65,29.07
1988-02-18,28.9,22.8,25.8,26.5,29.21
1988-02-19,30.1,22.5,26.3,26.92,29.96
1988-02-20,30.7,22.6,26.7,27.19,29.95
1988-02-21,30.1,23.2,26.3,27.4,29.69
1988-02-22,30.3,23.9,26.4,27.51,29.8
1988-02-23,29.0,23.1,25.6,27.13,29.54
1988-02-24,29.6,22.5,26.1,27.21,29.72
1988-02-25,29.6,23.8,26.4,27.81,30.25
1988-02-26,30.4,23.5,26.9,27.85,29.95
1988-02-27,30.3,23.7,26.7,27.63,29.6
1988-02-28,30.6,24.9,27.4,28.24,30.82
1988-02-29,30.1,24.3,27.0,27.53,28.73
1988-03-01,29.5,23.9,26.6,28.02,30.47
1988-03-02,28.4,24.4,26.4,27.88,29.96
1988-03-03,29.4,24.2,26.5,28.23,30.58
1988-03-04,28.8,24.1,26.0,27.55,29.15
1988-03-05,28.7,23.9,26.0,27.7,30.47
1988-03-06,29.0,23.7,26.1,27.76,29.54
1988-03-07,30.4,23.3,26.3,28.29,30.6
1988-03-08,29.6,23.6,26.1,27.79,29.58
1988-03-09,28.4,23.6,25.9,27.58,29.45
1988-03-10,29.6,23.6,26.3,27.43,29.56
1988-03-11,30.0,23.9,26.3,27.39,29.15
1988-03-12,28.7,23.5,25.9,27.33,28.48
1988-03-13,30.3,23.9,26.5,27.9,29.77
1988-03-14,29.0,24.0,26.1,27.47,28.63
1988-03-15,28.7,23.8,26.4,27.55,28.95
1988-03-16,30.1,23.8,26.6,27.94,30.3
1988-03-17,30.1,24.3,26.6,27.73,30.16
1988-03-18,29.2,24.0,26.2,27.79,29.87
1988-03-19,29.1,23.8,26.6,27.75,29.79
1988-03-20,29.3,24.2,26.2,27.84,30.16
1988-03-21,28.6,24.1,26.1,27.32,28.86
1988-03-22,29.0,24.2,26.2,27.72,29.88
1988-03-23,27.8,24.5,25.9,27.9,30.63
1988-03-24,28.0,24.9,26.2,27.23,28.72
1988-03-25,29.1,24.6,26.5,27.31,28.95
1988-03-26,28.7,24.4,26.4,27.51,28.63
1988-03-27,29.1,24.7,26.5,28.04,29.49
1988-03-28,29.1,25.2,26.7,28.33,30.53
1988-03-29,29.5,25.0,26.5,27.72,28.84
1988-03-30,30.8,25.0,27.1,27.79,29.82
1988-03-31,29.3,25.3,26.4,27.09,28.06
1988-04-01,29.2,24.9,26.5,27.28,29.23
1988-04-02,28.5,24.6,26.1,26.92,28.87
1988-04-03,30.3,23.8,26.4,27.4,30.41
1988-04-04,31.1,23.0,26.6,27.46,30.65
1988-04-05,30.4,22.4,26.2,26.21,27.84
1988-04-06,29.3,23.4,26.2,27.29,29.44
1988-04-07,30.0,22.6,26.3,27.53,30.12
1988-04-08,29.5,23.5,26.7,27.42,29.66
1988-04-09,29.9,23.8,26.5,27.68,29.94
1988-04-10,29.8,23.6,26.5,27.84,30.28
1988-04-11,30.1,24.2,26.7,27.87,29.96
1988-04-12,29.9,23.9,26.6,27.83,30.13
1988-04-13,29.3,23.2,26.0,27.94,30.34
1988-04-14,29.5,23.0,26.4,27.78,29.99
1988-04-15,28.4,23.3,26.0,27.47,29.5
1988-04-16,29.7,23.8,26.1,27.46,29.37
1988-04-17,29.9,23.6,26.1,27.46,28.94
1988-04-18,29.7,23.6,26.4,27.6,29.3
1988-04-19,28.3,24.4,26.3,27.39,28.94
1988-04-20,29.1,24.0,26.2,27.45,29.53
1988-04-21,30.5,23.9,26.6,27.18,28.47
1988-04-22,30.8,23.9,27.4,27.47,30.02
1988-04-23,30.6,23.7,27.0,27.54,30.21
1988-04-24,30.7,24.4,27.3,27.96,30.5
1988-04-25,31.3,24.5,27.6,27.73,30.56
1988-04-26,30.9,23.7,27.2,27.77,30.54
1988-04-27,30.6,24.3,27.0,27.74,30.34
1988-04-28,30.0,24.1,26.6,27.8,30.08
1988-04-29,30.2,23.6,26.3,27.24,28.36
1988-04-30,29.9,23.9,26.3,27.08,28.6
1988-05-01,30.1,23.7,26.5,27.54,30.12
1988-05-02,30.5,23.0,26.7,27.63,30.03
1988-05-03,29.1,23.9,26.1,27.25,28.74
1988-05-04,29.6,23.4,26.0,27.25,29.19
1988-05-05,29.9,23.9,26.5,27.47,29.7
1988-05-06,29.8,24.0,26.6,27.9,30.11
1988-05-07,30.6,23.2,26.7,27.62,29.53
1988-05-08,30.1,24.4,26.8,27.66,29.22
1988-05-09,29.6,24.1,26.5,27.36,29.0
1988-05-10,30.0,24.0,26.4,27.12,28.79
1988-05-11,29.1,24.1,26.5,27.48,29.79
1988-05-12,28.0,24.1,25.9,27.44,29.51
1988-05-13,29.7,23.6,26.5,27.55,29.97
1988-05-14,28.7,24.3,26.1,27.86,30.07
1988-05-15,29.5,24.2,26.1,27.66,29.67
1988-05-16,29.3,23.7,26.3,27.76,30.08
1988-05-17,29.3,23.5,25.9,27.29,29.6
1988-05-18,29.7,23.9,26.2,27.48,29.71
1988-05-19,30.4,24.4,27.1,28.01,30.05
1988-05-20,29.8,25.0,26.8,27.49,29.22
1988-05-21,30.2,24.2,26.4,27.5,29.15
1988-05-22,28.9,23.8,26.0,27.72,29.75
1988-05-23,29.6,23.5,26.1,27.72,30.01
1988-05-24,29.3,23.6,26.1,27.55,29.21
1988-05-25,30.3,22.8,26.4,27.98,30.04
1988-05-26,30.1,23.8,26.5,28.07,30.43
1988-05-27,29.6,23.8,26.2,27.79,29.62
1988-05-28,30.2,22.8,26.5,27.84,30.14
1988-05-29,29.8,23.7,26.3,27.6,29.31
1988-05-30,30.2,23.2,26.7,27.71,29.46
1988-05-31,30.0,23.3,26.3,27.72,29.8
1988-06-01,30.1,22.5,26.2,27.79,30.15
1988-06-02,30.3,23.7,26.6,27.5,29.46
1988-06-03,29.6,23.3,26.1,27.38,29.98
1988-06-04,30.2,22.5,26.2,27.0,29.5
1988-06-05,29.8,23.4,26.1,27.09,29.38
1988-06-06,29.5,23.6,26.1,27.01,28.8
1988-06-07,28.8,23.5,25.7,26.49,27.75
1988-06-08,28.6,24.1,25.7,26.8,28.69
1988-06-09,29.5,24.2,26.6,27.17,29.19
1988-06-10,28.4,23.5,26.0,27.12,28.98
1988-06-11,30.1,23.1,25.8,27.06,29.65
1988-06-12,29.5,22.0,25.5,26.99,29.45
1988-06-13,29.3,22.0,25.4,26.9,29.48
1988-06-14,29.5,22.2,25.9,27.12,29.24
1988-06-15,29.9,23.3,26.4,27.36,29.57
1988-06-16,29.2,23.6,25.8,26.65,28.22
1988-06-17,27.2,22.9,24.7,26.7,28.98
1988-06-18,26.2,23.1,24.2,26.34,28.05
1988-06-19,28.7,22.7,25.6,26.76,28.69
1988-06-20,30.0,22.8,25.8,26.99,29.15
1988-06-21,29.0,22.9,26.0,26.62,28.81
1988-06-22,29.1,23.5,26.0,25.98,28.54
1988-06-23,29.6,21.5,25.8,26.44,29.11
1988-06-24,30.2,22.1,26.1,26.59,28.94
1988-06-25,29.6,22.8,26.0,26.63,29.05
1988-06-26,29.5,22.6,26.2,27.06,29.21
1988-06-27,29.9,22.7,26.3,26.9,29.31
1988-06-28,29.5,23.6,25.9,26.93,29.39
1988-06-29,29.3,23.1,25.9,26.33,28.77
1988-06-30,29.4,22.3,25.9,26.27,28.79
1988-07-01,29.5,22.2,26.1,26.39,29.2
1988-07-02,29.9,22.5,25.7,26.42,28.88
1988-07-03,29.6,22.5,25.7,26.78,29.33
1988-07-04,29.8,22.3,25.5,27.14,29.28
1988-07-05,29.3,22.7,25.5,26.76,28.92
1988-07-06,29.0,22.2,25.4,26.53,29.04
1988-07-07,29.0,22.6,25.3,26.7,29.15
1988-07-08,29.0,22.2,25.6,26.63,28.95
1988-07-09,29.6,22.9,26.3,26.35,28.76
1988-07-10,29.9,22.3,26.2,26.4,28.85
1988-07-11,30.2,22.8,26.4,26.64,29.13
1988-07-12,29.9,23.5,25.7,26.25,28.69
1988-07-13,29.7,21.7,25.5,25.46,28.15
1988-07-14,30.3,22.7,26.1,25.89,28.58
1988-07-15,30.5,23.2,26.0,26.09,28.21
1988-07-16,28.7,23.3,25.2,26.03,28.55
1988-07-17,29.0,23.4,25.9,26.33,28.98
1988-07-18,29.8,21.9,25.9,26.34,28.73
1988-07-19,29.3,23.8,26.5,26.2,28.7
1988-07-20,29.6,24.3,26.5,25.94,28.11
1988-07-21,29.9,22.5,26.0,26.06,28.85
1988-07-22,29.8,21.8,25.9,26.14,29.19
1988-07-23,29.4,23.4,26.2,26.4,28.95
1988-07-24,30.4,23.2,26.5,26.34,28.27
1988-07-25,30.2,22.8,26.4,26.63,29.16
1988-07-26,30.5,22.7,26.5,26.34,28.93
1988-07-27,30.7,22.8,26.5,26.62,29.48
1988-07-28,30.4,23.0,26.4,26.23,28.77
1988-07-29,30.7,22.0,26.3,26.2,28.95
1988-07-30,30.8,22.4,26.5,26.5,29.33
1988-07-31,30.7,22.2,26.4,26.32,28.98
1988-08-01,31.2,22.6,26.6,26.75,28.99
1988-08-02,30.5,22.8,26.6,26.85,29.55
1988-08-03,28.5,23.0,25.4,26.44,28.78
1988-08-04,29.3,22.9,25.7,26.38,28.88
1988-08-05,30.0,23.1,25.9,26.51,28.81
1988-08-06,29.8,22.9,26.1,26.41,28.52
1988-08-07,29.4,22.8,25.9,26.62,29.06
1988-08-08,30.3,21.7,25.9,27.0,29.56
1988-08-09,30.3,23.0,26.5,26.94,29.29
1988-08-10,30.5,22.9,26.1,27.16,29.71
1988-08-11,30.6,21.6,25.9,27.3,30.41
1988-08-12,29.5,22.5,25.6,26.82,29.52
1988-08-13,28.7,23.6,25.6,26.83,29.01
1988-08-14,28.5,23.1,25.3,26.77,29.47
1988-08-15,29.5,22.4,25.7,26.9,29.65
1988-08-16,30.3,22.9,26.7,26.85,29.38
1988-08-17,30.2,23.0,26.7,27.21,30.03
1988-08-18,31.2,23.0,26.7,27.15,30.02
1988-08-19,30.8,22.7,26.7,27.43,30.39
1988-08-20,31.3,23.3,26.4,27.83,30.3
1988-08-21,30.5,23.0,26.6,26.9,29.54
1988-08-22,30.4,22.2,26.6,26.9,29.91
1988-08-23,30.0,23.0,26.4,26.77,29.68
1988-08-24,29.7,23.6,26.4,26.62,29.48
1988-08-25,29.7,23.0,26.0,27.09,30.18
1988-08-26,30.3,23.5,26.3,26.98,30.06
1988-08-27,30.4,22.9,26.4,27.09,29.95
1988-08-28,30.2,23.1,26.3,27.26,30.34
1988-08-29,30.9,23.0,26.9,27.32,30.61
1988-08-30,31.4,23.1,27.0,27.48,31.22
1988-08-31,31.6,23.0,27.2,27.39,30.95
1988-09-01,31.8,23.4,27.3,27.4,30.89
1988-09-02,31.6,23.6,26.9,27.6,30.72
1988-09-03,30.2,23.4,26.1,27.45,30.47
1988-09-04,30.8,22.9,26.5,27.59,30.91
1988-09-05,31.0,23.0,26.9,27.6,30.7
1988-09-06,31.3,23.3,27.0,28.06,31.38
1988-09-07,31.9,23.8,27.3,28.13,31.52
1988-09-08,31.2,22.9,27.0,27.66,30.54
1988-09-09,31.9,23.4,27.2,28.14,31.47
1988-09-10,31.7,23.8,27.5,28.13,31.54
1988-09-11,31.0,23.3,26.4,28.08,31.67
1988-09-12,30.6,23.0,26.5,27.69,30.95
1988-09-13,31.4,23.7,26.7,27.62,30.53
1988-09-14,31.3,23.0,27.0,28.08,31.67
1988-09-15,32.0,22.7,27.1,27.98,31.81
1988-09-16,31.3,24.2,26.6,27.68,30.48
1988-09-17,31.1,22.7,26.9,28.39,31.61
1988-09-18,32.0,23.8,27.2,28.69,32.52
1988-09-19,31.0,23.0,26.6,27.95,31.55
1988-09-20,30.8,24.3,27.0,27.71,30.37
1988-09-21,31.3,24.3,27.4,27.87,31.39
1988-09-22,31.9,23.6,27.5,27.97,30.99
1988-09-23,31.3,24.4,27.2,28.25,31.56
1988-09-24,32.1,23.3,27.6,28.56,31.81
1988-09-25,32.1,24.4,28.1,29.24,32.89
1988-09-26,31.6,23.8,27.1,28.84,32.52
1988-09-27,31.9,24.0,27.1,29.0,32.71
1988-09-28,29.8,23.5,26.7,28.24,31.04
1988-09-29,31.3,23.0,26.8,28.54,31.82
1988-09-30,31.9,24.4,27.8,28.29,30.7
1988-10-01,32.3,24.3,27.7,29.06,32.39
1988-10-02,30.8,23.8,26.7,28.53,31.08
1988-10-03,32.0,23.2,26.8,28.19,31.62
1988-10-04,31.9,23.5,27.2,29.07,33.15
1988-10-05,31.7,24.2,27.1,29.24,32.87
1988-10-06,32.3,23.4,27.5,29.1,32.84
1988-10-07,32.6,24.7,28.0,28.83,31.99
1988-10-08,31.4,24.8,27.6,28.5,31.63
1988-10-09,30.9,24.2,26.9,28.96,31.66
1988-10-10,31.4,24.0,27.1,27.19,28.41
1988-10-11,30.8,24.1,26.7,28.32,31.75
1988-10-12,31.1,23.6,26.5,28.48,30.61
1988-10-13,29.0,24.0,26.2,26.66,27.26
1988-10-14,29.0,23.5,25.6,27.38,29.77
1988-10-15,27.3,23.4,25.0,27.33,29.48
1988-10-16,28.6,22.9,25.6,27.27,29.53
1988-10-17,28.6,23.0,25.6,27.08,29.19
1988-10-18,26.4,23.4,24.4,26.5,28.7
1988-10-19,27.2,23.3,24.7,26.49,27.99
1988-10-20,29.4,22.9,25.8,27.55,29.86
1988-10-21,30.7,22.9,26.5,27.62,30.2
1988-10-22,29.3,23.3,25.5,26.48,28.33
1988-10-23,31.2,23.7,26.8,27.99,31.28
1988-10-24,30.6,24.1,26.5,27.64,29.47
1988-10-25,29.9,23.1,26.1,27.72,30.15
1988-10-26,30.1,23.4,26.5,27.74,30.69
1988-10-27,30.9,23.0,26.8,27.59,29.94
1988-10-28,30.6,24.0,26.6,27.38,29.82
1988-10-29,30.2,23.2,26.2,27.23,29.16
1988-10-30,29.2,23.1,25.8,26.67,28.6
1988-10-31,29.4,23.5,25.8,26.7,28.4
1988-11-01,30.0,23.1,25.8,27.39,29.87
1988-11-02,30.5,23.3,26.4,28.13,31.11
1988-11-03,30.1,24.3,26.9,28.8,31.46
1988-11-04,30.6,24.1,27.0,28.23,31.31
1988-11-05,30.1,23.9,26.4,28.39,31.18
1988-11-06,31.0,23.7,26.7,28.56,32.04
1988-11-07,30.4,23.3,26.4,28.15,31.05
1988-11-08,29.8,24.3,26.5,27.77,29.97
1988-11-09,30.2,23.9,26.3,27.49,29.27
1988-11-10,29.2,23.9,26.4,28.08,30.94
1988-11-11,30.4,24.0,26.7,27.25,28.69
1988-11-12,28.5,24.2,25.7,27.75,30.52
1988-11-13,28.5,23.4,25.8,28.12,31.84
1988-11-14,30.0,23.1,26.1,27.61,30.51
1988-11-15,29.5,23.6,26.2,28.02,30.4
1988-11-16,29.6,23.7,26.4,27.09,28.5
1988-11-17,30.4,23.7,26.2,27.83,30.55
1988-11-18,28.7,23.9,25.7,27.35,30.0
1988-11-19,27.5,23.5,25.2,26.87,29.43
1988-11-20,29.8,24.0,26.3,27.66,31.3
1988-11-21,29.6,23.2,25.9,27.95,31.68
1988-11-22,27.4,23.4,25.4,26.87,28.3
1988-11-23,29.4,23.7,25.8,27.44,30.1
1988-11-24,28.2,23.5,25.5,27.15,29.01
1988-11-25,25.6,23.2,24.3,26.29,27.89
1988-11-26,27.1,23.5,24.7,25.84,27.23
1988-11-27,28.3,23.4,25.0,26.23,27.8
1988-11-28,29.0,23.2,25.6,25.73,26.83
1988-11-29,26.4,23.9,25.1,26.45,27.85
1988-11-30,27.0,23.6,24.9,26.99,29.6
1988-12-01,28.8,23.1,25.4,26.61,28.24
1988-12-02,28.7,23.5,25.6,26.48,28.08
1988-12-03,28.6,23.0,25.3,26.2,28.96
1988-12-04,30.4,22.8,26.2,27.73,31.23
1988-12-05,30.5,22.0,25.9,27.43,31.09
1988-12-06,29.3,22.7,25.7,27.25,30.53
1988-12-07,29.0,23.3,25.8,26.36,28.76
1988-12-08,26.5,23.4,24.6,26.43,28.39
1988-12-09,29.7,22.6,25.8,26.91,29.87
1988-12-10,28.4,22.9,25.4,26.55,29.29
1988-12-11,27.9,22.5,25.0,26.32,29.12
1988-12-12,28.1,22.4,24.9,26.34,29.0
1988-12-13,27.3,23.1,24.7,26.07,28.34
1988-12-14,26.2,23.3,24.4,25.85,27.51
1988-12-15,26.3,23.0,24.4,25.77,27.86
1988-12-16,27.9,22.9,25.2,25.25,26.31
1988-12-17,27.1,22.6,24.6,25.34,25.78
1988-12-18,27.3,22.8,25.0,25.67,26.8
1988-12-19,26.1,22.8,24.4,25.96,27.81
1988-12-20,27.5,22.6,24.7,25.87,27.18
1988-12-21,28.2,23.2,25.3,25.78,27.44
1988-12-22,28.0,23.3,25.3,26.15,28.59
1988-12-23,28.3,23.5,25.5,26.48,28.81
1988-12-24,29.3,23.0,26.0,27.25,30.46
1988-12-25,28.8,23.2,25.7,26.96,29.99
1988-12-26,28.3,23.0,25.4,26.56,28.75
1988-12-27,28.1,22.3,25.0,26.74,30.07
1988-12-28,28.0,23.2,25.3,26.47,29.0
1988-12-29,26.9,22.9,24.8,26.18,28.25
1988-12-30,28.1,22.7,25.5,25.93,27.65
1988-12-31,28.2,23.0,25.6,26.48,28.88
1989-01-01,28.8,22.9,25.5,26.72,29.22
1989-01-02,29.3,23.2,25.7,26.12,27.23
1989-01-03,28.0,23.3,25.3,26.18,27.41
1989-01-04,28.3,23.3,25.6,26.01,27.92
1989-01-05,27.2,23.0,24.8,26.11,27.42
1989-01-06,28.4,23.3,25.3,26.19,27.54
1989-01-07,28.8,23.4,25.5,26.77,29.1
1989-01-08,28.7,23.3,25.3,26.94,29.93
1989-01-09,28.1,23.2,25.3,26.68,29.18
1989-01-10,28.7,23.0,25.5,27.31,30.27
1989-01-11,28.5,23.1,25.4,27.17,29.56
1989-01-12,27.5,23.0,24.9,26.84,28.74
1989-01-13,29.0,23.2,25.6,26.95,29.01
1989-01-14,28.8,23.5,25.7,27.34,30.08
1989-01-15,28.6,23.2,25.7,27.27,29.55
1989-01-16,28.2,23.5,25.5,27.52,30.17
1989-01-17,28.7,23.4,25.5,27.2,29.92
1989-01-18,29.2,23.5,25.6,27.11,29.52
1989-01-19,28.1,23.5,25.6,27.24,29.56
1989-01-20,29.1,23.0,25.9,27.41,30.01
1989-01-21,28.6,23.9,25.7,27.02,29.33
1989-01-22,28.7,23.3,26.0,26.32,27.55
1989-01-23,27.4,23.5,25.2,26.22,27.76
1989-01-24,26.8,23.3,24.8,26.34,27.62
1989-01-25,28.8,22.9,25.6,26.42,28.31
1989-01-26,28.9,22.1,25.7,26.64,28.71
1989-01-27,29.0,24.0,26.3,26.8,28.34
1989-01-28,29.1,23.5,26.3,26.6,28.43
1989-01-29,28.5,24.0,26.1,26.79,29.29
1989-01-30,28.6,22.9,25.4,26.64,28.33
1989-01-31,29.7,23.6,25.9,26.95,29.46
1989-02-01,27.7,23.5,24.9,26.87,29.07
1989-02-02,26.0,23.3,24.2,25.9,27.09
1989-02-03,27.3,23.0,24.5,25.78,27.09
1989-02-04,26.2,22.9,24.2,26.37,28.07
1989-02-05,27.0,23.0,24.3,25.78,26.68
1989-02-06,27.7,23.0,24.7,25.78,27.45
1989-02-07,28.3,22.9,25.2,25.93,27.53
1989-02-08,28.1,22.8,25.0,25.94,28.1
1989-02-09,28.4,22.4,25.1,24.76,26.26
1989-02-10,28.0,22.9,24.9,25.41,27.09
1989-02-11,27.8,22.9,25.0,25.65,28.09
1989-02-12,25.0,23.1,23.9,25.16,26.57
1989-02-13,28.2,23.0,25.2,25.44,26.39
1989-02-14,27.5,22.3,24.9,25.17,26.58
1989-02-15,27.4,22.1,24.6,25.58,27.71
1989-02-16,27.7,23.1,24.9,25.53,27.38
1989-02-17,27.8,22.6,24.8,25.28,26.8
1989-02-18,27.5,23.1,24.7,25.35,27.12
1989-02-19,27.6,23.0,24.6,25.68,28.24
1989-02-20,26.4,22.9,24.3,25.71,27.53
1989-02-21,28.3,23.2,25.3,25.73,27.16
1989-02-22,28.0,23.3,25.0,25.98,27.56
1989-02-23,29.3,23.4,25.6,26.42,28.4
1989-02-24,27.8,23.9,25.3,26.15,27.83
1989-02-25,27.2,23.4,24.7,25.78,26.98
1989-02-26,25.3,23.1,24.1,26.21,27.28
1989-02-27,26.2,23.1,24.4,25.77,27.21
1989-02-28,27.2,23.2,25.1,25.86,27.02
1989-03-01,28.0,22.7,25.0,26.2,28.12
1989-03-02,29.2,23.1,25.8,26.53,28.52
1989-03-03,29.6,24.0,26.5,26.2,27.42
1989-03-04,29.1,23.9,25.9,26.03,27.51
1989-03-05,29.7,23.6,26.2,26.52,28.97
1989-03-06,30.1,23.8,26.3,26.85,29.57
1989-03-07,29.6,24.1,25.9,27.28,30.08
1989-03-08,28.9,23.2,25.4,26.63,28.31
1989-03-09,27.5,22.8,25.0,26.15,27.23
1989-03-10,28.2,22.6,24.7,26.12,27.36
1989-03-11,28.9,22.8,25.5,26.58,28.34
1989-03-12,29.3,23.4,26.0,26.17,28.47
1989-03-13,29.6,23.9,26.1,26.32,28.67
1989-03-14,29.9,23.3,26.3,26.66,29.5
1989-03-15,29.1,23.8,25.9,26.88,29.7
1989-03-16,28.6,22.8,25.5,26.98,29.06
1989-03-17,30.1,22.4,25.9,26.79,29.29
1989-03-18,29.6,22.2,25.8,26.69,29.45
1989-03-19,29.7,22.7,26.0,26.22,27.99
1989-03-20,29.7,23.2,26.3,26.88,30.13
1989-03-21,31.1,22.9,26.6,26.82,29.84
1989-03-22,30.2,23.5,26.0,26.64,29.38
1989-03-23,28.8,23.3,25.6,25.39,26.55
1989-03-24,29.1,23.0,25.7,26.32,28.66
1989-03-25,30.1,22.4,25.8,27.29,29.5
1989-03-26,29.8,22.8,25.8,27.23,29.63
1989-03-27,29.2,23.4,25.7,26.64,28.64
1989-03-28,29.4,23.0,25.5,27.1,29.23
1989-03-29,29.3,23.0,25.6,27.0,29.46
1989-03-30,29.4,23.3,25.5,27.14,29.74
1989-03-31,28.9,22.9,25.5,27.15,30.33
1989-04-01,28.8,22.8,25.4,26.7,29.16
1989-04-02,28.8,22.8,25.6,27.02,29.04
1989-04-03,28.9,22.7,25.6,26.94,29.67
1989-04-04,28.6,23.3,25.6,26.98,29.27
1989-04-05,29.5,23.4,25.9,26.4,28.11
1989-04-06,29.1,23.2,25.8,26.72,29.37
1989-04-07,28.7,23.3,25.5,26.0,27.22
1989-04-08,28.1,23.3,25.0,25.41,26.26
1989-04-09,29.2,22.5,25.9,26.0,27.27
1989-04-10,30.0,22.6,25.8,26.5,28.32
1989-04-11,29.0,23.4,25.9,26.82,29.69
1989-04-12,30.6,23.2,26.4,27.14,30.26
1989-04-13,29.9,23.2,25.8,27.4,30.54
1989-04-14,30.0,23.7,26.2,27.36,30.55
1989-04-15,30.5,22.2,26.0,27.45,30.57
1989-04-16,29.5,22.6,25.9,26.82,30.07
1989-04-17,29.7,23.5,26.4,27.37,30.18
1989-04-18,29.5,23.4,25.9,27.17,29.58
1989-04-19,30.5,23.2,26.3,27.47,29.99
1989-04-20,30.9,23.1,26.5,27.82,30.72
1989-04-21,30.6,22.7,26.3,27.45,30.7
1989-04-22,30.3,24.1,26.8,27.57,30.9
1989-04-23,30.8,24.3,26.7,27.76,30.36
1989-04-24,30.4,23.0,26.4,27.33,29.09
1989-04-25,29.2,23.6,25.7,27.33,28.5
1989-04-26,28.6,23.4,25.8,27.5,29.53
1989-04-27,28.4,23.5,25.5,27.22,29.48
1989-04-28,30.0,23.7,26.3,26.67,28.63
1989-04-29,30.9,23.6,26.7,27.34,30.11
1989-04-30,30.5,22.7,26.5,28.08,31.06
1989-05-01,29.6,23.2,25.9,27.73,30.27
1989-05-02,29.9,23.4,26.1,27.37,29.31
1989-05-03,29.9,23.2,25.9,26.89,28.48
1989-05-04,29.7,23.1,26.1,27.55,29.54
1989-05-05,29.9,23.4,26.5,27.55,29.88
1989-05-06,29.7,23.2,26.0,27.49,29.74
1989-05-07,28.7,23.7,25.7,27.23,29.07
1989-05-08,29.5,23.3,25.6,27.12,29.6
1989-05-09,28.5,22.9,25.6,26.78,28.93
1989-05-10,29.8,22.9,26.0,27.1,29.63
1989-05-11,29.8,23.3,26.4,27.12,29.0
1989-05-12,29.5,23.1,26.0,27.98,30.68
1989-05-13,29.6,23.6,26.0,27.38,28.88
1989-05-14,28.4,23.7,25.6,27.27,28.89
1989-05-15,29.1,23.5,25.4,27.3,29.58
1989-05-16,28.7,22.9,25.5,27.03,28.57
1989-05-17,29.0,23.9,26.1,26.72,28.15
1989-05-18,29.6,23.5,25.9,27.15,28.13
1989-05-19,29.5,23.4,26.0,27.58,29.62
1989-05-20,28.2,23.4,25.4,26.39,27.23
1989-05-21,28.9,22.9,25.4,27.02,28.96
1989-05-22,27.8,23.1,25.3,27.35,29.62
1989-05-23,28.0,23.5,25.2,26.93,28.88
1989-05-24,29.4,23.0,25.6,27.14,28.9
1989-05-25,29.6,23.1,25.8,26.9,28.46
1989-05-26,29.8,24.1,26.4,27.3,29.39
1989-05-27,30.0,23.4,25.8,27.24,29.3
1989-05-28,29.6,23.2,26.0,27.44,29.48
1989-05-29,29.7,23.2,26.1,27.23,29.12
1989-05-30,29.2,23.7,25.8,27.3,29.07
1989-05-31,28.8,23.0,25.4,27.16,29.59
1989-06-01,29.0,23.0,25.8,26.94,28.46
1989-06-02,30.6,23.7,26.3,27.11,29.7
1989-06-03,29.3,23.3,26.2,26.36,28.08
1989-06-04,29.3,23.1,25.8,26.68,29.23
1989-06-05,29.3,23.0,25.9,26.57,28.77
1989-06-06,29.4,23.1,26.0,27.23,28.24
1989-06-07,29.7,22.9,26.2,27.69,30.1
1989-06-08,30.5,23.3,26.6,27.4,30.17
1989-06-09,29.9,23.0,26.2,27.33,30.2
1989-06-10,29.8,23.6,25.9,27.12,29.32
1989-06-11,29.7,22.5,25.8,27.17,29.87
1989-06-12,29.2,23.0,25.8,27.03,29.06
1989-06-13,29.1,23.2,25.7,27.0,28.75
1989-06-14,28.6,23.0,25.4,26.48,27.8
1989-06-15,28.3,23.3,25.1,26.45,28.93
1989-06-16,28.5,23.0,25.0,25.91,28.07
1989-06-17,29.0,22.3,24.9,26.45,27.48
1989-06-18,29.4,21.7,25.5,26.79,28.3
1989-06-19,29.5,22.6,25.3,26.94,28.51
1989-06-20,29.7,22.0,25.5,27.04,29.41
1989-06-21,29.7,22.6,25.9,26.82,29.53
1989-06-22,29.5,23.8,26.1,25.94,26.99
1989-06-23,29.5,22.1,25.6,26.8,29.4
1989-06-24,29.3,22.3,25.5,26.4,28.3
1989-06-25,29.6,21.8,25.5,26.88,29.51
1989-06-26,29.1,22.3,25.6,26.33,28.49
1989-06-27,28.2,22.9,25.4,25.74,26.73
1989-06-28,27.3,22.8,24.5,25.75,27.24
1989-06-29,28.7,21.8,25.3,26.44,28.47
1989-06-30,28.6,22.6,25.1,26.65,29.07
1989-07-01,29.3,22.3,25.1,26.77,28.92
1989-07-02,29.0,21.9,25.3,26.75,28.81
1989-07-03,29.2,23.2,26.0,26.45,28.47
1989-07-04,29.2,23.5,25.6,26.8,28.81
1989-07-05,29.5,22.3,25.8,26.75,29.27
1989-07-06,30.1,22.0,25.9,26.38,29.19
1989-07-07,28.3,23.0,25.3,26.13,28.03
1989-07-08,27.8,22.2,24.7,26.58,28.68
1989-07-09,29.1,22.6,25.4,26.25,28.33
1989-07-10,28.3,23.0,24.9,25.84,27.12
1989-07-11,28.8,22.0,24.9,26.3,28.58
1989-07-12,28.7,22.9,25.3,26.79,29.19
1989-07-13,29.4,22.3,25.3,26.8,28.76
1989-07-14,29.1,22.8,25.6,27.09,29.63
1989-07-15,29.9,22.6,25.7,26.91,29.1
1989-07-16,30.7,22.0,25.8,26.7,29.26
1989-07-17,30.0,23.5,26.3,26.76,29.53
1989-07-18,28.7,23.3,25.7,26.6,29.1
1989-07-19,29.7,23.6,26.1,25.9,28.14
1989-07-20,29.8,22.6,25.9,26.96,30.66
1989-07-21,29.8,22.4,26.0,27.0,29.82
1989-07-22,29.5,23.1,26.3,26.57,28.24
1989-07-23,29.2,23.1,25.7,26.79,28.91
1989-07-24,30.0,22.6,26.1,26.98,29.55
1989-07-25,30.1,22.3,25.9,27.16,29.21
1989-07-26,29.8,22.7,25.8,27.09,28.89
1989-07-27,28.5,23.1,25.3,26.95,28.21
1989-07-28,29.7,21.9,25.7,27.06,29.37
1989-07-29,30.3,21.8,26.0,27.21,29.69
1989-07-30,29.8,22.9,26.1,27.17,29.79
1989-07-31,29.6,22.9,25.9,26.81,29.57
1989-08-01,30.1,21.8,25.8,26.63,29.53
1989-08-02,30.0,21.7,25.8,27.08,30.04
1989-08-03,30.0,22.2,26.2,27.3,29.68
1989-08-04,30.0,22.7,26.4,26.78,28.85
1989-08-05,30.4,22.5,26.5,26.37,27.91
1989-08-06,29.5,23.3,25.6,26.6,28.77
1989-08-07,29.6,23.2,25.8,26.61,28.44
1989-08-08,29.8,22.8,25.7,27.03,29.83
1989-08-09,30.0,21.4,25.4,26.51,28.22
1989-08-10,30.5,22.6,26.3,27.06,29.66
1989-08-11,30.5,22.7,26.7,26.88,29.73
1989-08-12,30.3,22.1,26.4,26.87,29.74
1989-08-13,31.0,21.8,26.5,27.27,29.84
1989-08-14,30.1,22.8,26.2,27.25,29.75
1989-08-15,29.9,23.3,26.1,27.36,29.05
1989-08-16,29.8,22.9,25.8,27.32,29.77
1989-08-17,29.8,22.3,25.8,26.82,29.59
1989-08-18,29.5,22.4,26.1,26.92,29.49
1989-08-19,29.6,22.9,26.0,26.5,29.12
1989-08-20,30.3,23.1,26.3,27.03,29.95
1989-08-21,30.6,22.5,26.3,26.55,29.4
1989-08-22,30.7,23.1,26.8,26.8,29.34
1989-08-23,30.6,23.1,27.0,26.87,29.9
1989-08-24,30.3,23.4,26.6,26.83,29.46
1989-08-25,30.4,22.9,26.3,27.04,30.02
1989-08-26,30.4,23.8,26.5,26.86,29.46
1989-08-27,29.2,23.2,26.0,26.73,29.41
1989-08-28,30.5,23.3,26.3,27.07,29.75
1989-08-29,29.5,23.1,25.9,26.76,28.97
1989-08-30,30.3,22.5,25.8,25.84,27.65
1989-08-31,29.6,22.7,26.0,26.91,29.44
1989-09-01,31.2,23.8,26.6,26.74,28.79
1989-09-02,30.2,23.0,26.2,27.66,30.06
1989-09-03,31.6,22.1,26.6,27.88,31.15
1989-09-04,31.0,22.8,26.7,27.08,30.25
1989-09-05,31.3,22.7,26.5,27.22,29.7
1989-09-06,30.6,22.7,26.5,27.6,30.57
1989-09-07,31.2,22.6,26.8,26.82,30.08
1989-09-08,31.5,23.1,27.1,27.07,29.95
1989-09-09,31.7,23.5,27.1,27.36,30.47
1989-09-10,31.9,23.4,26.8,27.2,30.11
1989-09-11,30.6,23.8,26.4,27.4,30.62
1989-09-12,30.0,23.8,26.4,26.37,29.54
1989-09-13,30.1,22.8,26.4,26.95,30.18
1989-09-14,29.6,22.8,25.9,26.82,29.02
1989-09-15,30.2,22.2,26.0,27.1,30.13
1989-09-16,31.2,22.8,26.9,27.2,30.62
1989-09-17,31.0,23.3,26.9,27.74,31.34
1989-09-18,31.5,22.5,26.8,27.99,31.28
1989-09-19,31.6,23.1,26.8,27.71,30.49
1989-09-20,31.6,23.6,27.5,27.85,30.58
1989-09-21,31.4,23.5,27.0,27.86,31.03
1989-09-22,31.0,23.0,26.8,27.94,30.88
1989-09-23,31.6,22.9,26.7,28.04,31.1
1989-09-24,29.9,23.5,26.0,26.74,28.68
1989-09-25,29.7,23.1,25.9,27.7,30.41
1989-09-26,30.9,22.1,26.5,27.73,30.51
1989-09-27,31.3,22.8,26.7,28.2,31.29
1989-09-28,30.5,23.4,26.5,28.27,31.35
1989-09-29,30.7,23.4,26.8,28.24,31.07
1989-09-30,31.2,23.2,26.6,28.22,31.3
1989-10-01,29.5,23.6,25.5,28.26,31.01
1989-10-02,28.9,23.4,25.7,27.6,29.84
1989-10-03,30.4,23.2,26.0,28.17,31.26
1989-10-04,30.2,22.5,26.1,28.32,31.56
1989-10-05,30.9,22.6,26.4,28.33,31.67
1989-10-06,30.8,23.2,26.8,28.45,31.9
1989-10-07,30.4,23.2,26.6,28.83,32.31
1989-10-08,30.5,23.1,26.9,28.51,31.46
1989-10-09,30.9,23.4,27.1,28.31,32.05
1989-10-10,31.4,22.6,27.3,28.4,31.52
1989-10-11,30.4,23.8,27.0,28.39,30.55
1989-10-12,31.4,23.7,27.1,29.18,32.63
1989-10-13,30.7,23.8,27.1,28.35,32.16
1989-10-14,31.2,23.0,27.4,28.44,32.14
1989-10-15,29.9,23.5,25.8,28.03,31.24
1989-10-16,30.5,23.9,26.7,28.52,32.0
1989-10-17,31.7,23.0,27.5,29.51,32.86
1989-10-18,31.2,24.4,27.3,29.49,32.36
1989-10-19,30.7,23.7,26.7,29.54,33.03
1989-10-20,31.0,23.6,26.6,28.98,31.78
1989-10-21,29.7,23.5,25.8,28.32,31.08
1989-10-22,30.0,23.5,26.5,28.95,32.18
1989-10-23,30.8,23.2,26.7,29.16,32.69
1989-10-24,30.7,23.3,26.8,28.92,32.57
1989-10-25,30.6,24.0,26.7,28.16,31.1
1989-10-26,29.5,23.6,26.2,27.65,29.59
1989-10-27,29.3,23.4,25.8,27.61,30.2
1989-10-28,28.8,23.3,25.5,26.41,28.03
1989-10-29,29.6,23.2,25.5,27.5,30.3
1989-10-30,29.5,22.9,26.2,27.58,30.42
1989-10-31,28.9,23.9,25.8,27.31,28.65
1989-11-01,29.5,22.8,25.6,26.93,28.39
1989-11-02,28.4,23.5,25.5,26.72,27.83
1989-11-03,28.1,23.6,25.6,26.81,27.9
1989-11-04,28.6,23.6,26.0,27.46,29.91
1989-11-05,29.6,23.5,26.4,27.91,30.55
1989-11-06,30.2,23.2,26.8,28.61,31.71
1989-11-07,29.8,23.1,26.6,28.89,31.71
1989-11-08,30.3,23.9,26.3,28.21,30.1
1989-11-09,28.6,23.8,26.0,27.81,30.29
1989-11-10,29.9,23.3,26.2,28.2,31.44
1989-11-11,30.1,24.3,26.8,28.46,30.83
1989-11-12,30.3,23.6,26.8,28.51,31.8
1989-11-13,30.3,23.5,26.4,28.39,31.64
1989-11-14,30.3,23.3,26.4,28.41,31.06
1989-11-15,29.5,23.8,26.0,28.43,30.73
1989-11-16,29.1,23.8,25.9,27.75,29.98
1989-11-17,29.3,23.7,25.9,27.68,29.13
1989-11-18,30.2,23.2,26.3,28.02,30.49
1989-11-19,30.0,23.7,26.0,28.32,30.88
1989-11-20,29.8,23.8,26.1,28.54,32.52
1989-11-21,29.0,23.4,26.1,27.38,30.3
1989-11-22,28.1,23.9,25.7,27.53,30.73
1989-11-23,29.4,22.6,26.1,27.02,30.62
1989-11-24,28.9,23.3,25.8,27.84,31.44
1989-11-25,29.8,23.1,26.1,27.59,30.92
1989-11-26,29.9,23.7,26.2,27.96,31.51
1989-11-27,29.4,23.8,26.0,27.79,30.97
1989-11-28,29.7,23.3,26.3,27.89,31.11
1989-11-29,28.7,23.7,25.8,27.37,30.69
1989-11-30,29.3,23.5,25.9,27.24,30.25
1989-12-01,29.0,23.0,25.8,27.06,29.51
1989-12-02,28.8,23.2,25.4,27.28,29.84
1989-12-03,29.1,23.3,25.6,27.25,29.21
1989-12-04,28.7,23.5,25.5,27.47,29.55
1989-12-05,29.1,23.0,25.5,27.65,29.97
1989-12-06,29.1,23.4,25.9,27.62,30.15
1989-12-07,28.2,23.5,25.6,27.15,29.34
1989-12-08,28.3,23.1,25.2,26.74,28.44
1989-12-09,27.4,23.6,25.1,26.81,28.14
1989-12-10,28.1,22.8,25.2,27.17,29.21
1989-12-11,28.1,23.1,25.4,27.08,28.2
1989-12-12,28.7,23.1,25.8,27.01,27.89
1989-12-13,28.5,23.1,25.6,26.86,28.37
1989-12-14,27.3,23.2,24.8,26.4,27.55
1989-12-15,27.5,23.3,25.1,26.31,27.76
1989-12-16,28.7,22.9,25.7,26.96,29.21
1989-12-17,28.5,23.4,25.9,26.52,27.84
1989-12-18,29.0,23.4,26.2,27.51,30.12
1989-12-19,28.9,23.8,25.9,27.58,30.11
1989-12-20,29.0,23.1,25.6,26.81,27.91
1989-12-21,28.1,23.1,25.3,27.5,30.06
1989-12-22,28.7,22.9,25.8,27.32,29.57
1989-12-23,28.9,23.1,25.9,27.78,30.49
1989-12-24,28.8,23.5,25.9,28.06,31.09
1989-12-25,29.2,23.4,26.0,28.02,30.79
1989-12-26,29.2,23.6,25.8,26.95,28.87
1989-12-27,29.4,23.5,25.6,27.23,29.5
1989-12-28,28.6,23.5,25.6,26.9,28.64
1989-12-29,28.9,23.6,25.8,26.5,28.12
1989-12-30,29.0,22.9,25.6,26.75,28.77
1989-12-31,29.0,23.2,25.6,26.87,28.99
1990-01-01,29.0,23.4,25.6,26.87,29.11
1990-01-02,28.9,23.9,25.7,26.85,28.5
1990-01-03,28.4,23.4,25.5,26.24,28.23
1990-01-04,27.2,23.4,24.9,26.04,27.56
1990-01-05,25.2,23.4,24.0,26.18,27.47
1990-01-06,26.9,22.6,24.6,26.35,27.98
1990-01-07,28.3,22.4,25.1,26.36,28.45
1990-01-08,29.0,22.6,25.6,26.76,29.23
1990-01-09,28.2,23.6,25.3,26.53,28.6
1990-01-10,27.3,23.6,25.0,26.32,27.43
1990-01-11,28.4,22.8,25.2,26.69,28.68
1990-01-12,28.7,23.4,25.6,26.34,28.47
1990-01-13,28.6,23.1,25.4,26.22,27.97
1990-01-14,26.6,23.9,25.0,25.8,26.96
1990-01-15,27.6,24.1,25.0,26.74,29.03
1990-01-16,28.8,24.1,25.4,26.39,27.79
1990-01-17,27.6,24.2,25.6,26.3,28.12
1990-01-18,27.5,23.3,25.0,25.83,27.02
1990-01-19,26.4,23.1,24.3,25.76,26.92
1990-01-20,28.1,22.8,24.8,26.16,27.69
1990-01-21,28.1,23.3,24.8,25.93,27.49
1990-01-22,26.9,23.3,24.8,26.21,27.89
1990-01-23,27.1,23.4,24.7,26.36,28.01
1990-01-24,28.0,23.3,25.0,25.77,26.93
1990-01-25,25.9,23.5,24.4,25.97,27.3
1990-01-26,26.7,23.3,24.6,26.32,27.86
1990-01-27,27.8,22.8,24.6,26.2,27.84
1990-01-28,28.6,23.0,25.3,25.99,27.26
1990-01-29,28.8,23.0,25.7,26.48,28.27
1990-01-30,28.5,23.0,25.6,26.53,28.86
1990-01-31,28.0,23.5,25.4,26.68,28.93
1990-02-01,27.9,23.3,25.1,26.65,28.4
1990-02-02,27.8,23.5,25.3,25.95,26.87
1990-02-03,28.2,23.2,25.6,26.61,29.4
1990-02-04,29.1,22.8,25.8,26.57,28.53
1990-02-05,28.9,23.0,25.7,26.71,29.34
1990-02-06,28.5,23.3,25.8,26.22,27.11
1990-02-07,28.4,23.9,25.5,26.83,28.91
1990-02-08,28.1,23.0,25.3,26.87,29.1
1990-02-09,28.6,23.5,25.7,27.14,29.53
1990-02-10,29.6,23.4,26.1,27.26,29.78
1990-02-11,29.8,23.4,26.0,27.35,29.88
1990-02-12,28.3,23.8,25.7,27.04,28.68
1990-02-13,28.4,23.4,25.5,26.87,28.46
1990-02-14,28.0,23.8,25.6,26.13,27.06
1990-02-15,29.2,22.8,25.8,26.78,28.85
1990-02-16,28.6,23.0,25.4,26.05,27.24
1990-02-17,28.6,23.3,25.4,27.01,29.53
1990-02-18,29.4,23.0,26.0,26.75,28.59
1990-02-19,28.5,23.4,25.5,26.92,28.93
1990-02-20,27.7,23.6,25.3,26.98,29.05
1990-02-21,29.7,23.9,25.7,27.25,29.46
1990-02-22,29.0,23.1,25.6,27.56,29.5
1990-02-23,29.9,23.5,26.1,27.58,29.46
1990-02-24,29.2,23.5,25.6,27.35,29.13
1990-02-25,28.6,23.5,25.3,26.58,27.98
1990-02-26,28.4,23.0,25.2,26.93,29.46
1990-02-27,27.1,23.5,25.3,26.98,29.08
1990-02-28,29.0,23.5,25.7,26.78,29.03
1990-03-01,30.6,22.9,26.3,27.25,29.97
1990-03-02,27.8,23.9,25.6,26.82,28.98
1990-03-03,28.4,24.0,25.5,26.5,28.28
1990-03-04,28.2,23.0,25.5,26.23,27.96
1990-03-05,28.8,23.0,25.7,26.48,28.33
1990-03-06,28.2,23.2,25.4,27.14,29.55
1990-03-07,27.2,23.3,24.9,26.79,29.53
1990-03-08,25.6,22.9,23.9,26.45,28.1
1990-03-09,25.2,22.9,24.0,26.2,27.59
1990-03-10,28.4,23.5,25.7,25.99,27.11
1990-03-11,28.0,22.5,25.2,26.28,27.47
1990-03-12,29.6,22.7,25.9,26.69,28.62
1990-03-13,29.0,23.3,25.8,27.38,30.13
1990-03-14,30.3,22.8,26.0,27.49,29.66
1990-03-15,30.0,23.1,26.2,27.45,30.54
1990-03-16,29.1,24.1,26.2,27.46,30.15
1990-03-17,27.9,24.3,25.8,27.03,29.05
1990-03-18,28.2,23.8,25.3,26.46,27.74
1990-03-19,27.9,23.4,25.1,26.3,27.62
1990-03-20,29.4,23.0,26.0,27.08,29.38
1990-03-21,29.1,23.6,26.3,27.44,29.74
1990-03-22,30.1,23.2,26.3,27.74,29.95
1990-03-23,30.1,23.6,26.5,27.98,30.07
1990-03-24,29.9,23.3,26.7,27.94,30.16
1990-03-25,30.3,23.6,26.4,28.05,30.59
1990-03-26,28.6,23.9,26.0,27.31,28.66
1990-03-27,28.5,23.8,25.7,27.28,29.06
1990-03-28,28.7,23.6,25.6,26.64,27.59
1990-03-29,28.1,23.5,25.4,27.21,29.46
1990-03-30,30.0,23.3,26.4,27.34,29.29
1990-03-31,30.9,22.5,26.6,27.92,30.44
1990-04-01,30.4,23.0,26.6,27.27,28.7
1990-04-02,30.5,23.8,26.8,28.04,30.52
1990-04-03,30.6,23.6,26.9,28.27,31.08
1990-04-04,30.3,24.4,27.0,28.06,30.8
1990-04-05,30.2,23.4,26.2,27.58,30.49
1990-04-06,30.0,23.5,26.5,28.2,30.64
1990-04-07,29.5,23.1,26.3,28.03,29.95
1990-04-08,29.3,23.9,26.3,27.62,29.74
1990-04-09,29.3,24.4,26.3,27.73,30.04
1990-04-10,30.2,23.4,26.7,27.91,30.65
1990-04-11,30.7,23.5,27.3,27.76,30.51
1990-04-12,30.8,24.6,27.5,27.62,30.73
1990-04-13,30.5,23.5,27.2,27.39,29.68
1990-04-14,30.0,23.7,26.3,28.01,30.05
1990-04-15,30.5,23.3,26.6,28.17,30.55
1990-04-16,30.2,24.2,26.8,28.33,30.58
1990-04-17,30.5,24.2,27.0,28.8,31.61
1990-04-18,30.6,24.3,26.8,28.27,30.13
1990-04-19,30.7,23.4,26.8,28.17,30.43
1990-04-20,31.1,24.1,26.8,28.27,30.48
1990-04-21,31.1,23.7,26.6,28.12,31.09
1990-04-22,29.9,23.7,26.6,28.16,30.27
1990-04-23,30.6,23.8,27.2,27.64,29.7
1990-04-24,30.0,24.3,26.4,28.1,30.65
1990-04-25,29.3,24.2,26.1,27.79,29.85
1990-04-26,28.8,23.8,25.8,28.06,30.01
1990-04-27,29.3,23.9,25.9,28.18,30.44
1990-04-28,29.1,23.3,25.8,27.58,29.43
1990-04-29,30.5,23.1,26.2,27.75,30.24
1990-04-30,29.9,23.8,26.5,27.97,30.16
1990-05-01,29.5,24.2,26.3,27.62,30.52
1990-05-02,30.1,22.6,26.5,27.96,30.34
1990-05-03,29.9,23.5,26.6,28.03,30.85
1990-05-04,30.0,23.5,26.5,28.13,31.01
1990-05-05,29.6,24.2,26.6,28.09,30.75
1990-05-06,29.1,23.8,26.2,28.14,30.56
1990-05-07,30.0,22.7,26.5,28.29,31.11
1990-05-08,30.1,24.1,26.8,28.61,31.07
1990-05-09,30.6,23.1,26.8,28.5,30.78
1990-05-10,30.5,24.1,27.1,28.49,30.71
1990-05-11,30.4,24.1,26.9,27.93,29.85
1990-05-12,30.0,23.7,26.2,27.66,30.06
1990-05-13,29.4,23.4,25.9,27.75,29.19
1990-05-14,29.4,23.8,26.3,28.53,31.07
1990-05-15,29.8,24.0,26.6,28.69,30.79
1990-05-16,29.6,24.0,26.0,27.81,28.93
1990-05-17,31.2,24.1,27.0,28.35,30.94
1990-05-18,31.1,23.6,27.4,28.67,30.79
1990-05-19,31.2,24.0,27.4,28.99,31.58
1990-05-20,30.9,24.4,27.0,28.08,30.86
1990-05-21,30.2,24.5,27.1,28.27,31.04
1990-05-22,30.1,24.8,27.1,27.98,30.78
1990-05-23,30.3,24.4,26.8,27.56,30.44
1990-05-24,29.8,24.2,26.5,27.91,30.43
1990-05-25,29.5,23.6,26.2,27.66,29.3
1990-05-26,29.7,23.7,26.0,27.65,29.72
1990-05-27,28.5,23.1,25.6,27.54,29.71
1990-05-28,30.0,22.4,26.1,27.3,29.03
1990-05-29,29.6,23.8,26.1,27.52,29.32
1990-05-30,29.7,23.6,26.0,27.15,28.8
1990-05-31,29.6,23.5,26.1,27.29,29.13
1990-06-01,29.0,23.4,25.8,27.37,29.44
1990-06-02,30.6,23.1,26.6,27.31,29.12
1990-06-03,30.3,24.3,27.1,27.7,29.96
1990-06-04,30.3,23.8,26.5,27.62,29.78
1990-06-05,29.2,23.7,25.7,27.44,29.43
1990-06-06,29.3,23.8,26.3,27.3,29.81
1990-06-07,30.5,23.2,26.7,27.04,29.37
1990-06-08,30.0,24.3,26.5,27.33,29.87
1990-06-09,30.3,22.4,26.0,27.26,30.24
1990-06-10,29.7,22.0,25.6,27.52,29.91
1990-06-11,30.0,23.3,26.4,27.46,30.14
1990-06-12,29.4,22.7,26.2,27.53,30.27
1990-06-13,29.3,22.9,25.8,27.79,30.28
1990-06-14,29.7,22.5,26.2,27.94,30.16
1990-06-15,30.0,23.0,26.5,27.66,30.43
1990-06-16,30.3,22.9,26.6,27.38,30.1
1990-06-17,30.2,23.9,26.9,27.45,29.52
1990-06-18,30.6,23.6,26.9,27.55,29.92
1990-06-19,30.5,23.1,26.9,28.04,30.79
1990-06-20,29.9,23.5,26.5,27.19,28.83
1990-06-21,30.0,23.3,26.1,26.22,27.09
1990-06-22,29.5,23.5,26.0,26.8,28.74
1990-06-23,29.2,23.8,25.9,26.56,28.38
1990-06-24,28.5,23.7,25.7,26.65,28.23
1990-06-25,30.3,23.5,26.3,26.94,29.17
1990-06-26,28.7,23.1,25.7,27.02,29.15
1990-06-27,29.7,22.8,25.8,26.27,27.85
1990-06-28,29.3,22.7,25.9,27.02,29.52
1990-06-29,29.8,23.1,26.4,27.03,29.62
1990-06-30,29.8,23.4,26.4,26.88,29.63
1990-07-01,29.7,22.3,25.7,26.74,28.95
1990-07-02,28.2,23.0,25.2,26.39,27.85
1990-07-03,27.7,23.3,25.2,26.37,28.39
1990-07-04,27.5,23.3,25.0,26.09,27.69
1990-07-05,28.1,22.7,24.7,26.33,28.77
1990-07-06,29.5,21.7,25.2,27.28,30.2
1990-07-07,28.7,22.3,25.1,27.32,29.8
1990-07-08,28.6,22.3,25.2,26.87,29.63
1990-07-09,29.5,22.7,25.9,26.92,29.75
1990-07-10,29.2,22.7,25.8,27.41,29.96
1990-07-11,30.0,23.0,26.1,27.18,29.61
1990-07-12,29.9,22.1,26.1,26.97,29.47
1990-07-13,29.4,22.1,25.7,27.03,29.29
1990-07-14,29.7,21.9,25.4,26.85,28.98
1990-07-15,28.9,22.3,25.0,26.69,28.87
1990-07-16,29.5,20.9,25.2,26.91,29.78
1990-07-17,29.7,21.6,25.5,26.43,29.45
1990-07-18,30.1,22.1,26.1,26.77,30.09
1990-07-19,29.2,22.4,25.7,27.0,29.69
1990-07-20,28.9,21.7,25.3,26.75,29.25
1990-07-21,28.9,22.6,25.2,26.69,28.99
1990-07-22,28.8,22.2,25.2,26.8,29.77
1990-07-23,29.6,22.4,25.8,27.09,30.4
1990-07-24,29.6,22.4,25.7,26.76,29.0
1990-07-25,29.8,22.0,25.4,26.95,29.7
1990-07-26,29.5,22.6,25.4,27.01,29.73
1990-07-27,29.2,22.7,25.6,27.16,30.16
1990-07-28,29.2,21.2,25.0,26.45,28.94
1990-07-29,29.0,22.4,25.4,26.73,29.4
1990-07-30,29.7,22.1,25.9,26.84,29.75
1990-07-31,29.8,22.8,26.3,27.19,30.19
1990-08-01,30.3,23.3,26.3,27.18,29.91
1990-08-02,30.4,22.7,26.3,27.01,28.92
1990-08-03,30.0,22.5,26.1,27.46,30.24
1990-08-04,29.0,22.6,25.6,27.1,29.98
1990-08-05,30.2,22.7,25.8,27.17,29.44
1990-08-06,29.3,23.2,25.9,27.55,30.24
1990-08-07,29.6,23.5,25.7,26.72,28.14
1990-08-08,28.8,23.1,25.5,26.9,29.27
1990-08-09,29.1,22.5,25.2,26.54,29.19
1990-08-10,29.4,23.0,25.5,26.65,29.2
1990-08-11,29.0,21.9,25.4,26.57,28.81
1990-08-12,29.5,22.5,25.6,26.87,29.43
1990-08-13,29.0,22.6,25.3,26.78,28.72
1990-08-14,29.4,22.5,25.4,27.28,30.13
1990-08-15,29.0,22.7,25.5,26.71,29.65
1990-08-16,29.2,22.6,25.8,26.98,30.04
1990-08-17,30.0,23.0,26.4,26.74,29.27
1990-08-18,29.4,23.3,25.8,26.64,29.13
1990-08-19,29.6,23.0,26.0,27.4,30.73
1990-08-20,30.0,23.0,26.3,27.7,30.79
1990-08-21,30.2,22.1,26.3,27.74,30.47
1990-08-22,29.8,23.3,26.1,27.51,29.29
1990-08-23,30.6,22.8,26.3,27.84,30.21
1990-08-24,30.2,23.7,26.0,28.07,30.94
1990-08-25,28.8,23.3,25.6,27.26,29.56
1990-08-26,29.2,22.9,25.7,26.82,29.5
1990-08-27,28.4,23.1,25.5,27.13,29.57
1990-08-28,29.8,22.4,25.9,27.3,29.98
1990-08-29,29.3,23.0,26.1,27.16,29.75
1990-08-30,30.1,23.7,26.7,26.91,29.1
1990-08-31,30.0,23.4,26.8,27.58,30.57
1990-09-01,29.4,23.2,26.0,27.65,30.62
1990-09-02,30.2,22.9,26.2,27.81,30.95
1990-09-03,30.2,22.9,26.1,27.65,30.36
1990-09-04,30.6,22.9,26.4,27.4,30.15
1990-09-05,30.8,22.2,26.7,27.24,29.59
1990-09-06,30.7,23.8,26.9,27.32,29.79
1990-09-07,30.3,23.2,26.6,27.6,30.27
1990-09-08,30.5,23.2,26.6,27.02,29.27
1990-09-09,30.3,22.6,26.0,27.29,29.73
1990-09-10,29.9,22.2,25.9,27.61,30.19
1990-09-11,30.5,21.7,26.1,27.47,30.61
1990-09-12,30.2,22.5,26.3,27.24,30.59
1990-09-13,29.9,24.0,26.7,27.32,30.28
1990-09-14,30.4,22.0,26.2,27.97,31.48
1990-09-15,30.6,22.5,26.7,27.63,31.0
1990-09-16,29.9,21.8,26.2,27.68,30.99
1990-09-17,30.1,22.6,26.2,27.72,31.05
1990-09-18,30.8,24.2,26.9,27.78,31.43
1990-09-19,30.6,23.7,27.2,28.22,31.75
1990-09-20,30.8,23.2,26.9,27.94,30.69
1990-09-21,30.4,23.3,26.4,27.97,30.62
1990-09-22,30.2,23.2,26.3,27.65,30.63
1990-09-23,29.8,23.5,26.5,27.57,31.06
1990-09-24,30.4,23.0,26.5,27.86,31.43
1990-09-25,30.9,24.3,27.1,28.27,31.45
1990-09-26,30.5,23.7,26.8,28.01,31.5
1990-09-27,29.9,23.6,26.6,28.04,31.94
1990-09-28,30.1,23.2,26.3,27.94,31.51
1990-09-29,29.2,22.6,25.7,28.11,31.5
1990-09-30,30.5,22.7,26.7,27.85,30.94
1990-10-01,30.9,22.7,26.9,27.72,30.89
1990-10-02,30.3,23.1,26.3,27.4,30.38
1990-10-03,30.5,23.4,26.6,27.61,29.84
1990-10-04,31.0,23.7,27.2,27.87,30.64
1990-10-05,32.0,23.4,27.7,28.04,31.64
1990-10-06,32.2,22.6,27.7,28.35,31.59
1990-10-07,32.0,24.5,28.0,28.45,31.34
1990-10-08,32.7,23.8,28.1,28.74,32.08
1990-10-09,32.4,23.9,28.2,28.97,32.42
1990-10-10,32.1,25.1,28.3,28.61,31.97
1990-10-11,32.0,23.9,27.9,28.96,32.46
1990-10-12,32.2,24.0,27.9,29.1,32.93
1990-10-13,32.8,24.1,28.0,29.28,33.1
1990-10-14,33.0,24.1,28.3,29.41,33.42
1990-10-15,32.3,24.5,28.2,29.04,32.8
1990-10-16,31.7,23.8,27.3,29.23,33.18
1990-10-17,32.3,23.6,27.7,29.65,33.18
1990-10-18,32.9,24.5,28.3,29.59,33.72
1990-10-19,32.6,24.0,28.2,29.32,33.21
1990-10-20,32.3,24.3,27.5,28.47,30.84
1990-10-21,32.1,24.2,27.4,28.55,31.92
1990-10-22,31.5,24.2,27.2,28.77,31.75
1990-10-23,30.8,24.0,26.9,28.9,32.14
1990-10-24,31.0,24.1,26.8,28.25,31.07
1990-10-25,30.8,23.9,26.9,27.82,30.67
1990-10-26,30.8,23.6,26.9,29.06,33.0
1990-10-27,31.1,23.7,27.0,28.49,31.19
1990-10-28,31.4,24.0,26.8,28.55,31.19
1990-10-29,30.2,23.9,26.3,27.89,30.76
1990-10-30,30.9,23.8,26.6,28.19,31.23
1990-10-31,30.9,23.5,26.6,27.75,29.95
1990-11-01,31.6,23.9,27.5,27.61,29.27
1990-11-02,32.0,23.6,27.7,28.27,30.76
1990-11-03,32.6,23.8,27.8,28.23,30.67
1990-11-04,31.8,24.3,27.5,28.76,31.71
1990-11-05,31.5,24.3,27.5,28.16,30.94
1990-11-06,30.6,23.6,26.6,28.63,31.26
1990-11-07,30.5,23.2,26.5,28.28,30.89
1990-11-08,32.0,24.0,27.3,28.59,31.48
1990-11-09,32.3,24.2,27.8,28.8,31.39
1990-11-10,33.5,24.2,28.2,29.01,33.19
1990-11-11,32.7,24.0,27.8,28.33,32.08
1990-11-12,31.3,24.6,27.6,28.03,31.13
1990-11-13,30.7,24.2,26.8,28.26,30.95
1990-11-14,31.0,24.0,26.6,27.89,29.95
1990-11-15,32.1,23.7,27.3,28.77,32.43
1990-11-16,31.1,23.6,27.5,28.12,31.31
1990-11-17,31.3,23.9,27.3,28.65,31.97
1990-11-18,30.8,23.8,26.9,28.23,30.45
1990-11-19,30.6,24.1,27.4,28.43,31.72
1990-11-20,29.8,24.0,26.7,28.85,32.18
1990-11-21,31.7,23.6,27.2,29.81,33.39
1990-11-22,30.3,24.6,27.0,28.76,30.02
1990-11-23,30.0,24.1,26.8,28.2,29.58
1990-11-24,29.7,24.0,26.5,28.43,30.43
1990-11-25,29.8,24.1,26.7,28.29,30.28
1990-11-26,31.1,24.5,27.2,27.85,29.66
1990-11-27,29.7,24.3,26.7,27.58,28.59
1990-11-28,30.2,24.3,27.0,28.17,31.01
1990-11-29,30.1,24.0,27.0,28.73,32.47
1990-11-30,30.8,24.7,26.9,27.58,29.7
1990-12-01,28.8,24.0,25.8,28.35,31.41
1990-12-02,28.6,23.3,25.7,27.17,28.36
1990-12-03,28.2,23.7,25.5,27.21,28.88
1990-12-04,28.0,23.0,25.4,27.27,29.4
1990-12-05,28.8,23.0,25.6,26.77,27.76
1990-12-06,29.7,23.2,25.9,27.81,30.65
1990-12-07,28.8,23.7,25.9,27.51,30.06
1990-12-08,28.0,24.1,26.0,26.94,29.22
1990-12-09,28.6,23.9,26.1,26.97,29.37
1990-12-10,28.4,23.7,25.8,27.28,30.31
1990-12-11,29.5,23.2,25.8,26.61,27.85
1990-12-12,30.6,23.1,26.1,27.16,29.88
1990-12-13,28.3,23.9,25.6,27.36,29.65
1990-12-14,29.1,23.6,26.0,27.01,28.91
1990-12-15,29.0,23.1,25.9,27.06,29.0
1990-12-16,29.3,24.0,26.1,27.26,28.85
1990-12-17,29.5,23.8,26.2,27.55,30.4
1990-12-18,29.2,23.8,25.9,26.28,27.12
1990-12-19,29.6,23.4,25.9,27.07,28.62
1990-12-20,29.0,23.4,25.5,26.88,28.45
1990-12-21,26.0,23.8,24.7,26.81,29.01
1990-12-22,27.8,23.6,25.5,26.86,28.29
1990-12-23,27.9,23.3,25.2,26.33,27.52
1990-12-24,27.3,23.2,25.0,26.65,28.68
1990-12-25,26.6,23.5,24.7,26.95,29.51
1990-12-26,27.2,23.2,25.0,27.19,29.65
1990-12-27,27.9,23.3,25.1,26.08,27.75
1990-12-28,28.5,23.1,25.8,26.48,28.6
1990-12-29,29.1,23.4,26.0,26.79,28.43
1990-12-30,28.2,23.9,25.8,26.39,27.18
1990-12-31,28.2,23.8,25.8,26.24,27.56
1991-01-01,27.8,23.4,24.9,26.38,28.18
1991-01-02,28.6,23.3,25.6,26.41,28.5
1991-01-03,28.1,23.3,25.6,26.71,28.58
1991-01-04,28.8,23.4,25.7,27.29,29.68
1991-01-05,28.5,23.7,25.8,27.14,29.22
1991-01-06,27.5,23.8,25.1,26.58,27.69
1991-01-07,27.0,23.5,25.1,26.92,28.47
1991-01-08,27.6,23.4,25.5,26.39,27.57
1991-01-09,27.8,23.4,25.4,26.51,28.44
1991-01-10,26.8,23.3,24.6,26.57,27.95
1991-01-11,27.7,23.5,25.2,26.94,28.47
1991-01-12,28.2,23.3,25.5,26.62,27.4
1991-01-13,29.1,23.7,26.0,26.99,29.04
1991-01-14,26.4,22.9,24.6,26.44,27.56
1991-01-15,27.9,23.7,25.3,26.16,27.62
1991-01-16,28.5,23.3,25.8,26.84,28.78
1991-01-17,28.2,23.7,25.6,26.58,28.99
1991-01-18,27.2,23.8,25.1,26.33,28.19
1991-01-19,28.9,23.6,25.8,26.44,27.51
1991-01-20,27.8,23.8,25.3,26.53,28.44
1991-01-21,27.6,23.6,25.3,26.35,27.41
1991-01-22,27.9,23.8,25.6,26.74,29.15
1991-01-23,27.7,23.5,25.1,26.1,27.49
1991-01-24,28.4,23.4,25.3,25.85,27.01
1991-01-25,29.3,23.7,25.9,26.57,28.3
1991-01-26,28.8,24.1,25.9,27.09,29.54
1991-01-27,29.7,24.2,26.2,27.07,29.73
1991-01-28,27.8,24.3,25.2,26.9,29.48
1991-01-29,27.5,24.1,25.4,27.06,29.52
1991-01-30,28.2,23.2,25.2,26.01,27.17
1991-01-31,28.1,24.0,25.7,26.46,28.36
1991-02-01,25.9,23.7,24.6,26.23,27.7
1991-02-02,28.5,22.9,25.5,25.85,27.48
1991-02-03,28.3,22.9,25.5,25.98,27.77
1991-02-04,28.2,23.2,25.2,26.0,27.23
1991-02-05,28.1,23.3,25.2,25.94,27.29
1991-02-06,28.9,23.5,25.6,25.74,27.3
1991-02-07,28.8,23.4,25.9,25.78,27.44
1991-02-08,28.2,24.0,26.0,26.0,27.77
1991-02-09,28.2,24.1,25.8,26.42,28.35
1991-02-10,27.2,23.9,25.3,26.03,27.27
1991-02-11,27.3,23.4,25.2,25.98,28.21
1991-02-12,28.6,24.5,26.1,26.88,29.02
1991-02-13,28.7,24.5,26.1,26.79,28.76
1991-02-14,28.7,24.7,26.0,26.42,28.52
1991-02-15,28.7,23.7,26.1,26.66,29.19
1991-02-16,29.4,24.1,26.0,26.67,28.86
1991-02-17,28.0,24.0,25.5,26.07,27.68
1991-02-18,27.0,23.6,25.2,25.85,27.63
1991-02-19,28.7,23.3,25.6,26.32,27.71
1991-02-20,28.5,23.5,25.4,25.77,26.55
1991-02-21,28.4,23.0,25.4,26.91,29.18
1991-02-22,26.9,23.5,25.2,26.32,27.74
1991-02-23,28.0,23.1,25.2,25.84,26.88
1991-02-24,28.9,23.5,25.4,26.44,28.17
1991-02-25,28.8,23.1,25.8,26.74,28.69
1991-02-26,29.1,23.2,26.2,26.84,29.37
1991-02-27,29.2,22.6,25.6,27.17,29.58
1991-02-28,28.6,23.2,25.7,27.71,30.86
1991-03-01,28.5,23.1,25.4,27.29,29.37
1991-03-02,28.7,22.7,25.7,27.64,29.65
1991-03-03,28.8,23.1,26.1,27.84,30.17
1991-03-04,29.3,23.5,25.9,28.0,30.46
1991-03-05,28.4,23.0,25.8,27.53,29.34
1991-03-06,28.9,23.5,25.8,26.85,28.11
1991-03-07,28.5,23.4,25.8,26.88,28.49
1991-03-08,29.1,23.1,26.1,27.03,29.31
1991-03-09,28.5,23.1,25.7,27.64,29.89
1991-03-10,29.5,23.3,25.9,28.04,29.79
1991-03-11,28.4,23.8,25.7,27.76,29.67
1991-03-12,28.6,23.5,25.7,27.33,29.64
1991-03-13,28.8,23.3,25.6,26.99,28.44
1991-03-14,29.4,23.2,25.9,27.43,29.44
1991-03-15,29.4,23.4,26.3,27.32,29.2
1991-03-16,28.8,23.6,25.6,26.75,27.81
1991-03-17,29.4,23.8,26.2,26.81,27.87
1991-03-18,29.8,23.4,26.0,27.47,29.17
1991-03-19,29.0,23.3,25.8,27.31,29.06
1991-03-20,29.2,22.9,25.5,26.9,28.43
1991-03-21,28.6,23.6,25.4,26.76,28.53
1991-03-22,27.8,23.9,25.3,26.46,27.93
1991-03-23,28.4,23.7,25.6,27.18,29.71
1991-03-24,28.1,23.8,26.0,26.86,28.53
1991-03-25,29.5,22.8,26.5,27.62,30.07
1991-03-26,29.7,23.8,26.7,27.22,29.41
1991-03-27,28.9,24.4,26.3,27.3,29.8
1991-03-28,29.1,24.0,26.1,27.53,29.55
1991-03-29,29.2,23.5,25.9,27.53,29.95
1991-03-30,29.2,22.9,25.7,26.97,28.7
1991-03-31,29.6,22.9,25.9,27.45,29.85
1991-04-01,28.1,23.6,25.3,27.18,29.13
1991-04-02,26.7,23.1,24.6,27.09,28.83
1991-04-03,26.9,23.1,24.8,26.78,28.56
1991-04-04,29.2,22.7,25.5,26.61,28.48
1991-04-05,29.4,22.8,25.4,27.1,28.96
1991-04-06,28.9,22.8,25.2,27.45,29.5
1991-04-07,28.7,22.9,25.4,27.45,29.03
1991-04-08,29.7,22.7,25.8,27.37,29.12
1991-04-09,29.2,23.5,26.1,27.51,29.5
1991-04-10,29.3,23.7,26.1,27.24,29.77
1991-04-11,29.2,24.4,26.3,27.0,29.13
1991-04-12,28.1,24.5,25.8,27.1,29.33
1991-04-13,30.1,23.8,26.8,26.38,27.64
1991-04-14,29.9,24.0,26.5,27.36,29.85
1991-04-15,28.4,23.2,25.5,27.23,29.17
1991-04-16,28.4,23.3,25.5,27.0,28.91
1991-04-17,28.5,23.5,25.4,26.91,28.78
1991-04-18,28.0,23.7,25.4,25.9,27.06
1991-04-19,30.3,23.6,26.4,27.05,29.38
1991-04-20,30.5,24.1,26.6,27.7,30.22
1991-04-21,30.3,24.4,26.5,26.88,27.89
1991-04-22,28.8,23.8,25.7,26.92,28.11
1991-04-23,27.6,23.9,25.2,26.44,27.68
1991-04-24,29.4,23.1,26.1,26.76,28.15
1991-04-25,30.1,23.1,26.0,27.44,29.38
1991-04-26,30.1,23.3,26.4,27.7,30.54
1991-04-27,30.3,24.4,27.1,27.49,29.52
1991-04-28,30.2,24.2,27.1,28.11,30.58
1991-04-29,30.0,23.6,26.9,27.66,29.46
1991-04-30,30.9,24.5,26.9,27.41,28.42
1991-05-01,29.0,23.9,26.1,27.9,30.26
1991-05-02,29.0,23.4,25.9,27.24,29.02
1991-05-03,29.5,23.5,25.9,27.51,29.47
1991-05-04,29.8,23.5,26.1,27.86,29.58
1991-05-05,29.1,23.1,25.5,27.42,29.21
1991-05-06,28.9,23.9,26.0,27.75,30.12
1991-05-07,29.0,23.9,26.3,27.18,29.43
1991-05-08,28.4,24.3,26.1,27.38,29.6
1991-05-09,29.0,23.3,26.2,27.32,29.35
1991-05-10,28.3,23.4,25.9,27.0,28.09
1991-05-11,28.8,23.5,25.9,27.33,28.99
1991-05-12,29.5,23.4,26.2,26.94,27.88
1991-05-13,29.4,23.4,26.2,26.9,28.12
1991-05-14,29.6,23.7,26.5,27.02,28.62
1991-05-15,30.3,23.7,26.9,27.4,30.08
1991-05-16,30.5,23.0,26.5,27.53,30.01
1991-05-17,29.8,23.3,26.6,27.44,29.76
1991-05-18,30.2,23.0,26.4,27.49,30.44
1991-05-19,29.8,22.8,26.6,27.79,30.34
1991-05-20,30.4,22.8,26.6,27.8,30.4
1991-05-21,30.6,23.4,26.8,27.45,30.14
1991-05-22,30.9,23.5,26.8,27.79,30.44
1991-05-23,30.1,23.8,26.7,27.26,29.75
1991-05-24,30.2,23.2,26.3,27.54,30.47
1991-05-25,29.8,22.0,25.8,26.97,29.58
1991-05-26,30.6,21.8,26.4,26.95,29.75
1991-05-27,30.5,23.3,26.6,27.68,30.41
1991-05-28,30.6,23.3,26.8,27.68,30.19
1991-05-29,30.3,23.5,26.5,27.58,30.23
1991-05-30,30.7,22.9,26.9,27.58,30.13
1991-05-31,30.9,23.0,26.9,27.46,30.0
1991-06-01,30.7,24.3,27.1,27.66,30.36
1991-06-02,30.9,23.7,27.3,27.34,29.57
1991-06-03,30.8,24.1,27.2,27.72,30.46
1991-06-04,31.5,23.8,27.4,28.03,30.36
1991-06-05,30.9,23.6,27.2,27.63,29.83
1991-06-06,30.6,22.9,27.0,26.48,28.92
1991-06-07,30.9,22.9,26.8,26.52,29.08
1991-06-08,30.7,23.4,26.8,26.98,29.47
1991-06-09,30.2,23.3,26.8,26.62,28.89
1991-06-10,30.5,24.2,27.0,26.61,28.64
1991-06-11,30.5,24.2,27.2,26.67,29.12
1991-06-12,29.7,24.5,26.8,27.02,29.27
1991-06-13,30.2,23.1,26.7,27.04,29.2
1991-06-14,30.7,23.4,27.1,27.07,29.06
1991-06-15,30.3,24.1,26.9,27.27,29.21
1991-06-16,30.8,23.8,27.1,27.35,29.2
1991-06-17,30.6,23.5,27.0,27.19,29.64
1991-06-18,30.5,23.6,26.9,26.8,28.91
1991-06-19,30.6,24.1,27.0,27.24,29.57
1991-06-20,31.3,23.3,27.2,27.34,29.91
1991-06-21,30.8,23.4,27.0,27.21,29.8
1991-06-22,30.9,23.4,27.2,27.13,29.52
1991-06-23,30.9,24.0,27.2,26.67,28.96
1991-06-24,30.4,24.0,27.0,26.6,29.03
1991-06-25,31.1,23.7,27.1,26.36,29.19
1991-06-26,31.1,24.0,27.2,26.65,29.56
1991-06-27,30.6,23.4,26.5,26.89,29.21
1991-06-28,29.9,23.0,26.5,26.61,29.54
1991-06-29,30.6,23.1,26.8,25.83,28.52
1991-06-30,29.9,23.3,26.6,26.03,28.62
1991-07-01,31.0,23.7,26.9,26.18,28.67
1991-07-02,31.4,23.0,27.0,26.19,29.08
1991-07-03,31.0,23.3,26.7,26.36,28.83
1991-07-04,30.6,23.9,26.8,26.66,29.16
1991-07-05,31.2,23.0,26.8,26.26,29.19
1991-07-06,31.1,21.9,26.3,26.3,28.88
1991-07-07,30.6,21.9,26.2,26.39,28.51
1991-07-08,29.8,22.7,26.3,26.32,28.41
1991-07-09,30.7,22.2,26.3,25.93,28.46
1991-07-10,30.9,23.4,26.9,25.59,28.6
1991-07-11,31.3,22.5,26.9,25.82,28.94
1991-07-12,30.2,23.4,26.8,26.1,29.16
1991-07-13,30.2,22.8,26.7,25.56,27.84
1991-07-14,31.0,23.3,27.1,26.07,28.95
1991-07-15,31.5,23.6,27.4,26.46,29.14
1991-07-16,31.2,23.8,26.6,26.82,29.55
1991-07-17,29.1,22.9,25.8,26.58,28.93
1991-07-18,30.8,22.9,26.7,26.52,29.2
1991-07-19,30.5,23.9,26.8,26.62,29.13
1991-07-20,30.6,22.8,26.3,26.37,28.92
1991-07-21,29.9,22.7,26.1,25.9,28.43
1991-07-22,30.1,22.8,26.4,26.29,28.71
1991-07-23,30.5,22.6,26.7,26.63,29.16
1991-07-24,30.1,23.3,26.8,26.64,29.65
1991-07-25,30.7,24.5,27.1,26.43,28.98
1991-07-26,31.3,23.4,27.2,26.13,28.82
1991-07-27,31.0,24.0,27.4,26.28,29.0
1991-07-28,31.7,23.5,27.4,26.27,29.18
1991-07-29,31.7,23.8,27.5,26.53,29.71
1991-07-30,32.0,24.6,27.7,26.66,29.67
1991-07-31,31.4,24.5,27.6,26.64,29.46
1991-08-01,30.7,23.8,26.4,26.27,29.14
1991-08-02,31.1,22.8,26.7,26.37,29.52
1991-08-03,31.0,24.2,26.9,25.56,28.73
1991-08-04,31.4,23.0,26.5,25.67,29.46
1991-08-05,31.2,22.4,26.6,25.46,29.1
1991-08-06,30.8,22.7,26.3,25.76,29.06
1991-08-07,31.8,22.0,26.8,26.13,29.49
1991-08-08,31.5,23.3,27.1,26.48,29.75
1991-08-09,31.3,23.5,26.8,26.72,29.9
1991-08-10,31.5,22.4,26.7,26.21,29.6
1991-08-11,32.1,22.2,26.8,26.31,29.75
1991-08-12,31.7,22.5,27.1,27.04,30.29
1991-08-13,31.5,23.2,27.1,26.76,29.49
1991-08-14,31.7,23.6,27.4,27.0,30.36
1991-08-15,30.9,23.7,27.3,26.51,29.9
1991-08-16,30.1,24.6,27.1,26.05,29.82
1991-08-17,30.5,24.6,27.0,26.0,29.42
1991-08-18,30.4,23.9,26.7,26.49,29.78
1991-08-19,31.1,23.1,26.9,26.02,29.39
1991-08-20,32.2,21.6,26.7,26.28,29.97
1991-08-21,31.7,21.9,26.8,26.72,30.24
1991-08-22,32.3,23.2,27.7,27.16,30.58
1991-08-23,30.7,25.5,27.7,26.85,29.79
1991-08-24,31.5,24.3,27.7,26.81,29.91
1991-08-25,31.4,23.5,27.3,26.87,30.24
1991-08-26,31.7,23.6,27.3,27.12,30.62
1991-08-27,31.6,24.0,27.3,27.23,30.64
1991-08-28,31.6,22.8,26.8,26.92,30.35
1991-08-29,31.3,24.4,27.2,26.97,30.41
1991-08-30,32.0,24.3,27.5,26.99,30.8
1991-08-31,32.1,23.3,27.4,26.98,30.4
1991-09-01,32.7,23.2,27.8,27.49,31.03
1991-09-02,31.1,23.9,27.2,27.22,30.31
1991-09-03,31.0,24.3,27.0,27.22,30.14
1991-09-04,31.9,23.9,27.3,27.48,30.97
1991-09-05,31.7,23.5,27.2,27.45,31.34
1991-09-06,31.7,22.5,26.5,27.37,31.23
1991-09-07,31.9,22.9,27.2,27.45,31.59
1991-09-08,31.7,23.0,27.5,27.52,31.25
1991-09-09,32.0,23.3,27.7,27.51,31.07
1991-09-10,31.7,22.9,27.5,27.76,31.46
1991-09-11,31.3,23.2,26.8,27.66,31.31
1991-09-12,31.9,24.2,27.6,27.43,31.03
1991-09-13,32.0,23.3,27.2,27.28,30.65
1991-09-14,32.0,23.6,27.6,27.34,31.07
1991-09-15,32.5,23.1,27.5,27.26,31.23
1991-09-16,32.1,22.5,27.0,27.45,30.94
1991-09-17,32.7,23.4,27.6,27.68,31.56
1991-09-18,32.4,23.4,27.4,27.4,31.46
1991-09-19,32.3,22.6,27.3,27.08,31.21
1991-09-20,32.3,21.9,27.2,27.32,31.33
1991-09-21,32.4,21.5,26.8,27.53,31.38
1991-09-22,32.3,22.6,27.0,27.65,31.09
1991-09-23,31.6,23.6,27.0,27.88,32.01
1991-09-24,32.3,23.3,27.2,28.05,32.3
1991-09-25,31.0,23.4,27.0,27.92,31.91
1991-09-26,31.9,21.8,26.9,28.14,32.11
1991-09-27,32.5,22.8,27.6,28.31,32.65
1991-09-28,32.6,22.3,27.4,27.98,31.96
1991-09-29,32.0,23.0,27.4,28.12,32.14
1991-09-30,33.2,23.7,27.9,28.24,32.31
1991-10-01,32.9,22.1,27.7,28.15,32.05
1991-10-02,32.6,22.8,27.5,28.32,32.29
1991-10-03,32.0,23.4,27.3,28.03,31.33
1991-10-04,32.4,23.4,27.5,28.09,31.69
1991-10-05,31.8,23.4,27.3,28.26,32.13
1991-10-06,33.3,23.8,28.1,28.26,32.45
1991-10-07,33.6,22.7,28.1,28.3,32.28
1991-10-08,33.0,23.5,28.2,28.01,31.06
1991-10-09,32.3,25.0,28.2,28.01,31.76
1991-10-10,32.6,23.9,28.0,27.96,31.37
1991-10-11,32.6,23.6,28.0,28.35,32.11
1991-10-12,32.9,23.8,27.9,28.21,31.61
1991-10-13,33.0,22.3,27.5,28.3,31.92
1991-10-14,32.4,23.4,27.5,28.43,31.86
1991-10-15,31.5,23.4,27.0,27.72,31.14
1991-10-16,30.0,23.6,26.7,27.42,31.26
1991-10-17,31.2,22.8,27.1,27.49,30.88
1991-10-18,31.6,22.9,27.4,27.76,31.02
1991-10-19,30.7,24.0,27.0,27.69,30.22
1991-10-20,31.4,23.4,26.5,28.24,31.61
1991-10-21,30.0,23.7,26.5,28.38,32.27
1991-10-22,31.4,23.2,26.9,28.11,31.78
1991-10-23,31.7,24.5,27.4,28.23,32.09
1991-10-24,31.3,23.9,27.5,27.68,31.07
1991-10-25,30.8,24.0,27.0,27.68,30.85
1991-10-26,32.3,23.9,27.6,27.92,31.5
1991-10-27,31.8,24.4,27.2,28.02,31.33
1991-10-28,31.8,23.7,27.7,28.37,31.97
1991-10-29,31.7,24.0,27.5,28.54,31.99
1991-10-30,31.8,22.9,27.5,28.67,32.32
1991-10-31,31.7,23.6,26.8,28.6,32.06
1991-11-01,30.7,23.7,27.0,28.6,31.96
1991-11-02,30.6,23.5,26.9,28.76,32.26
1991-11-03,29.9,24.1,26.6,27.94,30.67
1991-11-04,29.3,24.1,26.2,27.66,29.88
1991-11-05,30.3,23.5,25.7,27.47,29.79
1991-11-06,28.7,23.8,25.7,27.5,29.7
1991-11-07,28.6,23.0,25.1,27.73,30.01
1991-11-08,27.9,23.3,25.2,26.38,27.61
1991-11-09,28.6,23.1,25.6,26.46,28.54
1991-11-10,28.6,23.3,25.6,27.36,29.95
1991-11-11,28.6,22.9,25.5,27.66,29.84
1991-11-12,27.8,23.4,25.2,27.27,28.76
1991-11-13,27.7,22.5,24.9,27.03,29.17
1991-11-14,27.6,23.4,25.0,26.78,28.45
1991-11-15,28.1,23.1,25.2,27.12,29.95
1991-11-16,28.0,23.0,25.1,26.55,28.54
1991-11-17,28.3,22.9,25.2,27.04,29.39
1991-11-18,29.1,23.2,25.9,27.49,30.15
1991-11-19,28.9,23.0,25.7,27.94,31.04
1991-11-20,29.3,23.4,25.9,28.16,31.43
1991-11-21,28.2,22.8,25.4,28.02,30.2
1991-11-22,28.7,22.9,25.6,27.62,29.53
1991-11-23,28.7,23.6,25.6,27.34,29.01
1991-11-24,28.9,23.2,25.4,26.88,27.72
1991-11-25,28.3,23.4,25.6,27.15,28.68
1991-11-26,28.7,23.5,25.8,28.69,31.71
1991-11-27,29.1,23.2,25.7,27.37,28.64
1991-11-28,29.1,23.6,25.6,27.47,29.36
1991-11-29,30.3,23.3,26.3,27.14,28.29
1991-11-30,29.1,23.7,26.2,27.96,30.49
1991-12-01,28.1,24.0,25.4,27.65,29.1
1991-12-02,26.5,23.5,24.8,26.62,27.48
1991-12-03,28.5,23.4,25.7,27.2,29.62
1991-12-04,28.4,23.7,25.6,27.07,29.42
1991-12-05,28.9,23.6,25.8,27.05,29.05
1991-12-06,28.7,23.1,25.2,26.83,28.67
1991-12-07,27.0,23.3,24.8,26.64,28.94
1991-12-08,28.4,22.9,25.2,26.57,28.51
1991-12-09,27.7,23.7,25.3,27.0,28.87
1991-12-10,28.8,23.7,25.9,26.94,29.54
1991-12-11,29.6,23.3,25.9,27.42,30.67
1991-12-12,29.5,23.1,25.9,27.14,29.39
1991-12-13,28.6,23.7,25.7,27.27,29.22
1991-12-14,28.7,23.2,25.3,27.26,29.43
1991-12-15,28.2,23.4,25.4,27.12,28.99
1991-12-16,28.5,23.2,25.9,27.96,30.36
1991-12-17,29.3,23.0,26.1,28.08,30.56
1991-12-18,28.8,23.7,26.0,28.3,31.09
1991-12-19,29.2,23.1,25.9,28.12,30.38
1991-12-20,28.5,23.6,25.5,28.15,30.67
1991-12-21,27.7,23.3,25.1,27.3,29.06
1991-12-22,28.5,23.3,25.4,27.67,29.88
1991-12-23,29.6,23.1,25.8,27.36,29.18
1991-12-24,29.1,23.4,25.6,27.26,29.46
1991-12-25,28.4,23.2,25.3,27.19,30.17
1991-12-26,27.3,23.5,25.1,26.8,29.12
1991-12-27,27.9,23.4,25.1,26.76,28.3
1991-12-28,28.1,23.0,25.1,26.39,27.62
1991-12-29,28.3,23.0,24.9,26.2,27.38
1991-12-30,27.1,23.2,24.5,26.11,27.86
1991-12-31,29.1,22.4,25.4,26.77,29.43
1992-01-01,28.0,22.8,25.0,26.81,29.52
1992-01-02,28.2,22.7,25.1,26.26,27.68
1992-01-03,27.9,22.8,25.4,26.66,28.4
1992-01-04,29.1,22.8,25.4,27.27,29.62
1992-01-05,30.2,22.7,25.6,27.76,30.16
1992-01-06,30.2,23.1,26.1,27.38,29.52
1992-01-07,28.0,23.4,25.2,26.49,28.22
1992-01-08,29.1,23.0,25.8,26.78,28.37
1992-01-09,28.0,23.3,24.9,26.28,28.0
1992-01-10,28.3,23.1,25.3,26.92,28.68
1992-01-11,27.6,22.9,24.8,26.38,27.33
1992-01-12,28.1,22.5,25.0,26.82,28.47
1992-01-13,28.4,22.6,25.2,26.52,27.66
1992-01-14,27.7,23.0,25.3,27.11,28.78
1992-01-15,27.6,23.1,24.8,26.21,26.85
1992-01-16,27.7,23.2,24.8,27.06,29.93
1992-01-17,28.0,23.1,25.1,27.27,29.87
1992-01-18,28.0,22.2,25.2,27.0,29.56
1992-01-19,27.7,22.9,24.9,27.2,29.27
1992-01-20,27.8,22.7,24.9,26.97,28.97
1992-01-21,27.8,23.3,25.2,26.63,27.86
1992-01-22,26.9,22.7,24.7,26.34,27.24
1992-01-23,27.6,22.8,25.3,25.95,27.53
1992-01-24,26.7,23.4,24.5,26.27,28.02
1992-01-25,26.6,22.5,24.5,26.2,27.67
1992-01-26,28.3,22.9,25.1,27.1,29.4
1992-01-27,28.3,23.4,25.6,27.08,29.08
1992-01-28,28.7,23.1,25.5,26.99,29.07
1992-01-29,27.8,23.5,25.5,26.79,28.67
1992-01-30,27.5,23.0,25.4,27.03,29.74
1992-01-31,28.2,23.2,25.5,26.93,28.79
1992-02-01,27.7,22.9,25.0,26.7,28.31
1992-02-02,26.9,23.2,24.6,25.96,27.29
1992-02-03,28.5,23.0,25.5,26.42,28.48
1992-02-04,28.1,23.3,25.6,26.42,28.66
1992-02-05,28.6,23.4,25.6,26.67,28.86
1992-02-06,29.6,23.4,26.0,26.77,29.72
1992-02-07,27.8,23.2,25.4,26.32,27.51
1992-02-08,28.8,23.4,25.6,26.71,28.94
1992-02-09,27.7,23.3,25.3,26.09,27.57
1992-02-10,27.2,23.6,25.0,26.07,27.57
1992-02-11,29.7,23.4,26.4,26.61,28.72
1992-02-12,28.6,23.3,25.8,26.29,27.44
1992-02-13,30.3,23.0,26.1,27.16,29.71
1992-02-14,29.7,24.0,26.2,27.26,30.0
1992-02-15,30.7,23.2,26.5,27.71,30.22
1992-02-16,29.1,23.5,26.4,27.53,29.08
1992-02-17,29.0,23.6,26.2,27.34,28.81
1992-02-18,30.0,23.0,25.6,26.88,28.73
1992-02-19,30.4,23.3,26.1,26.54,28.02
1992-02-20,30.3,23.6,26.2,26.78,29.14
1992-02-21,28.1,23.9,25.7,26.47,28.78
1992-02-22,28.0,23.2,24.9,25.9,27.22
1992-02-23,28.1,23.6,25.6,26.36,28.07
1992-02-24,28.7,22.7,25.7,26.72,27.83
1992-02-25,28.8,23.4,25.8,26.88,28.72
1992-02-26,28.3,23.7,25.5,26.62,27.82
1992-02-27,29.0,23.4,26.1,26.13,26.86
1992-02-28,29.3,23.5,26.0,26.13,27.01
1992-02-29,29.7,23.6,26.1,26.9,29.58
1992-03-01,30.4,23.0,26.1,26.53,28.67
1992-03-02,29.8,23.8,26.4,27.3,30.44
1992-03-03,29.8,23.6,26.3,27.11,29.65
1992-03-04,29.0,23.8,26.1,27.87,30.7
1992-03-05,29.2,23.5,26.1,27.76,30.02
1992-03-06,28.7,23.0,25.3,27.72,29.89
1992-03-07,28.8,22.8,25.6,26.85,28.73
1992-03-08,29.3,23.1,25.8,27.6,30.19
1992-03-09,29.1,23.4,25.8,27.55,29.99
1992-03-10,28.9,23.4,25.6,26.85,27.87
1992-03-11,28.6,23.5,25.8,26.22,27.74
1992-03-12,29.2,23.8,25.8,26.02,27.09
1992-03-13,28.1,22.6,25.3,26.84,29.28
1992-03-14,28.1,23.4,25.4,27.12,28.76
1992-03-15,28.3,23.8,25.4,26.98,28.84
1992-03-16,28.2,23.2,25.3,26.83,28.08
1992-03-17,28.2,23.4,25.4,27.4,29.64
1992-03-18,29.3,23.2,25.7,26.89,28.36
1992-03-19,29.0,23.9,25.9,27.78,30.16
1992-03-20,29.9,23.6,26.5,27.84,29.9
1992-03-21,29.3,24.2,26.3,27.81,29.84
1992-03-22,29.3,23.8,26.0,27.55,29.6
1992-03-23,28.8,23.8,26.1,27.79,30.03
1992-03-24,28.8,23.2,26.2,27.66,29.42
1992-03-25,30.4,23.9,26.4,28.1,30.37
1992-03-26,30.1,24.4,26.4,28.08,30.21
1992-03-27,29.4,23.6,26.2,28.12,30.12
1992-03-28,30.1,23.9,26.1,27.89,30.25
1992-03-29,29.4,23.6,25.9,27.16,29.4
1992-03-30,29.8,23.3,25.9,27.93,29.99
1992-03-31,28.7,23.5,26.0,27.17,29.34
1992-04-01,29.4,23.2,26.0,27.16,29.22
1992-04-02,30.0,23.6,26.2,27.36,29.32
1992-04-03,28.4,23.7,25.7,26.75,27.65
1992-04-04,28.4,23.4,25.3,27.47,29.27
1992-04-05,28.6,23.8,25.9,27.31,29.3
1992-04-06,29.1,23.0,25.9,27.9,30.22
1992-04-07,29.7,22.9,25.8,27.3,28.94
1992-04-08,29.9,23.3,26.3,27.82,29.79
1992-04-09,29.2,23.8,26.0,26.61,27.41
1992-04-10,31.1,23.6,27.3,27.36,29.69
1992-04-11,30.9,23.4,26.9,27.94,30.2
1992-04-12,30.6,23.4,26.3,27.88,29.53
1992-04-13,30.3,23.1,26.1,28.58,31.52
1992-04-14,30.1,23.5,26.2,27.87,29.29
1992-04-15,28.3,23.6,26.0,27.59,29.15
1992-04-16,29.4,23.9,26.3,27.5,28.66
1992-04-17,29.7,23.5,26.1,27.93,29.77
1992-04-18,29.7,23.7,26.3,28.12,30.01
1992-04-19,30.3,22.9,26.4,27.37,28.45
1992-04-20,29.6,23.9,26.5,27.76,29.61
1992-04-21,30.3,23.3,26.3,28.17,30.11
1992-04-22,29.9,23.5,26.4,27.37,28.57
1992-04-23,28.7,24.0,26.1,27.12,28.4
1992-04-24,29.0,24.0,26.0,27.28,28.36
1992-04-25,29.3,23.5,25.9,27.8,29.66
1992-04-26,28.2,23.0,25.1,27.3,28.21
1992-04-27,28.2,23.2,25.3,27.55,28.99
1992-04-28,30.1,23.4,26.3,27.55,29.48
1992-04-29,29.1,23.9,26.1,27.7,29.06
1992-04-30,29.8,23.6,26.2,28.06,29.91
1992-05-01,30.0,22.7,26.4,28.16,30.2
1992-05-02,29.2,23.7,26.6,28.16,30.44
1992-05-03,28.8,23.7,26.2,27.51,29.64
1992-05-04,29.8,23.8,26.5,27.26,28.77
1992-05-05,30.5,23.0,26.8,27.72,29.65
1992-05-06,29.2,24.1,26.2,27.52,29.55
1992-05-07,28.8,23.8,25.7,27.4,30.14
1992-05-08,28.3,23.8,25.3,26.78,28.27
1992-05-09,28.4,23.7,25.5,27.49,29.72
1992-05-10,29.0,22.3,25.5,27.35,29.18
1992-05-11,28.3,23.7,25.6,27.09,28.34
1992-05-12,29.2,23.1,26.1,27.59,29.47
1992-05-13,29.1,23.8,26.1,27.86,29.96
1992-05-14,29.2,23.3,25.8,27.31,28.45
1992-05-15,28.8,22.9,25.5,27.4,29.06
1992-05-16,30.2,22.8,26.2,27.82,30.14
1992-05-17,29.8,23.0,26.2,27.51,29.35
1992-05-18,29.9,23.2,26.5,27.52,29.87
1992-05-19,30.3,23.0,26.8,27.42,30.13
1992-05-20,30.4,23.3,26.8,28.0,30.48
1992-05-21,30.1,23.5,26.5,28.38,30.49
1992-05-22,30.0,23.2,26.3,27.94,29.98
1992-05-23,29.9,24.0,26.6,27.89,29.29
1992-05-24,29.7,23.5,26.4,27.27,28.18
1992-05-25,29.2,24.1,26.2,27.72,29.71
1992-05-26,29.3,23.3,25.8,27.77,29.75
1992-05-27,30.2,22.9,26.3,27.83,29.29
1992-05-28,29.1,23.7,25.9,27.43,28.45
1992-05-29,29.8,23.0,25.9,27.37,28.39
1992-05-30,29.4,23.2,26.0,27.58,28.76
1992-05-31,29.4,22.5,25.7,28.2,30.52
1992-06-01,29.6,22.9,25.9,27.76,29.18
1992-06-02,29.2,23.0,25.9,27.62,29.06
1992-06-03,29.1,23.3,25.9,27.61,28.76
1992-06-04,29.5,23.2,26.2,27.8,29.71
1992-06-05,28.6,23.2,25.7,27.68,29.58
1992-06-06,28.8,22.8,25.5,27.41,29.27
1992-06-07,28.3,23.6,25.5,27.55,29.69
1992-06-08,28.9,23.2,25.6,27.57,29.49
1992-06-09,28.7,23.6,25.8,27.64,29.44
1992-06-10,30.5,22.9,25.9,28.26,30.51
1992-06-11,29.7,22.9,26.1,28.1,30.34
1992-06-12,29.2,23.8,26.0,27.74,30.13
1992-06-13,29.1,23.6,25.8,27.47,29.51
1992-06-14,30.0,22.1,25.9,27.61,29.89
1992-06-15,29.7,23.3,26.0,27.32,29.63
1992-06-16,30.0,23.3,26.6,26.94,28.95
1992-06-17,29.7,23.4,26.1,27.42,29.63
1992-06-18,29.9,22.8,26.2,27.21,29.61
1992-06-19,29.7,23.1,25.9,27.17,29.53
1992-06-20,29.5,22.9,25.7,27.44,29.67
1992-06-21,29.9,23.1,26.5,27.78,29.99
1992-06-22,30.3,22.2,26.4,27.26,29.75
1992-06-23,30.2,23.0,26.3,27.5,29.96
1992-06-24,29.6,22.3,25.8,27.73,30.14
1992-06-25,29.2,21.8,25.5,26.62,29.19
1992-06-26,29.4,22.9,26.2,27.14,29.22
1992-06-27,28.9,23.2,25.6,26.89,29.07
1992-06-28,30.1,22.2,26.0,26.97,29.03
1992-06-29,29.7,22.2,26.1,27.13,29.73
1992-06-30,30.4,23.5,26.6,27.3,29.61
1992-07-01,29.2,22.9,26.2,27.36,29.51
1992-07-02,29.7,22.9,26.1,27.42,29.71
1992-07-03,28.6,23.0,25.6,27.09,29.02
1992-07-04,28.9,22.7,25.4,27.01,28.75
1992-07-05,30.3,22.4,25.9,27.04,29.03
1992-07-06,29.4,21.9,25.6,27.3,29.44
1992-07-07,27.9,23.3,25.3,27.29,29.25
1992-07-08,29.6,23.1,26.0,27.4,29.34
1992-07-09,29.2,21.9,25.6,26.97,29.36
1992-07-10,28.9,21.8,25.2,26.63,28.97
1992-07-11,29.5,22.0,25.3,26.53,28.87
1992-07-12,27.8,23.1,24.8,26.68,28.92
1992-07-13,28.5,22.0,24.6,26.79,29.53
1992-07-14,28.9,22.4,25.4,26.69,28.71
1992-07-15,29.0,23.0,25.5,26.93,29.24
1992-07-16,29.3,22.8,25.9,26.39,28.68
1992-07-17,29.3,21.3,25.4,26.41,28.88
1992-07-18,29.8,21.4,25.5,26.92,29.95
1992-07-19,29.3,22.2,25.4,27.13,29.83
1992-07-20,28.7,22.0,25.2,26.91,28.94
1992-07-21,29.1,22.6,25.5,26.74,29.2
1992-07-22,29.2,22.9,25.4,26.66,29.15
1992-07-23,29.3,21.6,25.4,26.61,29.16
1992-07-24,28.8,22.4,25.7,26.44,28.97
1992-07-25,29.4,22.9,26.1,26.18,28.86
1992-07-26,30.0,23.6,26.4,26.59,29.13
1992-07-27,30.2,23.3,26.6,26.96,29.58
1992-07-28,30.9,22.7,26.3,26.9,29.42
1992-07-29,30.0,23.0,25.8,26.91,29.15
1992-07-30,30.2,22.9,26.3,26.69,29.24
1992-07-31,30.1,22.3,26.3,26.46,29.28
1992-08-01,30.5,22.4,26.5,26.75,29.44
1992-08-02,30.2,23.1,26.3,26.73,29.1
1992-08-03,29.7,23.7,26.5,26.98,29.19
1992-08-04,30.4,22.5,26.0,26.73,28.9
1992-08-05,30.5,22.5,26.1,26.71,29.29
1992-08-06,29.4,23.0,25.5,26.64,29.29
1992-08-07,30.1,22.1,25.8,26.36,29.04
1992-08-08,30.1,22.0,26.3,26.3,29.09
1992-08-09,30.1,23.0,26.3,26.17,28.67
1992-08-10,30.2,22.9,25.9,26.53,28.97
1992-08-11,30.4,22.6,26.2,26.32,28.98
1992-08-12,30.6,22.4,26.4,26.34,29.21
1992-08-13,30.8,22.0,26.6,26.6,29.68
1992-08-14,30.6,23.8,26.4,26.82,29.32
1992-08-15,30.5,23.3,26.4,26.61,29.24
1992-08-16,30.2,23.2,26.2,26.12,28.35
1992-08-17,30.5,22.4,26.6,26.65,29.64
1992-08-18,30.7,21.6,26.5,26.51,29.2
1992-08-19,30.3,23.1,26.4,26.4,29.06
1992-08-20,30.5,23.1,26.5,26.4,28.9
1992-08-21,29.7,23.1,25.9,26.49,28.79
1992-08-22,29.8,22.7,25.7,25.98,27.47
1992-08-23,29.9,23.1,26.4,26.15,27.65
1992-08-24,30.5,23.7,26.6,26.54,28.43
1992-08-25,29.5,23.3,25.8,26.14,28.06
1992-08-26,28.4,22.5,25.3,25.67,27.2
1992-08-27,29.2,23.0,25.7,26.42,28.15
1992-08-28,29.4,23.3,25.8,26.43,27.81
1992-08-29,28.4,23.4,25.7,26.47,27.83
1992-08-30,29.9,23.2,25.8,26.42,28.33
1992-08-31,28.5,23.4,25.5,27.0,29.11
1992-09-01,29.7,22.7,25.6,27.07,29.56
1992-09-02,30.1,22.6,25.7,27.17,29.6
1992-09-03,28.8,22.8,25.5,26.75,28.76
1992-09-04,27.5,22.7,24.6,25.84,27.23
1992-09-05,29.0,22.3,24.9,26.11,28.21
1992-09-06,28.5,23.1,25.1,26.56,28.09
1992-09-07,28.6,22.4,24.9,26.91,29.31
1992-09-08,29.3,22.2,25.4,26.54,28.85
1992-09-09,29.3,22.6,25.9,26.81,28.95
1992-09-10,30.3,22.4,26.3,27.18,29.69
1992-09-11,29.1,23.1,25.7,27.16,29.21
1992-09-12,29.5,22.7,25.6,26.98,29.4
1992-09-13,28.6,23.2,25.8,27.01,28.97
1992-09-14,29.0,23.2,25.8,26.8,28.3
1992-09-15,28.9,22.7,25.5,27.29,30.03
1992-09-16,30.3,21.8,25.9,26.94,29.09
1992-09-17,30.0,22.4,25.5,27.07,29.79
1992-09-18,30.3,22.7,26.0,27.34,29.57
1992-09-19,30.1,22.1,25.7,27.59,30.13
1992-09-20,29.9,22.5,25.8,27.5,29.87
1992-09-21,30.2,22.4,26.3,27.4,29.75
1992-09-22,30.8,22.7,26.8,27.23,29.1
1992-09-23,30.8,23.9,26.8,27.04,28.42
1992-09-24,29.3,23.3,25.7,26.89,28.42
1992-09-25,28.7,22.8,25.3,26.94,29.3
1992-09-26,29.2,22.8,25.4,26.85,29.09
1992-09-27,29.1,23.0,25.8,26.92,29.33
1992-09-28,30.1,22.8,26.3,27.41,30.26
1992-09-29,30.5,22.7,26.6,27.71,30.84
1992-09-30,30.2,23.4,26.1,27.86,30.26
1992-10-01,27.9,23.5,25.5,26.65,28.11
1992-10-02,27.3,22.9,24.8,26.24,26.91
1992-10-03,27.6,22.7,24.8,25.94,26.71
1992-10-04,28.9,22.3,25.2,26.99,29.62
1992-10-05,29.4,22.9,25.7,27.37,29.99
1992-10-06,29.5,22.8,25.8,27.38,29.83
1992-10-07,29.8,22.5,25.6,27.37,29.39
1992-10-08,27.9,23.3,25.2,27.01,28.56
1992-10-09,29.4,23.4,25.6,26.96,28.4
1992-10-10,29.1,22.9,25.8,26.99,29.05
1992-10-11,29.7,22.7,26.0,27.28,29.33
1992-10-12,29.5,23.9,26.2,27.27,29.34
1992-10-13,30.5,23.1,26.0,27.39,29.76
1992-10-14,30.2,23.1,26.2,27.5,30.03
1992-10-15,28.7,23.7,26.0,27.13,29.16
1992-10-16,29.6,23.3,25.9,27.66,30.19
1992-10-17,29.6,23.3,26.2,27.55,29.57
1992-10-18,29.7,23.7,26.0,26.79,28.29
1992-10-19,30.0,23.3,26.2,27.28,29.32
1992-10-20,30.4,23.5,26.6,27.06,28.7
1992-10-21,29.7,23.8,26.3,27.72,30.04
1992-10-22,30.5,22.8,26.8,28.09,30.7
1992-10-23,30.5,24.0,26.6,28.01,30.38
1992-10-24,30.3,23.5,25.9,27.7,29.49
1992-10-25,27.8,23.0,25.2,27.49,30.04
1992-10-26,29.0,22.9,25.6,27.67,30.24
1992-10-27,29.5,23.5,25.8,27.34,29.58
1992-10-28,28.5,23.2,25.5,27.27,29.84
1992-10-29,28.6,23.0,25.0,26.97,28.33
1992-10-30,27.3,22.5,24.6,26.39,27.46
1992-10-31,27.6,22.7,24.4,26.39,27.99
1992-11-01,27.4,22.8,24.7,26.42,28.6
1992-11-02,26.3,22.6,24.2,26.17,27.59
1992-11-03,27.9,22.9,25.3,26.35,27.83
1992-11-04,28.8,22.3,25.4,26.84,28.37
1992-11-05,29.2,23.1,25.8,26.95,29.55
1992-11-06,29.7,22.7,26.1,27.35,29.95
1992-11-07,29.6,23.2,26.0,27.31,29.54
1992-11-08,29.3,23.4,25.8,26.85,29.18
1992-11-09,27.0,23.4,24.5,26.23,27.97
1992-11-10,26.1,22.9,24.4,26.2,27.96
1992-11-11,29.6,22.9,25.4,27.25,30.18
1992-11-12,30.0,22.9,26.2,27.48,30.37
1992-11-13,29.3,23.6,26.2,27.31,29.31
1992-11-14,29.4,23.1,26.0,27.63,30.11
1992-11-15,29.0,23.1,25.7,27.69,30.16
1992-11-16,28.5,23.5,25.5,27.5,29.62
1992-11-17,28.3,23.1,25.3,26.86,28.33
1992-11-18,28.0,23.1,25.2,26.57,28.18
1992-11-19,29.0,22.8,25.7,26.94,28.71
1992-11-20,29.5,22.9,25.7,26.8,28.45
1992-11-21,28.1,23.3,25.3,26.51,28.26
1992-11-22,28.5,22.8,25.2,27.4,29.64
1992-11-23,28.6,23.4,25.3,25.87,26.64
1992-11-24,27.3,22.9,24.9,25.74,27.97
1992-11-25,29.1,22.7,25.4,26.54,28.39
1992-11-26,29.5,23.0,25.6,26.7,28.58
1992-11-27,27.6,23.4,25.3,25.87,27.31
1992-11-28,28.1,23.1,25.5,26.97,29.59
1992-11-29,28.3,23.4,25.3,26.5,28.24
1992-11-30,28.2,23.2,25.5,26.89,29.06
1992-12-01,26.1,23.1,24.4,26.35,27.12
1992-12-02,26.5,23.1,24.7,26.38,27.54
1992-12-03,27.5,22.7,24.5,26.74,28.14
1992-12-04,28.0,23.2,25.1,25.99,26.94
1992-12-05,27.6,23.2,25.0,26.38,28.18
1992-12-06,30.2,23.1,26.0,27.12,30.13
1992-12-07,28.3,23.6,25.5,26.87,29.6
1992-12-08,28.2,23.5,25.7,27.11,29.94
1992-12-09,29.4,23.0,25.9,24.59,24.98
1992-12-10,28.4,22.9,25.4,26.48,28.73
1992-12-11,29.0,23.2,26.0,27.02,29.19
1992-12-12,29.4,23.9,25.9,26.87,28.82
1992-12-13,28.3,23.6,25.5,25.61,26.42
1992-12-14,27.6,23.3,24.7,26.46,28.06
1992-12-15,28.2,23.3,25.2,26.94,28.99
1992-12-16,27.7,23.2,25.3,25.9,26.98
1992-12-17,29.0,23.0,26.1,26.0,27.5
1992-12-18,29.5,23.7,25.9,26.58,28.61
1992-12-19,28.6,23.1,25.5,26.34,27.65
1992-12-20,28.8,23.2,25.5,26.28,27.67
1992-12-21,29.6,23.1,25.8,26.41,28.56
1992-12-22,30.3,23.4,26.3,26.99,29.94
1992-12-23,29.9,22.1,25.9,26.84,30.16
1992-12-24,29.6,22.6,25.9,27.15,30.86
1992-12-25,30.1,22.8,26.4,27.4,30.04
1992-12-26,29.2,23.3,26.0,27.15,29.07
1992-12-27,28.8,23.1,26.0,27.14,29.68
1992-12-28,29.1,23.0,25.7,27.3,29.12
1992-12-29,28.4,23.3,25.2,26.89,27.92
1992-12-30,27.5,22.7,24.9,26.57,27.89
1992-12-31,28.7,23.0,25.2,26.83,28.81
1993-01-01,26.8,22.7,24.6,26.64,27.76
1993-01-02,27.2,22.8,24.9,26.57,28.0
1993-01-03,27.9,22.9,25.2,26.55,27.91
1993-01-04,29.7,23.0,26.0,27.19,29.38
1993-01-05,28.8,23.1,25.6,26.82,27.9
1993-01-06,27.8,23.2,25.0,26.44,27.74
1993-01-07,27.2,23.4,25.0,25.7,27.18
1993-01-08,27.7,23.1,24.8,26.32,28.02
1993-01-09,28.7,23.2,25.4,26.46,28.26
1993-01-10,28.3,23.2,25.7,26.4,28.32
1993-01-11,28.8,23.4,25.9,26.87,29.54
1993-01-12,29.2,23.0,25.8,26.6,27.79
1993-01-13,28.8,23.8,25.9,26.47,27.99
1993-01-14,28.6,23.2,25.6,26.91,29.29
1993-01-15,29.3,22.6,25.8,26.97,29.26
1993-01-16,29.3,23.4,25.7,26.85,28.76
1993-01-17,28.3,23.4,25.5,26.09,27.2
1993-01-18,27.9,23.8,25.5,25.96,26.48
1993-01-19,28.1,23.3,25.4,26.16,27.61
1993-01-20,27.3,23.7,24.9,26.0,26.79
1993-01-21,28.5,22.9,24.9,25.93,26.55
1993-01-22,25.0,23.2,23.9,25.18,26.77
1993-01-23,25.9,22.4,23.6,25.18,26.66
1993-01-24,26.3,22.5,24.1,25.42,26.63
1993-01-25,27.2,22.3,24.2,25.45,26.41
1993-01-26,27.4,22.6,24.6,25.79,27.07
1993-01-27,27.7,22.9,25.0,25.95,27.61
1993-01-28,26.8,23.2,24.6,25.86,27.21
1993-01-29,27.4,22.9,24.5,26.16,27.41
1993-01-30,26.8,23.1,24.4,25.88,26.72
1993-01-31,27.7,23.0,25.0,26.16,27.41
1993-02-01,27.9,23.4,25.3,25.88,26.84
1993-02-02,26.9,23.6,25.0,26.14,27.66
1993-02-03,27.4,23.3,24.7,25.96,26.83
1993-02-04,27.1,23.2,24.7,26.04,28.24
1993-02-05,28.1,23.0,25.1,25.98,27.09
1993-02-06,27.9,23.0,25.1,25.56,27.14
1993-02-07,27.5,22.8,24.5,25.09,26.44
1993-02-08,27.4,22.2,24.6,25.09,25.86
1993-02-09,28.6,22.0,25.4,25.88,27.89
1993-02-10,29.0,22.6,25.6,26.21,28.07
1993-02-11,28.4,22.7,25.3,26.49,28.92
1993-02-12,27.9,23.1,25.1,26.4,28.33
1993-02-13,27.9,22.5,25.1,25.99,27.16
1993-02-14,27.7,23.1,25.3,25.88,27.0
1993-02-15,29.5,22.3,25.7,26.76,29.32
1993-02-16,28.2,23.8,25.5,26.54,28.5
1993-02-17,28.1,22.6,25.0,26.44,27.99
1993-02-18,29.0,22.8,25.8,26.57,28.4
1993-02-19,28.5,22.8,25.5,27.14,29.23
1993-02-20,28.7,22.9,25.7,27.0,29.13
1993-02-21,27.9,23.9,25.8,26.22,27.8
1993-02-22,28.3,23.1,25.5,25.68,26.88
1993-02-23,28.7,22.6,25.2,25.48,26.55
1993-02-24,29.5,22.5,25.6,26.7,29.11
1993-02-25,29.4,23.0,25.9,27.04,29.09
1993-02-26,29.5,23.5,26.5,27.0,29.1
1993-02-27,28.0,24.1,25.7,26.81,28.49
1993-02-28,29.2,22.9,25.5,27.14,29.75
1993-03-01,28.7,22.7,25.5,27.71,30.13
1993-03-02,29.5,22.4,25.8,27.08,29.78
1993-03-03,28.8,22.3,25.3,27.19,29.32
1993-03-04,28.0,23.4,25.4,27.06,28.79
1993-03-05,28.1,23.4,24.9,26.66,28.22
1993-03-06,28.7,22.6,25.4,27.1,28.63
1993-03-07,28.9,23.0,25.6,25.99,26.62
1993-03-08,28.9,22.4,25.5,26.85,29.36
1993-03-09,28.3,23.2,25.2,26.86,28.88
1993-03-10,27.9,23.2,24.9,26.41,28.01
1993-03-11,28.9,22.8,25.4,26.2,27.83
1993-03-12,29.0,22.8,25.6,26.73,28.83
1993-03-13,28.6,23.4,25.6,26.77,28.18
1993-03-14,29.2,23.0,25.7,26.31,27.75
1993-03-15,29.4,22.3,26.1,27.35,29.9
1993-03-16,30.2,23.6,26.5,27.3,30.25
1993-03-17,29.9,23.9,26.6,27.66,30.63
1993-03-18,29.7,22.9,25.9,26.9,28.33
1993-03-19,29.4,23.0,25.9,27.06,29.18
1993-03-20,30.1,22.2,25.9,26.91,28.99
1993-03-21,29.4,22.8,25.8,27.09,29.28
1993-03-22,29.8,22.6,25.8,26.76,28.23
1993-03-23,29.7,23.0,26.0,27.34,29.34
1993-03-24,28.9,23.1,25.9,27.49,29.8
1993-03-25,29.1,22.8,26.0,27.28,29.58
1993-03-26,27.8,23.2,25.2,27.06,28.57
1993-03-27,28.5,22.8,25.4,27.33,29.32
1993-03-28,28.5,23.2,25.4,26.54,27.24
1993-03-29,29.1,23.2,25.4,26.95,29.07
1993-03-30,29.6,22.7,25.6,27.07,29.33
1993-03-31,30.0,23.5,25.6,26.93,29.37
1993-04-01,29.3,23.0,25.7,26.86,29.45
1993-04-02,29.6,23.6,25.8,26.2,27.19
1993-04-03,26.9,23.1,24.6,26.24,27.12
1993-04-04,28.7,22.6,25.1,26.76,28.82
1993-04-05,29.5,22.1,25.3,26.62,28.07
1993-04-06,28.6,22.8,25.6,26.37,27.4
1993-04-07,28.1,23.4,25.1,26.05,27.4
1993-04-08,28.6,23.0,25.4,26.06,27.33
1993-04-09,28.3,23.6,25.4,26.3,27.79
1993-04-10,28.7,22.6,25.8,26.24,27.96
1993-04-11,29.1,22.7,26.0,27.09,29.14
1993-04-12,30.3,23.2,26.3,26.85,28.65
1993-04-13,29.5,23.1,25.9,26.98,28.7
1993-04-14,29.1,23.1,25.8,27.19,29.15
1993-04-15,29.9,23.4,26.4,27.1,29.74
1993-04-16,30.1,23.6,26.0,27.78,29.6
1993-04-17,28.9,23.6,25.8,27.0,28.06
1993-04-18,29.7,23.2,25.7,27.59,29.79
1993-04-19,29.5,23.0,25.8,27.23,28.41
1993-04-20,29.5,22.7,26.1,27.47,29.2
1993-04-21,29.0,23.5,25.9,27.31,29.43
1993-04-22,29.4,23.0,25.9,27.1,28.6
1993-04-23,28.5,23.6,25.8,27.0,28.73
1993-04-24,29.1,23.5,25.8,27.22,29.0
1993-04-25,29.8,24.2,26.6,27.59,29.55
1993-04-26,30.2,23.8,26.6,27.59,29.2
1993-04-27,29.5,23.8,26.3,27.46,28.99
1993-04-28,30.2,23.6,26.2,27.62,29.63
1993-04-29,28.6,23.7,25.7,27.1,28.2
1993-04-30,28.4,23.4,25.5,26.85,28.35
1993-05-01,29.0,23.9,25.6,27.13,28.95
1993-05-02,28.2,23.8,25.5,27.23,28.64
1993-05-03,29.2,23.7,26.0,27.17,28.75
1993-05-04,27.9,24.1,25.7,27.06,28.64
1993-05-05,28.5,24.1,25.9,26.8,28.4
1993-05-06,29.2,23.5,25.7,26.55,28.09
1993-05-07,29.7,23.5,26.6,27.33,29.55
1993-05-08,29.8,24.8,26.6,27.37,29.23
1993-05-09,29.4,23.7,26.1,27.22,29.49
1993-05-10,28.7,23.2,25.5,27.27,28.98
1993-05-11,29.1,22.9,25.7,27.31,29.42
1993-05-12,28.7,23.5,26.0,26.93,28.9
1993-05-13,28.9,24.6,26.5,27.26,29.42
1993-05-14,29.7,23.4,26.5,27.22,29.59
1993-05-15,29.2,23.4,26.1,27.0,28.57
1993-05-16,29.7,23.8,26.7,27.24,29.61
1993-05-17,29.2,22.4,25.8,26.89,29.55
1993-05-18,29.7,22.8,26.3,27.18,29.54
1993-05-19,29.5,23.2,26.1,27.46,29.7
1993-05-20,30.0,23.5,26.4,27.27,28.66
1993-05-21,29.3,24.1,26.4,27.6,29.39
1993-05-22,29.1,23.3,25.8,27.49,29.6
1993-05-23,29.3,23.1,26.0,27.62,29.77
1993-05-24,29.8,22.9,26.4,27.36,29.47
1993-05-25,29.5,23.6,26.3,27.33,29.56
1993-05-26,29.6,23.7,26.0,27.6,29.67
1993-05-27,29.9,22.7,25.9,27.74,29.94
1993-05-28,29.2,23.6,26.3,27.53,29.33
1993-05-29,29.0,23.6,26.0,27.14,28.55
1993-05-30,29.8,23.0,26.2,27.5,29.65
1993-05-31,30.4,23.1,26.7,27.57,29.9
1993-06-01,30.4,24.4,26.7,27.52,29.58
1993-06-02,28.9,23.8,26.2,27.05,28.5
1993-06-03,29.1,23.7,25.8,26.83,28.25
1993-06-04,29.7,23.1,26.0,26.91,28.69
1993-06-05,30.0,23.2,26.7,26.89,28.38
1993-06-06,29.3,23.8,26.5,26.52,27.41
1993-06-07,30.2,23.4,26.5,26.77,27.73
1993-06-08,29.7,23.8,26.4,26.3,28.4
1993-06-09,30.1,24.9,27.2,27.64,30.54
1993-06-10,30.4,23.2,26.9,27.91,29.93
1993-06-11,30.4,23.9,26.9,27.51,30.13
1993-06-12,29.8,24.2,26.6,27.2,29.5
1993-06-13,29.1,23.0,26.0,26.98,28.96
1993-06-14,29.9,23.6,26.1,27.21,29.46
1993-06-15,30.1,23.0,25.8,27.09,29.24
1993-06-16,29.3,23.1,25.6,27.04,28.69
1993-06-17,29.5,23.0,25.7,27.72,30.09
1993-06-18,28.7,23.3,25.7,27.71,29.62
1993-06-19,29.2,22.9,25.6,27.51,29.17
1993-06-20,27.7,23.1,25.2,26.92,28.02
1993-06-21,29.4,22.7,25.4,27.2,28.83
1993-06-22,29.9,21.9,25.1,27.09,29.07
1993-06-23,29.9,22.6,26.1,27.02,29.04
1993-06-24,29.9,22.9,26.4,27.04,29.32
1993-06-25,29.6,23.2,26.3,26.68,28.93
1993-06-26,30.1,22.6,26.4,26.83,29.28
1993-06-27,29.8,22.7,26.3,27.28,29.73
1993-06-28,30.1,23.7,26.8,27.29,29.45
1993-06-29,29.7,24.1,26.4,27.22,29.05
1993-06-30,28.2,23.6,25.4,26.99,28.86
1993-07-01,28.4,23.1,25.4,26.53,28.19
1993-07-02,28.9,22.0,25.5,26.38,28.87
1993-07-03,29.3,22.3,25.9,26.78,29.12
1993-07-04,29.0,23.3,25.7,27.38,29.73
1993-07-05,29.3,22.3,25.5,27.12,29.39
1993-07-06,29.2,22.5,25.6,26.79,29.26
1993-07-07,28.6,22.6,25.7,26.51,29.26
1993-07-08,29.0,22.2,25.6,26.14,28.49
1993-07-09,28.9,23.7,26.0,26.2,28.86
1993-07-10,29.3,22.6,25.4,26.12,29.18
1993-07-11,29.2,22.2,25.5,26.35,28.99
1993-07-12,29.4,22.4,25.8,25.91,28.37
1993-07-13,30.1,22.2,26.2,26.24,29.0
1993-07-14,29.7,23.2,26.2,26.83,29.41
1993-07-15,29.7,23.1,26.3,26.85,29.22
1993-07-16,28.8,23.5,25.7,26.63,28.79
1993-07-17,29.5,22.7,25.7,26.3,28.65
1993-07-18,29.7,22.6,25.8,25.76,28.21
1993-07-19,30.0,22.5,26.0,25.72,28.32
1993-07-20,30.5,21.6,25.8,26.29,29.26
1993-07-21,29.8,22.2,26.1,26.39,28.9
1993-07-22,28.9,23.0,25.7,26.31,28.68
1993-07-23,29.1,23.0,25.4,26.08,28.7
1993-07-24,29.1,22.6,25.3,25.57,27.79
1993-07-25,29.3,23.3,25.6,26.0,28.54
1993-07-26,28.8,22.9,25.3,26.22,28.8
1993-07-27,29.4,22.5,25.5,26.21,28.69
1993-07-28,29.9,22.7,25.5,26.34,28.61
1993-07-29,29.4,22.5,25.4,26.59,29.21
1993-07-30,29.1,23.0,25.6,26.55,28.98
1993-07-31,29.1,23.3,25.8,26.42,29.02
1993-08-01,29.0,23.0,25.3,26.18,28.57
1993-08-02,29.3,22.7,25.4,26.51,28.7
1993-08-03,29.6,22.6,25.5,26.24,28.72
1993-08-04,28.9,22.8,25.5,26.63,28.81
1993-08-05,29.9,22.4,26.0,26.48,28.22
1993-08-06,28.9,22.6,25.5,26.24,28.27
1993-08-07,29.6,22.7,25.8,26.86,29.3
1993-08-08,29.8,22.7,25.8,25.54,28.86
1993-08-09,29.7,22.0,25.8,25.6,28.76
1993-08-10,29.0,22.2,25.6,25.88,28.39
1993-08-11,30.1,21.7,25.7,26.0,29.04
1993-08-12,28.8,22.2,25.6,26.18,29.02
1993-08-13,30.2,23.1,26.3,26.62,28.92
1993-08-14,30.5,22.6,26.1,26.65,28.61
1993-08-15,30.0,23.1,25.9,27.29,29.95
1993-08-16,29.4,22.5,25.8,27.13,29.41
1993-08-17,30.2,22.7,26.2,26.94,29.32
1993-08-18,30.0,22.7,26.0,26.74,29.04
1993-08-19,29.8,23.0,26.0,26.54,29.32
1993-08-20,29.6,23.8,25.9,26.45,28.8
1993-08-21,29.4,22.3,25.8,26.1,28.38
1993-08-22,30.1,21.8,25.9,26.08,28.7
1993-08-23,30.1,22.6,26.3,26.13,28.57
1993-08-24,30.0,22.5,26.4,26.64,29.37
1993-08-25,30.2,22.8,25.9,26.36,28.85
1993-08-26,29.9,22.5,25.8,26.26,28.64
1993-08-27,29.1,22.3,25.2,26.4,28.96
1993-08-28,29.2,22.9,25.7,26.25,28.53
1993-08-29,29.1,23.0,25.9,26.68,29.18
1993-08-30,29.4,23.2,25.9,26.68,29.45
1993-08-31,29.9,23.1,25.9,26.33,29.02
1993-09-01,29.7,22.5,26.0,26.5,29.45
1993-09-02,29.9,22.6,26.2,26.22,29.22
1993-09-03,29.7,22.8,25.9,26.23,28.75
1993-09-04,29.3,21.9,25.6,26.41,29.25
1993-09-05,30.4,22.2,25.7,26.49,29.46
1993-09-06,30.3,22.0,26.2,26.83,29.62
1993-09-07,30.4,23.2,26.0,27.22,29.9
1993-09-08,30.7,22.3,25.9,27.13,29.94
1993-09-09,29.8,23.0,26.1,26.97,29.51
1993-09-10,29.8,22.4,25.8,27.01,29.79
1993-09-11,30.8,21.8,26.3,27.07,29.81
1993-09-12,30.8,23.0,26.7,27.17,30.41
1993-09-13,30.8,23.1,26.3,26.56,29.48
1993-09-14,29.9,22.7,26.2,26.52,29.49
1993-09-15,30.1,22.8,26.4,26.43,29.47
1993-09-16,30.7,22.5,26.7,26.73,29.37
1993-09-17,31.7,22.4,27.1,27.35,30.27
1993-09-18,30.3,24.3,26.8,27.42,30.04
1993-09-19,31.1,23.1,26.8,27.23,30.15
1993-09-20,30.7,23.9,26.9,27.05,29.83
1993-09-21,29.8,23.3,25.9,26.64,29.31
1993-09-22,30.8,22.9,26.3,26.76,29.6
1993-09-23,30.7,23.4,26.9,26.95,29.75
1993-09-24,31.0,23.0,27.0,26.99,29.79
1993-09-25,31.2,23.1,27.1,26.97,29.96
1993-09-26,31.6,22.3,27.0,27.2,30.29
1993-09-27,31.1,23.7,27.0,27.47,30.6
1993-09-28,31.2,23.5,27.1,27.02,29.5
1993-09-29,30.6,23.9,26.8,27.12,30.21
1993-09-30,31.1,23.4,26.8,26.92,29.7
1993-10-01,30.5,23.6,26.6,27.26,30.33
1993-10-02,31.3,23.5,26.9,27.46,30.47
1993-10-03,31.1,23.2,26.8,27.42,30.38
1993-10-04,32.2,23.2,27.4,27.61,30.78
1993-10-05,31.5,24.0,27.5,27.89,31.11
1993-10-06,31.8,23.6,27.7,27.5,30.35
1993-10-07,32.5,24.5,28.2,27.61,30.7
1993-10-08,32.7,24.7,27.8,27.73,31.09
1993-10-09,31.9,23.7,27.6,27.92,30.77
1993-10-10,30.7,23.9,27.1,27.95,30.87
1993-10-11,30.3,23.8,26.7,27.59,30.82
1993-10-12,31.5,23.6,27.3,27.44,30.5
1993-10-13,31.3,24.1,26.9,27.67,29.97
1993-10-14,30.4,23.7,26.5,27.11,29.42
1993-10-15,30.5,23.2,26.0,27.23,29.45
1993-10-16,30.5,23.1,26.5,27.35,30.25
1993-10-17,30.6,22.9,26.4,27.19,30.23
1993-10-18,29.3,23.5,26.2,27.27,29.52
1993-10-19,29.8,23.2,26.0,26.97,29.6
1993-10-20,29.9,23.4,26.3,27.32,29.9
1993-10-21,30.4,23.3,26.7,27.5,30.53
1993-10-22,30.1,23.6,26.6,27.6,30.03
1993-10-23,31.4,23.4,27.1,28.03,31.33
1993-10-24,31.4,23.2,27.3,27.92,31.19
1993-10-25,31.4,23.3,27.0,27.94,31.09
1993-10-26,31.7,23.6,27.5,27.76,31.16
1993-10-27,32.3,23.3,27.7,27.83,31.21
1993-10-28,31.7,23.9,26.6,27.93,30.95
1993-10-29,30.6,24.0,27.1,27.98,30.76
1993-10-30,31.5,23.8,27.4,28.14,30.9
1993-10-31,31.6,24.0,27.2,28.49,31.48
1993-11-01,31.5,23.7,27.2,28.26,31.33
1993-11-02,31.6,23.5,27.7,28.32,31.64
1993-11-03,32.4,23.7,27.9,28.46,32.18
1993-11-04,30.8,24.3,27.1,28.09,30.0
1993-11-05,30.9,24.3,27.1,27.83,29.58
1993-11-06,30.9,24.9,27.4,28.24,31.23
1993-11-07,32.4,24.5,28.1,29.01,32.33
1993-11-08,32.3,23.7,27.9,28.8,31.79
1993-11-09,31.1,25.1,27.9,27.82,30.55
1993-11-10,31.6,24.2,27.4,28.08,30.7
1993-11-11,31.0,23.8,27.1,28.35,31.31
1993-11-12,30.4,23.8,27.0,27.77,29.54
1993-11-13,29.1,23.7,26.2,27.7,29.52
1993-11-14,28.7,23.9,25.7,27.66,29.76
1993-11-15,29.8,23.9,26.0,27.05,28.61
1993-11-16,30.5,24.1,26.5,27.88,30.27
1993-11-17,28.1,23.5,25.9,27.61,29.53
1993-11-18,29.9,23.9,26.2,27.21,29.18
1993-11-19,29.9,23.4,25.9,27.23,29.55
1993-11-20,30.1,23.5,26.5,27.57,29.17
1993-11-21,29.3,23.7,26.0,28.06,29.8
1993-11-22,30.2,23.7,26.3,28.18,30.13
1993-11-23,29.8,23.6,26.3,27.99,30.01
1993-11-24,30.4,23.9,26.6,28.25,30.45
1993-11-25,29.7,23.8,26.2,28.13,30.72
1993-11-26,30.3,23.8,26.4,27.55,29.35
1993-11-27,28.7,24.3,25.9,27.25,29.32
1993-11-28,28.8,23.9,26.1,27.58,30.07
1993-11-29,29.5,23.5,25.6,27.36,29.4
1993-11-30,29.5,23.4,26.1,27.74,29.99
1993-12-01,30.1,23.8,26.3,27.59,29.59
1993-12-02,29.9,24.2,26.5,27.19,28.46
1993-12-03,29.7,24.0,26.3,27.69,30.24
1993-12-04,29.3,23.5,26.1,27.82,30.43
1993-12-05,29.7,23.6,26.5,28.23,30.93
1993-12-06,29.7,24.1,26.7,28.24,30.61
1993-12-07,30.5,24.1,26.6,27.61,29.06
1993-12-08,29.0,24.5,26.0,27.74,29.3
1993-12-09,28.2,24.0,25.7,27.88,30.15
1993-12-10,29.5,23.7,26.2,27.7,29.39
1993-12-11,28.0,24.0,25.7,27.44,29.07
1993-12-12,29.1,24.1,26.2,27.57,29.77
1993-12-13,28.6,23.8,25.9,26.97,28.07
1993-12-14,29.2,24.1,26.7,27.02,29.54
1993-12-15,30.2,24.4,27.1,27.32,29.92
1993-12-16,30.6,24.8,27.1,27.01,29.53
1993-12-17,30.6,23.5,27.2,27.67,31.09
1993-12-18,30.2,23.9,26.5,27.27,29.92
1993-12-19,28.7,23.5,25.8,26.77,28.39
1993-12-20,28.5,23.8,25.8,26.92,28.93
1993-12-21,28.0,24.2,25.6,26.55,28.12
1993-12-22,28.3,24.1,25.6,26.36,27.89
1993-12-23,25.3,23.7,24.4,26.06,27.42
1993-12-24,26.9,23.7,24.7,26.21,27.61
1993-12-25,26.9,23.9,25.1,26.08,27.12
1993-12-26,28.4,23.4,25.7,26.3,28.22
1993-12-27,28.7,22.9,25.4,26.75,29.14
1993-12-28,27.5,22.9,24.8,27.34,29.95
1993-12-29,27.9,23.2,25.3,26.86,29.0
1993-12-30,28.1,23.2,25.2,26.51,28.56
1993-12-31,27.3,23.5,24.8,27.01,29.57
1994-01-01,26.9,22.7,24.8,26.91,29.29
1994-01-02,28.1,23.4,25.3,27.02,29.44
1994-01-03,28.6,22.3,25.3,26.38,27.95
1994-01-04,27.9,22.9,25.4,27.19,30.16
1994-01-05,28.4,23.6,25.8,26.92,29.22
1994-01-06,28.5,23.1,25.7,26.96,29.06
1994-01-07,28.3,23.7,25.5,26.32,27.26
1994-01-08,28.2,23.2,25.5,25.84,27.34
1994-01-09,28.3,23.6,25.7,26.02,27.53
1994-01-10,27.3,22.9,25.3,25.74,27.12
1994-01-11,28.7,23.3,25.5,26.2,28.3
1994-01-12,28.4,22.9,25.3,26.71,28.8
1994-01-13,28.7,23.1,25.4,26.61,27.92
1994-01-14,29.1,23.7,25.5,26.69,29.45
1994-01-15,27.2,23.5,24.9,26.6,28.26
1994-01-16,26.4,22.9,24.7,25.88,27.01
1994-01-17,27.4,22.8,24.9,26.12,27.96
1994-01-18,27.3,23.0,24.9,26.52,28.81
1994-01-19,27.1,23.2,24.9,26.02,27.52
1994-01-20,27.6,23.3,25.0,26.11,26.98
1994-01-21,28.0,23.1,25.4,25.85,26.72
1994-01-22,27.1,22.8,24.9,26.25,27.65
1994-01-23,27.6,23.3,25.0,26.52,28.2
1994-01-24,27.0,23.4,24.9,26.11,27.27
1994-01-25,28.1,23.4,25.4,26.04,26.79
1994-01-26,28.1,22.9,25.3,26.29,27.83
1994-01-27,28.3,23.7,25.9,25.94,26.64
1994-01-28,28.8,23.6,25.7,26.26,27.68
1994-01-29,28.7,23.3,25.6,25.98,26.9
1994-01-30,28.9,23.7,25.9,25.29,26.56
1994-01-31,27.5,23.5,25.0,25.69,26.85
1994-02-01,29.3,22.7,25.5,25.82,27.26
1994-02-02,28.0,23.5,25.4,26.36,28.57
1994-02-03,28.3,23.1,25.1,26.09,27.21
1994-02-04,28.3,23.0,25.1,26.15,28.25
1994-02-05,27.6,22.7,25.2,26.28,27.56
1994-02-06,28.7,23.0,25.6,26.76,28.72
1994-02-07,29.2,23.0,25.5,26.21,27.21
1994-02-08,28.7,23.4,25.8,26.24,27.56
1994-02-09,28.4,23.7,25.4,26.59,28.83
1994-02-10,27.8,23.2,25.4,26.94,29.36
1994-02-11,28.2,23.1,25.5,27.1,29.4
1994-02-12,28.7,23.6,25.7,26.41,27.5
1994-02-13,28.6,23.1,26.2,26.36,28.28
1994-02-14,27.6,23.7,25.6,26.18,27.54
1994-02-15,28.6,23.2,25.2,26.17,27.64
1994-02-16,27.8,23.2,24.9,26.46,28.22
1994-02-17,29.4,22.8,26.1,26.81,28.23
1994-02-18,29.1,23.3,25.8,26.88,28.8
1994-02-19,29.2,23.3,26.3,26.15,27.77
1994-02-20,30.7,23.3,26.6,26.42,28.75
1994-02-21,30.1,23.8,26.5,26.93,29.26
1994-02-22,29.4,24.3,26.6,26.63,28.48
1994-02-23,29.2,23.5,25.7,26.59,27.99
1994-02-24,28.6,23.7,25.8,26.79,27.94
1994-02-25,29.1,23.4,25.3,26.98,28.9
1994-02-26,28.8,22.9,25.8,26.59,27.72
1994-02-27,28.5,23.7,25.6,26.32,27.86
1994-02-28,29.2,23.1,25.9,26.53,28.02
1994-03-01,28.1,23.9,25.6,26.78,28.32
1994-03-02,27.8,23.8,25.5,26.37,27.67
1994-03-03,27.5,23.3,25.4,26.49,27.66
1994-03-04,27.4,24.1,25.5,25.98,26.87
1994-03-05,28.9,23.8,26.0,26.35,28.24
1994-03-06,28.4,24.0,25.9,26.52,28.52
1994-03-07,28.9,23.8,25.8,26.32,28.04
1994-03-08,29.1,23.2,25.7,26.4,28.91
1994-03-09,29.5,23.5,25.8,26.39,28.14
1994-03-10,27.0,23.5,25.0,26.66,28.37
1994-03-11,28.7,23.3,25.6,26.01,26.95
1994-03-12,29.7,23.2,25.8,26.01,27.88
1994-03-13,30.1,23.3,26.1,26.21,28.12
1994-03-14,29.2,23.3,25.6,26.68,29.03
1994-03-15,28.5,23.4,25.6,26.65,28.92
1994-03-16,29.6,24.0,26.1,26.6,28.58
1994-03-17,29.0,23.7,25.9,26.68,28.65
1994-03-18,29.1,22.9,25.7,26.7,29.0
1994-03-19,29.2,23.2,25.7,26.69,28.38
1994-03-20,30.1,22.8,25.9,27.22,29.56
1994-03-21,28.9,23.6,25.7,27.04,29.01
1994-03-22,27.6,23.8,25.3,26.51,27.86
1994-03-23,27.2,23.4,24.7,26.33,28.1
1994-03-24,27.7,23.1,24.8,26.19,27.2
1994-03-25,29.0,23.1,25.4,26.2,28.03
1994-03-26,29.2,23.5,26.2,26.52,28.54
1994-03-27,29.9,23.3,26.4,26.96,29.78
1994-03-28,30.3,23.2,26.0,26.87,28.93
1994-03-29,30.2,23.5,26.0,27.13,29.29
1994-03-30,29.9,23.2,25.9,26.96,29.19
1994-03-31,27.7,23.2,25.4,26.53,28.03
1994-04-01,28.2,23.5,25.6,26.66,28.56
1994-04-02,28.8,23.0,25.5,26.97,28.78
1994-04-03,28.8,23.1,25.4,26.87,28.7
1994-04-04,29.2,23.2,25.7,26.75,28.86
1994-04-05,28.6,23.3,25.6,27.74,29.79
1994-04-06,29.5,23.4,26.1,27.62,30.26
1994-04-07,29.5,23.7,26.4,27.54,29.46
1994-04-08,30.2,23.4,26.7,27.7,29.76
1994-04-09,29.9,23.2,26.2,28.4,30.49
1994-04-10,29.6,23.3,26.2,28.0,29.93
1994-04-11,28.9,23.3,26.0,27.58,29.5
1994-04-12,29.9,23.0,26.0,27.49,29.38
1994-04-13,29.6,23.5,25.9,27.41,28.75
1994-04-14,28.1,23.8,25.5,26.87,27.92
1994-04-15,29.8,23.3,25.8,26.75,28.26
1994-04-16,27.5,23.2,25.4,27.32,29.23
1994-04-17,28.5,23.5,25.4,26.41,27.39
1994-04-18,28.9,23.3,25.4,27.17,29.17
1994-04-19,27.0,23.6,24.9,26.45,27.47
1994-04-20,28.8,22.5,25.1,26.54,27.7
1994-04-21,28.5,23.0,25.7,26.79,28.01
1994-04-22,29.4,23.4,26.2,26.46,27.55
1994-04-23,29.3,23.3,26.0,27.06,29.34
1994-04-24,29.8,23.0,25.9,27.12,29.3
1994-04-25,29.1,23.4,25.5,26.47,28.2
1994-04-26,28.3,23.6,25.5,26.4,28.11
1994-04-27,28.1,24.0,25.4,26.48,28.03
1994-04-28,30.0,23.5,26.4,26.87,28.81
1994-04-29,29.8,24.7,26.6,27.15,28.98
1994-04-30,29.6,23.8,26.3,27.5,29.42
1994-05-01,30.1,23.7,26.7,27.58,29.58
1994-05-02,30.1,24.3,27.1,27.76,29.83
1994-05-03,29.8,24.2,26.7,27.83,30.05
1994-05-04,29.8,23.3,26.4,27.71,29.73
1994-05-05,30.2,24.1,26.7,27.16,28.87
1994-05-06,28.8,23.3,25.9,27.26,29.46
1994-05-07,29.2,23.7,26.1,27.39,29.75
1994-05-08,29.4,23.3,25.9,27.01,28.37
1994-05-09,28.7,23.8,25.5,26.87,28.86
1994-05-10,27.4,23.6,25.0,26.7,28.19
1994-05-11,27.8,23.2,25.1,26.88,28.62
1994-05-12,29.6,22.1,25.6,26.5,27.32
1994-05-13,29.5,23.4,26.0,27.33,29.53
1994-05-14,29.6,23.1,26.4,27.08,29.38
1994-05-15,29.5,24.0,26.8,26.6,28.95
1994-05-16,29.2,23.8,26.5,25.84,28.44
1994-05-17,29.3,23.0,26.3,25.58,28.27
1994-05-18,29.2,23.3,26.1,25.71,28.42
1994-05-19,30.0,21.6,25.8,25.72,28.23
1994-05-20,30.3,21.9,26.0,26.36,28.67
1994-05-21,30.1,22.7,26.3,26.79,29.16
1994-05-22,29.6,22.8,26.2,26.61,29.26
1994-05-23,29.8,23.2,26.2,26.6,28.93
1994-05-24,29.7,23.7,26.4,26.75,29.0
1994-05-25,29.9,23.2,26.3,26.04,28.29
1994-05-26,29.6,21.7,25.9,25.48,27.97
1994-05-27,30.1,22.7,26.1,25.62,28.38
1994-05-28,30.2,21.8,26.0,26.13,28.96
1994-05-29,30.9,22.4,26.4,26.8,29.62
1994-05-30,30.1,22.9,26.2,26.99,29.19
1994-05-31,29.7,23.1,26.4,26.81,28.93
1994-06-01,30.0,22.7,25.9,26.68,29.09
1994-06-02,30.3,23.8,26.4,26.98,29.85
1994-06-03,30.3,22.5,26.6,27.05,29.85
1994-06-04,29.8,23.6,26.6,27.24,29.37
1994-06-05,30.4,23.2,26.6,26.98,29.09
1994-06-06,29.8,23.3,26.2,27.14,29.69
1994-06-07,29.6,22.9,26.0,26.07,26.71
1994-06-08,28.2,23.3,25.4,26.26,27.54
1994-06-09,29.6,24.3,26.4,26.52,28.29
1994-06-10,29.8,22.9,26.3,26.61,28.99
1994-06-11,29.7,23.8,26.4,26.9,29.23
1994-06-12,29.8,22.7,26.3,26.67,29.0
1994-06-13,30.0,23.4,26.6,26.87,29.24
1994-06-14,29.7,24.2,26.6,26.96,29.23
1994-06-15,30.0,23.4,26.4,26.46,29.0
1994-06-16,29.5,23.1,26.2,26.04,28.5
1994-06-17,29.1,23.4,25.9,25.95,28.6
1994-06-18,29.4,22.3,26.0,25.85,28.12
1994-06-19,30.2,22.7,26.4,26.24,28.5
1994-06-20,29.6,23.1,26.2,26.33,28.73
1994-06-21,30.1,22.4,26.2,25.95,28.45
1994-06-22,29.5,21.8,25.7,25.61,27.89
1994-06-23,30.2,21.3,25.8,25.56,28.29
1994-06-24,30.8,22.2,26.5,25.78,28.62
1994-06-25,30.5,22.8,26.4,25.34,28.12
1994-06-26,30.7,21.6,26.4,25.96,28.68
1994-06-27,30.1,22.9,26.5,26.16,28.7
1994-06-28,30.5,22.4,26.4,26.1,28.64
1994-06-29,30.0,23.0,26.7,26.13,28.62
1994-06-30,29.6,23.1,26.2,25.81,28.48
1994-07-01,29.8,23.1,26.2,26.07,28.55
1994-07-02,29.9,23.1,26.4,26.02,28.5
1994-07-03,30.7,22.3,26.5,26.44,29.05
1994-07-04,30.4,22.7,26.5,25.81,28.14
1994-07-05,29.9,24.4,26.8,25.7,28.47
1994-07-06,30.0,23.8,26.5,25.57,28.14
1994-07-07,30.4,21.8,26.5,26.02,28.5
1994-07-08,30.1,24.2,26.5,25.92,28.35
1994-07-09,30.8,22.3,26.3,25.47,28.11
1994-07-10,31.2,20.9,26.1,25.34,28.55
1994-07-11,30.9,21.5,26.1,25.4,28.01
1994-07-12,30.8,21.7,26.4,25.54,28.34
1994-07-13,31.6,22.2,26.6,25.99,28.57
1994-07-14,31.5,22.0,26.8,26.31,28.85
1994-07-15,31.3,23.8,27.2,26.27,28.95
1994-07-16,31.3,23.4,27.2,26.18,28.87
1994-07-17,31.0,23.2,26.9,25.98,28.46
1994-07-18,31.4,23.8,27.1,25.51,28.64
1994-07-19,30.6,23.9,27.0,25.17,28.12
1994-07-20,30.8,24.0,27.1,25.38,28.09
1994-07-21,31.2,22.4,26.7,25.65,28.35
1994-07-22,31.6,23.2,27.0,25.99,28.99
1994-07-23,30.9,22.4,26.7,26.21,29.3
1994-07-24,31.0,22.7,26.4,25.7,28.46
1994-07-25,30.7,21.9,26.1,24.75,27.88
1994-07-26,30.8,21.3,26.0,24.75,28.05
1994-07-27,30.4,20.0,25.7,24.27,27.76
1994-07-28,30.2,21.6,25.9,24.27,27.64
1994-07-29,30.4,21.4,25.9,25.29,27.93
1994-07-30,30.7,21.8,26.0,25.38,28.49
1994-07-31,31.1,21.6,26.4,25.52,28.52
1994-08-01,31.4,22.3,26.7,25.57,28.49
1994-08-02,30.7,22.7,26.6,25.67,28.74
1994-08-03,31.0,23.0,26.8,25.88,28.78
1994-08-04,30.8,23.9,26.6,25.97,28.96
1994-08-05,30.7,23.6,26.7,26.12,28.98
1994-08-06,31.6,23.1,27.1,25.87,28.62
1994-08-07,30.5,24.7,26.7,25.8,28.76
1994-08-08,30.9,23.3,26.6,25.9,28.66
1994-08-09,31.0,23.2,26.7,26.15,29.02
1994-08-10,31.8,22.6,26.8,26.17,29.09
1994-08-11,31.8,23.1,27.0,26.49,29.64
1994-08-12,30.5,22.8,26.6,25.97,29.33
1994-08-13,30.0,22.6,26.4,25.09,28.67
1994-08-14,30.1,23.3,26.1,25.0,28.5
1994-08-15,31.1,20.1,25.7,24.72,28.23
1994-08-16,31.8,21.9,26.3,25.52,28.85
1994-08-17,32.1,22.4,26.8,25.77,29.11
1994-08-18,31.4,23.9,27.0,25.44,29.14
1994-08-19,31.2,21.8,26.2,24.96,28.79
1994-08-20,31.1,21.5,26.5,25.45,28.99
1994-08-21,31.2,21.9,26.3,25.88,29.46
1994-08-22,31.5,22.7,26.7,25.98,29.14
1994-08-23,31.7,22.4,26.8,26.22,29.49
1994-08-24,31.1,23.7,26.9,26.02,29.75
1994-08-25,31.0,22.8,26.5,25.95,29.47
1994-08-26,31.0,22.3,26.4,26.25,29.73
1994-08-27,32.2,21.0,26.5,26.34,30.02
1994-08-28,31.9,22.1,27.1,26.71,30.45
1994-08-29,31.4,23.7,27.3,27.01,30.46
1994-08-30,30.0,23.9,26.8,26.61,29.54
1994-08-31,31.3,23.3,26.8,26.25,29.98
1994-09-01,30.9,21.4,26.2,25.73,29.62
1994-09-02,31.4,20.9,26.2,26.1,29.96
1994-09-03,31.3,21.7,26.5,25.89,29.57
1994-09-04,31.9,23.0,27.2,26.64,30.6
1994-09-05,31.8,22.3,27.0,26.49,30.36
1994-09-06,31.5,22.7,27.1,26.97,30.43
1994-09-07,31.5,23.6,27.1,27.17,30.5
1994-09-08,31.5,23.5,27.2,27.2,30.86
1994-09-09,30.9,23.3,26.6,27.28,30.74
1994-09-10,31.5,22.4,26.6,27.01,30.81
1994-09-11,31.8,23.5,26.7,27.04,29.94
1994-09-12,31.6,22.5,26.9,27.46,30.99
1994-09-13,30.8,22.1,26.6,27.17,30.35
1994-09-14,31.2,23.0,27.1,27.31,30.65
1994-09-15,31.6,22.8,27.3,27.55,31.07
1994-09-16,32.3,23.5,27.3,27.73,31.06
1994-09-17,32.5,23.9,27.2,27.69,30.8
1994-09-18,30.4,23.5,26.7,27.27,30.54
1994-09-19,30.5,23.3,26.3,27.13,30.33
1994-09-20,30.3,22.4,26.2,27.38,30.63
1994-09-21,30.4,22.9,26.4,27.64,31.32
1994-09-22,30.7,23.4,27.0,27.62,31.32
1994-09-23,30.8,23.3,26.6,27.61,31.35
1994-09-24,30.9,23.1,26.8,27.5,30.97
1994-09-25,30.4,23.1,27.0,27.24,30.57
1994-09-26,30.8,23.1,26.7,27.15,30.45
1994-09-27,30.4,23.2,26.6,27.37,31.35
1994-09-28,31.3,22.5,27.1,27.42,31.51
1994-09-29,31.6,22.0,27.6,27.53,31.49
1994-09-30,31.3,23.8,27.4,27.7,31.62
1994-10-01,31.2,24.4,27.5,27.36,31.26
1994-10-02,31.6,23.3,27.2,27.41,31.55
1994-10-03,31.8,23.2,27.4,27.49,31.06
1994-10-04,31.2,24.2,27.1,27.59,31.31
1994-10-05,32.5,23.0,27.4,27.91,32.03
1994-10-06,31.6,23.3,27.1,28.11,31.91
1994-10-07,31.3,23.1,26.9,27.85,31.1
1994-10-08,31.3,23.6,27.0,27.62,30.6
1994-10-09,31.6,23.6,27.3,27.7,30.7
1994-10-10,31.6,23.5,27.4,28.13,31.94
1994-10-11,31.5,23.7,27.2,28.25,32.1
1994-10-12,32.9,23.7,27.2,28.24,31.58
1994-10-13,31.5,23.4,26.8,28.13,31.71
1994-10-14,31.5,23.1,27.1,27.86,31.16
1994-10-15,31.3,23.2,27.1,27.98,31.78
1994-10-16,30.9,23.5,26.7,27.46,30.12
1994-10-17,31.3,23.2,26.7,27.77,31.1
1994-10-18,31.1,23.5,26.5,27.54,31.01
1994-10-19,32.0,23.5,27.4,27.85,31.81
1994-10-20,31.8,23.1,27.4,27.96,31.67
1994-10-21,31.3,23.5,27.4,27.89,31.29
1994-10-22,32.9,24.2,28.1,27.93,32.22
1994-10-23,32.2,24.5,28.3,28.0,32.28
1994-10-24,31.5,23.8,27.8,27.72,31.11
1994-10-25,32.5,24.3,28.3,27.97,30.84
1994-10-26,32.4,24.7,27.9,28.81,32.29
1994-10-27,33.6,25.2,28.2,28.66,31.91
1994-10-28,32.9,24.7,28.1,28.89,32.81
1994-10-29,32.5,24.5,28.0,28.68,31.46
1994-10-30,31.3,24.8,27.7,28.58,32.4
1994-10-31,30.9,23.7,27.1,27.94,30.54
1994-11-01,32.3,23.7,27.6,28.33,32.02
1994-11-02,31.9,24.3,26.8,27.69,29.89
1994-11-03,31.3,23.3,27.1,27.34,29.53
1994-11-04,30.9,23.5,26.7,27.69,30.41
1994-11-05,31.3,23.8,27.1,27.94,31.03
1994-11-06,31.7,23.7,26.6,27.77,30.78
1994-11-07,31.4,23.4,26.9,28.11,31.29
1994-11-08,31.6,23.9,27.5,28.68,32.46
1994-11-09,31.8,24.2,27.3,28.96,32.37
1994-11-10,31.8,24.5,27.3,29.39,33.27
1994-11-11,31.8,24.2,27.5,29.1,32.93
1994-11-12,31.2,24.2,26.8,28.8,32.32
1994-11-13,29.9,23.9,26.9,28.65,31.55
1994-11-14,30.0,24.3,26.9,28.42,31.08
1994-11-15,30.0,25.0,27.2,28.68,31.59
1994-11-16,29.4,24.1,26.4,29.07,31.67
1994-11-17,30.2,23.8,26.4,28.26,30.56
1994-11-18,29.9,24.1,26.2,27.66,29.72
1994-11-19,30.0,23.6,26.3,28.5,31.73
1994-11-20,29.0,23.7,26.0,28.36,31.2
1994-11-21,29.1,24.1,26.3,27.96,30.02
1994-11-22,30.1,23.8,26.4,28.04,29.93
1994-11-23,30.4,23.9,26.8,28.48,30.66
1994-11-24,29.5,24.1,26.4,28.37,30.76
1994-11-25,30.4,23.6,26.6,28.29,30.89
1994-11-26,29.2,24.0,26.4,28.22,30.9
1994-11-27,29.3,24.2,26.2,27.79,29.63
1994-11-28,30.5,23.9,26.7,28.02,30.34
1994-11-29,28.9,24.2,26.0,27.2,28.24
1994-11-30,30.1,23.7,26.0,27.31,28.67
1994-12-01,29.9,23.8,26.1,27.8,30.13
1994-12-02,28.4,23.7,25.6,27.02,27.87
1994-12-03,29.6,23.9,26.0,27.25,29.48
1994-12-04,29.2,23.2,25.7,27.15,29.36
1994-12-05,29.1,23.7,25.6,27.11,28.86
1994-12-06,27.6,23.7,25.3,27.73,30.26
1994-12-07,28.3,23.5,25.7,27.37,29.33
1994-12-08,29.5,24.1,26.0,27.36,29.31
1994-12-09,28.7,23.5,25.8,26.74,28.66
1994-12-10,28.5,23.3,25.3,27.2,30.01
1994-12-11,29.4,23.0,25.5,26.74,28.92
1994-12-12,29.1,23.6,25.4,27.27,29.59
1994-12-13,27.8,23.8,25.5,26.42,28.36
1994-12-14,27.7,23.6,25.1,26.49,27.63
1994-12-15,27.4,23.6,25.1,25.96,27.69
1994-12-16,27.5,23.6,24.9,25.65,27.14
1994-12-17,29.7,23.9,25.7,26.71,29.18
1994-12-18,28.9,23.6,26.2,27.56,30.61
1994-12-19,29.4,24.1,26.4,27.58,30.81
1994-12-20,29.1,23.8,26.1,27.19,30.1
1994-12-21,29.0,23.7,25.7,26.85,29.93
1994-12-22,30.0,23.0,26.3,25.84,27.04
1994-12-23,29.9,22.9,26.2,27.31,30.64
1994-12-24,29.0,24.0,26.1,26.44,28.24
1994-12-25,29.5,23.6,26.2,27.17,29.98
1994-12-26,28.8,24.4,26.1,27.75,30.33
1994-12-27,29.9,23.6,26.1,27.76,30.46
1994-12-28,29.9,23.5,26.7,28.2,31.2
1994-12-29,28.8,24.0,26.5,27.86,30.39
1994-12-30,29.3,23.5,25.9,28.06,30.97
1994-12-31,28.7,23.9,26.0,27.3,28.75
1995-01-01,29.4,23.8,26.1,27.47,29.26
1995-01-02,29.1,24.0,26.1,27.57,29.66
1995-01-03,28.6,24.0,25.9,26.97,28.44
1995-01-04,27.7,23.9,25.5,26.63,27.95
1995-01-05,28.1,23.5,25.1,26.67,28.24
1995-01-06,28.0,23.4,25.3,26.46,27.76
1995-01-07,28.6,23.4,25.4,26.66,28.06
1995-01-08,28.9,23.6,25.8,26.67,28.65
1995-01-09,28.6,23.3,25.7,26.56,28.17
1995-01-10,28.7,23.4,25.5,26.5,28.14
1995-01-11,26.8,23.8,25.3,26.73,28.57
1995-01-12,26.9,23.8,25.0,26.36,27.86
1995-01-13,25.5,23.4,24.4,25.88,27.47
1995-01-14,27.2,23.0,24.3,26.13,27.52
1995-01-15,28.4,22.5,25.3,26.29,27.71
1995-01-16,28.1,23.3,25.6,26.39,27.56
1995-01-17,28.7,23.8,25.8,26.46,28.17
1995-01-18,28.9,23.6,25.7,26.83,28.48
1995-01-19,28.2,23.5,25.6,26.6,27.68
1995-01-20,26.8,23.5,25.1,26.63,28.08
1995-01-21,27.1,23.8,24.9,26.26,27.89
1995-01-22,27.5,23.2,24.9,26.39,28.85
1995-01-23,27.6,23.2,25.0,26.31,28.53
1995-01-24,26.8,23.3,24.6,26.37,27.83
1995-01-25,28.4,22.7,24.7,25.89,26.75
1995-01-26,29.2,23.4,25.5,25.84,27.16
1995-01-27,28.5,23.6,25.7,26.26,28.16
1995-01-28,28.2,23.5,25.5,25.43,26.93
1995-01-29,28.7,23.1,25.5,26.19,28.13
1995-01-30,28.9,23.7,25.8,26.24,28.02
1995-01-31,28.7,23.3,25.6,26.2,27.39
1995-02-01,28.4,23.2,25.2,25.9,26.86
1995-02-02,28.9,23.4,25.4,25.91,27.27
1995-02-03,25.8,23.8,24.7,25.22,25.85
1995-02-04,29.0,22.9,25.5,26.13,27.98
1995-02-05,28.6,23.4,25.2,25.78,27.23
1995-02-06,27.5,23.4,24.8,25.97,27.81
1995-02-07,28.2,23.5,25.1,25.93,27.27
1995-02-08,28.1,23.4,25.3,26.07,27.08
1995-02-09,28.1,23.4,25.3,26.09,27.58
1995-02-10,28.3,23.2,25.5,25.97,27.41
1995-02-11,28.8,23.5,25.7,25.6,26.51
1995-02-12,28.2,23.8,25.6,26.21,27.69
1995-02-13,28.7,24.1,26.1,26.57,28.77
1995-02-14,29.0,23.8,25.8,26.21,27.78
1995-02-15,29.9,22.7,26.5,26.0,27.57
1995-02-16,30.2,22.2,26.4,26.62,29.08
1995-02-17,28.8,23.3,25.5,26.34,28.31
1995-02-18,28.3,22.9,25.0,25.94,27.55
1995-02-19,28.5,22.8,25.3,25.82,27.5
1995-02-20,29.3,23.0,25.2,26.7,29.3
1995-02-21,29.9,23.5,26.0,26.76,29.21
1995-02-22,29.7,23.8,26.3,26.5,28.76
1995-02-23,28.8,23.7,26.1,26.4,27.76
1995-02-24,27.8,23.3,25.3,26.1,27.49
1995-02-25,28.6,23.4,25.9,26.63,28.94
1995-02-26,29.1,23.6,26.1,26.18,27.61
1995-02-27,28.3,23.5,25.5,26.14,27.58
1995-02-28,28.8,23.2,25.7,26.5,28.31
1995-03-01,27.9,23.4,25.3,26.36,27.79
1995-03-02,26.8,23.4,24.6,26.01,27.42
1995-03-03,28.9,23.6,25.4,26.35,28.62
1995-03-04,28.6,23.7,25.4,26.24,27.66
1995-03-05,25.9,23.1,24.2,26.47,27.78
1995-03-06,28.5,22.6,25.1,26.08,27.12
1995-03-07,28.5,23.0,25.4,26.17,27.31
1995-03-08,29.6,23.2,26.0,26.84,29.34
1995-03-09,28.7,23.5,25.6,26.76,28.66
1995-03-10,29.6,23.0,25.9,27.12,29.88
1995-03-11,30.1,23.1,26.3,27.42,30.57
1995-03-12,28.6,23.4,25.8,26.97,29.07
1995-03-13,27.9,23.5,25.3,26.06,27.95
1995-03-14,29.4,23.7,26.1,27.42,30.15
1995-03-15,29.4,24.0,26.0,27.5,29.88
1995-03-16,28.5,23.3,25.4,26.67,28.6
1995-03-17,28.3,23.3,25.4,26.5,29.41
1995-03-18,28.3,23.0,25.5,26.72,28.96
1995-03-19,27.5,23.5,25.5,26.54,28.31
1995-03-20,28.7,24.3,26.1,26.05,27.81
1995-03-21,27.9,23.7,25.6,26.57,28.85
1995-03-22,29.8,23.5,26.0,26.83,28.84
1995-03-23,29.9,23.2,26.0,27.06,29.63
1995-03-24,29.9,23.2,26.4,26.99,28.9
1995-03-25,28.9,24.0,26.0,27.14,29.19
1995-03-26,28.9,23.3,25.5,27.05,29.66
1995-03-27,28.0,23.7,25.2,26.49,28.22
1995-03-28,28.9,23.2,25.7,27.05,29.5
1995-03-29,29.8,23.0,26.2,27.36,29.9
1995-03-30,29.2,23.8,26.1,27.37,29.06
1995-03-31,28.5,23.4,25.8,27.12,29.12
1995-04-01,29.3,23.7,25.8,26.93,28.89
1995-04-02,29.5,23.7,26.2,27.07,29.13
1995-04-03,29.2,23.6,25.8,26.95,28.64
1995-04-04,28.9,23.9,26.0,26.4,27.53
1995-04-05,27.8,23.9,25.8,26.56,27.61
1995-04-06,28.4,24.3,25.8,26.32,27.6
1995-04-07,28.9,24.1,25.9,26.78,29.42
1995-04-08,28.8,24.3,26.1,26.77,28.7
1995-04-09,29.9,23.5,26.5,27.1,29.73
1995-04-10,29.8,23.7,26.4,27.01,29.27
1995-04-11,29.5,23.3,26.1,27.68,30.85
1995-04-12,29.8,23.3,26.5,27.2,29.14
1995-04-13,29.7,23.4,26.7,27.49,30.12
1995-04-14,28.6,24.0,26.2,26.87,28.5
1995-04-15,29.8,23.4,26.4,27.42,29.57
1995-04-16,28.6,23.5,25.7,27.52,29.83
1995-04-17,29.4,23.4,25.9,27.03,28.72
1995-04-18,29.9,23.2,25.8,27.03,28.48
1995-04-19,29.0,23.8,26.0,26.95,28.7
1995-04-20,29.0,23.6,26.1,26.99,28.24
1995-04-21,29.3,23.8,26.1,27.16,29.16
1995-04-22,29.1,23.3,26.0,27.28,29.19
1995-04-23,28.7,23.7,26.1,27.49,29.15
1995-04-24,29.3,23.9,26.2,27.22,29.2
1995-04-25,29.7,23.7,26.1,27.17,28.75
1995-04-26,30.2,23.0,26.3,27.31,29.44
1995-04-27,30.0,24.1,26.6,27.74,30.14
1995-04-28,29.5,23.7,26.4,27.69,29.63
1995-04-29,28.9,24.3,26.1,27.85,30.16
1995-04-30,29.1,23.6,26.1,27.36,28.9
1995-05-01,28.8,23.6,25.8,26.8,27.82
1995-05-02,29.0,23.9,26.1,27.29,29.15
1995-05-03,29.4,24.0,26.0,27.47,29.28
1995-05-04,28.7,23.8,25.6,27.31,29.3
1995-05-05,30.0,23.6,26.4,27.29,29.56
1995-05-06,29.7,24.9,26.8,27.84,30.04
1995-05-07,29.1,24.1,26.7,27.8,30.1
1995-05-08,30.0,23.8,26.3,27.74,30.27
1995-05-09,29.8,24.2,26.3,27.15,29.01
1995-05-10,29.2,24.1,26.1,27.62,30.41
1995-05-11,29.5,24.2,26.2,27.15,29.84
1995-05-12,29.1,23.8,26.2,27.44,29.43
1995-05-13,30.5,23.5,26.3,27.44,28.82
1995-05-14,28.9,23.7,26.1,26.71,27.72
1995-05-15,30.2,23.8,26.3,27.45,29.76
1995-05-16,30.0,23.5,26.9,27.51,29.74
1995-05-17,30.5,24.5,27.2,27.83,29.92
1995-05-18,30.3,24.0,26.4,27.45,28.98
1995-05-19,28.8,23.4,25.6,26.96,27.75
1995-05-20,28.6,23.2,25.9,27.31,29.76
1995-05-21,29.6,23.1,26.1,27.0,28.93
1995-05-22,29.9,22.3,26.1,27.38,29.63
1995-05-23,30.0,23.1,26.5,27.48,29.78
1995-05-24,30.4,23.2,26.4,27.11,29.51
1995-05-25,29.8,22.4,25.9,27.09,29.76
1995-05-26,29.8,22.4,26.2,27.05,29.47
1995-05-27,29.9,23.8,26.8,27.29,29.58
1995-05-28,30.0,24.5,26.6,27.61,30.13
1995-05-29,30.0,23.2,26.3,28.07,29.96
1995-05-30,29.6,22.9,26.1,27.89,29.69
1995-05-31,29.3,23.1,25.8,27.34,28.62
1995-06-01,29.9,23.4,26.1,27.54,29.33
1995-06-02,30.2,23.7,26.7,27.74,29.92
1995-06-03,29.7,23.8,26.7,27.59,29.61
1995-06-04,30.4,24.6,27.1,27.69,30.09
1995-06-05,30.6,22.7,26.7,27.62,30.39
1995-06-06,29.4,23.5,26.1,27.48,29.71
1995-06-07,30.0,23.8,26.1,27.45,29.08
1995-06-08,29.9,23.9,26.3,27.0,28.51
1995-06-09,29.4,23.7,26.3,27.27,29.15
1995-06-10,30.4,22.9,26.2,27.61,29.75
1995-06-11,29.7,23.5,26.5,27.58,29.05
1995-06-12,30.4,24.0,27.0,27.69,30.15
1995-06-13,30.3,24.8,27.0,27.29,29.04
1995-06-14,30.4,23.2,26.6,27.66,29.92
1995-06-15,29.8,23.6,26.4,27.46,29.07
1995-06-16,28.7,23.7,25.8,27.56,28.91
1995-06-17,29.8,23.8,26.0,27.68,29.49
1995-06-18,29.4,23.8,25.9,26.97,28.17
1995-06-19,28.0,24.1,25.7,26.37,27.72
1995-06-20,28.7,23.5,25.6,26.12,27.02
1995-06-21,29.6,23.2,25.6,27.02,29.7
1995-06-22,29.5,23.2,25.5,27.05,29.41
1995-06-23,29.1,22.8,25.3,27.18,29.38
1995-06-24,29.5,23.1,26.0,26.94,28.62
1995-06-25,29.2,23.8,26.2,27.14,29.06
1995-06-26,29.7,22.8,26.1,27.05,29.25
1995-06-27,29.0,24.1,25.7,26.79,29.18
1995-06-28,28.6,23.1,25.4,26.98,29.06
1995-06-29,26.8,23.4,24.7,26.26,28.29
1995-06-30,29.8,22.6,26.0,26.54,28.44
1995-07-01,28.9,23.9,26.3,27.07,29.04
1995-07-02,27.6,23.1,25.1,26.64,28.25
1995-07-03,28.9,23.5,25.8,26.24,27.68
1995-07-04,28.9,23.7,25.5,26.8,29.12
1995-07-05,28.1,23.1,24.8,25.93,26.91
1995-07-06,28.2,23.1,25.0,26.25,28.19
1995-07-07,28.6,23.3,25.6,26.55,28.85
1995-07-08,28.7,23.0,25.3,26.33,27.69
1995-07-09,29.5,22.3,25.9,26.65,28.56
1995-07-10,29.6,23.4,26.2,26.8,28.6
1995-07-11,28.7,22.7,25.4,26.7,28.4
1995-07-12,29.4,23.4,25.7,26.56,28.46
1995-07-13,28.6,23.1,25.7,26.39,28.43
1995-07-14,29.6,22.8,26.0,26.77,29.0
1995-07-15,29.8,22.0,25.4,26.94,29.12
1995-07-16,29.4,22.7,26.0,26.24,28.01
1995-07-17,28.9,23.8,26.1,26.66,29.27
1995-07-18,29.1,22.0,25.6,26.7,29.16
1995-07-19,29.1,22.1,25.1,26.65,29.16
1995-07-20,28.7,22.3,25.1,26.48,28.36
1995-07-21,28.7,23.0,25.2,26.3,27.72
1995-07-22,29.3,21.9,25.3,26.78,28.99
1995-07-23,29.5,23.4,25.9,26.69,29.0
1995-07-24,28.8,23.0,25.4,26.84,29.38
1995-07-25,29.3,21.8,25.6,26.57,28.75
1995-07-26,29.0,23.2,25.7,26.69,29.33
1995-07-27,29.1,22.0,25.7,26.56,28.78
1995-07-28,29.2,22.0,25.8,26.28,28.65
1995-07-29,29.1,22.4,25.6,26.62,29.4
1995-07-30,29.3,21.4,25.1,25.6,28.44
1995-07-31,30.2,21.8,25.8,26.4,29.26
1995-08-01,30.0,22.4,26.1,26.91,29.87
1995-08-02,28.1,23.5,25.1,26.46,28.63
1995-08-03,29.4,22.7,25.6,26.56,29.08
1995-08-04,29.5,22.8,26.1,26.63,29.14
1995-08-05,29.9,22.7,26.1,26.37,29.47
1995-08-06,29.5,23.0,25.8,26.49,29.09
1995-08-07,29.3,23.4,26.1,26.2,28.51
1995-08-08,29.1,23.2,26.0,26.63,29.14
1995-08-09,29.8,22.5,26.0,26.74,29.16
1995-08-10,29.8,23.8,26.8,26.72,29.54
1995-08-11,30.1,23.9,26.3,26.26,29.06
1995-08-12,30.6,22.1,26.2,26.51,29.69
1995-08-13,30.0,22.3,26.2,26.63,29.18
1995-08-14,30.3,22.4,26.4,26.63,29.73
1995-08-15,30.6,22.8,26.4,26.39,29.39
1995-08-16,30.2,23.5,26.8,26.26,28.97
1995-08-17,30.6,23.2,26.7,26.56,29.19
1995-08-18,30.6,23.6,27.1,26.61,29.43
1995-08-19,30.6,23.2,27.1,26.78,29.47
1995-08-20,30.8,23.9,27.0,26.57,29.04
1995-08-21,30.8,23.5,27.1,26.68,29.37
1995-08-22,30.7,23.0,27.0,26.63,29.3
1995-08-23,31.2,23.1,27.2,26.93,29.69
1995-08-24,31.9,22.9,27.5,27.33,30.62
1995-08-25,31.7,23.4,26.9,27.18,30.31
1995-08-26,31.0,23.2,27.1,27.21,29.67
1995-08-27,31.2,23.2,27.0,26.67,29.25
1995-08-28,32.1,21.6,26.6,26.41,29.66
1995-08-29,32.2,22.6,27.0,26.98,30.21
1995-08-30,31.0,23.2,27.0,27.41,30.37
1995-08-31,32.4,24.3,27.8,27.18,30.05
1995-09-01,31.4,24.1,27.6,27.01,29.58
1995-09-02,30.8,23.5,27.5,27.15,29.34
1995-09-03,31.3,23.9,27.4,27.04,29.14
1995-09-04,30.3,23.9,26.6,26.78,28.86
1995-09-05,29.9,24.2,26.9,27.18,29.52
1995-09-06,31.1,23.3,26.7,26.43,28.15
1995-09-07,30.2,23.5,26.3,26.98,29.35
1995-09-08,30.8,23.7,26.5,27.16,30.07
1995-09-09,31.1,23.9,27.0,26.91,29.66
1995-09-10,31.1,22.8,26.8,27.03,30.02
1995-09-11,31.1,23.4,27.1,27.2,30.08
1995-09-12,31.4,22.8,27.6,27.44,30.5
1995-09-13,32.4,23.6,27.7,27.22,30.4
1995-09-14,32.2,21.9,27.0,26.91,30.23
1995-09-15,32.2,23.1,27.4,27.1,30.42
1995-09-16,32.5,23.4,27.7,27.25,30.41
1995-09-17,32.0,24.1,27.7,26.89,30.07
1995-09-18,32.2,23.0,27.6,26.75,30.0
1995-09-19,32.5,22.6,28.1,26.88,29.81
1995-09-20,32.7,23.6,28.1,27.31,30.47
1995-09-21,32.5,24.4,28.0,27.17,30.18
1995-09-22,31.2,23.7,27.2,27.5,30.23
1995-09-23,32.4,24.4,27.9,27.53,29.77
1995-09-24,29.4,23.9,26.4,27.36,29.55
1995-09-25,30.1,23.6,26.1,27.16,29.34
1995-09-26,30.1,24.0,26.2,27.05,29.33
1995-09-27,30.3,24.0,26.4,27.06,29.25
1995-09-28,30.4,23.1,26.2,27.19,29.98
1995-09-29,29.2,23.9,26.1,27.36,29.83
1995-09-30,29.7,23.2,26.1,27.31,29.95
1995-10-01,30.8,22.9,27.1,27.46,30.26
1995-10-02,30.6,23.9,27.3,27.49,30.47
1995-10-03,31.2,23.3,26.9,27.57,29.91
1995-10-04,30.4,24.0,26.5,27.63,29.91
1995-10-05,31.1,23.2,26.7,27.65,30.25
1995-10-06,31.0,23.5,26.6,27.46,30.01
1995-10-07,30.3,23.3,26.5,27.47,30.1
1995-10-08,30.4,23.7,26.5,27.65,30.52
1995-10-09,30.6,24.3,26.5,27.45,30.49
1995-10-10,29.1,24.0,25.9,27.14,29.23
1995-10-11,31.4,23.4,26.7,27.67,30.21
1995-10-12,31.1,22.9,26.9,28.03,30.94
1995-10-13,30.3,23.4,26.8,27.75,29.91
1995-10-14,29.8,23.4,26.7,27.8,30.01
1995-10-15,31.6,23.5,27.3,27.45,29.37
1995-10-16,30.9,23.9,26.9,27.66,30.55
1995-10-17,31.4,24.8,27.3,27.82,30.62
1995-10-18,31.4,23.9,27.3,27.79,30.4
1995-10-19,31.4,24.1,27.4,27.99,30.7
1995-10-20,31.0,24.1,26.9,27.48,29.22
1995-10-21,29.9,23.5,26.3,26.97,29.09
1995-10-22,28.6,23.9,25.8,27.23,28.98
1995-10-23,29.3,23.4,25.7,27.1,28.31
1995-10-24,27.7,23.5,25.3,27.44,28.85
1995-10-25,28.2,23.6,25.4,27.35,29.34
1995-10-26,27.0,23.8,25.2,27.52,29.77
1995-10-27,27.9,23.4,25.6,27.38,29.05
1995-10-28,29.9,23.1,25.8,27.4,28.95
1995-10-29,30.0,23.6,26.4,27.91,30.09
1995-10-30,30.5,23.2,26.6,28.4,31.14
1995-10-31,30.0,23.9,26.4,27.48,28.43
1995-11-01,30.3,23.7,26.7,28.05,29.87
1995-11-02,30.9,23.8,27.0,28.77,31.64
1995-11-03,30.5,24.5,27.1,27.76,29.42
1995-11-04,28.6,24.0,26.2,27.89,29.8
1995-11-05,30.2,23.7,26.4,28.02,30.34
1995-11-06,29.1,23.7,26.2,28.11,30.62
1995-11-07,28.9,23.7,26.3,27.87,29.44
1995-11-08,28.8,23.6,25.5,27.28,28.37
1995-11-09,30.3,23.7,26.9,27.87,30.06
1995-11-10,30.0,24.3,26.4,27.97,30.16
1995-11-11,28.5,23.9,25.5,27.82,29.79
1995-11-12,28.6,23.7,25.6,26.97,27.87
1995-11-13,29.9,23.5,26.2,27.63,29.83
1995-11-14,28.8,23.6,25.6,27.25,28.73
1995-11-15,28.5,23.6,25.9,27.0,28.75
1995-11-16,30.0,23.7,25.9,27.98,30.36
1995-11-17,29.1,24.0,25.9,27.36,29.45
1995-11-18,27.2,23.9,25.2,27.85,31.09
1995-11-19,28.7,23.6,25.6,27.72,30.31
1995-11-20,27.9,23.6,25.1,27.36,29.46
1995-11-21,26.7,23.3,24.8,27.51,29.73
1995-11-22,27.4,23.7,25.1,27.69,30.34
1995-11-23,28.5,23.6,25.5,27.0,29.13
1995-11-24,27.9,23.9,25.3,26.41,27.4
1995-11-25,29.6,23.8,26.1,26.61,28.42
1995-11-26,27.3,24.2,25.1,26.52,28.17
1995-11-27,29.1,23.8,25.7,26.87,28.98
1995-11-28,26.7,23.7,25.0,26.81,28.55
1995-11-29,27.0,23.7,25.0,27.08,29.49
1995-11-30,27.9,23.9,25.4,26.87,28.37
1995-12-01,27.0,24.1,25.1,25.91,27.35
1995-12-02,28.6,23.8,25.6,26.67,29.67
1995-12-03,28.6,23.9,25.4,26.54,29.09
1995-12-04,28.6,24.1,25.6,26.57,28.46
1995-12-05,28.0,23.9,25.7,26.98,29.15
1995-12-06,28.1,23.7,25.5,26.43,28.87
1995-12-07,27.5,23.8,25.2,26.43,28.77
1995-12-08,27.8,23.4,24.9,26.39,28.89
1995-12-09,26.6,23.0,24.7,26.53,28.98
1995-12-10,28.0,23.2,25.3,26.65,28.27
1995-12-11,28.4,23.4,25.6,26.72,27.97
1995-12-12,28.2,23.2,25.2,26.72,28.16
1995-12-13,26.6,23.6,24.5,26.53,28.65
1995-12-14,27.6,22.6,24.7,26.35,27.94
1995-12-15,27.7,23.2,24.9,26.14,27.48
1995-12-16,29.7,22.9,26.1,27.21,29.81
1995-12-17,29.5,22.3,25.9,26.99,30.04
1995-12-18,30.0,23.2,26.0,26.64,29.05
1995-12-19,30.2,23.3,26.3,26.77,29.3
1995-12-20,29.9,23.5,26.1,26.35,28.44
1995-12-21,28.8,24.1,25.9,26.28,28.13
1995-12-22,29.4,23.2,26.1,27.03,30.05
1995-12-23,28.7,23.7,26.0,26.18,28.51
1995-12-24,28.6,24.0,25.7,26.65,29.27
1995-12-25,28.3,23.5,25.8,26.7,29.0
1995-12-26,28.6,23.5,25.8,26.73,29.37
1995-12-27,30.0,23.4,26.4,26.72,29.4
1995-12-28,29.8,22.9,26.2,26.96,29.68
1995-12-29,30.0,23.5,26.3,27.14,30.31
1995-12-30,28.2,23.2,25.5,26.7,28.64
1995-12-31,27.2,23.4,24.6,26.03,26.85
1996-01-01,27.0,23.1,24.5,25.38,25.74
1996-01-02,26.5,22.7,24.3,25.8,26.78
1996-01-03,26.0,23.0,24.0,25.62,26.35
1996-01-04,27.0,22.9,24.5,25.52,26.89
1996-01-05,26.8,22.5,24.3,25.94,27.22
1996-01-06,27.1,22.7,24.7,25.95,27.05
1996-01-07,27.0,22.8,24.8,25.76,27.25
1996-01-08,26.0,22.8,24.4,25.44,26.23
1996-01-09,28.9,22.9,25.5,26.31,28.62
1996-01-10,30.3,22.7,26.1,27.33,30.4
1996-01-11,30.0,22.9,25.7,26.73,29.02
1996-01-12,27.9,22.8,25.0,26.42,28.31
1996-01-13,28.0,22.2,25.0,26.26,28.11
1996-01-14,28.9,22.7,25.5,26.12,27.75
1996-01-15,27.5,22.9,25.1,26.4,28.39
1996-01-16,27.4,22.8,24.9,25.58,26.23
1996-01-17,28.0,23.2,25.3,25.56,26.72
1996-01-18,27.1,23.2,24.9,25.39,25.98
1996-01-19,26.8,23.4,24.7,25.91,27.53
1996-01-20,28.1,23.4,25.0,26.0,28.17
1996-01-21,27.3,22.9,24.7,25.62,26.46
1996-01-22,27.6,22.7,24.6,25.86,27.07
1996-01-23,28.4,22.5,25.3,26.04,27.37
1996-01-24,27.9,23.1,25.2,25.64,26.52
1996-01-25,28.2,23.5,25.4,25.58,26.71
1996-01-26,27.7,23.0,24.9,25.67,26.87
1996-01-27,27.8,23.7,25.4,25.82,27.61
1996-01-28,27.9,23.3,25.2,25.85,27.78
1996-01-29,28.0,23.3,25.4,26.2,28.46
1996-01-30,27.9,22.9,25.3,26.37,28.48
1996-01-31,27.8,23.3,24.9,25.86,26.9
1996-02-01,29.1,22.7,25.4,26.07,27.46
1996-02-02,28.7,22.8,25.7,26.3,28.5
1996-02-03,28.8,23.7,25.7,26.57,28.57
1996-02-04,28.2,22.9,25.2,26.09,27.08
1996-02-05,28.5,23.1,25.8,26.11,27.6
1996-02-06,27.7,23.3,25.4,25.9,27.06
1996-02-07,27.3,23.4,24.9,25.55,26.56
1996-02-08,27.0,23.1,24.9,25.64,26.44
1996-02-09,28.3,23.3,25.5,25.71,27.06
1996-02-10,27.0,22.8,24.2,25.94,26.76
1996-02-11,27.6,22.8,25.3,25.86,26.9
1996-02-12,28.4,22.8,25.3,26.06,27.6
1996-02-13,27.6,23.2,25.2,25.98,27.15
1996-02-14,29.4,23.8,25.8,25.94,27.55
1996-02-15,29.0,23.0,26.0,26.08,27.29
1996-02-16,27.9,23.5,25.4,26.32,27.61
1996-02-17,28.5,23.6,25.5,26.59,27.79
1996-02-18,28.9,23.4,25.5,26.22,27.36
1996-02-19,28.5,23.3,25.7,26.21,28.23
1996-02-20,28.3,23.3,25.0,25.93,27.01
1996-02-21,27.8,22.6,24.8,25.84,27.19
1996-02-22,26.8,22.7,24.4,25.71,27.38
1996-02-23,28.5,22.7,25.1,26.37,28.35
1996-02-24,28.3,23.3,25.4,25.82,26.59
1996-02-25,27.0,23.0,24.3,25.73,26.78
1996-02-26,27.5,23.0,24.9,25.83,26.89
1996-02-27,27.9,22.8,24.6,25.51,26.27
1996-02-28,27.8,22.7,24.7,25.51,26.53
1996-02-29,28.1,22.8,25.1,25.89,27.47
1996-03-01,28.9,23.3,25.9,26.17,27.74
1996-03-02,28.3,23.5,25.5,25.86,27.31
1996-03-03,28.2,22.7,25.1,26.37,27.8
1996-03-04,28.0,23.1,25.3,26.24,27.6
1996-03-05,28.7,23.1,25.4,26.16,28.07
1996-03-06,29.1,23.1,25.6,26.1,28.05
1996-03-07,28.9,23.7,25.6,25.83,27.24
1996-03-08,29.5,23.4,25.9,26.18,27.97
1996-03-09,28.9,23.9,25.8,26.19,27.55
1996-03-10,27.7,23.4,25.2,26.23,27.81
1996-03-11,28.6,23.0,25.2,26.4,28.47
1996-03-12,27.4,23.3,25.2,25.81,26.66
1996-03-13,29.1,23.5,25.8,26.38,28.19
1996-03-14,29.2,23.2,25.7,26.15,27.55
1996-03-15,28.0,23.5,25.5,26.48,28.19
1996-03-16,29.2,23.4,25.9,27.09,29.18
1996-03-17,30.1,23.8,26.4,27.71,29.95
1996-03-18,30.2,23.1,26.4,27.56,29.78
1996-03-19,30.0,23.5,26.2,27.2,28.72
1996-03-20,29.2,23.5,25.8,26.9,28.23
1996-03-21,29.4,23.0,25.9,27.27,29.18
1996-03-22,29.6,23.2,25.9,26.92,28.2
1996-03-23,28.9,23.7,26.0,26.87,28.52
1996-03-24,28.9,23.5,25.9,27.24,29.09
1996-03-25,29.3,23.3,26.1,26.89,28.64
1996-03-26,27.7,23.7,25.4,26.74,27.59
1996-03-27,28.5,23.6,25.4,26.86,28.26
1996-03-28,29.5,23.4,25.9,27.0,28.57
1996-03-29,30.1,23.4,26.5,27.24,29.87
1996-03-30,30.1,24.4,27.0,27.22,29.59
1996-03-31,30.5,23.7,27.1,27.23,29.66
1996-04-01,30.0,23.8,26.4,27.26,29.21
1996-04-02,29.3,23.3,25.6,27.28,29.39
1996-04-03,30.4,23.1,26.1,27.28,29.53
1996-04-04,29.3,23.1,26.0,27.2,28.99
1996-04-05,29.2,22.9,25.7,27.43,29.1
1996-04-06,30.5,23.0,26.1,27.64,29.89
1996-04-07,30.6,23.5,26.8,28.07,30.13
1996-04-08,31.8,22.7,26.9,28.06,30.86
1996-04-09,30.2,22.7,26.3,27.22,30.31
1996-04-10,30.5,23.5,26.9,27.23,30.19
1996-04-11,28.9,24.4,26.2,26.77,28.6
1996-04-12,30.4,23.6,26.4,27.6,30.04
1996-04-13,29.0,23.6,25.9,27.43,29.11
1996-04-14,29.1,22.9,25.7,27.74,28.8
1996-04-15,28.6,23.5,25.9,27.5,29.1
1996-04-16,29.1,23.6,25.8,27.61,29.33
1996-04-17,29.5,23.2,25.9,27.03,29.33
1996-04-18,29.5,23.6,26.0,27.28,28.89
1996-04-19,29.6,23.5,26.1,27.5,29.64
1996-04-20,29.4,22.7,26.0,27.14,28.25
1996-04-21,29.5,23.8,26.0,27.37,29.18
1996-04-22,29.5,23.9,25.8,27.1,28.4
1996-04-23,29.0,23.0,25.6,27.06,28.71
1996-04-24,28.5,22.9,25.6,27.17,29.15
1996-04-25,28.9,23.3,26.1,26.94,29.05
1996-04-26,28.1,24.7,26.0,27.34,29.28
1996-04-27,29.1,23.8,26.1,27.72,29.82
1996-04-28,29.7,23.6,26.5,27.85,30.03
1996-04-29,29.6,22.7,26.0,27.36,29.62
1996-04-30,30.2,23.2,26.6,27.56,29.85
1996-05-01,30.5,23.5,26.8,27.66,29.82
1996-05-02,30.1,23.0,26.6,28.14,30.68
1996-05-03,30.3,23.8,26.9,28.21,30.13
1996-05-04,29.4,24.5,26.6,27.61,29.21
1996-05-05,29.9,23.3,26.4,27.06,28.72
1996-05-06,30.0,24.1,26.6,27.33,29.61
1996-05-07,30.5,24.1,27.0,27.84,30.6
1996-05-08,30.3,23.3,26.4,27.83,30.69
1996-05-09,29.9,24.2,26.6,27.33,29.56
1996-05-10,29.4,23.4,26.2,27.04,29.28
1996-05-11,29.7,22.3,26.1,27.33,29.83
1996-05-12,29.6,22.9,26.2,27.79,30.4
1996-05-13,29.9,23.4,26.5,27.74,29.86
1996-05-14,31.4,22.8,26.9,28.05,30.62
1996-05-15,30.2,23.6,26.6,28.11,30.01
1996-05-16,29.5,23.7,26.1,27.73,30.0
1996-05-17,29.7,22.8,26.3,27.25,29.46
1996-05-18,30.3,24.0,26.7,27.77,30.31
1996-05-19,31.1,23.7,26.9,28.01,29.88
1996-05-20,30.7,23.5,26.5,28.18,30.39
1996-05-21,30.1,23.6,26.2,27.6,28.87
1996-05-22,30.0,23.3,26.0,27.66,29.59
1996-05-23,29.3,23.6,25.7,27.42,29.39
1996-05-24,29.6,23.3,26.1,27.5,29.69
1996-05-25,29.3,24.0,26.2,27.59,29.73
1996-05-26,29.5,23.7,26.0,27.49,29.74
1996-05-27,29.0,23.4,25.8,27.24,29.32
1996-05-28,29.6,23.4,26.3,27.09,28.76
1996-05-29,29.5,23.2,26.3,26.86,28.85
1996-05-30,29.9,24.1,26.7,27.17,29.68
1996-05-31,30.3,23.6,26.6,27.49,29.98
1996-06-01,29.7,23.7,26.5,27.56,29.74
1996-06-02,29.3,23.1,25.9,27.37,29.74
1996-06-03,30.1,23.0,26.0,26.95,28.6
1996-06-04,30.2,23.6,26.5,27.11,29.38
1996-06-05,30.6,22.6,26.5,27.33,29.97
1996-06-06,29.9,22.9,26.4,27.1,29.67
1996-06-07,29.8,23.7,26.1,27.2,29.62
1996-06-08,27.7,23.7,25.3,26.42,27.9
1996-06-09,26.0,23.2,24.3,26.26,27.96
1996-06-10,25.1,23.1,24.2,26.58,27.87
1996-06-11,27.8,23.1,25.2,26.71,28.5
1996-06-12,29.1,23.8,26.2,27.1,29.15
1996-06-13,29.3,24.3,26.5,27.11,28.71
1996-06-14,29.6,23.4,26.2,27.52,29.54
1996-06-15,29.2,24.0,26.3,27.16,29.58
1996-06-16,30.2,22.9,26.6,27.05,29.76
1996-06-17,30.4,23.1,26.4,27.21,29.1
1996-06-18,29.5,23.5,26.1,26.84,28.27
1996-06-19,30.3,23.6,26.8,27.27,29.75
1996-06-20,29.8,23.2,26.4,27.29,29.04
1996-06-21,29.7,23.9,26.9,27.35,29.5
1996-06-22,29.7,23.7,26.8,27.23,29.46
1996-06-23,30.0,24.2,26.8,27.19,29.63
1996-06-24,30.2,23.5,26.4,26.78,28.46
1996-06-25,28.9,23.0,25.9,26.51,27.25
1996-06-26,29.2,23.2,26.3,26.96,28.85
1996-06-27,30.1,23.0,26.4,26.94,29.45
1996-06-28,29.8,23.5,26.2,27.0,28.9
1996-06-29,29.5,22.7,25.8,27.14,29.33
1996-06-30,29.4,22.9,25.5,26.84,28.96
1996-07-01,28.9,23.5,25.7,26.79,28.83
1996-07-02,29.7,22.8,26.1,27.31,29.7
1996-07-03,30.1,22.2,26.0,27.02,29.24
1996-07-04,30.5,22.6,26.5,27.21,30.12
1996-07-05,29.1,22.6,25.7,27.03,29.35
1996-07-06,29.0,22.7,25.8,27.36,29.77
1996-07-07,28.1,22.9,25.1,27.7,29.92
1996-07-08,29.4,22.5,25.8,27.39,29.38
1996-07-09,29.9,23.2,26.1,27.52,29.77
1996-07-10,29.7,23.5,26.4,27.44,29.8
1996-07-11,29.4,24.4,26.1,27.04,29.15
1996-07-12,27.9,23.7,25.4,26.99,28.95
1996-07-13,29.3,23.4,25.9,26.26,27.39
1996-07-14,29.2,24.0,26.3,26.92,29.01
1996-07-15,30.2,23.1,26.2,27.64,30.24
1996-07-16,30.0,23.4,26.0,27.18,29.43
1996-07-17,30.0,22.7,26.2,27.42,30.03
1996-07-18,30.7,24.2,27.1,27.34,29.97
1996-07-19,30.4,23.2,26.5,26.74,29.19
1996-07-20,30.9,23.7,26.7,26.65,29.31
1996-07-21,30.1,23.8,26.8,26.88,29.61
1996-07-22,30.2,22.7,26.4,27.16,29.67
1996-07-23,30.0,23.4,26.2,27.12,29.39
1996-07-24,30.6,22.7,26.3,27.76,30.06
1996-07-25,30.3,23.5,25.9,27.68,30.18
1996-07-26,30.5,23.3,25.9,26.91,29.29
1996-07-27,30.1,23.3,26.5,26.85,29.14
1996-07-28,28.9,23.3,25.9,27.28,29.62
1996-07-29,30.3,23.1,26.4,27.27,29.44
1996-07-30,30.2,23.2,26.4,27.08,29.43
1996-07-31,30.2,23.0,26.0,26.72,29.04
1996-08-01,30.6,23.1,26.4,26.6,28.66
1996-08-02,29.8,22.9,26.3,27.19,29.71
1996-08-03,31.3,23.2,27.0,27.24,30.02
1996-08-04,31.2,24.2,27.0,26.55,29.32
1996-08-05,30.6,23.3,26.7,26.7,29.33
1996-08-06,31.0,23.0,26.9,27.03,29.91
1996-08-07,31.3,23.5,27.1,26.74,29.65
1996-08-08,31.6,23.2,27.0,27.13,30.07
1996-08-09,30.5,23.3,26.2,26.96,29.27
1996-08-10,29.8,22.7,26.0,26.37,27.8
1996-08-11,30.3,23.2,25.9,26.87,28.83
1996-08-12,30.3,22.7,26.1,27.2,29.33
1996-08-13,29.9,23.0,26.1,27.12,29.38
1996-08-14,30.2,22.1,26.1,27.24,29.74
1996-08-15,29.5,23.4,25.9,26.92,29.42
1996-08-16,29.1,23.5,25.4,26.77,28.54
1996-08-17,29.4,22.9,25.6,26.61,28.66
1996-08-18,28.8,22.7,25.3,26.48,28.25
1996-08-19,28.6,22.7,25.1,26.92,29.3
1996-08-20,28.6,22.8,25.4,26.91,29.3
1996-08-21,30.0,22.3,26.1,27.17,30.0
1996-08-22,30.3,22.1,26.3,27.2,30.02
1996-08-23,29.8,22.5,25.9,27.51,30.17
1996-08-24,30.2,23.7,26.4,27.17,29.89
1996-08-25,29.7,22.7,26.0,27.15,29.15
1996-08-26,30.0,23.1,26.0,27.2,29.65
1996-08-27,27.5,23.9,24.9,26.75,28.38
1996-08-28,29.2,22.8,25.6,26.58,28.35
1996-08-29,29.5,22.9,25.6,27.43,29.84
1996-08-30,30.4,22.7,26.0,27.66,29.93
1996-08-31,30.2,22.8,26.0,28.02,30.85
1996-09-01,29.6,23.2,26.2,27.58,30.23
1996-09-02,29.8,22.4,26.1,27.62,30.11
1996-09-03,29.2,22.3,25.5,27.41,30.03
1996-09-04,29.3,22.4,25.5,27.15,29.86
1996-09-05,28.9,22.3,25.5,27.13,30.03
1996-09-06,29.5,22.2,25.6,27.02,29.73
1996-09-07,29.8,22.6,25.7,27.32,30.09
1996-09-08,29.3,22.9,25.6,27.12,29.67
1996-09-09,29.2,23.1,25.5,26.95,29.26
1996-09-10,28.5,23.3,25.4,27.22,29.77
1996-09-11,29.3,23.2,25.6,27.07,29.48
1996-09-12,30.1,23.0,26.5,27.38,29.98
1996-09-13,29.9,23.4,26.5,27.3,29.81
1996-09-14,30.8,24.5,27.1,27.28,30.11
1996-09-15,31.2,23.1,27.0,27.57,30.32
1996-09-16,31.6,23.5,27.5,27.94,30.9
1996-09-17,31.8,23.3,27.3,28.02,31.03
1996-09-18,30.7,23.9,26.9,27.78,30.86
1996-09-19,31.5,23.1,27.1,27.64,30.74
1996-09-20,31.8,23.7,27.6,27.84,30.84
1996-09-21,31.7,23.5,27.1,27.95,31.05
1996-09-22,31.2,24.3,27.3,27.86,29.96
1996-09-23,30.7,23.7,26.9,27.36,29.4
1996-09-24,30.4,23.9,26.7,27.65,30.0
1996-09-25,29.8,23.7,26.6,27.67,29.76
1996-09-26,31.8,22.4,26.8,27.71,30.6
1996-09-27,30.1,23.0,26.3,27.17,29.78
1996-09-28,30.4,23.8,26.9,27.35,30.26
1996-09-29,30.0,23.5,26.5,27.51,30.2
1996-09-30,30.4,24.0,26.8,27.68,30.49
1996-10-01,31.1,23.8,27.0,27.83,29.95
1996-10-02,28.4,24.1,25.7,27.52,29.27
1996-10-03,28.0,23.7,25.2,27.29,29.09
1996-10-04,29.2,23.3,25.6,27.64,29.88
1996-10-05,30.2,23.0,26.3,27.74,30.09
1996-10-06,29.3,23.3,25.8,27.04,28.94
1996-10-07,29.1,23.5,25.5,26.59,28.17
1996-10-08,28.7,23.3,25.8,26.89,28.71
1996-10-09,29.5,23.5,25.9,27.18,28.89
1996-10-10,30.1,22.9,26.4,27.62,30.15
1996-10-11,30.4,23.3,26.7,27.49,29.82
1996-10-12,30.7,23.5,27.0,27.96,31.3
1996-10-13,30.8,24.0,27.1,28.15,31.31
1996-10-14,30.9,23.5,26.8,27.83,30.12
1996-10-15,29.4,23.9,26.4,27.48,28.85
1996-10-16,30.0,23.5,26.3,28.19,30.84
1996-10-17,30.6,23.8,26.6,28.54,31.25
1996-10-18,30.0,23.9,26.3,28.07,30.62
1996-10-19,30.0,24.0,26.9,28.26,30.45
1996-10-20,29.5,23.7,26.4,28.14,31.04
1996-10-21,30.7,23.2,27.0,27.77,30.42
1996-10-22,29.1,24.6,26.5,28.22,30.81
1996-10-23,29.3,24.0,26.0,27.91,30.17
1996-10-24,29.7,23.4,25.9,28.21,31.17
1996-10-25,29.2,23.7,26.1,27.83,30.03
1996-10-26,28.0,24.0,25.8,27.83,29.97
1996-10-27,29.4,23.4,25.8,27.47,29.39
1996-10-28,28.0,23.5,25.0,26.85,27.98
1996-10-29,31.0,23.7,26.6,28.11,31.08
1996-10-30,30.2,23.6,26.5,27.66,29.92
1996-10-31,28.2,23.4,25.5,26.63,27.83
1996-11-01,29.5,23.6,25.9,27.59,30.76
1996-11-02,30.7,23.5,26.5,27.47,29.69
1996-11-03,30.7,23.3,26.4,27.6,30.51
1996-11-04,30.0,23.7,26.3,27.2,29.18
1996-11-05,29.0,23.8,25.8,26.65,28.62
1996-11-06,27.4,23.3,24.9,26.53,28.36
1996-11-07,26.8,23.2,24.4,27.14,29.99
1996-11-08,29.4,22.9,25.7,26.79,28.89
1996-11-09,29.3,23.1,25.5,26.81,28.87
1996-11-10,30.0,22.9,26.1,27.42,29.89
1996-11-11,30.4,23.7,26.6,27.63,28.91
1996-11-12,30.6,23.9,27.0,28.24,30.72
1996-11-13,30.1,23.7,26.5,27.84,30.3
1996-11-14,30.4,23.8,26.6,27.41,28.79
1996-11-15,30.0,23.1,26.0,27.51,29.84
1996-11-16,28.1,23.0,25.4,27.32,29.62
1996-11-17,28.6,23.0,25.5,27.16,29.16
1996-11-18,28.7,22.8,25.4,27.12,29.19
1996-11-19,29.7,23.0,25.9,26.7,28.1
1996-11-20,30.1,23.1,25.9,27.22,29.22
1996-11-21,29.6,23.5,26.4,27.12,28.91
1996-11-22,29.8,23.6,26.1,26.96,28.76
1996-11-23,29.3,22.6,25.4,27.4,30.28
1996-11-24,30.2,22.9,25.9,27.98,30.59
1996-11-25,29.6,23.4,26.1,27.82,30.65
1996-11-26,29.9,23.0,26.2,27.07,29.04
1996-11-27,29.1,23.6,25.8,27.17,29.15
1996-11-28,28.9,23.8,26.3,27.88,30.15
1996-11-29,30.3,22.8,26.6,28.21,30.92
1996-11-30,30.3,24.2,26.8,28.03,29.87
1996-12-01,28.2,24.0,26.1,27.22,28.43
1996-12-02,28.9,23.5,25.7,26.69,28.16
1996-12-03,30.0,23.3,25.9,26.8,28.7
1996-12-04,29.1,23.3,25.9,27.28,29.49
1996-12-05,29.0,23.7,25.8,27.04,28.69
1996-12-06,29.7,24.3,25.9,26.68,28.27
1996-12-07,29.2,24.2,25.9,26.8,28.66
1996-12-08,29.4,23.6,25.9,27.13,29.73
1996-12-09,30.1,23.6,26.1,26.76,28.91
1996-12-10,27.3,23.6,25.2,26.62,28.95
1996-12-11,26.9,23.8,24.7,26.82,28.6
1996-12-12,26.2,23.3,24.3,26.8,29.12
1996-12-13,25.9,23.6,24.4,26.39,27.87
1996-12-14,25.1,23.6,24.2,26.31,27.43
1996-12-15,28.4,23.2,25.3,27.09,29.57
1996-12-16,28.3,23.7,25.6,26.72,29.48
1996-12-17,26.3,23.6,24.6,26.68,29.54
1996-12-18,27.1,23.5,25.0,26.09,28.23
1996-12-19,28.9,23.2,25.7,26.96,29.98
1996-12-20,28.2,23.7,25.5,26.82,30.0
1996-12-21,29.4,23.3,25.9,26.94,30.33
1996-12-22,29.8,22.7,25.9,26.91,30.47
1996-12-23,28.7,23.0,25.4,26.84,29.79
1996-12-24,27.1,23.7,25.2,26.74,29.59
1996-12-25,27.8,24.0,25.4,26.39,28.35
1996-12-26,27.5,23.8,25.2,26.22,28.72
1996-12-27,28.2,23.4,25.4,26.46,29.56
1996-12-28,28.8,22.5,25.6,26.79,29.91
1996-12-29,28.8,23.3,25.8,27.09,29.76
1996-12-30,27.0,24.2,25.1,26.56,27.92
1996-12-31,26.9,23.8,24.7,26.39,27.9
1997-01-01,27.3,23.4,24.9,26.54,28.22
1997-01-02,26.7,23.3,24.7,26.05,27.34
1997-01-03,27.9,22.8,25.2,25.79,27.3
1997-01-04,27.7,23.0,25.4,25.54,27.06
1997-01-05,27.5,23.1,25.0,25.53,26.95
1997-01-06,27.7,23.4,25.0,26.0,28.02
1997-01-07,27.6,23.3,25.1,25.49,27.37
1997-01-08,27.7,23.2,25.1,25.88,27.09
1997-01-09,27.9,23.6,25.3,26.43,28.26
1997-01-10,27.1,22.8,24.4,26.18,27.63
1997-01-11,27.9,22.4,24.9,25.79,26.64
1997-01-12,27.9,21.9,24.6,25.71,27.17
1997-01-13,27.3,22.7,24.7,25.17,26.08
1997-01-14,27.7,22.8,24.7,25.42,26.94
1997-01-15,28.0,22.5,25.3,25.64,27.32
1997-01-16,28.7,23.9,25.9,26.21,28.3
1997-01-17,27.2,23.3,24.8,25.55,26.93
1997-01-18,28.5,22.8,25.2,25.85,26.94
1997-01-19,27.7,22.9,24.9,25.54,27.33
1997-01-20,28.6,22.9,25.3,25.6,27.44
1997-01-21,29.0,23.1,26.0,25.55,26.51
1997-01-22,27.2,23.8,24.8,25.96,27.31
1997-01-23,28.7,23.5,25.1,26.06,27.45
1997-01-24,29.0,23.7,26.0,26.37,28.32
1997-01-25,28.0,23.7,25.2,26.31,27.32
1997-01-26,27.5,23.0,24.6,25.69,26.69
1997-01-27,27.5,22.8,24.9,25.85,26.51
1997-01-28,28.0,23.0,25.2,26.22,27.85
1997-01-29,28.4,23.1,25.7,26.24,27.87
1997-01-30,28.5,22.9,25.8,26.38,28.11
1997-01-31,28.7,23.5,26.1,26.16,28.24
1997-02-01,28.4,23.5,25.9,25.81,27.34
1997-02-02,29.8,22.6,26.2,26.46,28.9
1997-02-03,28.4,24.2,25.6,26.06,27.63
1997-02-04,28.3,23.9,25.7,25.41,26.78
1997-02-05,28.5,23.0,25.5,25.33,26.58
1997-02-06,29.4,23.2,25.7,25.97,27.96
1997-02-07,29.2,22.7,25.2,26.33,28.65
1997-02-08,25.2,22.1,23.6,26.04,27.61
1997-02-09,28.6,21.5,25.0,25.62,26.76
1997-02-10,27.9,23.0,25.1,25.65,26.72
1997-02-11,28.9,22.9,25.7,26.06,27.67
1997-02-12,27.8,23.7,25.5,25.72,27.19
1997-02-13,28.5,24.3,25.7,26.12,27.96
1997-02-14,28.7,23.7,25.6,26.27,28.22
1997-02-15,29.2,23.9,26.1,26.54,28.5
1997-02-16,29.5,24.4,26.7,26.45,28.12
1997-02-17,29.6,23.8,26.4,26.07,27.68
1997-02-18,28.0,24.0,25.7,26.14,27.84
1997-02-19,27.8,23.3,25.3,26.45,27.65
1997-02-20,28.0,23.4,25.2,26.35,27.43
1997-02-21,27.2,23.9,25.0,26.55,28.18
1997-02-22,27.5,23.2,24.7,26.5,28.15
1997-02-23,28.3,23.3,25.5,26.65,29.0
1997-02-24,26.6,23.2,24.4,26.61,28.31
1997-02-25,27.8,23.5,24.9,26.12,27.4
1997-02-26,27.6,23.5,25.0,25.96,27.54
1997-02-27,28.3,23.0,25.5,25.9,27.51
1997-02-28,28.6,23.3,25.8,25.95,27.7
1997-03-01,28.7,23.2,25.7,26.38,28.38
1997-03-02,29.4,23.7,25.9,26.62,29.01
1997-03-03,27.9,23.4,25.1,26.42,28.25
1997-03-04,28.5,23.3,25.4,26.41,28.59
1997-03-05,27.6,23.4,25.1,26.06,27.54
1997-03-06,28.3,23.5,25.7,26.43,28.69
1997-03-07,29.6,22.7,25.6,26.69,29.9
1997-03-08,30.0,21.4,25.6,26.76,30.21
1997-03-09,29.0,21.4,25.3,27.21,30.41
1997-03-10,28.2,23.5,25.6,26.82,29.21
1997-03-11,29.9,22.6,26.0,26.79,28.99
1997-03-12,29.3,22.6,26.0,26.82,29.48
1997-03-13,29.7,22.3,25.7,27.57,30.32
1997-03-14,30.0,22.8,25.9,27.57,30.48
1997-03-15,29.3,23.1,25.9,26.95,28.36
1997-03-16,29.1,23.1,25.8,26.93,28.55
1997-03-17,29.1,22.7,25.6,27.98,30.52
1997-03-18,28.6,22.9,25.6,27.7,30.04
1997-03-19,29.6,23.1,25.6,27.96,30.1
1997-03-20,29.6,22.9,26.3,27.5,29.25
1997-03-21,30.3,23.3,26.4,27.58,29.33
1997-03-22,30.3,23.8,26.5,27.8,29.72
1997-03-23,30.0,23.7,26.6,27.61,29.77
1997-03-24,29.7,23.5,26.3,27.46,29.39
1997-03-25,28.9,24.2,26.2,27.2,28.67
1997-03-26,30.0,23.8,26.4,27.49,29.44
1997-03-27,30.2,23.2,26.4,27.63,29.52
1997-03-28,29.6,24.0,26.1,27.3,28.86
1997-03-29,28.8,24.1,26.0,27.14,28.82
1997-03-30,28.6,24.0,26.0,27.36,29.22
1997-03-31,29.9,23.2,25.8,27.52,29.88
1997-04-01,28.3,23.2,25.9,27.02,28.5
1997-04-02,28.9,23.1,25.5,26.81,28.99
1997-04-03,30.4,23.1,26.3,27.35,29.75
1997-04-04,30.0,23.6,26.3,27.78,29.82
1997-04-05,29.5,23.5,26.0,27.43,28.95
1997-04-06,29.2,23.3,26.1,27.23,28.79
1997-04-07,30.2,23.8,26.5,27.14,28.87
1997-04-08,28.7,23.7,25.6,26.9,28.74
1997-04-09,29.7,22.6,25.9,27.34,29.73
1997-04-10,28.2,23.4,25.7,26.93,28.5
1997-04-11,29.3,22.6,25.7,27.26,29.36
1997-04-12,29.0,22.8,25.4,27.47,29.45
1997-04-13,29.1,22.1,25.1,27.17,29.15
1997-04-14,28.6,22.6,25.2,26.6,27.5
1997-04-15,29.6,22.8,26.1,26.78,28.21
1997-04-16,29.6,22.9,26.2,27.07,28.29
1997-04-17,29.0,23.3,25.6,26.59,28.83
1997-04-18,29.2,23.3,26.2,27.02,29.33
1997-04-19,30.0,23.3,26.1,27.25,28.88
1997-04-20,29.8,23.1,26.1,27.15,28.16
1997-04-21,29.7,23.6,26.1,27.06,28.44
1997-04-22,28.0,24.2,25.9,27.0,28.71
1997-04-23,28.1,24.1,26.0,26.43,27.59
1997-04-24,28.5,23.3,25.7,27.22,28.91
1997-04-25,29.6,22.3,26.1,27.5,29.29
1997-04-26,30.0,23.1,26.7,27.69,29.86
1997-04-27,29.8,23.6,26.6,27.79,29.8
1997-04-28,29.8,23.6,26.1,27.64,29.78
1997-04-29,28.5,23.9,25.7,27.08,28.34
1997-04-30,28.6,23.6,25.6,26.91,28.7
1997-05-01,28.5,22.9,25.7,27.21,29.09
1997-05-02,29.6,23.1,26.1,27.43,29.28
1997-05-03,28.3,23.3,25.7,27.16,28.86
1997-05-04,29.6,23.3,26.2,27.5,29.45
1997-05-05,28.8,23.4,25.9,27.22,28.95
1997-05-06,29.0,23.8,26.0,27.33,28.85
1997-05-07,29.1,23.7,25.9,27.55,29.48
1997-05-08,29.2,23.7,26.4,27.4,29.14
1997-05-09,29.8,23.7,26.6,27.83,30.25
1997-05-10,30.1,23.5,26.5,27.96,30.4
1997-05-11,29.4,23.8,25.9,27.6,29.36
1997-05-12,30.3,23.3,26.5,27.07,28.53
1997-05-13,29.8,24.1,26.4,27.26,28.69
1997-05-14,30.4,23.3,26.7,26.92,27.73
1997-05-15,30.2,23.2,26.6,27.79,29.84
1997-05-16,30.5,23.6,26.7,27.46,29.21
1997-05-17,30.4,23.0,26.6,27.85,30.6
1997-05-18,30.0,22.7,26.4,28.06,30.67
1997-05-19,30.0,22.9,26.1,27.94,30.07
1997-05-20,29.6,23.9,26.1,27.44,29.48
1997-05-21,28.8,23.2,25.6,27.22,29.01
1997-05-22,29.8,22.9,26.1,27.81,30.73
1997-05-23,30.0,23.6,26.1,27.49,28.73
1997-05-24,29.9,23.0,26.1,28.25,30.09
1997-05-25,29.2,23.1,25.7,28.37,30.45
1997-05-26,29.8,23.1,26.2,27.59,29.7
1997-05-27,30.0,22.8,26.1,27.66,30.14
1997-05-28,30.0,22.6,26.4,27.69,29.92
1997-05-29,30.4,22.7,26.5,28.23,30.47
1997-05-30,30.2,22.6,26.6,27.87,29.87
1997-05-31,29.9,23.7,26.5,27.34,29.63
1997-06-01,30.1,23.6,26.6,27.02,29.68
1997-06-02,30.6,22.5,26.5,26.94,29.51
1997-06-03,30.7,22.1,26.6,27.07,29.73
1997-06-04,30.3,22.7,26.5,27.11,29.54
1997-06-05,30.0,23.4,26.6,27.21,29.72
1997-06-06,30.1,22.6,26.6,27.08,29.64
1997-06-07,30.5,23.5,26.7,27.28,30.16
1997-06-08,30.0,23.3,26.6,27.26,29.59
1997-06-09,30.3,22.6,26.5,27.29,29.77
1997-06-10,30.1,23.4,26.7,27.16,29.83
1997-06-11,30.0,23.6,26.5,27.1,29.54
1997-06-12,30.4,22.6,26.6,26.95,29.74
1997-06-13,30.1,23.8,26.6,27.04,29.31
1997-06-14,30.2,23.2,26.8,27.35,29.75
1997-06-15,30.1,23.3,26.9,27.23,30.09
1997-06-16,30.1,22.7,26.7,26.91,29.71
1997-06-17,30.8,23.0,26.5,26.95,29.87
1997-06-18,30.2,22.6,26.6,27.18,29.54
1997-06-19,30.4,23.4,26.8,27.12,29.34
1997-06-20,30.4,23.0,26.4,27.1,29.32
1997-06-21,30.2,23.5,26.7,27.22,29.78
1997-06-22,30.3,22.9,26.6,26.97,29.67
1997-06-23,30.3,24.0,26.8,26.8,29.3
1997-06-24,30.7,23.1,26.7,26.72,29.35
1997-06-25,30.2,23.1,26.7,26.76,29.47
1997-06-26,30.7,22.6,26.7,26.11,29.01
1997-06-27,31.3,22.3,26.5,26.12,28.67
1997-06-28,31.4,21.3,26.3,26.1,29.37
1997-06-29,31.0,21.4,26.3,26.01,29.03
1997-06-30,31.2,22.0,26.5,26.01,28.06
1997-07-01,31.3,21.3,26.7,26.95,29.48
1997-07-02,30.8,22.3,26.8,26.72,29.32
1997-07-03,28.8,23.5,25.7,26.36,28.37
1997-07-04,26.8,23.5,24.6,26.07,28.23
1997-07-05,29.4,22.7,25.4,26.35,28.6
1997-07-06,29.7,22.7,25.6,26.75,29.15
1997-07-07,30.1,23.0,26.2,26.18,28.72
1997-07-08,30.2,21.9,25.9,25.69,28.69
1997-07-09,29.6,20.8,25.4,25.67,28.67
1997-07-10,29.8,22.1,26.0,25.83,28.18
1997-07-11,30.4,22.3,26.2,25.55,28.16
1997-07-12,30.7,21.8,26.3,25.98,28.63
1997-07-13,30.9,23.6,26.7,26.55,29.21
1997-07-14,30.4,24.0,26.8,26.27,28.74
1997-07-15,30.7,21.1,26.1,25.98,28.44
1997-07-16,31.5,21.2,26.5,26.3,28.8
1997-07-17,31.8,23.6,27.5,26.63,29.64
1997-07-18,32.0,22.9,27.3,26.68,29.65
1997-07-19,31.9,22.5,27.1,26.34,29.39
1997-07-20,31.4,24.2,27.3,25.56,29.08
1997-07-21,30.7,21.6,26.1,25.01,27.85
1997-07-22,30.6,22.6,26.5,25.61,28.11
1997-07-23,31.2,22.3,26.3,25.79,28.59
1997-07-24,31.0,21.7,26.4,25.99,28.68
1997-07-25,30.8,23.1,26.8,26.14,28.7
1997-07-26,31.5,23.0,27.3,26.25,29.19
1997-07-27,31.6,22.8,27.1,25.82,28.57
1997-07-28,31.7,23.0,27.2,25.79,28.61
1997-07-29,31.4,22.5,26.8,25.69,28.37
1997-07-30,30.9,22.9,26.7,25.47,28.02
1997-07-31,30.7,23.5,26.9,26.01,28.84
1997-08-01,30.3,23.0,26.4,26.2,29.01
1997-08-02,30.1,22.8,26.1,26.21,28.88
1997-08-03,30.5,22.6,26.3,26.36,29.15
1997-08-04,31.4,23.5,26.9,26.32,29.25
1997-08-05,32.0,23.6,27.3,26.57,29.32
1997-08-06,32.2,23.2,27.1,26.7,29.29
1997-08-07,31.3,23.4,26.9,26.41,28.87
1997-08-08,31.2,23.9,27.3,26.55,29.44
1997-08-09,30.8,25.0,27.3,26.55,29.07
1997-08-10,30.9,23.0,27.3,26.67,29.21
1997-08-11,31.3,23.3,27.5,26.27,29.19
1997-08-12,31.7,22.4,27.0,26.33,29.29
1997-08-13,31.9,23.0,27.3,26.38,29.4
1997-08-14,31.3,23.3,27.3,26.43,29.53
1997-08-15,30.9,22.9,26.8,26.45,29.06
1997-08-16,30.9,21.6,26.5,25.77,28.76
1997-08-17,31.7,23.5,27.2,26.21,29.28
1997-08-18,31.2,22.4,26.5,25.33,28.83
1997-08-19,31.7,23.2,26.9,26.15,29.16
1997-08-20,31.7,22.5,27.1,26.55,29.11
1997-08-21,31.5,22.7,27.1,26.13,28.67
1997-08-22,31.9,21.8,26.7,25.99,29.08
1997-08-23,31.2,21.1,26.4,26.05,29.59
1997-08-24,32.2,21.5,26.7,26.65,30.17
1997-08-25,31.9,22.8,27.0,26.22,29.5
1997-08-26,32.5,23.4,27.7,26.3,29.63
1997-08-27,32.8,22.6,27.6,26.26,29.93
1997-08-28,32.4,22.7,27.2,26.29,29.79
1997-08-29,32.6,22.7,27.7,26.51,30.0
1997-08-30,32.7,23.4,27.8,26.87,30.13
1997-08-31,31.4,23.3,27.3,26.87,29.78
1997-09-01,30.7,24.6,27.2,27.13,30.09
1997-09-02,32.1,23.7,27.4,26.8,29.98
1997-09-03,32.0,24.3,27.7,26.9,30.35
1997-09-04,32.6,23.8,27.7,27.22,30.51
1997-09-05,31.7,23.2,26.8,27.43,30.75
1997-09-06,32.1,22.4,27.0,27.22,30.61
1997-09-07,32.2,23.0,27.2,27.22,30.87
1997-09-08,32.1,22.3,27.2,27.38,30.83
1997-09-09,32.1,23.6,27.6,27.27,30.91
1997-09-10,32.2,22.9,27.3,27.08,30.76
1997-09-11,33.0,23.1,28.0,27.17,31.27
1997-09-12,33.3,22.2,27.7,26.96,30.95
1997-09-13,33.0,22.6,27.2,26.69,30.83
1997-09-14,32.7,21.6,27.2,26.67,31.02
1997-09-15,32.7,24.0,27.9,26.79,30.25
1997-09-16,31.3,23.7,27.2,26.95,30.48
1997-09-17,32.1,24.7,27.8,27.21,31.3
1997-09-18,32.9,23.7,27.9,26.97,31.05
1997-09-19,32.0,23.2,27.7,27.44,31.99
1997-09-20,32.4,23.6,27.8,27.47,31.42
1997-09-21,32.7,22.7,27.3,27.49,31.19
1997-09-22,32.2,21.9,27.0,26.98,31.07
1997-09-23,33.1,24.2,27.9,27.31,31.32
1997-09-24,32.7,22.4,27.4,27.63,31.29
1997-09-25,32.2,23.8,27.7,28.04,31.76
1997-09-26,32.8,22.1,27.5,28.36,32.22
1997-09-27,32.8,22.9,27.7,28.43,32.62
1997-09-28,32.7,24.5,28.1,28.2,32.12
1997-09-29,32.9,22.6,27.9,28.41,32.68
1997-09-30,31.7,23.9,27.5,27.86,31.72
1997-10-01,31.5,24.2,27.6,27.81,31.81
1997-10-02,31.9,23.7,27.4,27.87,31.58
1997-10-03,31.5,23.3,26.9,27.94,30.92
1997-10-04,32.2,23.4,27.3,28.35,31.6
1997-10-05,31.3,24.4,27.2,28.27,31.52
1997-10-06,31.8,23.4,27.3,28.11,31.73
1997-10-07,31.7,23.5,27.3,28.05,31.87
1997-10-08,31.6,23.3,27.1,28.3,31.82
1997-10-09,31.0,23.2,27.1,28.43,32.25
1997-10-10,31.5,22.5,27.2,27.93,30.86
1997-10-11,32.6,22.8,27.2,27.53,31.53
1997-10-12,33.1,22.7,27.5,27.89,32.24
1997-10-13,33.8,23.6,28.1,28.69,32.82
1997-10-14,33.2,22.7,27.6,28.71,32.97
1997-10-15,33.0,24.0,28.2,29.08,33.18
1997-10-16,32.9,23.1,27.9,28.69,32.53
1997-10-17,34.1,24.0,28.5,28.69,32.97
1997-10-18,33.5,24.2,28.3,28.87,33.02
1997-10-19,32.8,24.9,28.4,28.93,32.97
1997-10-20,34.0,23.9,28.4,28.74,32.56
1997-10-21,33.3,23.3,28.1,29.2,33.51
1997-10-22,32.8,24.2,28.2,29.14,32.74
1997-10-23,32.3,24.7,27.7,28.98,32.61
1997-10-24,32.8,23.9,27.6,29.01,32.64
1997-10-25,32.4,24.1,27.4,28.75,32.01
1997-10-26,31.3,23.5,27.2,28.71,32.07
1997-10-27,31.6,24.2,27.6,28.97,32.62
1997-10-28,32.0,24.6,28.1,29.41,33.42
1997-10-29,32.5,24.9,28.3,29.58,33.43
1997-10-30,32.6,24.5,28.5,29.56,33.2
1997-10-31,32.1,22.9,28.0,29.67,33.54
1997-11-01,33.7,23.4,28.1,29.71,33.08
1997-11-02,32.4,22.5,27.2,29.31,33.75
1997-11-03,32.2,22.4,27.5,29.31,33.19
1997-11-04,33.1,23.5,28.2,29.95,33.62
1997-11-05,33.3,23.6,28.3,29.7,33.58
1997-11-06,30.8,24.4,27.0,29.26,32.75
1997-11-07,31.8,24.2,27.8,29.44,33.32
1997-11-08,32.1,24.8,28.1,29.32,32.64
1997-11-09,31.5,24.1,27.6,29.08,32.3
1997-11-10,31.1,24.5,27.1,29.09,32.59
1997-11-11,31.8,24.1,27.5,28.92,31.68
1997-11-12,32.1,23.9,27.2,29.22,32.87
1997-11-13,31.2,23.4,27.1,28.53,30.74
1997-11-14,31.9,23.6,27.5,28.64,30.6
1997-11-15,32.0,24.4,27.5,29.14,31.99
1997-11-16,32.4,24.1,27.4,29.01,32.1
1997-11-17,31.9,24.0,27.2,28.73,31.52
1997-11-18,30.6,23.7,26.6,28.48,31.18
1997-11-19,31.4,23.9,27.4,28.28,30.55
1997-11-20,31.7,23.8,27.6,28.39,30.22
1997-11-21,31.2,24.0,26.8,28.37,30.3
1997-11-22,31.0,23.6,27.1,28.41,30.39
1997-11-23,30.1,24.5,27.2,28.56,30.57
1997-11-24,32.3,23.8,27.4,29.4,32.92
1997-11-25,31.7,24.3,27.6,29.27,32.74
1997-11-26,32.2,23.9,26.9,28.48,31.69
1997-11-27,30.0,24.1,26.4,27.7,29.77
1997-11-28,29.8,23.4,26.4,27.95,29.97
1997-11-29,29.1,23.0,25.6,27.63,29.79
1997-11-30,30.3,23.1,26.3,28.44,30.72
1997-12-01,30.3,23.6,26.8,28.64,30.87
1997-12-02,30.4,23.8,26.8,28.7,31.1
1997-12-03,30.0,23.8,26.5,28.7,31.4
1997-12-04,30.5,24.0,26.3,28.67,31.21
1997-12-05,30.7,23.8,26.3,28.37,30.6
1997-12-06,30.6,24.2,26.6,27.62,28.94
1997-12-07,29.4,23.8,26.2,28.06,30.52
1997-12-08,29.2,23.8,25.9,27.24,28.88
1997-12-09,28.7,23.8,25.8,26.82,27.89
1997-12-10,28.8,23.7,25.7,27.27,29.06
1997-12-11,29.2,23.5,25.7,27.25,28.58
1997-12-12,27.6,23.6,25.3,27.01,28.19
1997-12-13,29.8,23.0,26.5,28.56,31.3
1997-12-14,30.2,24.1,26.7,27.88,29.27
1997-12-15,29.3,23.9,26.3,27.54,29.15
1997-12-16,28.8,24.3,26.5,27.84,29.37
1997-12-17,29.7,24.0,26.5,26.83,28.09
1997-12-18,29.9,24.4,26.7,28.41,31.41
1997-12-19,29.0,24.7,26.6,28.24,31.32
1997-12-20,30.5,24.2,26.9,29.31,33.09
1997-12-21,30.7,23.7,26.9,28.98,32.08
1997-12-22,29.8,23.8,26.6,28.27,30.55
1997-12-23,29.7,24.4,26.5,28.38,31.09
1997-12-24,29.9,23.6,26.6,28.54,31.37
1997-12-25,29.5,24.5,26.6,28.31,31.17
1997-12-26,29.8,24.0,26.6,28.13,30.96
1997-12-27,29.3,23.3,26.3,28.39,31.96
1997-12-28,29.2,23.8,26.4,27.54,30.04
1997-12-29,30.1,23.6,26.4,27.43,29.93
1997-12-30,30.5,23.8,26.8,27.35,29.9
1997-12-31,31.3,23.6,26.8,28.32,31.64
1998-01-01,31.0,24.3,26.9,28.42,31.72
1998-01-02,30.9,23.6,27.0,28.47,31.58
1998-01-03,31.1,24.0,27.6,29.19,32.07
1998-01-04,31.9,24.4,28.0,29.09,32.51
1998-01-05,29.7,24.8,26.8,28.42,31.51
1998-01-06,28.5,24.2,25.9,27.61,30.18
1998-01-07,29.9,24.3,26.7,27.15,28.36
1998-01-08,29.6,24.3,26.6,28.14,30.98
1998-01-09,29.7,24.1,26.6,28.66,31.62
1998-01-10,30.2,24.4,26.8,28.31,30.91
1998-01-11,30.5,24.4,26.8,28.56,30.91
1998-01-12,30.0,24.4,26.5,28.37,30.67
1998-01-13,30.1,24.5,26.7,28.91,32.14
1998-01-14,29.5,24.5,26.5,28.54,31.17
1998-01-15,31.0,24.0,27.3,28.74,31.31
1998-01-16,30.6,24.4,27.3,29.49,32.98
1998-01-17,30.6,24.6,27.3,28.7,30.41
1998-01-18,31.1,24.7,27.2,28.99,32.37
1998-01-19,29.6,24.1,26.5,28.53,29.98
1998-01-20,28.6,24.5,26.3,27.79,29.47
1998-01-21,28.9,23.6,26.5,28.07,30.19
1998-01-22,29.0,24.3,26.3,28.55,30.91
1998-01-23,29.2,23.9,26.4,27.96,29.19
1998-01-24,28.9,24.5,26.3,27.89,29.77
1998-01-25,28.3,24.3,26.0,28.15,30.56
1998-01-26,27.9,23.9,25.8,27.45,29.03
1998-01-27,28.4,23.5,26.0,27.28,28.69
1998-01-28,29.7,24.2,26.7,27.98,29.9
1998-01-29,29.3,24.1,26.4,27.31,28.73
1998-01-30,28.1,23.8,25.6,26.89,28.21
1998-01-31,29.4,24.0,26.2,27.09,28.48
1998-02-01,30.1,23.1,26.6,28.09,30.16
1998-02-02,29.8,24.2,26.8,28.27,30.07
1998-02-03,29.3,24.8,26.5,27.83,29.21
1998-02-04,28.6,24.7,26.2,28.34,30.98
1998-02-05,30.2,23.8,26.2,27.88,29.78
1998-02-06,28.9,24.5,26.3,27.58,29.23
1998-02-07,28.2,24.4,25.8,27.57,28.83
1998-02-08,28.9,24.0,25.8,27.31,28.48
1998-02-09,29.0,23.9,26.1,27.21,28.46
1998-02-10,29.2,23.8,26.2,27.25,28.81
1998-02-11,29.6,24.0,26.6,27.84,29.84
1998-02-12,29.4,24.2,26.6,27.66,28.87
1998-02-13,28.3,24.6,26.3,27.86,29.33
1998-02-14,29.2,23.8,26.6,27.88,29.77
1998-02-15,29.5,23.9,26.3,27.92,29.92
1998-02-16,29.2,24.2,26.3,27.14,28.26
1998-02-17,28.4,24.9,26.5,27.06,28.25
1998-02-18,29.9,24.0,26.4,27.67,30.62
1998-02-19,29.6,24.4,26.4,27.52,28.8
1998-02-20,31.0,24.5,26.6,28.08,30.5
1998-02-21,27.8,24.3,25.8,27.24,28.56
1998-02-22,30.4,23.7,26.5,27.8,29.97
1998-02-23,30.7,24.1,26.8,27.99,29.81
1998-02-24,30.0,24.0,26.7,27.98,29.36
1998-02-25,30.8,24.4,26.8,28.37,30.18
1998-02-26,29.3,24.2,26.4,28.05,30.6
1998-02-27,28.0,24.4,25.5,27.42,28.82
1998-02-28,29.0,24.3,26.2,27.26,28.6
1998-03-01,30.1,23.5,26.5,27.08,27.88
1998-03-02,29.5,24.7,26.7,27.89,29.68
1998-03-03,28.6,23.5,25.7,27.28,27.96
1998-03-04,27.4,24.3,25.4,27.24,28.68
1998-03-05,28.5,24.0,25.7,27.42,29.07
1998-03-06,29.8,23.5,26.6,28.56,31.11
1998-03-07,29.6,23.8,26.2,27.98,29.81
1998-03-08,29.7,24.0,26.2,27.53,29.02
1998-03-09,29.6,24.4,26.3,27.97,29.92
1998-03-10,29.7,24.4,26.6,27.63,29.55
1998-03-11,30.7,24.0,26.9,27.98,29.88
1998-03-12,30.3,24.1,26.8,28.33,30.77
1998-03-13,30.2,24.2,26.7,28.08,30.05
1998-03-14,29.3,24.2,26.5,27.51,29.0
1998-03-15,29.6,24.4,26.6,27.84,29.78
1998-03-16,30.9,23.8,26.4,28.49,30.75
1998-03-17,30.4,24.0,26.8,28.45,30.62
1998-03-18,29.9,24.2,26.8,27.9,29.11
1998-03-19,28.9,24.5,26.7,28.27,29.72
1998-03-20,29.4,23.8,26.2,27.65,28.66
1998-03-21,30.9,24.2,27.2,28.3,31.2
1998-03-22,29.6,24.2,26.4,27.59,28.58
1998-03-23,29.3,24.2,26.3,28.12,30.48
1998-03-24,29.7,24.2,26.3,27.85,29.64
1998-03-25,30.4,24.1,26.7,28.33,30.5
1998-03-26,30.0,23.9,26.8,28.27,30.23
1998-03-27,30.1,24.7,26.8,27.76,29.38
1998-03-28,29.5,24.5,26.3,27.34,28.88
1998-03-29,29.4,24.3,26.3,27.93,30.12
1998-03-30,29.7,24.3,26.7,27.6,29.05
1998-03-31,29.1,24.3,26.3,27.72,29.39
1998-04-01,29.6,24.3,26.3,27.23,28.51
1998-04-02,28.1,24.3,25.7,27.43,29.17
1998-04-03,28.2,24.3,26.1,27.51,28.93
1998-04-04,30.3,24.9,27.2,27.98,30.03
1998-04-05,30.0,24.1,26.8,28.13,30.15
1998-04-06,29.5,24.8,26.3,28.23,30.18
1998-04-07,28.8,24.4,26.7,28.0,29.51
1998-04-08,29.7,24.7,27.0,27.82,29.16
1998-04-09,30.5,24.7,27.0,27.94,30.22
1998-04-10,30.8,24.9,27.2,28.17,30.56
1998-04-11,29.8,24.5,26.7,27.96,29.16
1998-04-12,29.0,24.7,26.3,28.05,30.13
1998-04-13,30.2,24.0,27.0,28.78,31.25
1998-04-14,30.5,24.7,27.0,28.72,30.8
1998-04-15,30.2,24.0,26.8,28.52,30.31
1998-04-16,29.7,24.8,26.7,28.17,30.28
1998-04-17,30.1,24.3,26.8,28.33,30.34
1998-04-18,29.2,24.3,26.2,27.79,29.06
1998-04-19,28.9,24.3,26.2,27.94,29.47
1998-04-20,29.4,24.0,26.3,27.9,28.85
1998-04-21,30.8,24.3,27.1,28.57,30.57
1998-04-22,30.9,24.8,27.8,29.16,30.91
1998-04-23,29.6,25.0,26.7,28.18,29.18
1998-04-24,31.4,24.1,27.0,28.69,31.05
1998-04-25,31.0,23.7,27.2,28.58,30.0
1998-04-26,30.6,24.4,27.2,28.66,30.57
1998-04-27,30.1,24.3,26.7,28.33,30.03
1998-04-28,29.7,24.5,26.7,28.02,29.26
1998-04-29,29.9,24.5,26.6,27.95,29.7
1998-04-30,30.0,24.4,26.3,27.74,29.5
1998-05-01,29.9,23.4,26.3,27.83,29.49
1998-05-02,29.5,24.0,26.4,27.81,29.8
1998-05-03,29.1,24.5,26.4,27.69,29.44
1998-05-04,29.9,24.3,26.7,27.5,29.13
1998-05-05,30.1,24.2,26.7,27.71,29.2
1998-05-06,30.1,25.3,26.9,28.2,30.01
1998-05-07,29.7,25.4,26.9,28.09,30.05
1998-05-08,29.6,25.1,26.6,28.17,30.35
1998-05-09,29.8,24.6,26.7,27.94,29.65
1998-05-10,29.7,25.1,26.9,28.15,29.88
1998-05-11,30.0,24.2,26.4,28.51,30.55
1998-05-12,28.8,24.7,26.2,28.37,29.9
1998-05-13,30.0,24.3,26.9,28.49,30.27
1998-05-14,30.5,24.0,27.0,28.09,29.75
1998-05-15,30.5,24.7,27.4,28.45,30.5
1998-05-16,30.9,24.5,27.5,28.52,31.25
1998-05-17,29.6,24.0,26.7,28.4,29.89
1998-05-18,30.4,23.9,26.4,27.82,29.74
1998-05-19,30.2,24.0,26.5,28.67,31.54
1998-05-20,30.4,24.9,27.3,28.74,30.41
1998-05-21,31.4,24.4,27.5,27.97,28.57
1998-05-22,31.1,24.5,27.4,29.49,31.4
1998-05-23,30.9,25.3,28.0,29.57,31.33
1998-05-24,30.7,24.8,27.3,29.02,30.95
1998-05-25,30.6,24.4,27.3,29.07,31.25
1998-05-26,30.5,24.6,26.9,28.74,30.54
1998-05-27,30.6,24.1,27.3,28.79,31.12
1998-05-28,30.9,24.3,27.3,28.64,30.42
1998-05-29,30.4,24.6,27.2,28.6,30.35
1998-05-30,30.4,24.3,27.0,28.82,30.8
1998-05-31,29.4,24.4,26.8,28.28,29.71
1998-06-01,29.9,24.2,26.3,27.88,29.43
1998-06-02,30.6,24.3,26.7,27.87,29.24
1998-06-03,30.6,23.5,26.6,28.43,30.44
1998-06-04,29.1,23.8,25.9,27.63,28.76
1998-06-05,28.7,23.5,25.6,27.06,28.23
1998-06-06,28.9,23.9,26.2,27.48,29.23
1998-06-07,29.6,23.9,26.2,27.78,29.36
1998-06-08,29.2,23.9,25.9,27.85,29.67
1998-06-09,30.0,23.2,26.1,27.99,30.13
1998-06-10,29.6,23.6,26.3,27.84,29.75
1998-06-11,29.2,23.5,26.2,27.57,29.1
1998-06-12,29.3,23.8,25.9,27.86,29.67
1998-06-13,29.5,23.7,26.2,27.24,27.93
1998-06-14,30.1,23.5,26.3,28.32,30.43
1998-06-15,30.3,24.1,26.3,27.87,29.86
1998-06-16,29.9,24.0,25.9,27.89,30.27
1998-06-17,30.9,23.1,26.5,28.37,30.17
1998-06-18,29.0,24.0,26.1,27.88,29.06
1998-06-19,29.3,23.6,26.1,27.97,29.84
1998-06-20,29.3,23.0,25.9,27.18,28.47
1998-06-21,30.4,23.5,26.2,27.66,30.31
1998-06-22,28.5,23.5,25.5,27.41,28.98
1998-06-23,29.6,23.7,25.9,27.69,29.45
1998-06-24,29.8,23.5,25.9,27.69,29.56
1998-06-25,29.3,23.5,25.7,27.72,29.08
1998-06-26,27.2,23.9,25.1,27.16,27.89
1998-06-27,30.5,23.6,26.5,27.52,29.18
1998-06-28,29.6,23.4,25.9,27.58,28.96
1998-06-29,29.5,23.4,26.0,27.43,29.0
1998-06-30,29.7,24.2,26.3,27.47,28.78
1998-07-01,29.9,23.9,26.4,27.87,29.7
1998-07-02,30.4,23.6,26.8,28.03,30.06
1998-07-03,30.2,23.9,26.3,28.1,29.93
1998-07-04,29.6,23.6,26.3,27.67,28.68
1998-07-05,28.9,23.4,25.8,27.87,29.59
1998-07-06,29.6,23.4,25.5,27.04,28.12
1998-07-07,29.6,23.4,25.8,27.7,29.98
1998-07-08,28.5,22.6,25.3,26.98,28.3
1998-07-09,28.4,23.1,25.2,27.05,28.47
1998-07-10,26.6,23.0,24.7,26.98,28.44
1998-07-11,28.1,23.2,25.4,26.67,27.68
1998-07-12,28.7,23.0,25.0,26.6,27.86
1998-07-13,28.9,22.8,25.6,27.12,28.46
1998-07-14,28.6,23.0,25.7,27.12,28.65
1998-07-15,29.2,23.3,26.1,27.45,29.56
1998-07-16,29.7,23.3,26.2,27.39,28.98
1998-07-17,29.6,22.7,25.9,27.62,29.17
1998-07-18,29.3,23.1,25.8,27.54,28.89
1998-07-19,29.0,22.4,25.5,27.61,29.41
1998-07-20,29.3,23.3,25.7,28.0,30.12
1998-07-21,28.9,23.3,25.6,27.44,29.37
1998-07-22,29.0,22.8,25.4,27.6,29.59
1998-07-23,29.5,23.3,25.9,26.95,28.22
1998-07-24,29.1,22.7,25.8,27.66,30.12
1998-07-25,30.0,23.2,26.0,27.68,29.51
1998-07-26,29.9,23.2,25.9,27.74,29.42
1998-07-27,27.5,23.3,25.1,26.71,27.52
1998-07-28,29.1,23.7,26.2,26.68,27.67
1998-07-29,29.6,23.3,26.2,27.97,30.39
1998-07-30,29.4,23.2,25.7,27.81,29.9
1998-07-31,30.7,23.5,26.3,27.64,29.35
1998-08-01,30.0,23.0,26.1,27.56,29.7
1998-08-02,29.3,23.2,26.0,27.61,29.62
1998-08-03,29.5,23.0,26.2,27.71,29.83
1998-08-04,29.6,23.6,26.2,27.45,29.57
1998-08-05,28.9,23.7,25.7,26.96,27.95
1998-08-06,29.5,22.9,25.9,27.68,29.79
1998-08-07,29.6,23.1,26.2,27.71,29.6
1998-08-08,30.6,22.5,26.4,27.65,30.15
1998-08-09,30.1,21.1,25.9,27.43,30.1
1998-08-10,29.9,22.7,26.1,27.58,29.9
1998-08-11,30.0,22.9,26.4,27.47,29.83
1998-08-12,29.3,23.7,26.5,27.24,29.4
1998-08-13,30.0,23.2,26.7,27.5,29.78
1998-08-14,28.6,23.1,25.8,27.69,29.94
1998-08-15,29.6,23.2,26.1,27.65,29.6
1998-08-16,30.3,22.8,26.4,27.99,30.19
1998-08-17,29.9,23.3,26.6,27.96,30.35
1998-08-18,30.2,24.3,26.9,28.01,30.11
1998-08-19,30.2,23.1,26.6,27.82,30.37
1998-08-20,30.4,22.9,26.2,27.62,30.06
1998-08-21,29.7,23.6,26.2,27.48,29.54
1998-08-22,28.7,23.0,25.7,27.56,29.96
1998-08-23,30.5,21.7,25.9,27.72,30.66
1998-08-24,30.2,23.6,26.2,27.38,28.86
1998-08-25,29.4,23.4,25.8,26.93,28.65
1998-08-26,29.8,22.7,26.0,26.65,27.83
1998-08-27,30.5,22.8,26.3,27.54,29.85
1998-08-28,30.1,23.5,26.6,27.45,28.91
1998-08-29,29.9,23.1,26.2,27.52,29.78
1998-08-30,29.4,23.2,25.9,27.47,29.88
1998-08-31,29.7,23.4,26.0,27.21,29.36
1998-09-01,29.5,23.7,26.4,26.9,29.44
1998-09-02,30.4,23.5,26.7,27.12,29.95
1998-09-03,29.9,23.2,26.0,27.3,30.24
1998-09-04,30.3,22.9,26.1,27.79,30.47
1998-09-05,30.0,22.8,26.4,27.73,30.14
1998-09-06,30.2,23.8,26.5,27.4,29.97
1998-09-07,30.9,23.2,26.9,27.6,30.51
1998-09-08,30.7,23.5,27.0,27.75,30.7
1998-09-09,30.6,23.4,26.3,27.53,29.67
1998-09-10,29.6,22.7,25.9,27.89,30.09
1998-09-11,30.6,22.4,26.3,27.67,30.15
1998-09-12,30.6,23.4,26.9,27.41,30.36
1998-09-13,31.0,22.8,27.0,27.56,30.69
1998-09-14,31.1,23.7,27.2,27.24,29.76
1998-09-15,31.4,23.4,27.3,27.52,30.36
1998-09-16,31.7,22.3,27.4,27.82,30.7
1998-09-17,31.2,23.4,27.1,27.64,28.77
1998-09-18,32.0,23.2,27.5,28.21,30.52
1998-09-19,29.9,24.3,27.0,28.2,30.79
1998-09-20,31.4,23.7,27.0,28.03,30.24
1998-09-21,31.0,23.3,27.0,28.08,30.47
1998-09-22,31.0,23.8,27.2,28.32,31.04
1998-09-23,29.7,24.0,25.9,27.81,29.7
1998-09-24,27.6,23.9,25.6,27.54,30.15
1998-09-25,30.7,23.4,26.6,27.46,29.88
1998-09-26,29.4,24.1,26.2,27.03,28.66
1998-09-27,29.5,23.5,25.9,27.14,29.19
1998-09-28,27.9,23.5,25.0,27.17,29.16
1998-09-29,27.5,23.4,25.3,26.77,28.28
1998-09-30,29.1,23.7,25.8,27.09,28.88
1998-10-01,28.8,22.5,25.4,27.17,29.5
1998-10-02,30.3,23.1,26.2,27.66,29.96
1998-10-03,30.6,23.7,26.6,28.08,30.58
1998-10-04,30.3,23.6,26.6,27.72,29.15
1998-10-05,29.5,24.1,26.0,27.95,29.92
1998-10-06,28.2,24.0,25.8,26.86,27.76
1998-10-07,27.5,23.4,25.3,26.81,28.56
1998-10-08,31.4,22.9,26.7,28.04,31.62
1998-10-09,29.9,23.6,26.5,27.86,30.29
1998-10-10,29.5,23.7,26.4,27.7,29.25
1998-10-11,30.7,23.1,26.8,28.3,30.64
1998-10-12,30.2,24.0,26.8,27.83,29.31
1998-10-13,29.6,23.9,26.4,27.77,28.98
1998-10-14,29.7,23.5,26.1,27.11,28.12
1998-10-15,29.7,23.6,26.1,27.53,29.58
1998-10-16,29.2,23.3,26.2,27.72,30.0
1998-10-17,28.6,24.1,25.7,27.16,28.19
1998-10-18,28.5,23.7,25.5,27.15,29.31
1998-10-19,27.8,23.3,25.1,27.08,28.74
1998-10-20,29.7,23.4,25.5,27.73,30.12
1998-10-21,28.0,23.7,25.6,27.66,29.51
1998-10-22,30.4,23.1,26.4,27.46,29.46
1998-10-23,30.6,23.6,26.5,27.2,28.61
1998-10-24,30.5,23.4,26.8,28.19,30.62
1998-10-25,28.1,23.8,25.8,27.27,28.77
1998-10-26,28.8,23.8,25.7,27.21,29.0
1998-10-27,29.1,23.8,26.0,26.76,28.5
1998-10-28,29.2,23.8,25.7,26.94,28.59
1998-10-29,29.5,23.6,26.0,27.14,28.94
1998-10-30,29.5,23.7,25.7,27.15,28.75
1998-10-31,29.1,23.5,25.6,27.2,29.01
1998-11-01,28.3,23.7,25.3,26.63,27.72
1998-11-02,28.4,23.5,25.5,27.56,29.93
1998-11-03,27.8,24.0,25.5,27.23,28.78
1998-11-04,28.9,23.9,26.0,27.5,29.67
1998-11-05,27.1,23.9,25.2,27.13,29.07
1998-11-06,28.8,24.2,26.1,26.9,29.0
1998-11-07,29.8,24.8,27.0,27.62,30.38
1998-11-08,30.2,24.2,26.6,26.88,28.63
1998-11-09,30.5,24.2,26.9,27.15,28.75
1998-11-10,30.0,24.2,26.3,27.37,29.88
1998-11-11,29.0,23.8,25.8,27.23,28.78
1998-11-12,28.8,23.6,25.6,27.72,30.33
1998-11-13,25.7,23.4,24.5,27.13,28.75
1998-11-14,29.0,23.3,25.5,26.92,28.09
1998-11-15,28.4,23.7,25.6,26.56,27.3
1998-11-16,28.6,24.0,25.8,27.19,29.31
1998-11-17,28.4,24.0,25.6,27.13,29.6
1998-11-18,28.9,23.8,25.9,27.34,29.97
1998-11-19,28.3,23.9,25.7,26.96,28.71
1998-11-20,29.0,24.0,26.0,27.38,29.33
1998-11-21,28.5,24.0,25.7,27.0,28.6
1998-11-22,28.2,23.7,25.6,27.49,30.27
1998-11-23,29.7,23.5,25.9,26.85,28.58
1998-11-24,29.1,23.0,25.9,27.5,30.14
1998-11-25,29.7,23.7,26.2,27.3,30.08
1998-11-26,29.5,23.0,26.2,27.39,30.35
1998-11-27,29.7,24.1,26.6,26.46,28.03
1998-11-28,30.1,23.4,26.4,27.29,29.38
1998-11-29,29.2,23.2,25.9,27.19,29.02
1998-11-30,28.6,23.7,26.1,27.06,28.78
1998-12-01,29.5,23.3,25.7,26.94,28.97
1998-12-02,28.4,23.1,25.1,26.98,29.0
1998-12-03,26.8,23.2,24.5,27.38,29.58
1998-12-04,27.3,23.5,24.8,27.67,30.66
1998-12-05,28.2,23.0,25.0,27.43,30.18
1998-12-06,30.0,23.6,25.9,27.57,30.76
1998-12-07,29.0,23.8,26.2,27.31,30.04
1998-12-08,29.7,24.4,26.6,26.98,29.07
1998-12-09,29.3,23.8,26.5,27.49,30.37
1998-12-10,30.7,22.7,26.4,27.83,31.22
1998-12-11,30.6,23.1,26.6,27.84,31.46
1998-12-12,30.1,23.8,26.7,27.5,30.42
1998-12-13,29.4,24.2,26.4,27.38,29.97
1998-12-14,29.5,24.1,26.3,26.72,27.99
1998-12-15,27.5,23.9,25.6,26.59,27.28
1998-12-16,28.2,23.5,25.7,26.85,28.34
1998-12-17,27.0,23.4,25.1,26.72,27.62
1998-12-18,29.5,23.4,25.9,27.02,29.09
1998-12-19,27.8,23.8,25.6,26.66,28.42
1998-12-20,28.6,23.2,25.2,26.1,27.16
1998-12-21,27.6,23.7,25.0,26.38,28.19
1998-12-22,27.8,22.8,24.9,26.4,27.79
1998-12-23,28.7,22.9,25.5,26.55,27.65
1998-12-24,29.8,23.7,26.2,27.2,29.48
1998-12-25,28.5,23.6,25.6,26.94,28.69
1998-12-26,28.0,24.0,25.1,27.08,28.75
1998-12-27,27.3,23.8,25.1,26.96,28.53
1998-12-28,28.4,23.9,25.5,27.22,29.34
1998-12-29,28.6,23.4,25.2,27.22,29.29
1998-12-30,27.1,23.5,25.2,27.03,28.52
1998-12-31,26.0,23.9,24.6,26.94,28.44
1999-01-01,26.9,23.8,24.9,27.0,29.19
1999-01-02,26.2,23.6,24.6,26.9,28.44
1999-01-03,26.0,23.4,24.4,27.12,29.18
1999-01-04,28.4,23.0,25.0,26.22,28.45
1999-01-05,28.4,23.0,25.3,27.05,29.81
1999-01-06,28.8,22.8,25.7,27.22,30.01
1999-01-07,28.8,23.1,25.8,26.65,28.68
1999-01-08,28.3,23.7,25.3,26.52,28.26
1999-01-09,27.1,23.5,24.7,26.53,28.21
1999-01-10,26.8,23.6,25.0,26.02,27.13
1999-01-11,26.5,23.0,24.6,25.64,26.57
1999-01-12,28.5,22.8,25.2,26.87,29.57
1999-01-13,29.5,22.6,25.9,26.79,28.95
1999-01-14,28.4,23.3,25.3,26.67,28.48
1999-01-15,29.4,23.4,25.9,26.79,28.68
1999-01-16,28.6,23.6,25.6,26.3,27.71
1999-01-17,28.8,22.9,25.5,26.18,27.94
1999-01-18,28.2,23.9,25.8,26.24,28.44
1999-01-19,26.8,23.7,25.1,26.2,27.66
1999-01-20,29.2,24.0,25.9,25.95,27.2
1999-01-21,28.9,23.9,25.4,26.72,28.54
1999-01-22,28.0,23.7,25.3,26.56,28.13
1999-01-23,29.2,24.2,26.2,26.67,28.49
1999-01-24,28.1,23.5,25.5,26.44,27.53
1999-01-25,28.7,23.6,25.6,26.42,27.56
1999-01-26,28.0,23.6,25.2,26.34,27.29
1999-01-27,27.4,24.0,25.4,26.18,27.56
1999-01-28,27.5,23.6,25.1,26.32,27.76
1999-01-29,28.0,23.7,25.3,26.41,27.73
1999-01-30,27.2,23.7,25.0,26.34,28.07
1999-01-31,27.5,23.8,25.2,25.91,28.13
1999-02-01,28.2,23.8,25.6,26.52,28.62
1999-02-02,29.2,24.1,26.1,26.05,27.25
1999-02-03,28.1,24.1,25.7,25.89,27.75
1999-02-04,27.4,23.6,24.9,25.92,27.63
1999-02-05,27.7,23.7,25.3,26.38,28.57
1999-02-06,27.7,24.0,25.6,26.63,28.82
1999-02-07,28.2,23.4,25.0,26.18,27.34
1999-02-08,27.5,23.3,24.8,26.37,27.48
1999-02-09,28.2,23.2,25.4,25.8,27.27
1999-02-10,26.7,23.5,24.9,26.23,27.92
1999-02-11,29.0,24.2,26.0,26.75,28.73
1999-02-12,28.6,24.0,25.8,26.89,28.99
1999-02-13,28.4,23.9,25.3,26.44,27.86
1999-02-14,27.3,23.3,25.1,26.28,27.75
1999-02-15,28.4,22.4,25.6,26.09,27.38
1999-02-16,29.0,22.8,25.6,26.6,28.51
1999-02-17,28.5,23.1,25.6,26.49,28.02
1999-02-18,28.6,23.2,25.5,26.12,27.48
1999-02-19,28.1,23.4,25.3,26.27,27.88
1999-02-20,28.3,23.6,25.4,26.19,27.83
1999-02-21,27.6,23.5,24.7,25.79,27.52
1999-02-22,27.6,23.1,25.0,26.19,28.08
1999-02-23,27.4,22.9,24.9,25.37,26.01
1999-02-24,28.9,22.8,25.6,25.96,26.9
1999-02-25,29.1,23.4,25.6,26.55,28.61
1999-02-26,29.6,22.6,25.7,26.24,27.54
1999-02-27,28.6,24.2,25.9,26.24,28.05
1999-02-28,27.2,23.7,25.0,26.26,27.73
1999-03-01,28.3,23.5,25.1,26.33,28.39
1999-03-02,27.8,23.6,25.3,26.32,28.21
1999-03-03,29.3,23.2,25.8,26.91,29.49
1999-03-04,30.7,23.1,26.2,27.44,30.3
1999-03-05,29.7,23.8,26.1,27.13,29.13
1999-03-06,29.2,23.1,26.0,26.91,28.7
1999-03-07,27.4,23.4,25.5,26.93,28.52
1999-03-08,29.6,23.4,25.9,26.8,28.51
1999-03-09,29.6,23.1,26.1,27.01,28.68
1999-03-10,29.7,23.0,26.0,27.46,29.68
1999-03-11,29.3,23.4,26.1,27.31,29.35
1999-03-12,28.0,23.2,25.5,26.93,29.11
1999-03-13,28.9,23.5,25.2,26.77,28.74
1999-03-14,29.3,23.3,26.0,26.98,29.28
1999-03-15,26.9,23.7,24.7,26.77,28.26
1999-03-16,29.0,23.8,25.6,26.91,29.1
1999-03-17,29.0,23.7,26.1,26.63,28.13
1999-03-18,29.7,23.2,26.4,26.76,28.68
1999-03-19,30.0,23.9,26.6,26.72,28.52
1999-03-20,30.1,24.8,27.1,26.96,28.98
1999-03-21,27.7,24.6,26.2,26.55,28.03
1999-03-22,29.2,23.0,26.1,25.89,27.24
1999-03-23,30.0,23.5,26.2,26.09,27.73
1999-03-24,29.5,23.6,26.4,26.87,28.78
1999-03-25,31.4,23.3,26.8,26.31,27.19
1999-03-26,29.1,24.5,26.4,26.48,28.52
1999-03-27,29.7,24.1,26.4,26.45,27.61
1999-03-28,29.7,23.9,26.8,27.58,29.83
1999-03-29,29.3,23.5,26.5,27.35,28.69
1999-03-30,29.6,23.6,26.0,27.17,29.18
1999-03-31,30.7,23.1,27.0,27.23,29.56
1999-04-01,30.3,24.0,26.9,27.27,29.45
1999-04-02,30.5,23.6,26.4,27.33,29.24
1999-04-03,29.4,23.5,26.2,27.66,30.05
1999-04-04,30.0,23.8,26.7,27.35,29.67
1999-04-05,30.2,24.4,26.6,27.39,29.89
1999-04-06,28.8,24.3,26.0,27.08,28.63
1999-04-07,28.3,24.2,25.8,27.24,29.47
1999-04-08,29.2,23.9,26.2,27.13,29.42
1999-04-09,30.5,23.5,26.5,26.62,28.13
1999-04-10,30.5,23.7,26.5,27.17,29.62
1999-04-11,30.0,23.7,26.3,27.14,29.14
1999-04-12,29.9,23.4,26.3,27.45,29.52
1999-04-13,29.6,23.9,26.1,27.0,29.18
1999-04-14,29.6,23.8,25.8,26.55,27.85
1999-04-15,29.9,23.5,26.5,26.86,28.48
1999-04-16,28.1,24.3,25.9,26.6,28.25
1999-04-17,30.6,24.2,26.5,26.94,28.89
1999-04-18,31.2,23.5,27.1,27.16,29.54
1999-04-19,31.1,23.0,26.9,27.2,30.03
1999-04-20,29.9,23.2,26.6,27.48,30.44
1999-04-21,29.7,23.1,26.5,27.64,30.2
1999-04-22,30.8,23.1,26.6,27.37,30.26
1999-04-23,30.8,22.1,26.2,27.54,30.83
1999-04-24,29.4,23.3,25.8,27.37,30.14
1999-04-25,29.7,23.1,26.1,27.72,30.0
1999-04-26,30.1,23.3,26.5,27.75,29.78
1999-04-27,30.5,23.1,26.5,27.75,29.78
1999-04-28,30.2,23.6,26.6,27.84,30.19
1999-04-29,29.6,23.1,26.3,27.5,29.07
1999-04-30,30.0,23.5,26.3,27.45,29.28
1999-05-01,29.1,23.8,25.7,26.93,28.51
1999-05-02,28.8,23.1,25.2,27.05,28.62
1999-05-03,29.1,22.6,25.7,27.66,29.61
1999-05-04,28.3,23.3,25.6,26.67,27.56
1999-05-05,28.2,23.5,25.3,26.87,29.29
1999-05-06,27.4,23.4,24.7,26.43,27.52
1999-05-07,27.8,23.0,24.8,26.61,28.17
1999-05-08,28.1,22.7,25.5,26.93,28.84
1999-05-09,29.6,23.0,26.1,27.18,29.31
1999-05-10,28.1,23.3,25.7,26.91,28.51
1999-05-11,27.8,23.2,24.9,26.42,27.75
1999-05-12,28.4,22.9,25.4,26.81,28.47
1999-05-13,29.4,22.5,25.6,27.31,29.26
1999-05-14,28.8,22.8,25.6,26.84,28.16
1999-05-15,28.9,22.9,25.5,26.98,28.48
1999-05-16,28.7,23.0,25.7,26.99,28.73
1999-05-17,29.7,23.1,26.4,27.15,29.18
1999-05-18,29.8,22.9,26.4,27.27,29.7
1999-05-19,29.7,23.0,26.4,26.72,29.09
1999-05-20,29.7,23.0,26.0,27.09,29.15
1999-05-21,28.7,23.3,25.8,27.2,29.02
1999-05-22,29.4,22.4,25.7,27.28,29.65
1999-05-23,29.5,22.9,25.8,27.61,29.93
1999-05-24,28.9,22.8,25.9,27.57,30.06
1999-05-25,29.0,23.1,25.7,27.97,30.34
1999-05-26,29.3,23.0,25.6,27.66,29.56
1999-05-27,28.9,22.9,25.4,27.49,29.67
1999-05-28,29.5,22.8,25.5,27.3,29.07
1999-05-29,29.4,22.2,25.8,27.58,29.61
1999-05-30,29.3,22.4,25.8,27.65,29.75
1999-05-31,28.9,23.2,25.7,27.57,29.68
1999-06-01,30.0,22.6,26.1,27.51,29.97
1999-06-02,30.0,23.2,26.6,27.31,29.82
1999-06-03,30.1,22.1,26.2,27.6,30.28
1999-06-04,29.8,23.5,25.7,27.15,29.0
1999-06-05,28.6,23.1,25.3,26.23,27.54
1999-06-06,28.1,23.5,25.4,26.02,27.6
1999-06-07,27.5,23.0,25.0,26.35,28.08
1999-06-08,28.2,23.1,25.3,26.66,28.79
1999-06-09,29.6,22.3,25.5,27.02,29.24
1999-06-10,28.2,22.4,25.4,27.03,29.02
1999-06-11,29.4,22.8,25.9,27.03,29.2
1999-06-12,28.6,22.7,25.5,26.64,28.49
1999-06-13,29.7,22.7,25.9,26.65,28.42
1999-06-14,29.1,22.8,25.4,26.37,27.21
1999-06-15,28.4,23.1,25.1,26.57,28.15
1999-06-16,28.8,22.3,25.4,26.71,28.81
1999-06-17,28.4,22.4,25.7,26.75,28.85
1999-06-18,29.8,22.5,26.3,26.94,29.57
1999-06-19,30.2,23.0,26.6,27.1,29.51
1999-06-20,29.6,23.0,26.4,27.05,29.58
1999-06-21,29.6,23.4,26.3,27.25,29.82
1999-06-22,29.1,22.8,25.9,27.47,30.03
1999-06-23,29.1,22.4,25.5,27.12,29.43
1999-06-24,29.1,22.3,25.5,27.11,29.73
1999-06-25,29.4,22.2,25.8,26.66,29.85
1999-06-26,29.6,21.5,25.7,26.54,29.23
1999-06-27,28.8,22.8,25.6,26.83,29.39
1999-06-28,29.1,21.8,25.5,26.53,28.85
1999-06-29,29.7,21.9,25.9,27.15,29.69
1999-06-30,29.4,22.3,25.5,27.14,29.55
1999-07-01,28.2,23.0,25.5,26.33,28.31
1999-07-02,29.4,22.3,25.7,26.46,28.93
1999-07-03,30.0,22.6,26.2,26.75,29.12
1999-07-04,28.1,23.2,24.9,26.84,28.6
1999-07-05,28.0,22.8,24.9,26.26,27.95
1999-07-06,28.8,22.8,25.3,26.6,28.7
1999-07-07,28.0,22.1,24.9,26.16,27.57
1999-07-08,28.5,21.8,25.1,26.95,28.94
1999-07-09,29.2,21.3,25.2,27.04,29.65
1999-07-10,29.4,21.7,25.4,26.38,29.22
1999-07-11,28.3,21.4,24.7,26.67,29.27
1999-07-12,29.3,22.0,24.9,26.69,29.21
1999-07-13,29.5,22.0,25.3,26.61,29.11
1999-07-14,29.5,22.2,25.9,26.79,29.24
1999-07-15,29.7,23.5,26.2,26.94,29.43
1999-07-16,27.8,22.6,24.9,26.46,28.61
1999-07-17,28.4,22.5,25.5,26.13,27.67
1999-07-18,29.4,23.3,25.8,26.39,28.9
1999-07-19,29.4,22.7,25.6,26.47,28.84
1999-07-20,29.1,22.8,25.6,26.52,28.76
1999-07-21,28.6,22.4,25.1,26.33,28.44
1999-07-22,28.5,21.8,25.3,26.51,28.79
1999-07-23,29.0,22.3,25.6,26.84,28.76
1999-07-24,29.4,22.1,25.6,26.78,28.94
1999-07-25,29.4,21.3,25.5,26.59,29.24
1999-07-26,29.6,21.5,25.6,26.32,29.13
1999-07-27,29.9,22.3,25.7,26.64,29.15
1999-07-28,29.5,21.8,25.7,26.75,28.91
1999-07-29,30.1,23.1,26.0,25.93,28.18
1999-07-30,29.3,22.0,25.5,26.27,28.51
1999-07-31,29.4,22.0,25.6,26.51,29.14
1999-08-01,30.2,21.5,25.8,26.43,29.46
1999-08-02,30.3,21.5,25.7,26.46,29.12
1999-08-03,30.6,21.6,26.1,26.86,29.71
1999-08-04,30.2,22.0,26.2,26.65,29.53
1999-08-05,30.2,22.4,26.1,26.04,29.03
1999-08-06,30.6,22.5,26.4,25.88,29.1
1999-08-07,31.2,22.2,26.5,25.92,29.0
1999-08-08,30.8,22.2,26.5,26.13,29.56
1999-08-09,31.3,22.4,26.5,26.6,29.01
1999-08-10,30.3,23.2,26.0,26.79,29.26
1999-08-11,29.4,22.5,25.2,26.5,28.78
1999-08-12,29.6,22.5,25.7,26.66,28.95
1999-08-13,29.6,23.1,25.8,26.54,28.79
1999-08-14,29.6,23.3,25.9,26.81,29.31
1999-08-15,29.9,21.6,25.6,26.75,29.3
1999-08-16,29.7,22.4,25.9,26.58,29.43
1999-08-17,29.8,23.2,26.2,26.39,29.33
1999-08-18,29.2,23.3,26.2,26.16,29.4
1999-08-19,30.6,21.8,26.2,25.63,29.08
1999-08-20,29.9,21.8,25.8,25.32,28.57
1999-08-21,30.4,22.7,26.3,25.7,28.94
1999-08-22,30.8,20.4,25.7,25.85,29.22
1999-08-23,30.6,20.5,25.8,26.2,28.99
1999-08-24,30.6,23.7,26.2,27.09,30.14
1999-08-25,29.6,22.5,25.7,26.95,30.03
1999-08-26,29.6,22.6,25.5,26.85,29.58
1999-08-27,29.5,23.0,25.7,27.24,30.26
1999-08-28,29.1,21.8,25.3,27.0,30.04
1999-08-29,29.8,22.6,25.8,27.14,30.42
1999-08-30,29.7,22.2,26.0,26.97,30.28
1999-08-31,30.1,22.5,26.0,27.05,30.52
1999-09-01,30.6,22.3,26.2,26.91,30.51
1999-09-02,29.8,22.7,26.0,26.8,30.48
1999-09-03,29.0,21.8,25.6,26.43,29.91
1999-09-04,30.3,21.8,25.8,26.36,29.5
1999-09-05,30.9,20.3,26.0,26.76,29.9
1999-09-06,31.3,20.8,26.1,26.96,30.57
1999-09-07,31.3,20.9,26.3,27.21,30.8
1999-09-08,31.6,22.2,26.8,27.25,30.64
1999-09-09,31.6,24.0,27.1,27.24,30.56
1999-09-10,31.4,22.7,26.7,27.21,30.67
1999-09-11,31.3,22.1,26.6,27.31,30.86
1999-09-12,31.8,22.6,26.9,27.44,30.93
1999-09-13,32.3,22.1,27.1,27.44,30.76
1999-09-14,32.4,23.0,27.5,27.72,31.61
1999-09-15,31.9,22.6,27.5,27.76,31.32
1999-09-16,31.5,23.4,27.5,27.97,31.23
1999-09-17,32.0,24.3,27.7,27.95,31.3
1999-09-18,32.1,23.7,27.6,27.99,31.55
1999-09-19,32.0,22.5,27.2,27.75,31.47
1999-09-20,30.8,23.3,27.2,27.8,31.33
1999-09-21,32.1,23.3,27.7,28.25,31.73
1999-09-22,31.8,23.1,27.1,28.31,31.71
1999-09-23,31.9,23.4,27.4,28.04,31.53
1999-09-24,32.4,22.8,27.7,28.36,32.23
1999-09-25,32.8,23.2,27.7,28.6,31.89
1999-09-26,32.3,24.3,27.7,28.26,31.27
1999-09-27,31.4,23.7,26.9,27.92,31.23
1999-09-28,30.8,23.4,26.7,27.22,30.07
1999-09-29,31.2,23.7,26.9,28.17,31.66
1999-09-30,30.3,24.1,27.0,28.23,31.13
1999-10-01,31.0,23.0,26.9,27.82,31.01
1999-10-02,31.8,22.9,27.2,27.75,31.55
1999-10-03,32.1,22.9,27.5,27.82,31.33
1999-10-04,30.9,23.6,26.9,28.29,31.91
1999-10-05,31.3,23.3,27.0,28.42,32.24
1999-10-06,31.6,22.3,27.0,28.08,31.63
1999-10-07,31.9,23.2,27.6,27.82,30.0
1999-10-08,32.0,23.4,27.3,28.07,31.39
1999-10-09,31.3,22.9,26.8,28.12,31.55
1999-10-10,30.8,24.4,27.0,27.81,30.83
1999-10-11,30.1,23.6,26.7,27.45,30.14
1999-10-12,31.2,23.1,26.6,27.53,30.52
1999-10-13,31.5,23.7,26.5,27.39,29.8
1999-10-14,29.8,23.7,25.8,27.64,30.38
1999-10-15,31.1,23.5,26.6,27.58,30.32
1999-10-16,29.2,23.2,25.7,26.7,28.82
1999-10-17,29.9,23.4,26.4,27.32,29.71
1999-10-18,30.4,23.0,26.8,28.07,30.49
1999-10-19,30.1,23.8,26.5,28.19,30.96
1999-10-20,29.8,24.0,26.4,27.35,28.98
1999-10-21,29.5,23.8,25.7,27.32,28.94
1999-10-22,29.0,23.6,25.8,27.07,28.8
1999-10-23,29.7,23.4,25.9,27.08,28.5
1999-10-24,29.6,22.7,25.8,27.38,29.43
1999-10-25,29.8,22.7,26.1,27.26,29.49
1999-10-26,27.1,23.7,24.7,26.95,28.54
1999-10-27,27.7,23.5,25.2,27.18,28.64
1999-10-28,29.8,23.1,25.8,27.83,30.62
1999-10-29,30.9,22.8,26.0,27.99,30.46
1999-10-30,30.3,23.6,25.8,27.53,29.2
1999-10-31,29.1,23.5,25.7,27.24,29.59
1999-11-01,29.0,23.2,25.5,26.94,28.15
1999-11-02,27.7,23.6,25.1,27.04,28.68
1999-11-03,27.5,23.3,24.9,26.74,28.54
1999-11-04,29.6,23.0,25.3,27.2,30.48
1999-11-05,28.1,23.2,25.2,27.34,30.51
1999-11-06,29.9,22.9,26.0,27.45,30.42
1999-11-07,29.9,22.7,25.9,27.48,30.52
1999-11-08,30.1,23.1,26.1,27.48,29.88
1999-11-09,30.2,23.3,26.2,27.16,29.76
1999-11-10,30.1,22.7,26.4,27.76,30.15
1999-11-11,29.9,23.7,26.4,27.66,29.37
1999-11-12,29.8,23.8,26.1,27.77,30.71
1999-11-13,28.8,23.5,25.6,27.02,28.42
1999-11-14,29.1,23.6,26.0,27.4,29.95
1999-11-15,28.4,23.2,25.7,26.97,29.15
1999-11-16,28.1,23.5,25.1,26.11,27.94
1999-11-17,29.4,23.1,25.7,26.75,28.89
1999-11-18,28.6,23.4,25.9,26.68,28.94
1999-11-19,29.9,23.5,26.3,27.2,29.86
1999-11-20,30.0,24.0,26.6,26.95,28.84
1999-11-21,30.5,24.1,26.6,27.8,30.45
1999-11-22,29.2,22.6,26.2,26.93,28.82
1999-11-23,29.3,23.4,25.9,26.98,29.14
1999-11-24,28.5,23.3,25.4,27.32,29.72
1999-11-25,29.5,23.0,25.8,27.46,29.63
1999-11-26,29.1,23.3,25.6,27.15,28.69
1999-11-27,29.3,23.2,25.6,27.69,29.86
1999-11-28,28.9,23.3,25.6,27.64,29.36
1999-11-29,29.6,23.3,25.8,27.93,30.54
1999-11-30,29.6,23.9,26.0,27.18,29.35
1999-12-01,30.3,22.7,26.1,27.66,30.12
1999-12-02,29.7,22.8,25.8,28.03,30.6
1999-12-03,28.1,24.0,25.7,27.59,29.45
1999-12-04,28.4,23.5,25.5,27.06,28.94
1999-12-05,29.1,23.1,25.8,26.84,28.44
1999-12-06,28.5,23.2,25.4,26.9,28.44
1999-12-07,29.8,23.2,25.8,27.32,29.2
1999-12-08,28.5,23.6,25.6,27.25,29.19
1999-12-09,27.8,23.9,25.4,26.81,28.86
1999-12-10,28.8,23.7,25.9,27.65,30.41
1999-12-11,28.9,23.8,25.6,26.77,28.58
1999-12-12,29.0,23.0,25.9,27.11,28.33
1999-12-13,28.8,24.8,26.0,27.49,28.71
1999-12-14,26.8,24.5,25.3,27.64,29.34
1999-12-15,28.4,24.3,25.9,27.41,29.66
1999-12-16,28.0,24.4,25.8,27.38,30.16
1999-12-17,27.0,23.9,25.1,26.27,28.42
1999-12-18,29.3,23.4,26.0,27.15,30.13
1999-12-19,29.1,23.6,26.0,27.1,30.07
1999-12-20,29.3,23.2,25.4,26.79,29.45
1999-12-21,29.2,22.9,25.6,26.73,29.48
1999-12-22,29.4,23.0,25.9,26.83,29.74
1999-12-23,29.0,23.6,26.0,27.28,30.4
1999-12-24,25.8,23.3,24.3,26.01,27.24
1999-12-25,28.1,23.3,24.9,25.72,26.91
1999-12-26,27.5,23.1,24.7,25.62,26.95
1999-12-27,25.9,22.9,24.1,25.84,27.28
1999-12-28,27.7,22.1,24.8,25.82,27.12
1999-12-29,29.0,22.7,25.4,26.23,28.17
1999-12-30,28.4,23.1,24.9,26.2,28.0
1999-12-31,27.9,22.6,25.2,26.16,27.44
2000-01-01,27.8,23.1,25.4,26.98,29.24
2000-01-02,28.0,23.7,25.5,26.8,28.77
2000-01-03,28.5,23.1,25.3,25.89,27.24
2000-01-04,28.9,22.7,25.3,26.17,28.21
2000-01-05,29.5,23.4,25.9,26.34,28.6
2000-01-06,29.4,23.0,25.8,25.98,27.57
2000-01-07,28.7,23.5,25.3,25.65,27.52
2000-01-08,27.3,23.2,25.1,25.77,27.2
2000-01-09,27.5,22.5,24.7,26.07,27.93
2000-01-10,28.4,22.6,25.5,26.5,29.02
2000-01-11,29.1,22.9,25.5,26.73,28.66
2000-01-12,29.8,22.7,25.5,27.33,30.01
2000-01-13,28.7,22.2,25.2,27.07,29.26
2000-01-14,27.9,22.6,25.0,26.75,28.46
2000-01-15,28.4,22.1,24.8,26.04,27.53
2000-01-16,27.8,22.9,25.2,25.7,27.12
2000-01-17,27.6,23.6,25.4,26.01,28.12
2000-01-18,26.9,23.3,24.5,25.36,26.85
2000-01-19,26.8,23.1,24.6,25.69,27.7
2000-01-20,27.6,23.2,25.0,25.69,27.34
2000-01-21,28.1,23.5,25.4,25.76,27.23
2000-01-22,28.7,23.2,25.7,25.9,27.29
2000-01-23,28.2,23.6,25.9,25.7,27.29
2000-01-24,28.6,23.2,25.5,25.72,27.03
2000-01-25,28.7,23.0,25.5,25.83,26.58
2000-01-26,27.9,23.6,25.3,25.99,26.91
2000-01-27,25.8,23.2,24.4,25.64,26.28
2000-01-28,27.5,23.3,25.2,26.26,28.1
2000-01-29,28.0,23.2,25.3,26.36,28.05
2000-01-30,27.8,23.0,25.3,26.03,27.07
2000-01-31,27.6,22.9,24.5,25.75,27.24
2000-02-01,27.3,22.5,24.5,25.73,26.7
2000-02-02,27.6,23.5,25.0,25.73,26.46
2000-02-03,26.8,23.5,24.5,25.91,27.05
2000-02-04,27.0,23.4,24.7,25.67,26.5
2000-02-05,28.6,23.3,25.6,26.17,27.85
2000-02-06,28.9,23.5,25.6,26.07,27.78
2000-02-07,25.6,23.7,24.4,26.22,28.01
2000-02-08,25.5,23.6,24.3,26.08,27.71
2000-02-09,26.5,23.4,24.5,26.01,27.74
2000-02-10,27.6,23.1,24.8,25.81,27.24
2000-02-11,28.2,22.8,25.5,25.67,26.99
2000-02-12,28.8,22.3,25.6,26.15,27.92
2000-02-13,28.9,22.4,26.0,26.34,28.47
2000-02-14,28.4,22.3,25.7,26.14,28.48
2000-02-15,28.8,23.7,26.1,25.97,28.06
2000-02-16,28.6,23.8,26.2,26.43,28.56
2000-02-17,29.7,22.0,26.1,27.05,29.21
2000-02-18,28.3,23.6,25.7,27.23,29.16
2000-02-19,28.1,23.1,25.0,26.07,26.82
2000-02-20,27.7,22.8,25.2,25.88,27.46
2000-02-21,29.1,23.6,26.4,26.15,27.79
2000-02-22,28.1,23.2,25.6,26.47,28.17
2000-02-23,28.7,22.8,25.3,26.52,28.45
2000-02-24,27.9,23.8,24.9,26.75,29.07
2000-02-25,27.4,23.6,25.1,26.13,27.71
2000-02-26,28.2,23.4,25.6,25.76,27.33
2000-02-27,28.9,22.5,26.0,26.58,29.42
2000-02-28,29.5,23.6,26.3,26.95,29.34
2000-02-29,29.9,23.2,26.5,27.18,29.66
2000-03-01,29.8,24.1,26.6,26.74,28.39
2000-03-02,27.9,24.2,25.9,26.9,28.64
2000-03-03,28.2,24.0,25.6,26.32,27.79
2000-03-04,27.6,23.6,25.2,26.02,27.44
2000-03-05,29.3,23.3,25.8,26.14,27.78
2000-03-06,29.0,24.3,26.2,26.48,28.33
2000-03-07,29.2,24.0,26.1,26.5,28.47
2000-03-08,28.8,23.9,26.1,26.39,28.4
2000-03-09,27.6,23.8,25.5,26.19,28.24
2000-03-10,30.6,23.5,26.4,26.63,28.85
2000-03-11,29.6,22.9,25.9,26.54,28.74
2000-03-12,29.1,23.6,25.9,26.39,28.56
2000-03-13,27.2,23.7,24.8,26.12,28.19
2000-03-14,28.2,23.3,25.2,26.07,28.16
2000-03-15,30.3,23.9,26.4,26.53,29.09
2000-03-16,29.3,23.8,26.0,26.41,28.98
2000-03-17,29.0,24.3,25.7,25.7,27.55
2000-03-18,27.8,24.0,25.5,26.1,28.55
2000-03-19,29.0,23.5,26.0,26.0,27.92
2000-03-20,28.3,23.4,24.8,26.09,28.15
2000-03-21,30.0,22.5,25.6,26.0,27.85
2000-03-22,30.0,23.4,26.3,26.97,29.74
2000-03-23,28.7,23.4,25.6,26.61,28.54
2000-03-24,28.5,22.6,25.0,26.25,28.1
2000-03-25,28.0,22.5,24.9,26.7,28.87
2000-03-26,29.3,22.5,25.5,26.73,29.07
2000-03-27,29.2,22.8,25.4,26.17,27.98
2000-03-28,28.4,22.9,25.2,26.56,28.76
2000-03-29,28.4,23.1,25.4,26.69,28.41
2000-03-30,28.7,22.9,25.8,27.05,29.35
2000-03-31,29.2,23.3,25.8,27.16,29.45
2000-04-01,29.0,23.0,25.8,27.23,29.3
2000-04-02,29.1,23.3,25.9,27.35,30.27
2000-04-03,29.7,23.2,26.1,27.18,29.54
2000-04-04,29.8,23.4,26.1,26.31,27.95
2000-04-05,30.4,23.9,26.5,26.85,29.4
2000-04-06,30.1,23.6,25.9,26.9,29.71
2000-04-07,28.9,23.6,25.4,26.43,28.36
2000-04-08,28.2,23.3,25.3,26.65,28.94
2000-04-09,28.4,23.9,25.8,26.51,28.44
2000-04-10,29.4,24.1,26.4,26.93,28.96
2000-04-11,30.1,24.0,26.2,26.58,28.31
2000-04-12,30.7,22.7,26.2,27.16,30.08
2000-04-13,30.8,23.2,26.7,27.26,30.37
2000-04-14,30.7,23.5,26.9,27.31,29.59
2000-04-15,29.9,23.3,26.4,27.43,29.42
2000-04-16,29.7,23.0,26.2,27.14,29.44
2000-04-17,29.4,23.0,26.0,26.79,28.64
2000-04-18,29.7,23.1,25.9,27.37,29.52
2000-04-19,29.8,23.0,26.3,27.06,28.54
2000-04-20,30.1,23.7,26.5,27.39,29.71
2000-04-21,29.9,23.1,26.1,27.55,30.45
2000-04-22,28.9,23.7,25.7,27.51,29.85
2000-04-23,27.7,23.5,25.3,27.01,28.53
2000-04-24,27.8,23.1,25.0,26.54,27.78
2000-04-25,28.4,23.1,25.2,26.9,28.97
2000-04-26,29.9,23.2,25.9,27.07,29.24
2000-04-27,30.1,23.3,26.1,27.19,29.5
2000-04-28,30.2,23.8,26.3,27.35,29.66
2000-04-29,29.5,23.3,25.9,27.11,28.58
2000-04-30,29.8,22.5,25.7,27.61,30.05
2000-05-01,29.4,23.2,25.8,27.67,30.29
2000-05-02,28.5,23.2,25.4,26.86,28.11
2000-05-03,27.9,23.3,25.0,26.45,27.95
2000-05-04,28.6,22.9,25.2,26.68,28.63
2000-05-05,29.2,22.3,25.3,26.6,28.25
2000-05-06,29.2,22.7,25.5,26.62,27.98
2000-05-07,29.3,23.0,25.7,26.89,28.77
2000-05-08,29.0,23.5,25.6,27.22,29.68
2000-05-09,29.5,23.5,25.8,27.19,28.77
2000-05-10,29.8,23.3,26.2,27.33,28.13
2000-05-11,29.7,23.6,26.1,27.62,29.25
2000-05-12,30.2,23.3,26.1,27.7,30.24
2000-05-13,30.5,23.1,26.3,27.96,30.45
2000-05-14,29.9,23.7,26.3,27.97,29.77
2000-05-15,29.3,23.4,26.2,27.34,28.62
2000-05-16,29.5,24.4,26.1,27.25,28.63
2000-05-17,30.2,23.4,26.2,27.22,28.97
2000-05-18,30.1,23.3,26.3,27.51,29.49
2000-05-19,30.0,23.6,26.1,27.54,29.36
2000-05-20,29.7,23.1,26.1,27.11,29.03
2000-05-21,29.9,23.1,26.5,27.73,30.03
2000-05-22,30.1,23.6,26.7,27.72,29.88
2000-05-23,30.1,23.6,26.8,27.61,29.7
2000-05-24,30.2,23.1,26.3,27.83,30.16
2000-05-25,30.1,23.4,26.5,27.7,29.0
2000-05-26,29.0,23.6,26.3,27.64,28.95
2000-05-27,30.0,23.4,26.4,27.78,29.89
2000-05-28,30.1,23.2,26.1,27.68,29.69
2000-05-29,29.7,22.7,25.8,27.7,29.81
2000-05-30,29.2,22.5,25.6,27.33,28.95
2000-05-31,29.1,22.6,25.7,27.82,30.31
2000-06-01,29.4,22.1,25.7,27.17,29.51
2000-06-02,27.7,22.7,25.1,26.53,27.9
2000-06-03,24.9,23.7,24.2,26.39,27.55
2000-06-04,28.3,22.9,25.2,27.06,29.19
2000-06-05,28.6,23.7,25.6,27.21,29.43
2000-06-06,29.7,24.3,26.1,26.66,28.39
2000-06-07,29.1,22.7,25.7,27.1,29.5
2000-06-08,29.9,22.7,25.8,27.56,30.27
2000-06-09,28.9,22.3,25.5,27.31,29.62
2000-06-10,29.3,23.8,26.3,26.83,28.86
2000-06-11,29.5,23.3,26.4,27.12,29.8
2000-06-12,29.0,22.6,25.8,27.24,29.45
2000-06-13,29.7,22.3,25.6,27.63,30.47
2000-06-14,29.5,22.9,25.8,27.54,30.3
2000-06-15,29.6,22.0,25.8,27.34,29.97
2000-06-16,29.1,22.4,25.8,26.69,29.23
2000-06-17,30.1,21.9,26.2,26.9,29.66
2000-06-18,28.0,23.4,25.2,26.5,27.52
2000-06-19,26.4,23.2,24.5,26.76,28.59
2000-06-20,28.9,22.6,25.1,26.63,28.44
2000-06-21,28.1,23.5,25.3,26.71,28.57
2000-06-22,27.7,22.7,25.1,26.71,28.55
2000-06-23,28.2,23.0,25.2,26.11,27.75
2000-06-24,29.1,22.8,25.3,26.67,29.07
2000-06-25,29.2,21.5,25.4,26.82,29.18
2000-06-26,29.2,22.7,25.7,26.97,29.38
2000-06-27,29.4,22.6,25.7,26.35,29.0
2000-06-28,28.7,22.4,25.3,26.59,29.42
2000-06-29,28.8,22.4,25.4,26.83,29.45
2000-06-30,27.3,22.5,24.7,26.73,28.71
2000-07-01,29.3,22.3,25.6,26.88,29.66
2000-07-02,29.2,22.9,25.6,26.82,28.89
2000-07-03,28.9,22.4,25.3,26.73,29.15
2000-07-04,29.6,22.8,25.4,26.98,29.46
2000-07-05,29.8,22.0,25.5,27.11,29.14
2000-07-06,29.3,22.9,26.1,26.72,27.76
2000-07-07,29.7,22.8,25.9,27.18,29.64
2000-07-08,29.1,22.4,25.6,27.44,29.2
2000-07-09,29.4,23.1,25.7,27.16,29.71
2000-07-10,28.4,23.0,25.4,27.23,29.29
2000-07-11,29.6,21.6,25.4,26.86,29.44
2000-07-12,29.8,22.0,26.0,26.69,29.83
2000-07-13,29.6,22.1,25.8,26.96,29.8
2000-07-14,29.3,22.5,25.8,27.28,30.06
2000-07-15,29.1,22.6,25.7,26.77,29.24
2000-07-16,29.3,22.9,26.0,27.06,29.71
2000-07-17,30.2,22.4,26.3,26.98,29.68
2000-07-18,29.8,23.2,26.3,27.16,29.96
2000-07-19,29.7,22.4,25.3,27.16,29.82
2000-07-20,29.2,21.9,25.5,27.05,29.66
2000-07-21,29.6,22.3,25.8,27.16,29.97
2000-07-22,29.5,22.3,25.7,26.6,29.45
2000-07-23,29.0,22.1,25.5,25.87,28.89
2000-07-24,29.7,20.4,25.0,26.4,29.51
2000-07-25,29.7,21.7,25.9,26.29,29.4
2000-07-26,29.6,22.5,26.0,26.63,29.34
2000-07-27,29.6,22.0,25.8,26.87,29.63
2000-07-28,29.6,22.7,25.5,26.86,29.65
2000-07-29,29.7,22.6,25.7,26.96,29.61
2000-07-30,30.2,22.6,26.3,27.23,30.29
2000-07-31,29.6,22.5,25.7,26.96,30.19
2000-08-01,28.5,22.8,25.6,27.05,30.31
2000-08-02,28.4,23.0,25.2,26.57,29.29
2000-08-03,29.2,22.0,25.0,26.89,29.28
2000-08-04,29.3,22.0,25.7,27.25,30.53
2000-08-05,29.2,22.8,26.0,27.18,30.13
2000-08-06,29.9,22.7,26.3,27.33,30.57
2000-08-07,30.2,22.0,26.2,27.69,30.95
2000-08-08,30.2,23.1,26.4,27.37,30.27
2000-08-09,30.1,23.0,26.5,27.53,30.49
2000-08-10,30.2,22.7,26.2,27.73,30.95
2000-08-11,29.0,23.3,25.8,26.98,29.99
2000-08-12,29.7,22.5,25.6,26.97,30.2
2000-08-13,30.1,22.7,26.0,26.9,30.35
2000-08-14,29.9,22.4,26.1,26.62,30.25
2000-08-15,29.5,22.0,25.6,27.06,30.04
2000-08-16,29.0,21.7,25.2,27.05,29.61
2000-08-17,29.7,22.4,26.0,26.83,30.12
2000-08-18,29.2,22.3,25.7,26.87,29.44
2000-08-19,29.1,21.6,25.6,27.22,30.17
2000-08-20,29.7,22.0,25.8,27.07,30.26
2000-08-21,30.0,22.0,26.1,26.9,29.78
2000-08-22,30.2,23.3,26.4,26.59,29.14
2000-08-23,30.5,21.9,26.3,27.29,30.52
2000-08-24,30.5,22.5,26.6,26.96,29.93
2000-08-25,30.6,22.6,26.8,28.21,31.61
2000-08-26,30.5,23.6,26.7,27.87,30.51
2000-08-27,30.0,23.1,26.3,27.48,30.39
2000-08-28,31.0,23.2,26.6,26.76,28.86
2000-08-29,30.1,23.1,26.4,26.77,29.24
2000-08-30,29.9,23.3,26.3,26.95,29.57
2000-08-31,30.5,23.3,26.6,26.98,29.41
2000-09-01,30.3,23.5,26.8,27.6,30.39
2000-09-02,31.5,24.2,27.5,27.65,30.11
2000-09-03,32.0,24.0,27.5,28.27,31.53
2000-09-04,31.0,23.5,26.7,28.31,31.45
2000-09-05,31.9,23.2,27.0,28.2,31.29
2000-09-06,31.9,23.3,27.3,28.07,31.92
2000-09-07,31.4,23.0,27.2,28.2,32.31
2000-09-08,31.7,22.3,27.2,28.26,32.26
2000-09-09,32.0,22.7,27.4,28.18,32.09
2000-09-10,32.5,22.7,27.6,28.22,32.39
2000-09-11,33.3,22.9,27.7,28.19,32.12
2000-09-12,32.4,22.1,27.5,28.29,31.71
2000-09-13,32.7,24.1,28.0,28.63,32.2
2000-09-14,32.0,23.2,26.9,28.1,31.12
2000-09-15,32.4,23.3,27.5,28.36,32.44
2000-09-16,32.5,23.2,27.5,27.85,32.41
2000-09-17,32.3,23.8,27.8,28.29,31.93
2000-09-18,32.2,23.0,27.7,28.55,31.68
2000-09-19,30.5,23.7,26.6,27.81,30.2
2000-09-20,30.1,24.2,26.7,27.7,30.51
2000-09-21,30.7,23.8,26.7,28.02,31.48
2000-09-22,30.1,23.5,26.3,28.13,31.49
2000-09-23,31.0,22.9,26.5,28.49,32.28
2000-09-24,30.9,22.4,26.2,28.31,31.86
2000-09-25,30.7,23.0,26.4,28.18,31.54
2000-09-26,30.4,23.1,26.3,28.41,31.95
2000-09-27,31.3,21.8,26.5,28.53,31.79
2000-09-28,30.5,23.4,26.5,29.3,32.65
2000-09-29,30.9,22.7,26.5,29.04,32.7
2000-09-30,31.2,22.9,26.2,29.19,32.69
2000-10-01,30.1,23.0,26.2,28.84,32.52
2000-10-02,30.8,23.3,26.7,28.48,31.9
2000-10-03,29.8,23.5,26.4,28.68,32.01
2000-10-04,28.8,23.6,25.8,28.54,31.63
2000-10-05,29.6,23.2,25.9,27.2,28.64
2000-10-06,29.4,23.7,26.1,27.19,28.64
2000-10-07,30.5,21.8,26.2,28.48,31.99
2000-10-08,31.8,23.2,27.0,29.07,33.02
2000-10-09,31.2,22.9,27.0,29.36,33.41
2000-10-10,31.0,23.7,27.1,29.02,32.25
2000-10-11,31.2,23.8,27.3,28.49,31.03
2000-10-12,31.4,23.4,27.2,29.09,32.33
2000-10-13,31.3,23.8,27.2,28.95,31.49
2000-10-14,30.6,24.1,26.9,28.55,30.71
2000-10-15,30.7,23.9,26.6,28.13,29.97
2000-10-16,29.5,23.5,26.2,27.17,28.58
2000-10-17,29.7,23.5,26.0,27.6,30.0
2000-10-18,29.5,23.9,26.1,27.64,30.34
2000-10-19,29.6,24.3,26.8,28.66,32.83
2000-10-20,31.3,24.4,27.3,28.31,31.71
2000-10-21,30.8,24.3,27.2,28.61,32.06
2000-10-22,30.5,23.4,26.8,28.07,30.28
2000-10-23,30.2,24.3,26.2,28.37,31.46
2000-10-24,29.8,23.3,25.9,27.82,30.02
2000-10-25,29.1,23.8,25.8,27.52,29.1
2000-10-26,28.6,23.2,25.6,28.01,30.11
2000-10-27,27.6,23.3,25.5,27.67,29.24
2000-10-28,29.9,23.8,26.3,28.09,30.64
2000-10-29,29.5,23.4,26.2,28.63,31.6
2000-10-30,30.2,24.0,26.2,28.1,30.15
2000-10-31,28.9,23.5,25.8,28.05,30.55
2000-11-01,27.7,23.5,25.2,27.82,29.78
2000-11-02,27.0,23.5,25.1,27.08,28.56
2000-11-03,27.7,23.4,25.0,26.72,28.54
2000-11-04,29.0,23.5,25.6,27.32,29.2
2000-11-05,28.4,23.4,25.4,28.1,31.5
2000-11-06,29.4,23.0,25.9,27.75,30.34
2000-11-07,28.1,23.4,25.7,27.13,28.82
2000-11-08,29.4,22.9,25.9,27.32,29.16
2000-11-09,29.0,23.4,25.8,27.75,30.09
2000-11-10,29.2,23.2,25.8,27.43,29.18
2000-11-11,29.0,23.6,25.9,27.74,30.36
2000-11-12,29.4,23.6,26.1,27.68,30.04
2000-11-13,29.0,24.2,26.4,27.77,30.43
2000-11-14,29.0,23.5,26.1,28.03,30.61
2000-11-15,29.5,23.4,26.5,27.88,29.87
2000-11-16,29.3,23.5,26.0,28.01,30.14
2000-11-17,29.3,23.7,26.1,27.71,29.88
2000-11-18,29.2,23.7,26.2,27.59,29.8
2000-11-19,28.9,23.5,25.8,27.64,29.73
2000-11-20,29.4,23.7,25.8,27.36,30.29
2000-11-21,29.2,23.3,26.0,27.28,29.95
2000-11-22,28.0,24.2,25.5,27.74,30.92
2000-11-23,29.6,24.0,26.3,27.55,30.33
2000-11-24,29.6,23.8,26.4,27.48,29.53
2000-11-25,25.9,24.0,25.0,27.11,28.47
2000-11-26,27.8,23.9,25.0,27.0,28.95
2000-11-27,27.2,23.5,24.8,27.01,29.19
2000-11-28,28.3,23.7,25.6,26.29,27.49
2000-11-29,27.8,24.2,25.6,26.85,28.95
2000-11-30,29.7,24.2,26.2,27.37,29.71
2000-12-01,29.6,24.6,26.7,28.06,31.38
2000-12-02,31.3,23.8,26.8,28.22,32.69
2000-12-03,30.7,22.2,26.0,27.27,30.77
2000-12-04,30.7,22.6,26.3,27.54,31.26
2000-12-05,30.7,21.0,25.7,27.84,32.55
2000-12-06,30.5,22.0,26.2,27.85,32.31
2000-12-07,30.7,23.1,26.8,28.47,33.06
2000-12-08,30.4,22.9,26.0,27.61,31.07
2000-12-09,28.7,24.0,25.8,27.4,29.9
2000-12-10,29.4,24.1,26.4,28.01,31.51
2000-12-11,28.2,23.4,25.8,27.12,29.31
2000-12-12,28.6,23.9,26.0,27.33,30.36
2000-12-13,28.9,24.0,26.1,26.48,28.23
2000-12-14,29.3,23.6,26.3,27.32,30.45
2000-12-15,28.2,23.4,25.5,26.68,29.4
2000-12-16,28.8,23.5,25.7,27.05,29.68
2000-12-17,27.9,23.8,25.2,27.22,29.94
2000-12-18,29.6,22.8,26.0,27.77,31.13
2000-12-19,30.7,22.5,26.5,28.34,32.0
2000-12-20,30.3,23.4,26.5,28.46,32.46
2000-12-21,30.0,23.3,26.3,27.97,32.12
2000-12-22,29.5,24.5,26.2,26.8,28.3
2000-12-23,28.4,23.9,25.9,27.5,30.2
2000-12-24,29.3,24.0,25.9,27.54,30.66
2000-12-25,29.6,23.0,26.1,27.19,29.59
2000-12-26,30.1,23.4,26.4,27.93,30.53
2000-12-27,30.7,23.2,26.5,28.0,31.02
2000-12-28,30.6,23.2,26.5,27.68,30.45
2000-12-29,29.6,23.0,26.2,27.94,30.93
2000-12-30,29.4,23.7,26.0,27.68,29.95
2000-12-31,30.0,23.3,26.1,27.56,29.79
2001-01-01,28.7,23.3,25.6,27.69,30.07
2001-01-02,28.7,22.9,25.7,27.26,29.79
2001-01-03,28.7,23.9,25.5,26.18,27.13
2001-01-04,29.7,23.3,25.7,27.28,29.85
2001-01-05,28.5,23.2,25.5,26.6,28.34
2001-01-06,28.2,23.5,25.2,26.1,27.86
2001-01-07,27.9,23.2,25.4,25.95,27.18
2001-01-08,27.9,23.1,25.2,26.02,28.16
2001-01-09,28.5,23.1,25.0,25.83,27.06
2001-01-10,26.4,23.1,24.2,25.45,27.23
2001-01-11,28.1,22.9,24.9,25.86,27.91
2001-01-12,29.2,22.6,26.2,26.45,29.24
2001-01-13,30.9,22.0,26.7,27.01,30.33
2001-01-14,29.8,23.6,26.7,27.19,30.13
2001-01-15,28.4,23.2,25.8,26.61,28.56
2001-01-16,29.5,23.8,26.2,26.83,29.83
2001-01-17,27.2,24.1,25.4,26.9,29.44
2001-01-18,29.6,24.1,25.7,26.67,28.9
2001-01-19,28.2,23.7,25.4,26.31,28.2
2001-01-20,27.5,23.6,25.4,26.57,28.75
2001-01-21,27.6,23.2,25.5,26.51,28.18
2001-01-22,27.8,23.7,25.6,26.67,28.35
2001-01-23,28.1,23.2,25.3,26.16,27.03
2001-01-24,29.6,22.9,26.0,27.23,30.36
2001-01-25,30.1,23.4,25.9,27.43,29.98
2001-01-26,29.4,22.6,25.9,27.33,29.65
2001-01-27,28.9,23.2,25.7,27.09,29.01
2001-01-28,28.9,23.6,25.9,26.83,28.78
2001-01-29,28.6,23.9,25.8,26.56,28.07
2001-01-30,28.5,23.9,25.4,26.18,27.3
2001-01-31,28.0,23.8,25.0,26.42,28.22
2001-02-01,26.6,23.5,24.6,25.73,27.02
2001-02-02,28.4,22.0,25.5,25.71,27.66
2001-02-03,29.4,22.7,25.5,26.09,28.1
2001-02-04,29.3,23.6,25.3,26.32,28.32
2001-02-05,26.0,23.3,24.6,26.38,28.12
2001-02-06,27.9,23.9,25.1,26.7,28.9
2001-02-07,25.1,23.8,24.3,26.34,27.81
2001-02-08,24.7,23.8,24.1,26.08,27.15
2001-02-09,27.7,23.4,24.7,26.71,28.75
2001-02-10,27.8,23.6,25.1,26.71,28.37
2001-02-11,25.7,23.3,24.2,26.52,27.46
2001-02-12,27.8,23.7,25.2,26.72,28.63
2001-02-13,25.6,24.0,24.5,26.8,28.6
2001-02-14,28.3,24.2,26.0,26.46,28.17
2001-02-15,28.4,23.5,25.3,26.23,27.49
2001-02-16,29.3,23.7,26.2,26.72,28.6
2001-02-17,28.4,23.7,25.6,25.94,27.01
2001-02-18,27.5,23.3,25.1,26.16,28.09
2001-02-19,28.4,23.7,25.4,26.45,28.75
2001-02-20,27.2,23.7,25.0,26.42,29.15
2001-02-21,28.0,23.4,25.3,26.38,29.0
2001-02-22,27.5,23.3,24.6,26.45,29.5
2001-02-23,29.1,22.4,25.5,26.99,29.95
2001-02-24,29.8,22.8,25.9,26.92,29.82
2001-02-25,29.3,22.5,25.4,27.24,30.44
2001-02-26,29.9,22.1,25.6,27.27,30.41
2001-02-27,28.8,22.3,25.5,27.17,29.55
2001-02-28,28.8,23.1,25.5,25.93,27.75
2001-03-01,27.5,23.4,25.3,26.01,28.36
2001-03-02,27.8,23.0,25.1,26.14,27.56
2001-03-03,27.4,23.8,25.2,26.29,27.97
2001-03-04,28.9,24.4,26.1,26.57,28.33
2001-03-05,28.7,24.3,26.1,26.51,28.32
2001-03-06,28.4,24.3,25.7,26.41,28.06
2001-03-07,29.7,24.0,26.4,27.31,30.42
2001-03-08,29.7,23.3,26.0,27.28,30.48
2001-03-09,28.3,23.7,25.6,26.91,29.25
2001-03-10,26.5,23.2,24.5,26.5,28.08
2001-03-11,28.9,22.0,24.9,26.44,28.14
2001-03-12,29.6,22.8,25.6,26.33,28.11
2001-03-13,29.7,22.5,26.3,27.33,30.34
2001-03-14,30.6,22.9,26.3,27.67,30.52
2001-03-15,29.8,22.1,25.9,27.37,30.34
2001-03-16,28.2,23.9,25.8,26.99,29.05
2001-03-17,29.3,23.8,26.3,26.97,28.84
2001-03-18,29.4,23.7,25.9,26.75,28.25
2001-03-19,28.4,23.2,25.6,26.41,27.53
2001-03-20,28.6,23.4,25.7,26.36,28.12
2001-03-21,28.8,24.0,25.8,27.05,29.58
2001-03-22,28.7,23.3,25.8,26.81,29.18
2001-03-23,29.5,22.8,25.7,26.47,27.97
2001-03-24,29.4,23.0,25.6,26.06,27.39
2001-03-25,29.2,23.2,25.5,26.56,28.62
2001-03-26,29.9,23.0,25.8,26.34,28.17
2001-03-27,28.9,23.1,25.6,27.07,29.23
2001-03-28,29.0,22.9,25.4,27.0,29.09
2001-03-29,29.7,23.1,25.8,27.14,28.79
2001-03-30,28.4,23.2,25.7,27.01,28.43
2001-03-31,29.9,22.9,26.0,27.09,29.34
2001-04-01,30.9,23.0,26.6,27.55,30.25
2001-04-02,30.4,23.0,26.0,27.24,29.83
2001-04-03,29.4,23.4,25.7,26.49,27.96
2001-04-04,28.5,23.3,25.5,27.07,29.68
2001-04-05,29.9,23.7,25.9,26.25,27.39
2001-04-06,29.7,23.3,26.4,27.17,30.11
2001-04-07,29.6,23.3,26.2,27.39,30.09
2001-04-08,28.9,23.9,26.0,27.09,29.54
2001-04-09,29.3,23.5,25.8,27.07,28.63
2001-04-10,28.2,23.1,25.5,27.43,29.08
2001-04-11,29.1,23.1,25.7,26.51,27.65
2001-04-12,29.6,22.2,25.8,27.04,28.83
2001-04-13,29.5,23.2,25.8,27.24,28.96
2001-04-14,29.2,23.1,25.7,26.68,27.53
2001-04-15,28.9,23.1,25.6,27.04,28.41
2001-04-16,28.7,22.9,25.4,27.51,29.61
2001-04-17,29.0,23.3,25.4,27.16,29.26
2001-04-18,29.0,22.8,25.8,27.18,29.02
2001-04-19,29.4,22.9,25.6,27.85,30.33
2001-04-20,29.1,22.4,25.7,27.56,29.68
2001-04-21,29.7,22.7,26.2,27.74,30.56
2001-04-22,29.9,21.7,25.9,27.78,30.38
2001-04-23,31.0,22.7,27.0,28.35,30.59
2001-04-24,30.2,23.2,26.7,27.86,29.44
2001-04-25,30.2,23.8,26.5,27.48,29.24
2001-04-26,29.7,23.9,26.1,27.3,29.05
2001-04-27,29.8,23.5,26.1,28.03,30.31
2001-04-28,29.9,23.0,26.1,28.04,30.59
2001-04-29,29.9,23.5,26.5,28.43,30.49
2001-04-30,29.8,23.8,26.5,28.59,30.78
2001-05-01,30.3,23.8,26.9,28.51,31.05
2001-05-02,29.8,23.8,26.5,28.58,31.32
2001-05-03,29.3,23.7,26.5,27.71,29.72
2001-05-04,29.9,24.5,26.7,27.94,30.27
2001-05-05,30.4,23.9,26.8,27.81,29.55
2001-05-06,30.4,23.8,26.9,28.19,29.89
2001-05-07,30.3,24.1,27.0,28.25,30.9
2001-05-08,30.0,23.4,26.6,28.36,31.07
2001-05-09,29.6,23.7,26.2,28.06,30.24
2001-05-10,30.7,22.7,26.4,28.1,30.04
2001-05-11,30.5,23.4,26.8,28.23,30.23
2001-05-12,29.5,23.5,26.2,28.24,30.53
2001-05-13,29.6,22.9,25.9,28.28,30.5
2001-05-14,29.4,23.0,26.1,27.94,29.93
2001-05-15,30.3,23.6,26.6,28.16,30.36
2001-05-16,30.2,23.5,26.7,28.21,30.4
2001-05-17,30.2,23.3,26.7,28.35,30.79
2001-05-18,28.8,23.6,25.6,27.59,28.96
2001-05-19,29.3,22.9,26.1,26.97,28.13
2001-05-20,29.9,24.4,26.6,27.61,29.97
2001-05-21,30.1,23.5,26.6,27.68,29.83
2001-05-22,30.1,23.3,26.4,27.93,30.12
2001-05-23,30.1,23.1,26.2,27.93,30.07
2001-05-24,29.9,23.5,26.4,27.9,29.9
2001-05-25,30.3,23.1,26.7,27.76,30.03
2001-05-26,30.1,24.2,26.9,27.56,29.23
2001-05-27,29.7,23.0,26.2,27.43,29.21
2001-05-28,29.9,23.3,26.4,27.69,29.64
2001-05-29,28.4,23.4,25.4,27.44,29.16
2001-05-30,29.4,23.2,25.4,27.02,28.51
2001-05-31,29.4,23.5,26.0,27.33,29.12
2001-06-01,29.6,23.1,26.3,27.31,29.22
2001-06-02,29.2,23.0,25.9,27.59,29.47
2001-06-03,29.5,22.9,25.8,26.84,27.95
2001-06-04,29.1,22.6,25.3,27.56,30.06
2001-06-05,28.9,23.6,25.3,26.6,27.59
2001-06-06,28.6,22.1,24.9,26.78,28.91
2001-06-07,29.8,22.2,25.6,27.39,29.66
2001-06-08,28.1,22.7,24.9,26.77,27.85
2001-06-09,28.9,22.9,25.2,26.69,28.23
2001-06-10,28.8,22.5,25.4,27.04,28.79
2001-06-11,29.3,23.2,25.9,27.25,29.32
2001-06-12,29.4,22.5,25.9,27.51,30.17
2001-06-13,28.7,22.8,25.6,27.23,28.98
2001-06-14,28.9,23.0,25.5,27.05,29.01
2001-06-15,29.2,22.4,25.6,27.33,28.93
2001-06-16,28.8,22.8,25.1,27.06,29.28
2001-06-17,28.5,22.0,24.9,27.26,28.82
2001-06-18,29.7,21.3,25.2,26.97,29.77
2001-06-19,29.0,21.9,25.3,26.18,28.87
2001-06-20,28.8,21.5,24.8,26.28,28.43
2001-06-21,28.9,21.0,24.9,27.02,29.19
2001-06-22,29.4,21.6,25.5,27.68,29.79
2001-06-23,29.7,22.7,26.0,27.53,29.61
2001-06-24,29.8,22.9,26.2,27.4,29.8
2001-06-25,30.1,22.6,26.2,27.35,29.34
2001-06-26,29.7,22.5,26.0,27.56,29.84
2001-06-27,29.6,22.9,26.1,27.34,29.68
2001-06-28,29.8,23.1,25.9,27.69,29.73
2001-06-29,29.8,21.8,25.7,27.34,28.94
2001-06-30,30.0,22.3,26.2,27.59,29.55
2001-07-01,30.1,22.5,26.4,27.86,29.89
2001-07-02,29.9,22.6,26.1,26.38,29.07
2001-07-03,29.9,21.0,25.4,26.26,28.99
2001-07-04,29.6,22.4,25.8,25.92,28.76
2001-07-05,29.0,20.0,24.7,25.06,28.41
2001-07-06,29.1,20.0,24.7,25.89,28.85
2001-07-07,29.8,20.3,25.1,26.45,28.82
2001-07-08,30.0,21.9,26.0,26.8,29.09
2001-07-09,30.4,22.8,26.6,26.74,28.85
2001-07-10,30.3,24.2,26.8,27.38,29.68
2001-07-11,30.3,22.4,26.2,27.06,29.24
2001-07-12,29.9,22.8,26.2,26.85,28.49
2001-07-13,29.1,22.5,25.7,26.93,28.89
2001-07-14,30.4,22.2,26.2,26.74,28.8
2001-07-15,30.1,23.1,26.1,27.35,30.11
2001-07-16,29.7,22.7,26.0,27.18,29.46
2001-07-17,29.4,22.7,25.8,27.03,29.09
2001-07-18,29.6,22.7,25.9,27.3,29.53
2001-07-19,28.3,22.7,25.2,27.16,29.03
2001-07-20,28.2,22.8,25.0,26.82,28.14
2001-07-21,29.1,22.7,25.4,26.8,28.98
2001-07-22,29.1,22.6,25.7,26.34,27.71
2001-07-23,29.8,22.0,26.0,26.84,29.16
2001-07-24,29.8,22.6,25.9,26.74,28.68
2001-07-25,29.8,22.5,25.7,26.53,28.91
2001-07-26,29.3,22.3,25.9,26.89,29.73
2001-07-27,29.9,22.7,26.3,26.98,29.51
2001-07-28,30.5,21.7,26.1,26.95,29.61
2001-07-29,30.0,23.0,26.3,26.79,29.25
2001-07-30,29.3,23.4,25.8,26.99,29.63
2001-07-31,29.8,22.5,26.0,26.66,29.12
2001-08-01,29.8,22.2,26.0,26.68,29.33
2001-08-02,29.2,22.4,25.7,26.82,29.4
2001-08-03,28.7,23.2,25.2,26.44,28.51
2001-08-04,28.9,22.8,25.0,26.43,28.71
2001-08-05,28.8,22.7,25.3,26.78,29.17
2001-08-06,29.0,23.2,25.9,26.55,29.28
2001-08-07,29.3,22.9,25.9,26.0,28.41
2001-08-08,30.0,22.4,26.0,26.7,29.71
2001-08-09,30.7,22.9,26.5,27.13,29.82
2001-08-10,30.8,22.5,26.1,27.37,29.79
2001-08-11,30.1,23.1,26.3,27.3,29.77
2001-08-12,30.4,22.6,26.2,26.76,29.75
2001-08-13,30.4,23.0,26.0,26.9,29.62
2001-08-14,29.8,22.7,25.9,27.02,29.42
2001-08-15,31.0,23.0,26.8,27.23,29.34
2001-08-16,30.4,23.3,26.8,27.42,29.69
2001-08-17,30.2,23.1,26.6,27.58,29.94
2001-08-18,29.8,24.1,26.8,27.32,29.98
2001-08-19,29.7,24.1,26.7,26.87,29.5
2001-08-20,30.8,22.0,26.5,26.98,29.98
2001-08-21,31.0,22.9,26.7,26.94,29.74
2001-08-22,30.7,23.2,26.6,27.19,30.21
2001-08-23,31.2,23.2,27.1,27.51,30.38
2001-08-24,30.7,24.4,27.3,27.51,29.66
2001-08-25,30.5,24.4,27.3,27.51,30.39
2001-08-26,30.8,24.3,27.3,27.04,29.77
2001-08-27,30.9,23.3,27.1,27.29,30.58
2001-08-28,30.0,24.1,26.7,27.0,29.81
2001-08-29,30.4,23.8,26.9,26.61,29.1
2001-08-30,31.8,24.1,27.6,27.26,30.14
2001-08-31,30.7,23.9,26.8,27.09,29.53
2001-09-01,31.4,22.9,26.9,27.56,30.39
2001-09-02,30.8,23.1,26.8,27.53,30.33
2001-09-03,29.5,24.2,26.4,27.25,29.71
2001-09-04,29.1,22.7,25.7,27.35,29.88
2001-09-05,28.6,23.5,25.5,27.08,29.2
2001-09-06,29.7,22.3,25.7,27.2,29.75
2001-09-07,31.2,22.2,26.8,27.6,30.51
2001-09-08,30.9,23.1,26.7,27.61,30.19
2001-09-09,30.7,23.6,26.6,27.58,30.47
2001-09-10,30.4,23.3,26.3,27.41,30.17
2001-09-11,30.4,23.0,26.6,27.2,30.08
2001-09-12,30.9,23.9,26.9,27.0,28.9
2001-09-13,31.2,24.3,26.8,27.56,30.3
2001-09-14,31.1,23.1,26.8,27.67,30.42
2001-09-15,32.0,23.1,27.3,27.87,31.5
2001-09-16,32.2,23.7,27.5,27.91,31.24
2001-09-17,32.3,23.0,27.3,27.87,31.4
2001-09-18,32.2,23.3,27.8,27.76,30.77
2001-09-19,31.8,23.9,27.2,28.04,31.06
2001-09-20,30.9,23.3,27.0,28.05,30.59
2001-09-21,31.4,22.9,27.1,28.25,31.0
2001-09-22,31.4,22.8,27.3,28.28,31.3
2001-09-23,30.9,23.2,27.0,28.8,32.04
2001-09-24,31.7,23.1,27.5,28.91,32.15
2001-09-25,32.0,24.9,27.6,29.32,32.73
2001-09-26,31.7,23.0,27.0,28.8,32.28
2001-09-27,31.9,23.3,27.2,28.47,31.47
2001-09-28,31.0,22.8,26.6,28.38,31.66
2001-09-29,30.5,23.6,26.1,27.84,30.6
2001-09-30,29.6,23.6,26.3,28.11,31.13
2001-10-01,29.9,23.4,26.0,27.96,30.73
2001-10-02,29.2,23.8,25.8,26.91,28.61
2001-10-03,30.0,23.5,26.5,27.33,29.52
2001-10-04,29.7,23.6,26.3,27.58,30.07
2001-10-05,30.0,23.1,26.4,27.94,30.33
2001-10-06,30.0,23.2,26.3,27.83,30.81
2001-10-07,29.5,23.9,25.9,27.39,30.37
2001-10-08,30.5,23.7,26.4,27.35,29.81
2001-10-09,29.5,23.6,26.0,27.29,30.31
2001-10-10,29.2,23.2,25.7,27.25,30.3
2001-10-11,29.8,23.0,26.4,27.88,30.72
2001-10-12,30.0,22.8,26.3,27.45,29.77
2001-10-13,29.5,23.0,26.2,27.53,30.34
2001-10-14,29.8,23.4,26.1,26.87,28.54
2001-10-15,29.5,23.7,26.2,27.78,30.62
2001-10-16,30.0,23.5,26.2,27.98,30.54
2001-10-17,30.4,23.6,26.5,27.95,30.25
2001-10-18,30.1,23.6,26.2,26.91,28.75
2001-10-19,29.7,23.7,26.2,27.22,29.2
2001-10-20,29.1,23.8,25.8,27.23,29.22
2001-10-21,28.8,23.4,25.8,26.76,28.22
2001-10-22,28.0,23.3,25.6,27.18,29.53
2001-10-23,29.3,23.6,26.0,27.82,30.56
2001-10-24,29.5,23.5,26.1,27.65,29.52
2001-10-25,29.3,23.4,26.1,27.89,29.88
2001-10-26,30.1,23.7,25.9,27.65,29.31
2001-10-27,30.3,23.9,26.5,28.26,31.05
2001-10-28,29.4,23.3,26.3,28.13,31.01
2001-10-29,29.0,23.5,25.9,27.72,29.64
2001-10-30,30.0,23.7,26.5,28.15,30.87
2001-10-31,30.7,23.2,27.0,27.95,30.32
2001-11-01,28.5,23.7,25.5,27.18,29.09
2001-11-02,29.4,23.4,26.0,26.38,27.19
2001-11-03,29.4,23.2,25.7,27.7,30.58
2001-11-04,29.6,23.5,25.9,27.34,29.21
2001-11-05,29.4,23.0,26.0,27.62,30.17
2001-11-06,28.7,22.8,25.7,27.38,29.22
2001-11-07,29.8,23.0,26.1,27.69,29.74
2001-11-08,29.7,23.9,26.7,28.02,30.21
2001-11-09,29.7,23.9,26.4,27.92,30.4
2001-11-10,30.6,24.0,26.5,27.7,30.85
2001-11-11,30.4,23.8,26.5,27.51,29.93
2001-11-12,30.6,24.0,26.9,27.47,29.1
2001-11-13,30.3,24.1,26.4,28.13,30.24
2001-11-14,29.8,23.9,26.1,27.66,29.8
2001-11-15,29.2,23.4,25.6,26.41,27.71
2001-11-16,27.6,23.8,25.2,26.5,27.9
2001-11-17,27.8,23.6,25.0,26.25,27.79
2001-11-18,28.4,23.7,25.5,27.16,30.03
2001-11-19,28.1,23.7,25.5,27.12,29.8
2001-11-20,27.4,23.9,25.3,27.1,29.73
2001-11-21,26.9,23.4,24.6,25.98,27.45
2001-11-22,26.8,23.3,24.9,27.57,30.17
2001-11-23,27.8,23.4,25.5,27.08,28.75
2001-11-24,27.5,23.6,25.1,26.74,28.03
2001-11-25,28.2,23.6,25.1,26.64,28.5
2001-11-26,27.2,23.6,25.3,27.05,28.81
2001-11-27,28.6,23.7,25.9,26.87,29.19
2001-11-28,29.0,23.2,25.5,27.13,29.52
2001-11-29,30.0,23.5,26.1,26.9,28.72
2001-11-30,29.5,23.7,26.2,27.17,29.57
2001-12-01,29.1,23.7,26.0,27.22,29.88
2001-12-02,28.4,22.9,25.6,27.47,30.52
2001-12-03,30.0,21.8,25.8,27.57,30.96
2001-12-04,29.7,23.5,26.0,27.62,30.5
2001-12-05,29.5,23.1,26.0,27.39,30.69
2001-12-06,29.2,23.5,25.8,27.29,30.82
2001-12-07,28.4,23.9,25.6,27.21,30.74
2001-12-08,28.9,23.6,25.9,27.07,30.49
2001-12-09,28.8,22.0,25.6,26.91,30.6
2001-12-10,29.9,22.2,26.0,26.93,30.41
2001-12-11,29.0,22.2,25.5,26.72,30.04
2001-12-12,29.6,23.2,26.2,27.02,30.25
2001-12-13,29.3,23.0,25.7,26.45,28.8
2001-12-14,27.9,23.2,25.0,26.21,28.22
2001-12-15,29.7,23.0,25.9,26.77,29.07
2001-12-16,30.4,23.8,26.6,27.27,29.59
2001-12-17,29.3,23.8,26.5,27.33,29.72
2001-12-18,30.9,23.0,26.7,27.26,29.66
2001-12-19,29.1,23.2,26.2,27.84,30.84
2001-12-20,28.1,23.2,25.6,27.04,30.07
2001-12-21,28.8,23.6,25.8,26.6,28.68
2001-12-22,30.5,22.6,26.2,27.28,31.56
2001-12-23,30.3,20.5,25.5,27.19,31.26
2001-12-24,30.8,20.5,25.8,27.39,31.27
2001-12-25,31.2,22.3,26.2,27.01,29.71
2001-12-26,31.0,22.8,26.8,27.03,29.63
2001-12-27,31.4,22.3,26.9,28.02,31.73
2001-12-28,29.6,22.8,26.1,27.91,30.59
2001-12-29,29.0,23.1,25.7,26.94,28.99
2001-12-30,26.5,23.4,24.6,26.74,28.31
2001-12-31,26.6,23.1,24.6,26.47,27.89
2002-01-01,28.4,22.7,25.3,26.54,28.3
2002-01-02,28.4,23.2,25.3,26.67,27.6
2002-01-03,28.1,23.4,25.8,26.98,28.9
2002-01-04,28.0,23.3,25.7,26.9,29.06
2002-01-05,28.4,22.4,25.9,26.95,28.82
2002-01-06,29.1,22.7,26.1,27.08,29.43
2002-01-07,28.6,23.2,25.5,26.64,28.28
2002-01-08,28.8,23.5,25.8,26.62,29.46
2002-01-09,27.7,23.3,25.3,26.75,28.82
2002-01-10,27.8,23.3,25.1,26.42,27.54
2002-01-11,28.3,23.1,25.7,26.68,28.6
2002-01-12,29.7,23.3,26.1,27.47,30.01
2002-01-13,28.5,23.1,25.6,27.25,29.17
2002-01-14,28.0,23.6,25.5,26.94,28.23
2002-01-15,28.4,23.5,26.0,27.29,29.33
2002-01-16,29.1,23.1,25.8,27.34,29.62
2002-01-17,29.0,23.6,25.7,26.64,28.01
2002-01-18,26.3,23.6,24.6,26.39,27.59
2002-01-19,28.8,23.5,25.7,26.59,28.5
2002-01-20,28.7,23.3,25.7,27.02,29.11
2002-01-21,28.7,23.7,25.6,26.18,27.39
2002-01-22,26.2,23.5,24.6,25.97,27.06
2002-01-23,27.3,23.4,25.4,26.07,27.62
2002-01-24,29.0,23.6,25.4,26.04,27.75
2002-01-25,27.1,23.7,25.0,26.35,28.44
2002-01-26,26.4,23.8,24.7,26.28,27.67
2002-01-27,27.1,23.5,24.9,26.55,27.71
2002-01-28,26.0,23.4,24.3,26.3,26.97
2002-01-29,27.3,23.3,24.6,26.25,27.54
2002-01-30,26.5,23.4,24.4,25.59,26.41
2002-01-31,27.6,22.5,24.9,25.76,27.45
2002-02-01,28.4,23.4,25.6,25.95,27.13
2002-02-02,28.5,23.6,25.6,25.92,27.26
2002-02-03,27.8,23.0,25.2,25.98,27.98
2002-02-04,27.5,23.2,24.9,25.26,26.24
2002-02-05,28.4,23.2,25.3,25.83,27.72
2002-02-06,28.0,23.3,25.0,26.0,27.54
2002-02-07,27.5,23.3,24.8,25.5,26.62
2002-02-08,28.0,23.2,25.2,26.01,27.69
2002-02-09,26.2,23.1,24.5,25.38,26.22
2002-02-10,27.4,23.1,24.8,25.75,26.91
2002-02-11,28.1,22.9,25.4,26.12,27.77
2002-02-12,28.1,23.3,25.1,25.9,27.38
2002-02-13,28.6,22.9,25.0,25.84,26.93
2002-02-14,28.5,23.2,25.2,25.65,26.97
2002-02-15,29.3,22.5,25.5,26.0,27.4
2002-02-16,27.8,23.1,25.0,25.42,26.37
2002-02-17,28.4,23.2,25.3,26.14,27.42
2002-02-18,27.7,22.8,25.2,26.08,27.22
2002-02-19,28.9,22.7,25.8,26.67,28.43
2002-02-20,26.5,23.4,25.0,26.42,27.07
2002-02-21,27.6,23.6,25.1,26.01,26.66
2002-02-22,27.5,23.2,25.0,25.49,26.56
2002-02-23,29.2,23.1,25.7,26.2,27.8
2002-02-24,28.7,23.7,25.6,26.22,27.59
2002-02-25,29.1,22.7,25.8,26.3,28.62
2002-02-26,29.9,21.7,25.8,26.92,29.31
2002-02-27,29.0,22.9,25.9,27.08,29.35
2002-02-28,29.2,23.9,26.3,27.09,29.26
2002-03-01,29.5,23.0,26.0,27.2,28.89
2002-03-02,29.8,23.5,26.1,26.83,28.22
2002-03-03,30.4,23.4,26.8,28.17,31.16
2002-03-04,29.2,23.9,26.2,28.07,30.19
2002-03-05,30.1,23.5,26.7,27.89,30.45
2002-03-06,31.3,22.3,26.8,28.05,30.87
2002-03-07,29.6,23.5,26.2,26.86,29.32
2002-03-08,27.7,23.4,25.1,25.92,26.74
2002-03-09,28.3,23.4,25.6,26.31,28.03
2002-03-10,28.5,23.2,25.6,26.75,28.55
2002-03-11,28.8,23.3,25.6,26.51,27.67
2002-03-12,28.7,23.4,25.8,26.66,28.02
2002-03-13,28.4,23.6,25.8,26.54,28.64
2002-03-14,29.6,23.2,26.1,26.98,29.45
2002-03-15,29.7,22.7,25.9,27.07,29.31
2002-03-16,29.2,22.9,25.7,27.13,29.1
2002-03-17,29.6,22.9,26.0,26.88,28.57
2002-03-18,29.1,22.7,25.8,26.9,28.99
2002-03-19,28.6,23.4,25.5,26.5,27.96
2002-03-20,29.3,23.4,26.2,27.35,29.64
2002-03-21,29.0,23.5,26.1,27.38,29.26
2002-03-22,30.2,22.9,26.5,28.2,30.82
2002-03-23,29.0,23.9,26.2,27.63,29.13
2002-03-24,30.3,23.5,26.6,27.95,30.46
2002-03-25,29.7,23.6,26.6,27.51,29.7
2002-03-26,30.3,23.3,26.4,27.55,29.6
2002-03-27,29.8,23.9,26.2,27.89,30.38
2002-03-28,29.7,23.3,26.0,27.39,29.07
2002-03-29,28.5,23.8,25.7,26.95,28.22
2002-03-30,29.3,23.2,25.9,27.25,28.9
2002-03-31,29.7,23.9,26.1,27.0,28.83
2002-04-01,26.8,23.7,24.7,26.27,27.02
2002-04-02,28.5,22.9,25.2,26.25,27.64
2002-04-03,29.9,23.0,26.1,26.8,28.54
2002-04-04,27.9,23.7,25.7,26.99,28.96
2002-04-05,29.8,22.9,26.1,27.3,29.86
2002-04-06,28.4,23.4,25.5,27.26,29.49
2002-04-07,30.2,23.3,26.3,27.12,28.29
2002-04-08,30.1,23.6,26.4,28.02,29.68
2002-04-09,29.3,23.2,26.2,27.61,29.6
2002-04-10,28.5,22.6,25.3,27.19,28.61
2002-04-11,30.0,23.3,26.4,27.78,30.04
2002-04-12,30.0,23.3,26.4,27.76,29.24
2002-04-13,29.7,23.3,26.0,27.75,29.44
2002-04-14,29.4,22.8,26.1,27.69,29.78
2002-04-15,30.2,23.9,26.7,27.64,29.13
2002-04-16,29.6,23.6,26.2,27.38,28.96
2002-04-17,29.1,23.3,25.9,27.26,28.84
2002-04-18,29.1,23.5,25.9,27.4,29.11
2002-04-19,28.6,23.0,25.7,27.58,29.26
2002-04-20,28.8,23.4,25.9,27.56,29.12
2002-04-21,29.6,23.2,26.0,27.23,28.51
2002-04-22,28.7,23.5,25.9,27.47,29.09
2002-04-23,29.1,23.4,26.0,27.44,28.89
2002-04-24,29.5,23.8,26.1,27.43,28.74
2002-04-25,30.1,23.2,26.4,27.67,29.32
2002-04-26,30.2,23.4,26.7,27.93,29.99
2002-04-27,29.7,24.1,26.4,28.19,30.46
2002-04-28,30.5,24.2,26.9,28.09,30.76
2002-04-29,30.4,23.8,27.0,28.02,30.32
2002-04-30,30.1,23.6,26.6,27.79,30.24
2002-05-01,30.0,23.4,26.5,27.87,30.25
2002-05-02,30.4,23.1,26.7,27.88,30.2
2002-05-03,30.7,24.6,27.4,28.36,31.08
2002-05-04,28.9,24.5,26.3,27.96,29.13
2002-05-05,29.4,24.7,26.6,28.38,30.74
2002-05-06,30.4,24.1,26.7,28.07,30.21
2002-05-07,29.5,24.2,26.5,27.92,29.81
2002-05-08,29.5,24.2,26.2,27.6,29.13
2002-05-09,28.4,23.6,25.5,27.51,29.14
2002-05-10,27.5,24.0,25.4,27.23,28.37
2002-05-11,29.6,23.4,26.1,27.16,29.18
2002-05-12,30.1,23.4,26.7,27.67,29.37
2002-05-13,30.3,24.1,27.3,28.4,30.59
2002-05-14,30.8,23.8,27.5,28.1,30.28
2002-05-15,29.8,24.3,26.8,28.08,30.03
2002-05-16,29.8,23.8,26.4,27.3,28.34
2002-05-17,29.6,23.2,25.9,27.74,29.74
2002-05-18,29.8,22.8,25.9,27.63,29.93
2002-05-19,29.8,23.8,26.6,27.36,29.8
2002-05-20,29.7,22.0,26.1,27.38,29.96
2002-05-21,29.2,22.9,26.2,27.49,29.66
2002-05-22,28.9,22.8,26.1,27.65,29.77
2002-05-23,29.7,23.0,26.1,27.82,30.21
2002-05-24,30.1,22.9,26.2,27.97,30.25
2002-05-25,30.4,22.6,26.3,27.76,29.91
2002-05-26,30.0,23.0,26.3,27.41,29.95
2002-05-27,30.1,22.8,26.1,27.38,29.9
2002-05-28,30.0,23.2,26.6,27.55,29.47
2002-05-29,30.4,22.9,26.9,27.66,29.97
2002-05-30,29.7,23.7,26.6,27.54,29.35
2002-05-31,29.9,23.6,26.6,27.56,29.34
2002-06-01,29.3,23.5,26.2,27.55,29.33
2002-06-02,29.8,23.0,26.5,27.67,29.64
2002-06-03,29.0,23.9,26.2,27.61,29.82
2002-06-04,29.0,23.0,25.9,26.91,28.18
2002-06-05,30.2,23.2,26.6,27.26,29.27
2002-06-06,30.4,23.6,27.0,27.59,29.78
2002-06-07,29.9,23.6,26.5,27.97,30.07
2002-06-08,30.1,23.1,26.3,27.72,29.68
2002-06-09,30.7,22.9,26.7,27.07,29.54
2002-06-10,31.0,22.6,27.0,27.36,30.08
2002-06-11,30.2,23.9,26.7,27.56,30.06
2002-06-12,30.8,22.8,26.3,27.39,29.74
2002-06-13,31.0,22.9,26.0,27.33,29.55
2002-06-14,29.7,23.3,25.8,26.7,27.88
2002-06-15,29.2,23.2,25.9,27.12,29.2
2002-06-16,29.5,23.3,26.4,27.15,29.61
2002-06-17,29.9,23.0,25.8,27.58,30.12
2002-06-18,29.3,23.4,26.0,27.49,30.1
2002-06-19,30.1,23.1,26.5,27.2,29.8
2002-06-20,30.1,22.5,26.6,27.02,29.26
2002-06-21,30.3,23.4,26.6,27.74,29.99
2002-06-22,30.4,23.2,26.8,27.34,29.55
2002-06-23,30.7,23.2,27.0,26.87,29.37
2002-06-24,30.8,23.8,27.2,26.86,29.12
2002-06-25,30.7,23.8,27.3,27.21,29.72
2002-06-26,30.0,24.0,26.5,27.34,29.52
2002-06-27,30.8,23.3,26.9,27.23,29.21
2002-06-28,30.3,24.0,26.9,27.47,29.9
2002-06-29,30.2,23.1,26.5,26.5,28.73
2002-06-30,30.1,23.5,26.6,26.6,28.63
2002-07-01,30.3,23.4,26.7,26.82,29.09
2002-07-02,29.5,23.1,26.2,26.73,29.05
2002-07-03,30.3,22.9,26.3,26.09,28.41
2002-07-04,30.5,22.4,26.2,26.38,28.97
2002-07-05,30.1,23.8,26.6,26.36,28.77
2002-07-06,30.5,23.3,26.8,26.7,28.83
2002-07-07,30.8,24.6,27.2,26.76,28.77
2002-07-08,30.9,23.9,27.1,26.71,28.23
2002-07-09,30.2,24.1,26.9,27.14,29.36
2002-07-10,30.6,23.8,26.9,27.46,29.66
2002-07-11,30.4,23.8,26.5,27.0,29.34
2002-07-12,30.6,23.7,26.6,27.02,29.3
2002-07-13,29.9,23.7,26.3,27.0,29.34
2002-07-14,30.0,23.1,25.7,26.15,28.04
2002-07-15,28.8,23.5,26.0,26.04,27.69
2002-07-16,29.8,23.7,26.5,26.69,28.88
2002-07-17,29.3,22.8,25.6,26.8,29.03
2002-07-18,30.0,22.5,25.8,26.87,28.95
2002-07-19,29.6,23.4,26.0,27.0,29.09
2002-07-20,29.3,23.3,25.9,27.23,29.51
2002-07-21,29.7,23.4,25.9,26.68,28.82
2002-07-22,29.1,22.7,25.8,26.48,28.89
2002-07-23,29.7,22.3,26.2,26.74,29.3
2002-07-24,29.9,22.8,26.1,27.0,29.48
2002-07-25,29.6,22.6,26.1,26.9,29.54
2002-07-26,29.2,23.2,26.0,26.16,28.72
2002-07-27,29.6,23.2,26.1,26.57,29.24
2002-07-28,29.9,23.2,26.3,26.34,28.92
2002-07-29,29.8,22.8,26.4,26.69,29.4
2002-07-30,29.7,23.0,26.3,26.52,29.03
2002-07-31,30.5,23.6,26.8,26.58,29.31
2002-08-01,30.2,24.1,26.7,26.83,29.33
2002-08-02,29.8,23.1,25.9,26.77,29.26
2002-08-03,29.2,22.6,25.8,26.6,29.43
2002-08-04,30.1,23.0,26.3,26.75,29.53
2002-08-05,29.7,22.7,26.0,26.91,29.39
2002-08-06,30.2,22.1,26.1,26.18,28.99
2002-08-07,30.1,21.7,26.1,26.52,29.28
2002-08-08,30.1,23.4,26.4,26.62,28.83
2002-08-09,29.0,22.5,25.9,26.75,29.14
2002-08-10,30.2,22.9,25.7,26.75,28.99
2002-08-11,30.0,22.6,26.2,27.12,29.81
2002-08-12,31.1,24.1,27.1,26.97,29.67
2002-08-13,29.8,24.1,26.6,26.64,29.52
2002-08-14,30.4,21.8,25.8,26.17,29.0
2002-08-15,30.3,20.2,25.3,26.32,29.17
2002-08-16,29.7,22.6,26.2,27.06,29.47
2002-08-17,30.3,22.7,26.5,26.78,29.65
2002-08-18,30.3,21.8,26.3,26.31,29.3
2002-08-19,29.8,23.0,26.1,26.54,29.49
2002-08-20,29.8,22.1,26.0,26.09,28.86
2002-08-21,30.9,22.3,26.5,26.27,29.5
2002-08-22,31.2,23.1,27.0,26.32,29.32
2002-08-23,31.1,23.7,27.3,26.84,29.9
2002-08-24,31.5,23.9,27.0,26.94,29.88
2002-08-25,30.5,23.5,26.9,27.16,30.36
2002-08-26,30.1,23.7,26.5,26.84,29.63
2002-08-27,30.7,23.1,26.6,26.36,29.3
2002-08-28,30.9,22.7,26.7,26.27,29.41
2002-08-29,31.4,23.3,27.1,26.0,29.26
2002-08-30,31.4,23.3,27.0,26.09,29.32
2002-08-31,31.3,22.9,27.0,26.07,29.2
2002-09-01,31.9,24.2,27.3,26.56,30.15
2002-09-02,31.7,23.6,27.2,26.53,29.48
2002-09-03,32.0,22.9,27.1,26.88,29.82
2002-09-04,31.4,22.7,27.2,26.76,29.52
2002-09-05,30.2,24.5,26.9,26.62,29.49
2002-09-06,31.8,23.5,26.9,26.52,29.76
2002-09-07,31.6,22.4,26.9,26.24,29.44
2002-09-08,31.8,23.3,27.1,26.1,29.65
2002-09-09,30.2,24.0,26.4,26.0,28.98
2002-09-10,31.3,22.5,26.6,26.43,29.01
2002-09-11,31.0,23.3,26.9,26.87,29.99
2002-09-12,31.8,23.8,27.5,26.97,30.02
2002-09-13,31.9,24.0,27.6,27.11,30.34
2002-09-14,31.7,23.4,27.5,27.32,30.41
2002-09-15,31.7,23.8,27.0,27.48,30.8
2002-09-16,32.0,23.2,27.3,26.83,30.43
2002-09-17,31.3,22.4,27.2,26.76,30.27
2002-09-18,32.0,23.3,27.6,26.96,30.46
2002-09-19,31.8,23.0,27.3,27.31,30.85
2002-09-20,31.7,22.7,27.2,27.42,30.73
2002-09-21,32.6,23.7,27.7,27.62,31.36
2002-09-22,32.5,23.8,28.0,27.92,31.27
2002-09-23,31.5,23.3,27.7,27.48,30.9
2002-09-24,32.6,24.1,27.9,27.32,30.83
2002-09-25,32.1,24.1,27.9,27.44,30.83
2002-09-26,32.0,23.8,27.3,27.36,30.34
2002-09-27,31.3,24.2,26.6,27.49,30.48
2002-09-28,30.9,22.8,26.8,27.38,29.52
2002-09-29,30.3,23.3,26.5,27.24,30.09
2002-09-30,31.2,22.7,26.9,27.89,30.92
2002-10-01,31.3,22.7,27.1,27.95,31.45
2002-10-02,31.6,23.9,27.3,27.4,30.78
2002-10-03,32.6,22.5,27.3,27.44,30.56
2002-10-04,32.2,22.8,27.5,27.56,31.44
2002-10-05,32.2,22.4,27.2,27.65,30.78
2002-10-06,31.1,23.9,27.3,27.95,31.12
2002-10-07,31.7,23.6,27.1,28.0,31.31
2002-10-08,31.5,24.0,27.4,27.59,31.18
2002-10-09,32.0,23.6,27.9,27.97,31.78
2002-10-10,33.3,24.0,28.3,28.18,32.24
2002-10-11,33.7,22.9,28.1,28.43,32.34
2002-10-12,33.6,22.8,27.9,28.6,32.73
2002-10-13,33.2,23.3,28.0,28.89,32.48
2002-10-14,33.4,23.4,28.3,29.05,32.94
2002-10-15,33.3,24.0,28.3,28.98,32.56
2002-10-16,33.5,24.5,28.5,28.88,32.47
2002-10-17,34.0,24.1,28.5,28.85,32.88
2002-10-18,32.3,24.2,28.2,29.04,32.58
2002-10-19,33.1,24.6,28.3,28.92,32.65
2002-10-20,33.4,23.7,28.2,28.95,32.86
2002-10-21,33.3,24.4,28.6,28.67,32.82
2002-10-22,34.1,24.0,28.7,27.87,31.61
2002-10-23,34.2,24.6,28.8,28.99,33.16
2002-10-24,31.6,24.9,28.0,28.39,31.94
2002-10-25,32.9,23.7,28.0,29.01,32.7
2002-10-26,33.1,23.6,28.3,29.1,32.86
2002-10-27,32.7,24.3,28.1,29.5,33.33
2002-10-28,32.4,23.9,28.0,28.92,32.16
2002-10-29,32.7,23.9,28.2,29.14,32.54
2002-10-30,31.9,24.2,27.5,29.06,32.27
2002-10-31,33.0,23.4,27.9,28.17,30.04
2002-11-01,33.1,25.4,28.3,29.19,32.97
2002-11-02,32.6,24.1,27.8,28.63,30.32
2002-11-03,32.2,24.5,27.9,29.41,32.8
2002-11-04,31.7,24.7,27.6,29.19,31.77
2002-11-05,32.0,24.3,27.8,28.92,31.6
2002-11-06,31.9,24.4,27.2,29.28,32.53
2002-11-07,31.9,23.8,27.4,28.58,31.13
2002-11-08,32.2,24.4,27.7,28.85,31.86
2002-11-09,32.6,23.2,27.8,28.65,31.53
2002-11-10,32.0,23.9,27.4,28.77,32.14
2002-11-11,32.4,24.0,28.0,28.64,30.81
2002-11-12,32.3,24.0,27.9,29.34,32.72
2002-11-13,31.7,24.6,27.5,28.88,32.02
2002-11-14,30.6,24.4,26.5,27.89,29.26
2002-11-15,30.6,24.3,27.1,29.44,32.91
2002-11-16,31.4,24.0,27.1,29.26,32.6
2002-11-17,30.7,23.9,26.8,28.47,30.92
2002-11-18,29.6,23.9,26.0,27.25,29.17
2002-11-19,30.2,24.5,26.7,27.98,30.32
2002-11-20,30.7,23.8,26.6,28.05,29.05
2002-11-21,30.6,23.9,26.7,28.12,30.55
2002-11-22,29.6,23.8,26.4,27.96,30.03
2002-11-23,30.3,23.7,26.5,27.95,30.36
2002-11-24,30.0,23.7,26.9,28.15,30.87
2002-11-25,29.4,24.1,26.8,27.82,30.44
2002-11-26,29.7,24.2,26.2,26.85,28.76
2002-11-27,30.7,24.1,26.7,27.33,30.13
2002-11-28,28.7,24.2,26.1,27.05,29.67
2002-11-29,26.5,23.5,24.7,27.08,29.46
2002-11-30,29.7,22.9,25.7,27.38,29.95
2002-12-01,30.6,23.2,26.5,27.7,29.95
2002-12-02,29.7,23.1,26.4,27.98,30.28
2002-12-03,30.4,23.6,26.8,28.36,30.93
2002-12-04,30.4,23.5,26.8,28.47,31.53
2002-12-05,29.5,23.8,26.7,28.16,30.21
2002-12-06,28.4,24.1,25.9,27.26,29.63
2002-12-07,29.8,23.7,26.1,27.16,28.84
2002-12-08,30.2,23.7,26.5,28.28,30.44
2002-12-09,29.7,23.9,26.8,28.85,31.26
2002-12-10,28.9,23.8,26.3,28.45,30.15
2002-12-11,29.5,23.6,26.5,28.41,30.89
2002-12-12,29.7,24.1,26.5,27.3,28.95
2002-12-13,28.8,24.1,26.0,26.96,28.95
2002-12-14,28.0,23.9,25.4,27.07,29.21
2002-12-15,28.8,23.8,26.0,27.74,30.22
2002-12-16,29.1,24.3,26.1,28.06,30.5
2002-12-17,30.7,23.7,27.1,28.63,31.71
2002-12-18,30.7,24.4,27.5,28.57,31.09
2002-12-19,30.0,24.4,26.9,28.55,30.76
2002-12-20,30.3,24.4,26.6,28.42,30.26
2002-12-21,30.4,23.9,27.0,28.61,30.46
2002-12-22,30.2,23.9,26.9,28.98,31.56
2002-12-23,28.9,23.8,26.1,28.82,31.58
2002-12-24,28.6,24.1,26.1,27.47,28.98
2002-12-25,27.9,24.2,25.6,27.29,29.28
2002-12-26,28.5,23.8,25.8,27.24,29.09
2002-12-27,25.9,23.7,24.7,26.68,28.3
2002-12-28,28.9,23.1,25.3,27.07,30.39
2002-12-29,28.6,22.8,25.4,27.13,29.72
2002-12-30,30.7,22.9,26.1,27.6,30.0
2002-12-31,28.4,23.7,25.8,27.16,29.84
2003-01-01,27.2,24.4,25.5,26.81,28.92
2003-01-02,27.4,24.0,25.2,27.15,29.37
2003-01-03,29.6,23.8,25.9,27.47,30.8
2003-01-04,30.2,24.0,26.6,28.16,31.79
2003-01-05,29.9,23.5,26.3,28.15,31.43
2003-01-06,30.4,23.5,26.7,28.46,31.66
2003-01-07,30.7,23.1,26.9,28.78,32.49
2003-01-08,31.5,23.3,27.0,28.72,32.4
2003-01-09,30.1,22.9,26.5,28.27,31.63
2003-01-10,30.3,23.6,26.6,28.2,31.74
2003-01-11,29.8,24.2,26.8,28.66,32.71
2003-01-12,30.7,24.3,26.9,28.04,30.81
2003-01-13,30.3,23.1,26.7,28.48,32.0
2003-01-14,31.3,23.2,27.1,28.8,32.84
2003-01-15,29.5,22.8,26.5,28.29,31.65
2003-01-16,29.8,23.6,26.8,28.32,32.04
2003-01-17,30.2,24.7,27.4,27.85,30.81
2003-01-18,31.1,23.5,27.1,28.36,31.16
2003-01-19,32.0,24.0,27.8,29.06,33.84
2003-01-20,31.2,23.7,27.3,28.78,33.1
2003-01-21,30.4,24.8,26.9,29.29,32.8
2003-01-22,28.8,24.3,26.4,27.56,29.05
2003-01-23,29.1,24.3,26.2,27.34,28.86
2003-01-24,29.4,23.5,26.0,27.75,30.25
2003-01-25,28.8,23.7,25.9,27.64,30.12
2003-01-26,27.5,23.8,25.6,27.54,29.56
2003-01-27,28.2,23.8,25.5,27.25,29.21
2003-01-28,29.1,23.5,25.8,27.64,29.93
2003-01-29,27.3,23.6,25.3,26.8,27.67
2003-01-30,28.2,23.6,25.6,27.12,29.57
2003-01-31,27.4,23.5,25.3,26.56,28.24
2003-02-01,29.0,23.0,25.6,26.32,27.79
2003-02-02,30.1,23.2,26.2,26.45,28.06
2003-02-03,29.1,23.5,25.7,27.17,29.16
2003-02-04,27.8,23.9,25.1,26.71,27.63
2003-02-05,27.8,23.4,25.7,26.38,27.59
2003-02-06,28.0,23.9,25.8,27.16,28.79
2003-02-07,28.7,23.9,25.8,27.19,28.4
2003-02-08,28.4,23.3,25.9,27.19,28.61
2003-02-09,28.5,24.2,26.0,27.21,29.15
2003-02-10,29.8,23.4,26.0,27.08,28.96
2003-02-11,29.1,23.2,25.8,27.08,29.1
2003-02-12,28.1,23.9,25.8,27.28,28.54
2003-02-13,28.0,23.8,25.7,27.05,28.42
2003-02-14,28.9,23.1,25.3,26.79,28.68
2003-02-15,28.8,23.5,25.8,26.63,27.93
2003-02-16,28.0,23.9,25.5,26.51,28.41
2003-02-17,26.5,23.3,24.8,26.37,27.29
2003-02-18,28.6,23.4,25.5,26.94,29.17
2003-02-19,28.4,24.0,25.5,26.15,27.72
2003-02-20,27.8,23.1,25.3,27.08,29.49
2003-02-21,27.3,23.7,25.2,26.44,28.36
2003-02-22,28.3,23.5,25.3,26.73,28.27
2003-02-23,28.8,23.6,26.1,26.63,28.07
2003-02-24,28.9,24.0,26.3,26.59,27.97
2003-02-25,28.7,24.5,26.2,27.4,29.5
2003-02-26,29.1,24.2,26.1,26.95,28.15
2003-02-27,28.6,23.9,25.7,26.93,28.37
2003-02-28,28.6,24.0,26.0,27.16,29.12
2003-03-01,29.2,24.0,26.0,26.79,28.23
2003-03-02,29.2,22.9,25.9,26.89,28.28
2003-03-03,28.7,24.8,26.5,27.45,29.72
2003-03-04,30.0,24.6,27.0,27.35,29.36
2003-03-05,29.7,25.1,26.7,26.97,28.7
2003-03-06,30.4,24.4,26.6,27.29,29.79
2003-03-07,28.9,24.2,26.3,26.92,28.73
2003-03-08,28.5,23.9,26.1,26.7,28.55
2003-03-09,28.6,23.3,26.0,26.52,28.54
2003-03-10,29.0,23.3,25.7,26.57,28.04
2003-03-11,28.7,23.3,25.8,27.56,29.57
2003-03-12,29.1,22.6,25.5,27.1,29.16
2003-03-13,28.5,23.1,25.7,26.99,29.7
2003-03-14,27.6,22.9,25.4,26.27,27.19
2003-03-15,27.7,23.7,25.8,26.6,28.2
2003-03-16,28.1,23.8,25.6,26.84,28.94
2003-03-17,28.9,23.4,25.9,27.35,29.8
2003-03-18,29.3,23.2,25.8,26.83,28.04
2003-03-19,28.1,23.4,25.1,26.71,28.03
2003-03-20,29.4,22.8,26.2,27.05,29.45
2003-03-21,28.6,23.2,25.5,27.2,29.52
2003-03-22,28.7,23.2,25.5,27.41,30.04
2003-03-23,28.9,22.6,25.9,27.06,28.99
2003-03-24,30.0,23.3,26.8,27.65,29.85
2003-03-25,29.5,23.3,26.1,27.42,29.54
2003-03-26,29.5,23.3,25.8,27.49,29.63
2003-03-27,29.4,22.8,25.9,27.38,30.05
2003-03-28,29.3,23.2,26.1,27.69,30.31
2003-03-29,29.6,23.7,26.1,27.77,30.54
2003-03-30,29.7,23.1,26.3,27.93,30.45
2003-03-31,30.7,23.5,26.9,28.22,30.74
2003-04-01,29.8,23.5,26.6,27.94,29.97
2003-04-02,30.2,23.6,26.7,27.88,29.58
2003-04-03,29.6,23.7,26.6,27.57,29.03
2003-04-04,30.7,23.6,27.0,28.11,30.4
2003-04-05,30.8,24.1,27.1,28.4,31.51
2003-04-06,30.5,22.8,26.9,28.08,31.23
2003-04-07,30.9,23.7,27.4,28.4,30.95
2003-04-08,30.6,23.8,26.9,28.07,29.78
2003-04-09,30.3,24.5,26.7,28.01,30.79
2003-04-10,30.4,23.8,26.5,27.99,30.41
2003-04-11,29.4,23.9,26.6,27.12,28.39
2003-04-12,28.9,23.6,26.1,27.4,29.36
2003-04-13,29.9,23.5,26.3,27.72,30.31
2003-04-14,29.8,23.8,26.6,28.21,31.05
2003-04-15,29.8,24.4,26.9,27.61,29.28
2003-04-16,30.9,23.2,26.9,28.34,31.22
2003-04-17,29.6,23.5,26.2,28.29,30.81
2003-04-18,30.1,24.2,26.3,28.52,31.07
2003-04-19,30.2,23.7,26.5,27.52,28.89
2003-04-20,30.6,23.8,27.2,27.97,30.3
2003-04-21,30.0,24.7,26.8,28.57,30.81
2003-04-22,28.4,23.5,25.9,28.34,30.46
2003-04-23,28.1,23.7,25.4,27.61,29.2
2003-04-24,29.5,24.0,26.0,27.52,29.42
2003-04-25,30.0,23.2,26.2,27.99,30.75
2003-04-26,30.1,23.8,26.8,28.2,30.74
2003-04-27,28.4,23.7,25.9,27.95,30.15
2003-04-28,29.7,23.9,26.2,27.86,29.82
2003-04-29,29.7,23.9,26.4,28.09,30.37
2003-04-30,29.8,24.1,26.4,27.93,30.0
2003-05-01,29.2,23.9,25.9,27.04,28.15
2003-05-02,30.3,24.3,26.9,27.58,29.71
2003-05-03,30.4,24.6,27.0,27.83,29.57
2003-05-04,31.3,24.2,27.3,28.26,30.81
2003-05-05,30.2,23.8,26.9,28.06,30.28
2003-05-06,29.4,24.7,26.4,28.12,30.2
2003-05-07,29.3,24.2,26.1,27.73,29.3
2003-05-08,30.0,24.2,26.5,27.33,28.97
2003-05-09,31.1,24.2,27.4,27.96,30.45
2003-05-10,28.7,25.1,26.5,27.49,29.02
2003-05-11,28.9,24.5,26.7,27.56,29.6
2003-05-12,29.7,24.0,26.3,27.64,29.69
2003-05-13,29.6,23.5,26.1,27.54,29.39
2003-05-14,29.5,24.2,26.3,27.72,29.75
2003-05-15,29.8,23.4,26.3,28.19,30.82
2003-05-16,30.4,23.4,26.9,28.11,30.58
2003-05-17,30.0,24.0,26.6,28.48,31.07
2003-05-18,29.2,23.7,26.5,28.1,30.15
2003-05-19,30.1,23.8,26.3,28.24,30.73
2003-05-20,30.1,23.2,26.7,28.14,30.34
2003-05-21,30.0,23.5,26.9,28.56,31.06
2003-05-22,30.0,23.6,26.9,28.17,30.84
2003-05-23,30.4,24.0,27.1,27.94,30.51
2003-05-24,30.4,22.7,26.6,28.18,30.99
2003-05-25,30.2,23.8,26.9,28.44,30.96
2003-05-26,30.1,23.2,26.5,27.75,30.72
2003-05-27,30.0,23.1,26.5,27.38,30.28
2003-05-28,29.9,22.7,26.3,27.31,30.11
2003-05-29,29.6,23.3,26.5,27.72,30.52
2003-05-30,30.1,22.9,26.4,27.82,30.57
2003-05-31,29.3,23.4,26.2,27.71,30.17
2003-06-01,29.8,22.3,26.2,27.49,30.18
2003-06-02,30.1,22.5,26.4,27.21,29.91
2003-06-03,30.8,22.5,26.8,27.27,30.04
2003-06-04,30.9,23.7,27.2,27.74,30.62
2003-06-05,31.1,23.6,27.4,27.93,30.91
2003-06-06,30.6,23.6,27.1,27.84,30.29
2003-06-07,30.8,23.5,27.1,27.55,30.33
2003-06-08,30.4,22.4,26.7,27.48,29.96
2003-06-09,30.4,23.3,26.8,27.48,30.48
2003-06-10,30.6,24.2,27.0,27.1,30.15
2003-06-11,30.4,23.5,27.0,27.14,30.43
2003-06-12,30.6,22.7,26.8,27.27,30.46
2003-06-13,30.8,23.0,26.8,27.68,30.29
2003-06-14,30.4,23.8,26.6,27.78,30.18
2003-06-15,29.7,23.8,26.5,27.23,29.94
2003-06-16,30.6,23.2,26.8,27.22,30.21
2003-06-17,31.0,23.2,26.8,27.22,30.49
2003-06-18,31.2,22.3,26.9,27.15,30.37
2003-06-19,30.4,23.7,26.9,27.32,30.2
2003-06-20,29.9,23.9,26.3,27.21,29.83
2003-06-21,29.2,24.0,26.3,26.38,27.86
2003-06-22,30.5,24.3,27.1,26.97,29.26
2003-06-23,29.4,23.8,26.2,27.38,30.16
2003-06-24,29.7,22.8,26.2,27.41,30.05
2003-06-25,30.2,23.7,26.6,27.01,29.53
2003-06-26,30.6,22.4,26.4,27.2,29.84
2003-06-27,29.9,22.9,26.3,27.24,30.25
2003-06-28,29.5,23.1,26.2,27.19,30.19
2003-06-29,29.9,24.1,26.5,27.25,30.34
2003-06-30,30.4,24.0,26.7,26.97,29.83
2003-07-01,30.5,23.1,26.6,26.79,30.07
2003-07-02,30.5,23.5,26.7,26.83,30.17
2003-07-03,30.4,23.8,26.7,26.7,29.76
2003-07-04,30.5,23.8,26.6,26.86,30.27
2003-07-05,29.5,22.6,25.8,27.05,30.25
2003-07-06,30.7,22.4,26.4,27.12,30.2
2003-07-07,31.0,22.7,26.7,26.93,30.28
2003-07-08,30.9,22.2,26.7,27.12,30.34
2003-07-09,31.4,22.7,26.9,27.26,30.61
2003-07-10,30.9,23.3,27.0,27.22,30.44
2003-07-11,30.7,23.1,26.4,27.23,30.15
2003-07-12,31.0,23.9,26.6,27.72,30.89
2003-07-13,29.2,23.2,25.6,27.24,30.51
2003-07-14,29.3,22.0,25.5,26.79,29.62
2003-07-15,29.9,22.6,26.1,26.28,29.72
2003-07-16,30.4,22.8,26.4,26.65,30.17
2003-07-17,30.5,22.1,26.4,26.99,30.51
2003-07-18,30.1,22.9,26.8,26.94,30.67
2003-07-19,30.4,23.6,26.8,27.03,30.51
2003-07-20,30.7,24.2,26.8,26.52,30.04
2003-07-21,30.9,21.7,26.3,26.57,30.05
2003-07-22,31.2,22.7,26.5,27.18,30.86
2003-07-23,31.6,22.1,26.5,27.22,31.1
2003-07-24,30.8,22.1,26.5,27.41,30.97
2003-07-25,31.3,23.4,27.3,27.2,30.52
2003-07-26,31.3,24.2,27.4,27.53,30.33
2003-07-27,31.7,23.7,27.4,27.69,30.94
2003-07-28,31.5,24.3,27.3,27.55,31.01
2003-07-29,31.4,23.3,27.0,27.39,31.31
2003-07-30,31.2,23.3,26.7,26.93,30.87
2003-07-31,31.2,22.9,26.6,26.73,30.68
2003-08-01,31.3,22.0,26.7,27.11,31.52
2003-08-02,31.7,22.2,26.9,27.35,31.35
2003-08-03,30.9,23.4,27.1,26.95,30.56
2003-08-04,31.1,24.6,27.2,27.13,30.99
2003-08-05,31.3,23.6,27.0,26.66,30.71
2003-08-06,31.0,21.8,26.3,27.07,30.82
2003-08-07,31.3,23.1,26.7,26.91,30.71
2003-08-08,31.9,22.9,27.1,27.07,31.06
2003-08-09,31.7,23.1,27.2,27.71,31.62
2003-08-10,31.5,24.6,27.6,27.94,31.87
2003-08-11,30.3,24.9,27.5,28.36,31.94
2003-08-12,30.1,24.7,26.6,27.73,31.14
2003-08-13,31.4,23.4,27.0,27.26,31.01
2003-08-14,30.9,22.4,26.8,27.41,31.16
2003-08-15,31.2,23.1,26.9,27.76,31.6
2003-08-16,30.9,23.5,26.8,27.84,31.55
2003-08-17,30.9,23.6,26.5,27.52,31.14
2003-08-18,31.4,22.9,27.1,27.28,30.59
2003-08-19,31.1,23.7,27.1,27.39,30.28
2003-08-20,30.3,22.9,26.5,27.6,30.93
2003-08-21,30.7,23.8,26.7,27.15,29.83
2003-08-22,31.4,23.2,27.2,27.69,31.01
2003-08-23,30.8,23.0,26.7,27.74,30.79
2003-08-24,30.1,23.5,26.6,27.88,31.35
2003-08-25,29.7,24.3,26.5,27.06,30.06
2003-08-26,30.4,23.6,26.7,27.03,30.58
2003-08-27,30.5,24.0,27.1,27.41,31.0
2003-08-28,30.7,24.3,27.0,27.75,31.42
2003-08-29,31.4,23.0,26.0,27.74,30.91
2003-08-30,29.9,23.2,26.1,28.09,31.17
2003-08-31,30.2,23.4,26.6,28.3,31.98
2003-09-01,30.5,22.3,26.6,28.39,32.24
2003-09-02,30.7,23.5,27.1,27.83,31.5
2003-09-03,30.9,23.5,27.2,28.01,32.11
2003-09-04,32.1,23.8,27.8,28.61,32.26
2003-09-05,32.1,24.7,27.8,28.17,31.18
2003-09-06,31.4,23.9,26.7,27.87,31.07
2003-09-07,30.6,23.5,27.1,27.66,31.6
2003-09-08,31.8,24.6,27.7,27.4,31.79
2003-09-09,31.1,24.3,27.0,26.9,30.74
2003-09-10,31.3,23.1,27.0,27.3,31.32
2003-09-11,31.8,22.9,27.2,28.22,32.29
2003-09-12,31.1,23.8,27.1,27.93,31.2
2003-09-13,31.0,23.6,27.1,27.56,30.22
2003-09-14,30.9,24.3,26.9,27.16,29.66
2003-09-15,29.1,23.9,25.7,27.42,30.46
2003-09-16,29.4,23.3,26.3,26.86,29.38
2003-09-17,29.4,23.7,26.3,27.45,30.22
2003-09-18,30.3,23.6,26.4,27.38,30.2
2003-09-19,29.0,23.1,26.1,26.67,28.45
2003-09-20,28.8,23.5,26.2,26.54,28.61
2003-09-21,30.2,23.3,26.2,27.67,30.79
2003-09-22,31.0,23.2,26.9,27.96,31.39
2003-09-23,31.5,22.9,26.6,27.87,31.71
2003-09-24,31.5,22.4,26.7,27.94,32.11
2003-09-25,31.1,23.2,27.1,27.96,31.73
2003-09-26,30.8,23.4,27.1,28.42,31.93
2003-09-27,31.3,23.4,27.4,28.5,32.24
2003-09-28,32.4,23.2,27.7,28.86,32.87
2003-09-29,32.4,23.5,27.8,29.15,33.09
2003-09-30,32.7,23.8,27.9,29.01,33.04
2003-10-01,31.7,23.8,27.7,29.08,32.93
2003-10-02,31.6,23.8,27.9,29.33,33.3
2003-10-03,31.4,23.4,27.5,29.24,32.89
2003-10-04,31.2,23.8,27.3,29.0,32.63
2003-10-05,30.8,24.1,26.7,28.79,32.4
2003-10-06,29.6,23.7,26.0,27.78,30.77
2003-10-07,29.4,24.0,26.3,27.68,30.19
2003-10-08,29.9,23.8,26.3,27.97,30.84
2003-10-09,29.5,23.8,26.1,27.72,30.5
2003-10-10,28.8,23.1,25.5,27.74,30.38
2003-10-11,30.0,23.4,25.7,27.62,30.59
2003-10-12,29.4,23.8,26.2,28.11,31.43
2003-10-13,29.8,23.4,26.3,27.32,29.5
2003-10-14,30.6,23.1,26.4,28.37,31.64
2003-10-15,29.8,23.5,26.3,27.86,29.79
2003-10-16,29.3,23.5,26.1,28.44,31.56
2003-10-17,30.1,23.8,26.7,27.92,30.93
2003-10-18,30.5,23.7,26.5,27.9,30.5
2003-10-19,30.1,23.8,26.9,28.16,31.01
2003-10-20,30.7,24.0,26.8,28.62,32.12
2003-10-21,31.4,23.8,27.4,28.67,31.87
2003-10-22,30.9,23.6,27.2,28.77,32.34
2003-10-23,32.3,23.5,27.6,29.04,33.04
2003-10-24,32.1,23.6,27.8,28.84,32.63
2003-10-25,30.6,23.9,27.1,28.73,31.86
2003-10-26,30.2,23.5,26.1,27.98,30.86
2003-10-27,30.0,23.4,26.2,28.22,31.12
2003-10-28,28.9,23.8,25.7,28.73,32.22
2003-10-29,28.9,23.4,25.4,27.94,30.21
2003-10-30,28.0,23.5,25.6,27.12,28.57
2003-10-31,27.7,23.6,25.2,26.91,28.65
2003-11-01,28.6,23.4,25.5,27.05,28.83
2003-11-02,28.6,23.2,25.9,27.71,30.12
2003-11-03,29.5,23.5,26.3,28.34,31.37
2003-11-04,29.4,23.7,26.4,28.22,30.97
2003-11-05,30.3,23.4,26.2,28.09,30.02
2003-11-06,30.1,23.5,26.4,28.38,30.48
2003-11-07,30.6,23.3,26.4,28.75,31.01
2003-11-08,30.2,23.9,26.5,28.92,31.28
2003-11-09,29.3,24.0,26.6,28.04,29.51
2003-11-10,30.7,23.5,26.9,28.35,31.13
2003-11-11,31.0,23.5,27.3,28.68,31.18
2003-11-12,30.8,24.2,27.0,29.13,31.86
2003-11-13,29.9,23.8,26.7,29.05,32.11
2003-11-14,30.7,24.0,27.2,29.0,31.67
2003-11-15,29.6,24.5,26.3,28.8,30.99
2003-11-16,29.2,24.0,26.3,28.27,30.82
2003-11-17,29.2,24.1,26.1,27.41,30.03
2003-11-18,28.4,23.9,25.9,27.83,30.51
2003-11-19,29.1,24.2,26.0,27.59,29.64
2003-11-20,29.2,23.9,25.7,27.15,28.32
2003-11-21,28.7,23.6,25.7,27.15,28.56
2003-11-22,29.3,23.6,25.9,26.99,28.39
2003-11-23,28.7,23.6,26.0,27.34,29.26
2003-11-24,28.6,23.7,25.7,27.52,29.46
2003-11-25,28.8,23.5,25.7,27.61,29.82
2003-11-26,27.4,24.0,25.4,27.14,28.87
2003-11-27,30.0,23.3,26.2,27.38,29.74
2003-11-28,30.3,23.6,26.5,27.54,29.72
2003-11-29,29.4,23.5,25.9,28.13,30.66
2003-11-30,29.0,23.5,25.7,27.17,28.39
2003-12-01,28.3,23.5,25.4,27.26,29.02
2003-12-02,28.9,23.7,25.9,26.86,28.58
2003-12-03,28.1,23.3,25.4,27.1,29.02
2003-12-04,29.8,23.5,26.1,27.29,29.5
2003-12-05,28.1,23.6,25.2,26.79,28.4
2003-12-06,27.9,23.5,25.3,26.51,28.28
2003-12-07,29.3,23.1,25.9,27.17,29.1
2003-12-08,29.9,23.7,26.0,27.54,30.04
2003-12-09,29.4,23.5,26.5,27.18,29.29
2003-12-10,29.3,25.0,26.7,27.12,29.75
2003-12-11,29.9,24.0,26.2,27.69,30.78
2003-12-12,27.6,24.0,25.2,26.96,29.32
2003-12-13,29.1,23.7,26.0,26.98,29.65
2003-12-14,29.2,24.1,26.2,27.25,29.6
2003-12-15,30.2,23.3,26.3,27.61,30.3
2003-12-16,29.4,23.2,26.0,27.23,29.21
2003-12-17,28.1,24.0,25.9,26.83,28.48
2003-12-18,28.1,23.9,25.4,26.4,28.39
2003-12-19,27.0,23.0,24.4,26.5,28.55
2003-12-20,24.9,23.2,24.0,26.58,28.96
2003-12-21,26.9,23.1,24.5,26.95,29.88
2003-12-22,26.7,23.5,24.7,26.25,27.29
2003-12-23,28.6,23.4,25.4,26.57,28.29
2003-12-24,28.5,23.3,25.5,26.84,29.28
2003-12-25,27.1,23.8,25.0,26.94,29.32
2003-12-26,27.0,23.6,25.1,27.22,30.05
2003-12-27,27.8,23.6,25.5,27.2,29.88
2003-12-28,27.5,22.9,25.0,26.97,29.26
2003-12-29,28.0,22.3,25.1,26.67,28.25
2003-12-30,28.4,23.1,25.6,26.18,26.8
2003-12-31,28.9,23.1,25.8,26.68,27.99
2004-01-01,28.6,23.6,25.9,26.84,28.49
2004-01-02,29.5,24.2,26.5,26.82,28.56
2004-01-03,28.8,24.2,26.2,27.09,29.02
2004-01-04,28.5,23.8,25.8,26.82,27.92
2004-01-05,28.5,23.3,25.9,26.25,27.57
2004-01-06,29.0,23.9,25.9,26.73,29.04
2004-01-07,29.7,23.4,26.2,26.95,28.8
2004-01-08,28.9,23.4,25.7,26.79,28.78
2004-01-09,29.4,23.0,25.8,26.93,29.27
2004-01-10,28.4,23.3,25.6,27.21,29.33
2004-01-11,28.7,23.5,25.8,26.99,28.72
2004-01-12,28.6,23.5,25.8,26.94,29.02
2004-01-13,28.1,24.0,25.4,26.93,28.79
2004-01-14,28.6,23.3,26.0,26.77,28.39
2004-01-15,28.5,24.0,26.1,26.82,28.57
2004-01-16,29.3,23.1,26.2,26.97,29.02
2004-01-17,28.5,23.9,26.2,26.93,28.86
2004-01-18,28.3,23.7,25.7,26.35,27.72
2004-01-19,29.2,23.3,25.8,26.83,29.02
2004-01-20,28.3,23.6,25.9,26.58,28.17
2004-01-21,29.0,23.4,25.4,26.25,27.8
2004-01-22,28.8,23.6,25.7,26.53,28.04
2004-01-23,28.8,23.2,26.0,26.58,28.17
2004-01-24,28.1,23.9,25.5,26.52,28.12
2004-01-25,28.0,23.8,25.7,26.03,27.11
2004-01-26,27.3,24.0,25.1,26.24,27.5
2004-01-27,27.4,23.4,25.0,26.23,27.7
2004-01-28,29.7,23.8,26.0,26.43,28.02
2004-01-29,30.0,24.2,26.5,26.59,28.09
2004-01-30,29.4,24.2,26.2,26.8,29.14
2004-01-31,29.5,23.9,26.0,27.0,29.21
2004-02-01,28.7,23.8,26.0,27.03,29.26
2004-02-02,29.2,24.0,26.2,26.56,28.31
2004-02-03,27.0,24.0,25.2,26.49,28.36
2004-02-04,28.9,23.5,25.5,26.57,29.27
2004-02-05,28.1,22.5,25.4,26.52,29.22
2004-02-06,29.3,23.6,25.8,26.21,28.89
2004-02-07,28.0,23.4,25.1,25.91,28.19
2004-02-08,27.3,23.1,24.6,25.59,26.98
2004-02-09,28.9,22.4,25.3,25.59,27.36
2004-02-10,29.3,23.2,26.2,26.08,28.86
2004-02-11,29.3,23.8,26.4,26.1,27.89
2004-02-12,28.3,23.8,25.9,26.13,27.66
2004-02-13,28.7,23.5,25.9,26.59,28.01
2004-02-14,28.3,23.3,25.6,26.26,27.4
2004-02-15,28.8,23.7,25.7,26.28,27.85
2004-02-16,28.5,24.0,25.7,26.27,27.75
2004-02-17,27.5,23.8,25.2,25.63,26.6
2004-02-18,28.0,23.3,25.7,26.14,27.14
2004-02-19,26.9,23.8,25.2,26.53,27.94
2004-02-20,28.4,23.4,25.4,26.13,26.86
2004-02-21,28.5,23.2,25.6,26.6,28.5
2004-02-22,28.9,23.5,26.0,27.09,29.39
2004-02-23,28.9,23.3,25.7,27.18,29.58
2004-02-24,29.6,23.4,26.0,26.67,28.52
2004-02-25,28.5,23.9,25.9,26.68,28.13
2004-02-26,28.7,24.2,25.9,26.41,27.93
2004-02-27,29.0,23.7,25.6,26.31,28.39
2004-02-28,28.6,23.6,25.6,26.1,27.78
2004-02-29,29.8,24.0,26.4,26.59,28.65
2004-03-01,29.5,23.9,26.3,26.77,28.91
2004-03-02,29.7,23.8,26.5,27.02,29.31
2004-03-03,28.6,24.2,25.7,27.34,29.55
2004-03-04,29.1,23.9,25.9,26.46,27.63
2004-03-05,28.6,23.5,25.1,26.29,27.87
2004-03-06,29.3,23.7,25.8,26.36,28.24
2004-03-07,27.6,23.8,25.2,26.68,28.0
2004-03-08,25.8,23.7,24.6,26.65,28.3
2004-03-09,28.0,24.0,25.6,26.96,29.33
2004-03-10,29.9,24.0,26.2,26.72,28.97
2004-03-11,30.2,23.6,26.2,26.63,28.63
2004-03-12,28.1,23.7,25.6,26.39,27.7
2004-03-13,27.8,23.6,25.3,26.09,27.41
2004-03-14,28.2,23.2,25.5,26.46,27.89
2004-03-15,30.1,23.2,26.1,27.18,29.8
2004-03-16,28.8,23.7,26.0,27.06,29.68
2004-03-17,28.2,22.7,24.9,26.11,26.88
2004-03-18,27.0,23.5,24.9,26.14,27.57
2004-03-19,28.9,22.7,25.7,26.62,28.39
2004-03-20,30.0,22.6,26.5,27.15,29.01
2004-03-21,29.0,24.2,26.1,26.7,28.38
2004-03-22,28.9,23.7,25.9,26.36,27.47
2004-03-23,29.8,24.6,26.8,26.38,27.88
2004-03-24,30.7,24.3,27.0,27.07,29.24
2004-03-25,31.8,23.7,27.4,27.62,30.52
2004-03-26,31.6,23.9,27.3,27.7,30.57
2004-03-27,31.1,23.5,26.7,27.51,30.15
2004-03-28,30.7,24.0,26.9,27.94,30.64
2004-03-29,30.2,23.3,26.5,27.56,29.91
2004-03-30,30.2,23.7,26.4,27.78,29.88
2004-03-31,29.4,23.7,26.4,27.57,29.49
2004-04-01,30.0,23.8,26.1,27.47,29.63
2004-04-02,29.8,23.8,26.2,27.19,28.72
2004-04-03,29.7,23.7,26.3,27.39,29.29
2004-04-04,29.8,23.3,26.2,27.29,29.34
2004-04-05,29.6,23.3,26.1,27.11,28.86
2004-04-06,29.5,23.6,26.1,27.37,29.46
2004-04-07,30.2,24.0,26.6,27.75,30.03
2004-04-08,29.9,24.1,26.5,27.74,29.75
2004-04-09,29.7,23.1,26.2,27.73,29.92
2004-04-10,28.7,23.4,25.9,27.54,29.23
2004-04-11,29.9,23.6,26.4,27.82,29.82
2004-04-12,30.2,23.7,26.9,27.88,29.93
2004-04-13,30.8,24.9,27.6,28.34,30.8
2004-04-14,30.7,24.3,27.3,28.47,30.51
2004-04-15,31.1,23.7,27.3,28.32,30.77
2004-04-16,30.8,23.1,27.1,28.06,30.11
2004-04-17,30.8,24.1,27.4,28.14,30.33
2004-04-18,30.9,24.1,27.3,28.33,30.72
2004-04-19,30.4,24.1,26.9,28.64,31.24
2004-04-20,30.3,24.0,26.4,27.85,29.47
2004-04-21,29.0,24.0,25.9,27.29,28.41
2004-04-22,30.0,23.4,26.7,27.5,29.45
2004-04-23,29.3,24.0,26.3,27.67,29.75
2004-04-24,29.1,23.8,25.9,27.34,28.9
2004-04-25,29.7,23.4,26.2,27.79,30.06
2004-04-26,30.7,24.2,27.0,28.0,30.12
2004-04-27,30.0,24.1,26.3,27.83,29.77
2004-04-28,30.6,23.8,27.1,27.96,30.08
2004-04-29,30.5,24.5,27.0,27.73,29.67
2004-04-30,29.7,24.1,26.7,27.69,29.88
2004-05-01,30.1,24.0,26.6,28.02,30.43
2004-05-02,29.8,23.8,26.4,27.8,29.82
2004-05-03,30.0,24.4,26.7,27.65,29.42
2004-05-04,29.9,24.0,26.5,28.18,30.57
2004-05-05,29.1,24.5,26.2,27.75,29.5
2004-05-06,30.2,23.7,26.2,28.26,30.62
2004-05-07,28.7,24.2,25.9,27.39,28.43
2004-05-08,29.6,24.8,26.3,27.57,29.96
2004-05-09,30.7,23.8,27.1,28.11,29.82
2004-05-10,30.3,25.0,27.3,28.3,29.8
2004-05-11,30.6,24.2,26.9,28.24,30.27
2004-05-12,29.9,23.4,26.5,27.47,29.05
2004-05-13,31.1,23.6,27.2,28.48,30.88
2004-05-14,30.4,23.5,26.6,27.87,30.05
2004-05-15,30.0,23.5,26.7,28.08,29.92
2004-05-16,29.9,23.5,26.6,28.22,30.17
2004-05-17,29.7,22.9,26.3,27.79,30.36
2004-05-18,29.8,24.1,26.2,27.65,29.5
2004-05-19,30.0,23.5,26.4,27.6,29.5
2004-05-20,28.9,23.7,26.1,27.89,30.6
2004-05-21,30.8,23.0,26.6,28.12,30.65
2004-05-22,29.8,24.5,26.4,27.79,29.49
2004-05-23,29.4,23.2,25.8,27.78,29.86
2004-05-24,30.0,23.0,25.7,27.12,28.37
2004-05-25,29.6,23.9,26.5,27.07,28.63
2004-05-26,28.9,23.4,25.5,26.93,29.15
2004-05-27,28.2,23.2,25.2,27.13,29.17
2004-05-28,27.2,23.2,25.2,26.92,28.71
2004-05-29,28.7,23.3,25.7,27.11,28.78
2004-05-30,28.8,22.2,25.3,26.94,29.21
2004-05-31,29.8,21.1,25.0,26.34,29.45
2004-06-01,29.4,20.5,24.4,25.99,29.34
2004-06-02,29.4,19.0,24.3,26.24,28.95
2004-06-03,30.2,22.2,25.9,26.92,29.72
2004-06-04,29.7,19.8,25.0,27.29,30.2
2004-06-05,29.1,22.4,25.4,27.36,29.36
2004-06-06,29.9,22.8,26.1,27.82,30.34
2004-06-07,30.5,23.7,27.0,27.71,29.69
2004-06-08,29.3,23.6,25.9,27.44,28.87
2004-06-09,27.9,23.4,24.9,26.84,27.9
2004-06-10,27.7,23.2,25.3,26.62,28.26
2004-06-11,28.9,22.5,25.1,27.31,29.38
2004-06-12,29.1,23.7,25.9,27.15,28.89
2004-06-13,29.9,22.7,26.5,27.14,29.07
2004-06-14,30.1,22.7,26.1,27.18,29.56
2004-06-15,29.6,21.8,25.9,27.33,29.69
2004-06-16,29.0,23.3,26.1,26.99,29.42
2004-06-17,29.5,23.6,26.2,26.74,29.41
2004-06-18,29.4,22.8,26.2,26.65,28.96
2004-06-19,30.1,22.8,26.3,27.03,29.58
2004-06-20,29.3,23.1,25.9,27.2,29.29
2004-06-21,29.8,22.2,25.8,27.53,29.98
2004-06-22,30.3,23.0,26.4,27.28,30.01
2004-06-23,29.5,21.7,25.5,26.42,29.34
2004-06-24,29.7,22.5,26.1,26.48,28.24
2004-06-25,29.9,22.5,26.4,26.74,29.22
2004-06-26,30.2,23.0,26.3,27.06,29.6
2004-06-27,29.4,24.1,25.9,26.76,28.68
2004-06-28,29.3,23.0,26.2,26.47,28.7
2004-06-29,29.1,23.8,26.1,26.68,29.19
2004-06-30,29.4,21.7,25.6,26.79,29.38
2004-07-01,29.6,22.5,26.0,26.62,28.9
2004-07-02,29.8,23.5,25.7,26.68,29.12
2004-07-03,29.7,24.0,26.2,26.83,29.27
2004-07-04,28.7,22.9,25.2,26.79,28.71
2004-07-05,30.0,22.4,25.9,26.54,29.1
2004-07-06,29.8,22.2,25.9,26.69,29.39
2004-07-07,29.5,22.1,25.5,26.75,29.39
2004-07-08,28.8,22.8,25.1,26.65,28.74
2004-07-09,28.1,23.0,25.2,26.16,28.28
2004-07-10,29.1,21.3,25.3,26.05,28.07
2004-07-11,29.1,22.6,25.9,26.32,28.55
2004-07-12,27.7,22.3,24.9,26.0,27.49
2004-07-13,28.1,22.3,25.1,26.37,28.44
2004-07-14,28.1,22.6,25.3,26.18,28.05
2004-07-15,29.8,21.5,25.3,26.22,27.77
2004-07-16,29.9,22.9,25.6,26.61,28.64
2004-07-17,27.9,22.0,24.9,26.09,27.88
2004-07-18,28.7,22.4,25.3,26.65,29.07
2004-07-19,29.9,21.9,26.0,26.65,29.47
2004-07-20,30.6,21.4,26.2,26.77,29.12
2004-07-21,30.1,21.8,26.0,26.6,29.27
2004-07-22,30.4,22.0,26.1,26.34,28.79
2004-07-23,30.6,22.3,26.5,26.47,29.31
2004-07-24,29.8,24.0,26.5,26.55,29.31
2004-07-25,30.2,22.4,26.0,26.63,29.21
2004-07-26,30.6,22.1,26.4,26.48,29.04
2004-07-27,30.5,23.2,26.6,26.13,28.88
2004-07-28,30.5,23.1,26.5,26.16,28.92
2004-07-29,30.3,23.2,26.6,26.03,28.24
2004-07-30,30.9,23.2,26.7,26.45,29.43
2004-07-31,30.6,22.4,26.4,26.29,29.13
2004-08-01,30.7,22.2,26.5,26.32,29.34
2004-08-02,30.5,21.4,26.3,26.05,28.99
2004-08-03,30.9,23.8,26.8,26.34,28.92
2004-08-04,31.0,23.6,26.9,26.3,29.36
2004-08-05,30.4,21.0,26.0,26.15,29.36
2004-08-06,31.2,21.8,26.4,26.27,29.44
2004-08-07,30.3,22.5,26.5,25.91,28.85
2004-08-08,30.4,22.4,26.3,25.56,28.52
2004-08-09,30.0,22.4,26.2,26.01,28.8
2004-08-10,30.4,22.5,26.3,26.28,28.88
2004-08-11,31.3,22.0,26.3,26.42,29.55
2004-08-12,30.3,23.2,26.5,26.36,29.06
2004-08-13,30.9,22.4,26.7,26.57,29.66
2004-08-14,30.6,22.1,26.4,26.06,28.51
2004-08-15,30.3,23.0,26.6,26.28,29.06
2004-08-16,30.6,22.7,26.6,26.27,29.3
2004-08-17,31.0,22.5,26.6,26.28,29.09
2004-08-18,30.9,22.8,26.6,26.29,28.98
2004-08-19,30.9,22.9,26.7,26.04,28.62
2004-08-20,31.2,23.5,27.0,26.38,29.04
2004-08-21,31.5,24.7,27.6,26.64,29.46
2004-08-22,31.2,24.0,27.5,26.54,29.33
2004-08-23,31.7,24.0,27.4,26.46,29.29
2004-08-24,31.0,23.9,27.4,26.43,29.26
2004-08-25,29.8,24.6,27.0,26.31,28.78
2004-08-26,30.1,24.4,27.1,26.64,29.54
2004-08-27,30.7,23.4,27.1,26.49,29.23
2004-08-28,31.9,23.6,27.3,26.63,29.65
2004-08-29,31.9,22.4,27.1,26.39,29.72
2004-08-30,31.5,23.0,27.2,26.62,29.88
2004-08-31,31.8,22.6,27.2,26.95,29.87
2004-09-01,31.4,23.2,27.4,27.08,29.98
2004-09-02,31.8,23.7,27.3,26.88,29.74
2004-09-03,31.1,23.7,26.9,26.79,29.78
2004-09-04,31.5,23.3,27.1,26.71,29.91
2004-09-05,31.5,22.2,26.7,26.89,29.68
2004-09-06,31.6,22.7,26.8,26.9,29.95
2004-09-07,31.8,22.3,26.9,27.3,30.75
2004-09-08,31.3,24.2,27.3,26.82,30.17
2004-09-09,31.8,22.8,27.4,26.98,30.18
2004-09-10,31.5,23.3,27.0,27.06,30.25
2004-09-11,30.9,22.9,26.5,27.1,30.02
2004-09-12,31.9,22.9,27.4,27.43,30.38
2004-09-13,32.2,23.5,27.2,27.62,30.49
2004-09-14,31.9,24.0,27.5,27.25,29.99
2004-09-15,31.4,23.3,27.3,27.3,30.15
2004-09-16,31.4,23.6,27.4,27.06,29.47
2004-09-17,30.6,24.2,27.1,27.09,29.7
2004-09-18,31.0,24.0,27.3,27.08,29.76
2004-09-19,31.5,24.1,27.5,27.59,30.87
2004-09-20,31.9,23.8,27.5,27.74,30.66
2004-09-21,31.7,23.2,27.2,27.8,30.75
2004-09-22,30.5,23.3,26.9,27.28,29.83
2004-09-23,31.3,23.9,27.5,27.7,31.17
2004-09-24,31.2,24.2,27.4,27.61,30.65
2004-09-25,30.9,23.9,27.1,27.34,30.19
2004-09-26,30.3,24.6,26.8,27.47,30.46
2004-09-27,29.6,23.5,26.2,27.26,30.07
2004-09-28,30.3,23.9,26.7,27.28,30.4
2004-09-29,31.2,23.7,27.2,27.55,30.79
2004-09-30,30.6,23.5,26.5,27.54,30.42
2004-10-01,30.9,23.4,26.7,27.75,30.68
2004-10-02,30.6,24.2,26.9,27.62,30.34
2004-10-03,30.8,23.6,26.7,27.43,30.35
2004-10-04,31.2,23.9,27.1,27.56,30.58
2004-10-05,32.0,22.6,26.9,28.02,31.38
2004-10-06,31.3,23.1,27.1,27.36,30.67
2004-10-07,32.5,22.5,27.5,27.76,31.03
2004-10-08,32.6,23.2,27.8,27.72,31.04
2004-10-09,32.3,23.9,28.1,28.05,31.53
2004-10-10,31.8,23.3,27.8,28.07,31.18
2004-10-11,31.9,23.4,27.6,28.02,31.31
2004-10-12,33.0,22.9,27.6,28.02,31.8
2004-10-13,33.2,22.9,27.8,28.46,32.39
2004-10-14,31.6,24.3,27.9,28.4,31.43
2004-10-15,32.5,24.2,28.0,28.29,31.25
2004-10-16,33.3,23.9,28.2,28.15,31.61
2004-10-17,31.7,24.3,27.6,28.49,31.66
2004-10-18,32.2,24.1,28.1,28.76,32.12
2004-10-19,32.1,23.8,27.8,28.5,31.67
2004-10-20,32.0,23.7,27.7,28.29,31.6
2004-10-21,32.9,24.5,28.3,28.73,32.19
2004-10-22,32.7,24.7,27.8,28.6,31.68
2004-10-23,32.1,24.1,27.9,28.62,31.73
2004-10-24,31.6,23.6,27.1,28.33,31.3
2004-10-25,31.7,24.1,27.5,28.66,31.52
2004-10-26,32.6,23.9,27.7,29.03,32.15
2004-10-27,32.7,24.5,27.6,28.5,30.92
2004-10-28,31.9,24.9,27.5,28.43,30.9
2004-10-29,32.0,23.1,27.2,28.52,30.91
2004-10-30,32.0,24.8,27.6,28.31,30.61
2004-10-31,32.1,23.9,27.5,28.14,30.36
2004-11-01,32.0,24.3,27.7,28.68,32.19
2004-11-02,31.7,24.1,27.8,28.76,31.55
2004-11-03,32.0,24.3,27.9,28.68,31.37
2004-11-04,31.5,25.3,27.6,28.51,31.94
2004-11-05,31.2,24.1,27.2,28.41,31.4
2004-11-06,31.1,24.9,28.0,28.34,30.59
2004-11-07,31.0,24.5,27.5,28.62,31.08
2004-11-08,31.3,24.1,27.2,28.78,31.45
2004-11-09,32.0,24.0,27.5,28.27,30.58
2004-11-10,31.0,24.4,26.9,27.87,29.57
2004-11-11,30.5,23.9,27.1,28.46,31.19
2004-11-12,32.0,24.2,27.9,28.61,31.47
2004-11-13,31.0,24.5,27.3,29.01,31.84
2004-11-14,31.9,23.3,26.9,28.77,31.16
2004-11-15,31.0,24.0,27.1,28.64,30.58
2004-11-16,32.1,23.8,27.8,28.88,31.68
2004-11-17,32.2,23.9,28.0,29.0,31.69
2004-11-18,30.9,24.6,27.4,29.27,31.96
2004-11-19,29.3,24.2,26.5,28.36,29.8
2004-11-20,29.1,24.3,26.4,28.54,31.18
2004-11-21,28.4,24.1,25.8,26.61,27.79
2004-11-22,28.7,23.7,25.7,27.68,30.16
2004-11-23,27.2,23.6,25.1,27.48,29.49
2004-11-24,27.7,23.4,25.2,26.97,28.8
2004-11-25,28.9,23.3,25.7,26.74,27.74
2004-11-26,29.3,23.8,26.4,27.6,29.71
2004-11-27,30.8,23.8,27.1,28.08,30.12
2004-11-28,30.8,23.1,26.1,27.9,29.82
2004-11-29,29.5,24.2,25.8,27.52,29.34
2004-11-30,25.8,23.6,24.7,27.01,28.46
2004-12-01,25.7,23.8,24.6,27.26,28.87
2004-12-02,28.1,23.1,25.3,27.2,29.2
2004-12-03,31.0,23.4,26.8,28.34,32.31
2004-12-04,29.8,23.7,26.6,28.24,31.71
2004-12-05,28.7,22.2,25.8,27.55,30.69
2004-12-06,29.5,23.4,25.8,27.14,29.15
2004-12-07,29.0,24.1,26.1,27.07,29.1
2004-12-08,30.6,23.7,26.6,28.11,31.31
2004-12-09,30.5,23.3,26.6,28.3,31.27
2004-12-10,30.5,23.1,26.7,27.7,29.36
2004-12-11,29.5,23.8,26.1,27.32,28.79
2004-12-12,29.3,23.7,25.8,26.93,28.09
2004-12-13,29.0,23.8,26.0,27.42,29.55
2004-12-14,28.6,23.8,25.7,26.5,27.2
2004-12-15,29.2,23.8,25.9,26.8,28.34
2004-12-16,29.2,23.8,26.1,27.75,30.08
2004-12-17,29.5,23.7,26.5,27.82,29.39
2004-12-18,28.1,23.8,25.7,26.97,28.32
2004-12-19,28.6,22.9,25.8,27.27,29.29
2004-12-20,28.1,23.4,25.5,27.15,29.32
2004-12-21,29.0,23.5,26.0,27.1,29.0
2004-12-22,28.3,23.3,25.5,27.22,29.24
2004-12-23,27.3,23.5,25.2,26.51,27.52
2004-12-24,28.6,23.4,25.5,26.78,28.9
2004-12-25,27.3,23.4,24.9,26.54,28.04
2004-12-26,26.9,23.2,25.0,26.36,27.29
2004-12-27,27.8,23.5,25.1,26.82,28.39
2004-12-28,27.8,23.3,25.2,26.63,28.3
2004-12-29,27.1,23.8,25.2,26.29,27.62
2004-12-30,27.6,23.6,25.2,26.08,27.44
2004-12-31,27.6,22.9,25.2,25.91,27.19
2005-01-01,28.3,23.5,25.7,26.84,29.45
2005-01-02,29.4,23.6,26.4,27.27,29.91
2005-01-03,29.3,23.6,26.2,27.23,29.23
2005-01-04,27.7,23.9,25.7,27.16,28.73
2005-01-05,27.9,23.6,25.4,26.68,28.2
2005-01-06,27.5,23.8,25.5,26.39,27.43
2005-01-07,28.0,23.6,25.2,26.36,27.61
2005-01-08,29.9,23.0,26.2,27.04,29.52
2005-01-09,28.6,23.5,25.8,26.75,29.02
2005-01-10,30.4,22.7,26.0,27.07,29.42
2005-01-11,29.9,23.4,26.2,27.57,30.42
2005-01-12,28.7,23.7,25.9,27.6,29.61
2005-01-13,28.2,23.3,25.7,26.93,28.41
2005-01-14,28.6,23.8,25.8,27.29,29.95
2005-01-15,29.0,23.5,25.9,27.07,28.97
2005-01-16,27.8,23.5,25.4,26.88,28.24
2005-01-17,27.8,23.3,25.2,26.46,27.59
2005-01-18,27.8,23.0,25.2,26.49,27.67
2005-01-19,28.5,23.5,25.8,26.41,27.33
2005-01-20,27.7,23.0,25.3,26.22,27.11
2005-01-21,27.7,23.0,24.7,26.32,27.33
2005-01-22,28.3,22.9,25.5,26.64,28.03
2005-01-23,28.5,22.6,25.8,27.0,28.51
2005-01-24,28.4,23.4,25.7,26.63,27.85
2005-01-25,27.8,23.3,25.6,26.29,27.12
2005-01-26,28.6,23.0,25.9,26.59,27.77
2005-01-27,29.3,23.6,26.3,27.35,29.68
2005-01-28,29.4,23.6,25.9,27.14,28.91
2005-01-29,27.5,23.3,25.1,26.83,28.43
2005-01-30,28.6,23.7,26.0,27.0,28.44
2005-01-31,28.9,23.5,25.8,26.92,29.1
2005-02-01,29.9,22.9,26.4,26.44,28.13
2005-02-02,29.4,23.5,26.0,27.28,29.4
2005-02-03,29.9,23.3,26.1,27.35,29.51
2005-02-04,30.0,23.0,26.3,27.45,29.55
2005-02-05,29.6,22.9,26.1,27.94,30.25
2005-02-06,29.6,23.8,26.0,26.71,27.65
2005-02-07,28.6,24.2,25.9,27.08,29.11
2005-02-08,28.5,23.5,26.1,26.53,27.64
2005-02-09,29.1,23.7,26.3,27.04,28.29
2005-02-10,28.3,23.7,25.6,27.15,29.41
2005-02-11,28.0,23.4,25.3,26.85,27.75
2005-02-12,26.7,23.5,24.6,26.67,27.69
2005-02-13,28.4,23.2,25.2,26.23,27.34
2005-02-14,29.1,23.3,26.0,26.59,28.66
2005-02-15,29.2,23.5,26.3,27.13,28.88
2005-02-16,29.9,24.3,26.5,27.69,29.86
2005-02-17,29.8,23.3,26.7,27.77,29.67
2005-02-18,28.6,23.8,26.1,27.71,29.45
2005-02-19,29.1,23.5,26.1,27.63,29.14
2005-02-20,29.2,23.8,25.7,27.12,28.14
2005-02-21,27.8,23.7,25.2,27.06,27.98
2005-02-22,28.7,23.0,25.7,27.06,28.12
2005-02-23,29.3,23.3,26.1,27.3,28.88
2005-02-24,30.3,23.2,26.2,27.79,30.17
2005-02-25,29.4,24.5,26.5,27.15,27.89
2005-02-26,29.5,23.8,26.1,27.41,29.01
2005-02-27,29.2,23.7,25.9,27.8,29.72
2005-02-28,28.6,24.0,25.7,27.28,28.78
2005-03-01,30.4,23.5,26.9,27.06,28.98
2005-03-02,30.5,24.2,27.1,27.49,29.4
2005-03-03,29.6,24.3,26.5,27.66,29.69
2005-03-04,29.1,23.3,26.0,26.74,27.34
2005-03-05,27.8,23.8,25.3,26.53,27.31
2005-03-06,29.1,23.1,26.0,26.86,27.9
2005-03-07,28.9,22.4,25.7,27.3,28.22
2005-03-08,28.6,23.7,26.0,27.03,27.63
2005-03-09,28.9,23.4,25.9,26.54,27.33
2005-03-10,29.2,23.0,26.0,26.94,29.08
2005-03-11,29.9,22.9,26.5,27.38,29.25
2005-03-12,30.6,23.7,27.1,27.8,30.05
2005-03-13,28.9,23.8,26.3,27.36,28.93
2005-03-14,30.2,24.0,26.5,27.05,28.5
2005-03-15,29.5,23.7,26.6,27.06,28.55
2005-03-16,30.2,23.8,27.0,27.7,29.56
2005-03-17,29.3,24.2,26.4,27.53,28.84
2005-03-18,28.4,23.6,25.7,27.29,28.05
2005-03-19,28.6,23.6,26.0,26.95,28.15
2005-03-20,29.5,24.0,26.4,26.44,27.16
2005-03-21,29.5,24.1,26.4,27.21,29.37
2005-03-22,29.5,23.5,26.3,27.29,29.21
2005-03-23,29.1,24.0,26.1,27.43,29.17
2005-03-24,29.3,23.9,25.9,27.22,28.72
2005-03-25,30.3,23.1,26.3,27.5,28.7
2005-03-26,28.4,23.9,25.9,27.18,27.99
2005-03-27,30.2,23.5,26.2,27.18,28.98
2005-03-28,30.2,23.7,26.5,27.1,28.57
2005-03-29,29.5,23.8,26.0,27.21,29.19
2005-03-30,29.6,24.0,26.2,26.9,28.21
2005-03-31,28.1,24.4,25.8,27.0,28.28
2005-04-01,29.3,24.0,26.4,26.94,28.21
2005-04-02,29.2,23.6,26.1,27.36,28.63
2005-04-03,29.7,24.2,26.7,27.4,28.98
2005-04-04,29.1,24.1,26.0,27.13,28.62
2005-04-05,30.1,24.7,26.8,27.65,29.53
2005-04-06,31.2,24.5,27.2,27.91,30.62
2005-04-07,31.0,23.4,26.5,27.85,29.95
2005-04-08,31.1,23.5,26.9,28.07,30.5
2005-04-09,30.8,23.4,26.8,27.57,29.6
2005-04-10,31.0,23.7,26.9,27.66,29.79
2005-04-11,30.1,23.4,26.5,27.78,30.03
2005-04-12,30.3,23.8,26.5,27.36,29.33
2005-04-13,28.9,24.0,26.2,27.39,29.17
2005-04-14,29.5,23.3,25.9,26.78,27.93
2005-04-15,30.2,23.0,26.2,27.53,29.56
2005-04-16,29.5,23.2,25.9,26.78,27.79
2005-04-17,29.8,23.5,26.1,27.44,29.36
2005-04-18,29.9,23.2,26.2,27.63,29.58
2005-04-19,29.6,23.4,25.9,27.57,29.75
2005-04-20,28.8,23.8,25.8,27.24,28.51
2005-04-21,29.7,23.0,26.1,27.61,29.71
2005-04-22,28.9,24.3,26.1,27.51,29.1
2005-04-23,30.0,23.5,26.6,27.59,29.07
2005-04-24,30.0,24.7,27.1,27.88,29.97
2005-04-25,30.1,25.0,27.3,27.54,29.85
2005-04-26,30.4,23.8,27.1,27.87,29.98
2005-04-27,30.3,24.7,27.5,27.99,30.29
2005-04-28,30.3,24.1,27.1,27.94,30.39
2005-04-29,30.9,24.7,27.4,27.89,29.92
2005-04-30,30.6,25.0,27.2,28.19,29.77
2005-05-01,30.7,24.4,27.6,28.06,29.4
2005-05-02,30.6,24.4,27.5,28.1,29.99
2005-05-03,29.8,25.2,27.1,28.11,29.99
2005-05-04,30.3,23.7,26.9,28.01,30.06
2005-05-05,29.5,24.1,26.6,27.79,30.26
2005-05-06,29.7,24.1,26.4,27.92,29.91
2005-05-07,29.6,23.8,26.4,26.98,28.59
2005-05-08,30.3,24.1,26.4,28.16,31.07
2005-05-09,29.6,23.5,26.4,28.35,30.83
2005-05-10,29.9,23.6,26.6,27.98,30.39
2005-05-11,30.0,23.4,26.1,27.51,29.65
2005-05-12,29.5,23.0,26.2,27.47,28.75
2005-05-13,29.2,24.1,26.4,27.32,28.57
2005-05-14,29.4,24.0,26.5,27.96,30.11
2005-05-15,30.5,23.5,26.5,27.99,29.46
2005-05-16,30.4,23.1,26.7,28.21,30.16
2005-05-17,28.7,24.8,26.6,27.9,30.22
2005-05-18,29.6,22.7,26.2,27.15,29.59
2005-05-19,29.7,23.2,26.5,27.24,29.57
2005-05-20,29.2,23.8,26.4,27.05,29.48
2005-05-21,30.1,22.4,26.5,27.29,29.81
2005-05-22,30.4,23.1,26.9,27.69,30.22
2005-05-23,30.4,24.7,27.2,28.0,30.25
2005-05-24,30.6,23.9,27.0,27.84,29.69
2005-05-25,29.2,23.8,26.3,27.63,29.76
2005-05-26,29.1,23.8,25.9,27.17,28.7
2005-05-27,30.4,22.9,26.4,27.16,29.41
2005-05-28,30.2,23.6,26.8,27.13,29.52
2005-05-29,30.0,24.0,26.7,27.32,29.79
2005-05-30,30.1,23.5,26.7,27.23,29.64
2005-05-31,30.0,23.9,26.8,27.32,29.38
2005-06-01,30.2,23.6,26.7,27.33,29.47
2005-06-02,30.0,23.8,26.8,27.46,29.69
2005-06-03,29.9,24.3,26.6,27.52,29.83
2005-06-04,30.0,23.8,26.8,27.59,29.69
2005-06-05,30.2,23.9,26.6,27.46,29.59
2005-06-06,29.5,23.7,26.4,27.41,29.57
2005-06-07,29.7,23.6,26.3,27.65,29.83
2005-06-08,29.5,23.9,26.0,27.43,29.14
2005-06-09,30.4,23.5,26.6,27.66,29.92
2005-06-10,30.7,23.2,26.8,27.45,30.01
2005-06-11,31.2,22.5,26.7,27.65,30.21
2005-06-12,30.5,23.7,26.4,27.96,30.24
2005-06-13,29.5,23.4,26.2,26.73,27.37
2005-06-14,29.4,23.4,26.0,27.39,29.32
2005-06-15,28.0,23.2,25.4,26.95,28.47
2005-06-16,28.9,23.2,25.6,26.92,28.79
2005-06-17,29.1,22.6,25.6,27.05,29.29
2005-06-18,28.6,23.0,25.7,27.05,28.63
2005-06-19,28.7,23.8,26.1,27.46,29.52
2005-06-20,29.0,23.3,25.8,27.45,29.43
2005-06-21,29.8,23.4,26.0,27.05,29.54
2005-06-22,28.4,23.3,25.5,26.45,28.45
2005-06-23,29.6,22.7,25.8,26.62,28.6
2005-06-24,29.6,23.5,25.7,27.35,29.87
2005-06-25,30.0,22.3,26.0,27.16,29.09
2005-06-26,30.1,22.6,26.1,27.47,29.73
2005-06-27,29.6,23.2,26.2,27.17,29.52
2005-06-28,29.9,22.5,26.3,27.08,29.48
2005-06-29,30.2,23.0,26.2,27.22,29.31
2005-06-30,29.7,23.2,25.8,27.02,28.83
2005-07-01,29.3,22.9,25.9,27.1,29.22
2005-07-02,30.0,21.9,26.0,26.85,29.28
2005-07-03,29.7,23.3,26.3,26.43,29.03
2005-07-04,30.0,22.1,26.2,26.72,29.45
2005-07-05,29.8,22.6,26.4,27.36,29.52
2005-07-06,30.1,22.8,26.0,27.38,29.56
2005-07-07,28.4,23.1,25.5,26.65,27.42
2005-07-08,29.6,23.5,26.0,27.19,29.13
2005-07-09,29.7,23.3,26.1,27.07,28.92
2005-07-10,28.1,23.8,26.0,27.22,29.19
2005-07-11,29.4,22.9,25.6,26.95,28.93
2005-07-12,29.4,22.2,25.5,27.34,30.06
2005-07-13,29.5,22.7,25.7,27.25,29.27
2005-07-14,28.5,22.8,25.5,27.05,28.65
2005-07-15,28.3,23.0,25.4,27.09,28.96
2005-07-16,28.8,22.3,25.4,26.3,27.26
2005-07-17,29.0,23.9,25.8,26.69,29.01
2005-07-18,28.3,22.5,25.6,26.84,29.17
2005-07-19,30.1,22.1,26.1,26.75,29.09
2005-07-20,30.0,22.3,26.0,26.75,29.11
2005-07-21,29.6,23.5,26.5,26.95,29.31
2005-07-22,29.9,23.3,26.4,27.12,29.63
2005-07-23,30.4,22.6,26.6,26.43,29.18
2005-07-24,29.5,23.2,26.3,26.11,28.69
2005-07-25,30.0,21.9,26.2,26.32,29.18
2005-07-26,30.6,22.6,26.7,26.89,29.77
2005-07-27,30.6,24.2,27.1,27.17,29.5
2005-07-28,30.1,24.4,26.9,27.17,29.67
2005-07-29,30.3,23.1,26.6,27.01,29.29
2005-07-30,29.6,24.2,26.5,26.98,29.67
2005-07-31,30.1,24.2,26.4,27.07,29.47
2005-08-01,29.3,22.8,26.0,26.84,28.95
2005-08-02,29.7,23.5,26.2,27.07,29.24
2005-08-03,28.8,23.6,25.8,26.97,29.04
2005-08-04,30.4,23.0,26.6,27.16,29.82
2005-08-05,29.2,23.2,26.1,27.1,29.47
2005-08-06,30.1,23.4,26.4,26.73,29.38
2005-08-07,30.7,22.7,26.3,26.55,29.47
2005-08-08,30.0,22.6,26.3,26.45,28.82
2005-08-09,29.9,23.1,26.2,26.97,29.09
2005-08-10,30.5,22.5,26.5,26.75,29.13
2005-08-11,30.8,22.8,26.9,26.73,28.88
2005-08-12,30.8,23.0,26.4,26.95,29.06
2005-08-13,30.0,23.6,26.3,26.98,29.31
2005-08-14,31.0,24.1,27.0,26.8,29.44
2005-08-15,30.9,23.9,26.9,26.32,29.03
2005-08-16,30.5,24.1,27.1,27.04,29.61
2005-08-17,30.5,24.4,27.1,27.03,29.55
2005-08-18,31.5,23.1,26.8,27.0,29.48
2005-08-19,30.3,23.8,26.4,26.98,29.13
2005-08-20,30.7,23.0,26.7,26.61,29.3
2005-08-21,30.3,23.2,26.3,26.88,29.51
2005-08-22,31.0,23.2,26.3,26.78,29.47
2005-08-23,29.9,23.6,26.1,26.86,29.59
2005-08-24,28.8,23.6,25.7,26.63,29.04
2005-08-25,29.6,23.7,26.0,26.86,29.69
2005-08-26,29.6,22.6,25.8,26.82,29.38
2005-08-27,29.6,23.1,25.7,27.08,29.65
2005-08-28,29.8,22.7,26.2,26.96,29.5
2005-08-29,30.5,23.2,26.6,27.02,29.95
2005-08-30,31.0,22.8,26.7,27.37,30.21
2005-08-31,31.5,23.2,27.2,27.59,30.38
2005-09-01,31.6,24.2,27.8,27.16,30.28
2005-09-02,31.9,24.0,27.7,27.47,30.44
2005-09-03,31.2,23.8,27.5,27.7,30.65
2005-09-04,31.9,24.3,27.8,27.29,30.15
2005-09-05,31.4,24.1,27.4,26.85,29.74
2005-09-06,32.0,23.7,27.8,27.15,30.13
2005-09-07,32.4,23.9,27.9,27.7,30.26
2005-09-08,30.9,24.0,27.4,27.61,30.18
2005-09-09,31.5,23.7,27.3,27.58,29.97
2005-09-10,31.3,23.8,27.2,27.58,30.31
2005-09-11,31.3,24.5,27.1,27.32,29.59
2005-09-12,29.4,24.0,26.2,27.39,30.04
2005-09-13,30.3,23.6,26.5,26.37,27.66
2005-09-14,29.9,23.8,26.7,27.45,30.1
2005-09-15,30.7,23.3,26.7,27.44,30.25
2005-09-16,30.5,23.4,26.7,27.32,29.86
2005-09-17,29.0,23.2,26.4,27.66,30.35
2005-09-18,30.9,24.3,27.0,27.48,29.57
2005-09-19,31.4,24.0,27.5,27.39,29.28
2005-09-20,31.6,23.7,27.6,27.33,29.61
2005-09-21,31.4,23.2,27.5,27.65,30.18
2005-09-22,31.6,24.1,27.2,27.92,30.61
2005-09-23,31.5,23.2,26.8,27.97,30.53
2005-09-24,31.6,23.7,27.3,27.96,30.45
2005-09-25,32.0,23.2,27.2,28.02,30.41
2005-09-26,31.2,23.7,27.2,27.93,29.98
2005-09-27,31.8,24.2,27.7,27.86,29.78
2005-09-28,32.4,24.4,27.8,28.01,30.45
2005-09-29,30.9,24.5,27.1,27.81,30.15
2005-09-30,30.9,23.6,26.6,28.06,30.57
2005-10-01,31.4,24.0,27.4,27.91,30.89
2005-10-02,30.3,24.3,27.2,27.88,30.82
2005-10-03,31.5,22.9,27.3,28.16,31.14
2005-10-04,30.7,24.0,27.4,28.21,30.91
2005-10-05,30.9,24.2,27.0,27.89,30.31
2005-10-06,31.4,23.2,26.8,27.98,30.87
2005-10-07,32.2,23.1,27.8,28.41,31.52
2005-10-08,32.7,24.3,28.2,28.42,31.58
2005-10-09,32.0,24.4,27.8,28.34,31.26
2005-10-10,32.1,24.9,28.1,28.45,31.47
2005-10-11,31.9,24.2,27.3,28.15,31.03
2005-10-12,32.1,24.3,27.0,28.33,30.51
2005-10-13,31.0,24.2,27.0,28.49,31.29
2005-10-14,30.8,24.0,26.7,28.07,30.49
2005-10-15,30.4,24.4,26.7,27.81,29.63
2005-10-16,29.3,23.8,26.1,27.51,29.32
2005-10-17,29.7,23.5,26.1,26.57,27.59
2005-10-18,28.3,23.7,25.6,27.1,29.22
2005-10-19,28.2,23.4,25.5,26.55,27.48
2005-10-20,29.3,23.7,25.8,27.13,29.13
2005-10-21,29.6,23.4,26.0,27.48,29.67
2005-10-22,28.5,23.8,25.5,26.79,27.8
2005-10-23,28.1,23.6,25.5,26.48,27.78
2005-10-24,29.8,23.5,26.1,27.38,29.41
2005-10-25,29.1,23.7,25.9,27.69,29.66
2005-10-26,30.2,23.1,26.3,28.14,30.46
2005-10-27,30.2,23.7,26.5,27.79,29.62
2005-10-28,29.7,23.7,26.2,27.83,29.67
2005-10-29,30.0,23.5,26.5,28.11,31.13
2005-10-30,30.6,23.5,26.8,27.85,30.67
2005-10-31,29.4,24.0,26.2,27.92,30.38
2005-11-01,29.7,23.7,26.1,26.81,27.55
2005-11-02,29.7,23.1,26.1,27.95,30.45
2005-11-03,28.9,23.5,25.7,27.48,29.62
2005-11-04,30.5,23.7,26.4,28.26,31.13
2005-11-05,30.5,23.4,26.9,27.72,30.12
2005-11-06,30.8,23.7,27.1,28.28,30.78
2005-11-07,30.1,23.8,26.9,28.18,30.72
2005-11-08,30.7,23.4,26.5,28.63,31.18
2005-11-09,29.8,23.5,26.3,28.26,30.77
2005-11-10,30.3,23.3,26.5,27.94,29.73
2005-11-11,31.0,23.7,26.6,27.91,29.83
2005-11-12,31.2,23.2,27.1,28.2,30.7
2005-11-13,29.6,24.0,26.5,28.27,30.74
2005-11-14,30.4,23.3,26.7,27.83,29.68
2005-11-15,30.7,24.0,26.8,28.18,30.77
2005-11-16,31.0,23.7,27.3,28.69,31.14
2005-11-17,30.7,23.7,27.0,28.51,31.57
2005-11-18,30.9,23.8,27.0,28.27,30.72
2005-11-19,29.5,24.1,26.4,28.0,30.17
2005-11-20,29.0,23.9,25.9,27.08,28.25
2005-11-21,30.0,23.8,26.1,26.72,27.81
2005-11-22,31.3,23.9,26.6,27.86,31.03
2005-11-23,31.3,22.8,27.2,27.62,30.61
2005-11-24,28.7,24.7,26.4,27.8,30.69
2005-11-25,27.7,23.4,25.0,26.61,27.72
2005-11-26,25.3,23.3,24.2,26.84,28.97
2005-11-27,27.5,23.3,24.9,26.73,28.75
2005-11-28,28.0,23.0,25.0,26.23,27.46
2005-11-29,27.9,23.3,25.3,26.58,28.2
2005-11-30,28.6,23.2,25.6,27.01,29.26
2005-12-01,29.2,23.3,25.6,26.57,29.14
2005-12-02,29.7,24.0,26.2,27.02,29.67
2005-12-03,30.4,23.5,26.5,27.59,30.82
2005-12-04,30.3,23.0,26.5,27.33,30.16
2005-12-05,30.8,23.1,26.9,27.97,31.02
2005-12-06,30.6,22.8,26.8,28.3,30.72
2005-12-07,30.2,23.5,26.6,27.94,29.83
2005-12-08,30.0,24.0,26.7,27.61,29.52
2005-12-09,30.4,23.7,26.6,27.52,29.86
2005-12-10,29.5,23.7,26.2,27.45,29.14
2005-12-11,30.9,23.7,26.2,27.52,30.2
2005-12-12,29.9,23.6,26.0,27.37,29.56
2005-12-13,30.3,23.5,26.4,27.59,30.6
2005-12-14,30.0,24.0,26.6,27.2,29.31
2005-12-15,27.4,24.2,25.5,26.62,28.05
2005-12-16,28.8,24.0,25.7,26.76,28.07
2005-12-17,27.6,23.6,25.3,26.58,28.1
2005-12-18,27.9,23.6,25.1,26.26,27.27
2005-12-19,28.3,24.0,25.8,26.5,27.71
2005-12-20,28.5,24.2,26.1,26.81,28.81
2005-12-21,28.4,24.5,26.0,27.21,29.78
2005-12-22,28.9,24.4,26.4,27.05,29.39
2005-12-23,29.6,24.0,26.6,26.9,28.98
2005-12-24,30.3,24.0,26.5,27.38,30.81
2005-12-25,30.5,22.8,26.0,27.45,30.61
2005-12-26,29.4,23.6,26.0,26.71,28.16
2005-12-27,27.3,23.4,25.2,26.71,28.39
2005-12-28,26.7,23.6,25.2,26.35,27.81
2005-12-29,28.8,23.6,25.7,26.63,28.56
2005-12-30,28.3,23.8,25.6,27.35,29.95
2005-12-31,27.1,23.8,25.1,26.54,29.28
2006-01-01,28.9,23.8,25.8,26.17,27.78
2006-01-02,28.7,23.6,25.7,26.7,29.4
2006-01-03,27.5,23.7,25.1,26.67,27.86
2006-01-04,27.8,23.4,25.4,26.61,28.66
2006-01-05,29.1,22.9,25.8,26.74,29.27
2006-01-06,29.7,23.2,26.0,26.45,28.53
2006-01-07,29.6,23.7,26.0,26.96,29.47
2006-01-08,28.7,23.2,25.3,26.25,28.46
2006-01-09,28.4,23.5,25.5,26.24,28.34
2006-01-10,27.4,23.4,25.0,26.33,28.01
2006-01-11,29.3,22.9,26.0,27.32,29.2
2006-01-12,29.4,23.0,25.7,27.38,29.66
2006-01-13,29.4,23.7,25.4,26.64,27.83
2006-01-14,28.8,22.9,25.6,26.86,28.45
2006-01-15,28.9,23.7,25.6,26.83,28.79
2006-01-16,27.6,23.2,25.2,26.62,28.46
2006-01-17,26.1,23.8,24.5,25.94,27.32
2006-01-18,27.8,23.7,25.2,26.63,28.7
2006-01-19,28.1,23.7,25.4,26.42,27.94
2006-01-20,29.4,24.0,26.4,26.71,28.87
2006-01-21,28.5,24.6,26.1,27.09,29.13
2006-01-22,27.7,24.3,25.7,27.27,29.22
2006-01-23,26.2,23.8,24.7,26.52,27.44
2006-01-24,26.6,23.5,24.6,26.32,27.31
2006-01-25,25.8,23.3,24.5,26.18,27.29
2006-01-26,26.7,22.9,24.9,26.36,27.82
2006-01-27,27.8,23.2,25.1,26.23,27.16
2006-01-28,27.8,23.6,25.2,26.96,28.21
2006-01-29,27.9,23.4,25.2,26.84,27.79
2006-01-30,28.6,23.0,25.5,26.12,27.12
2006-01-31,28.4,23.5,25.7,26.92,28.87
2006-02-01,29.3,22.9,26.0,25.88,27.7
2006-02-02,30.0,23.5,26.5,27.12,29.83
2006-02-03,28.8,23.6,26.2,26.8,29.22
2006-02-04,29.1,23.2,25.8,26.9,28.9
2006-02-05,27.7,23.6,25.2,26.04,27.26
2006-02-06,27.7,23.6,25.2,25.95,26.91
2006-02-07,28.7,23.1,25.7,26.23,28.18
2006-02-08,28.4,23.1,25.5,26.41,27.78
2006-02-09,28.1,23.8,25.7,26.58,27.6
2006-02-10,29.5,23.4,25.9,26.58,28.38
2006-02-11,29.1,23.4,25.6,26.53,28.16
2006-02-12,29.8,23.1,26.2,27.44,29.69
2006-02-13,29.9,23.6,26.1,27.21,29.37
2006-02-14,29.3,24.0,26.3,27.42,29.71
2006-02-15,29.7,23.1,26.7,27.53,30.31
2006-02-16,29.5,23.7,26.3,27.5,29.46
2006-02-17,30.8,23.2,26.8,27.57,29.66
2006-02-18,29.7,23.9,25.6,27.08,28.7
2006-02-19,29.5,23.7,25.7,26.84,27.33
2006-02-20,30.9,23.7,26.5,27.16,28.96
2006-02-21,29.3,23.4,26.2,27.26,29.31
2006-02-22,28.9,24.2,25.9,26.85,28.52
2006-02-23,28.8,23.7,26.1,26.99,29.11
2006-02-24,29.7,23.8,26.1,27.39,29.79
2006-02-25,27.1,24.2,25.2,26.59,27.67
2006-02-26,27.6,23.9,25.3,26.62,27.97
2006-02-27,28.8,22.9,25.8,26.54,28.02
2006-02-28,26.6,23.8,24.8,26.46,27.22
2006-03-01,27.6,23.4,25.1,26.17,27.03
2006-03-02,28.5,23.2,25.1,26.86,28.32
2006-03-03,28.9,22.8,25.9,26.71,27.85
2006-03-04,29.1,23.2,26.1,27.04,28.94
2006-03-05,30.4,23.3,26.2,27.31,29.46
2006-03-06,30.4,22.7,26.0,26.87,29.52
2006-03-07,29.5,23.9,26.4,26.8,28.89
2006-03-08,30.9,22.9,26.9,27.3,29.22
2006-03-09,30.8,22.4,26.4,27.65,30.55
2006-03-10,30.0,23.3,26.4,27.37,29.69
2006-03-11,29.4,23.2,25.9,27.13,29.33
2006-03-12,29.6,22.9,26.0,27.45,30.23
2006-03-13,30.3,23.4,26.3,27.27,29.43
2006-03-14,30.6,23.4,26.8,27.09,29.14
2006-03-15,28.1,23.8,25.9,26.62,27.94
2006-03-16,29.1,23.2,25.9,26.51,27.8
2006-03-17,29.7,23.1,26.1,26.98,28.04
2006-03-18,30.2,23.8,26.6,26.88,28.72
2006-03-19,28.8,24.8,26.1,26.87,28.16
2006-03-20,27.7,24.5,25.8,26.4,27.51
2006-03-21,26.7,23.8,25.0,26.47,28.32
2006-03-22,26.6,23.5,24.7,26.33,27.72
2006-03-23,26.9,23.6,25.0,26.08,27.03
2006-03-24,28.1,23.3,25.5,26.59,27.34
2006-03-25,27.8,24.0,25.7,26.89,27.87
2006-03-26,30.0,23.8,26.5,27.2,28.94
2006-03-27,27.6,23.4,25.6,26.79,28.18
2006-03-28,30.0,24.7,26.8,26.89,28.59
2006-03-29,29.7,23.6,26.4,26.57,27.85
2006-03-30,29.5,24.8,26.6,26.68,28.31
2006-03-31,29.3,24.8,26.6,27.23,29.53
2006-04-01,29.4,24.4,26.1,26.8,28.6
2006-04-02,28.9,23.8,25.9,26.97,29.28
2006-04-03,29.3,23.6,26.0,26.87,28.98
2006-04-04,29.1,24.2,26.0,26.89,28.99
2006-04-05,28.7,24.1,25.8,26.72,28.42
2006-04-06,29.7,23.9,26.3,26.65,28.28
2006-04-07,29.7,24.3,26.6,27.04,29.27
2006-04-08,30.0,24.2,26.3,26.67,28.58
2006-04-09,28.9,24.2,26.0,26.79,28.47
2006-04-10,30.2,24.0,26.4,26.9,29.47
2006-04-11,29.7,23.3,25.7,27.14,30.0
2006-04-12,29.2,23.2,25.9,27.12,29.23
2006-04-13,29.0,23.3,25.8,26.67,28.29
2006-04-14,28.1,23.1,25.0,26.25,27.93
2006-04-15,29.2,22.8,26.0,26.89,29.32
2006-04-16,29.4,22.8,26.1,27.1,28.94
2006-04-17,28.9,23.6,26.2,27.44,29.14
2006-04-18,29.7,23.3,26.2,27.67,29.52
2006-04-19,29.6,23.1,26.3,27.42,29.11
2006-04-20,29.7,23.1,26.0,27.46,29.25
2006-04-21,28.6,23.4,25.8,27.67,29.99
2006-04-22,29.2,23.2,25.9,27.54,29.88
2006-04-23,29.0,23.4,25.6,27.32,28.82
2006-04-24,28.8,23.9,26.0,27.12,28.6
2006-04-25,30.1,23.7,26.1,26.8,27.52
2006-04-26,29.2,23.8,26.1,27.23,28.89
2006-04-27,30.2,22.8,26.3,27.82,29.9
2006-04-28,30.5,23.1,26.6,27.79,30.58
2006-04-29,30.4,23.9,26.8,27.97,29.99
2006-04-30,29.9,23.4,26.4,27.88,29.79
2006-05-01,30.1,23.0,26.1,27.47,28.75
2006-05-02,29.9,23.3,26.0,27.71,29.77
2006-05-03,30.1,22.8,26.5,27.68,29.97
2006-05-04,28.9,24.1,26.3,27.75,29.22
2006-05-05,30.3,22.6,26.3,27.35,29.26
2006-05-06,29.6,23.4,26.1,27.11,28.88
2006-05-07,29.4,23.5,26.1,26.83,28.17
2006-05-08,28.5,23.7,26.1,27.33,29.56
2006-05-09,27.8,24.0,25.9,27.54,29.3
2006-05-10,29.4,23.3,26.2,27.72,29.89
2006-05-11,29.4,23.3,26.3,28.02,29.58
2006-05-12,29.9,23.4,26.1,27.3,27.93
2006-05-13,29.9,23.2,26.2,28.2,30.26
2006-05-14,30.3,23.8,26.7,28.29,30.3
2006-05-15,29.9,23.6,26.3,27.4,29.92
2006-05-16,30.1,23.3,26.6,27.75,29.76
2006-05-17,30.4,22.9,26.6,27.54,29.88
2006-05-18,30.6,22.2,26.6,27.49,30.09
2006-05-19,30.2,23.7,26.7,27.74,29.96
2006-05-20,29.2,24.2,26.1,27.31,28.83
2006-05-21,29.5,23.5,25.8,26.27,27.27
2006-05-22,28.0,23.3,25.5,26.68,28.3
2006-05-23,28.4,22.9,25.8,27.0,28.72
2006-05-24,28.4,23.8,25.6,27.0,28.78
2006-05-25,28.4,23.4,25.6,27.4,29.0
2006-05-26,29.6,23.2,26.2,27.73,29.57
2006-05-27,29.2,23.4,25.9,27.28,28.57
2006-05-28,29.0,23.4,25.6,26.98,28.5
2006-05-29,29.4,23.3,25.8,26.95,28.79
2006-05-30,29.3,23.2,26.1,27.02,28.77
2006-05-31,29.2,23.8,26.4,27.1,28.74
2006-06-01,29.5,24.2,26.3,27.28,29.22
2006-06-02,29.6,23.3,26.1,27.33,29.29
2006-06-03,29.4,22.9,25.7,26.73,28.21
2006-06-04,29.6,22.5,25.8,27.01,28.69
2006-06-05,28.8,23.2,25.7,26.8,28.21
2006-06-06,29.0,22.6,25.8,26.7,28.38
2006-06-07,27.9,23.5,24.8,26.47,27.61
2006-06-08,29.5,22.4,25.5,26.82,28.28
2006-06-09,29.3,22.7,25.9,27.12,29.76
2006-06-10,29.5,23.2,26.1,26.6,28.94
2006-06-11,29.3,21.7,25.6,26.78,29.02
2006-06-12,29.3,22.2,26.0,26.9,29.44
2006-06-13,29.1,23.5,26.4,26.86,29.3
2006-06-14,29.4,23.2,26.3,27.17,29.11
2006-06-15,29.3,23.3,26.1,27.3,29.29
2006-06-16,29.5,23.1,26.2,27.12,29.21
2006-06-17,30.1,22.5,26.5,26.83,29.38
2006-06-18,29.9,23.1,26.3,26.34,28.59
2006-06-19,30.2,21.7,25.9,26.79,29.7
2006-06-20,30.1,22.0,26.1,26.8,29.42
2006-06-21,29.9,22.9,26.4,27.08,29.51
2006-06-22,29.6,23.0,26.1,27.06,29.49
2006-06-23,29.5,23.6,26.1,27.09,29.23
2006-06-24,28.8,23.9,25.8,26.84,29.53
2006-06-25,29.4,22.4,25.6,26.7,28.98
2006-06-26,29.7,22.3,25.7,26.0,28.78
2006-06-27,30.2,21.2,25.7,26.34,29.39
2006-06-28,30.3,21.7,26.0,26.4,29.38
2006-06-29,30.3,21.9,26.1,26.02,28.97
2006-06-30,30.5,21.1,25.9,26.14,29.04
2006-07-01,30.6,22.2,26.3,26.42,28.99
2006-07-02,30.4,22.7,26.5,26.43,29.17
2006-07-03,29.6,23.1,26.5,26.16,28.81
2006-07-04,30.5,23.0,26.8,26.44,29.25
2006-07-05,31.0,22.9,26.9,26.58,29.39
2006-07-06,31.1,23.0,26.9,26.66,29.13
2006-07-07,30.7,23.0,27.0,26.81,29.31
2006-07-08,30.6,23.3,27.1,26.73,29.16
2006-07-09,31.0,23.2,27.1,26.85,29.41
2006-07-10,30.9,24.3,27.1,26.55,28.71
2006-07-11,31.0,23.4,27.0,26.76,29.78
2006-07-12,30.4,23.8,26.9,26.32,28.87
2006-07-13,30.1,23.7,26.7,26.39,28.84
2006-07-14,30.0,23.9,26.7,25.68,28.04
2006-07-15,30.3,22.6,26.6,25.58,28.0
2006-07-16,30.5,24.2,27.0,26.06,28.59
2006-07-17,30.8,24.0,27.2,26.41,28.94
2006-07-18,30.8,23.4,27.2,26.35,28.71
2006-07-19,31.1,23.6,27.1,26.39,28.73
2006-07-20,30.5,23.5,26.3,26.13,27.23
2006-07-21,29.2,23.0,26.0,26.32,28.89
2006-07-22,29.8,24.5,26.9,26.62,29.05
2006-07-23,30.1,24.2,26.9,26.61,28.79
2006-07-24,30.1,24.4,26.9,26.66,29.14
2006-07-25,30.5,23.2,26.6,26.62,29.31
2006-07-26,30.8,22.2,26.8,26.33,29.27
2006-07-27,30.4,22.0,26.3,26.37,29.03
2006-07-28,29.6,23.0,25.8,26.79,29.31
2006-07-29,29.6,22.5,25.9,26.84,29.22
2006-07-30,31.0,23.3,26.6,26.85,29.29
2006-07-31,30.4,23.0,26.1,26.52,29.05
2006-08-01,29.9,21.9,25.9,26.53,29.27
2006-08-02,30.8,22.3,26.3,25.81,28.7
2006-08-03,31.2,21.8,26.3,25.89,29.37
2006-08-04,30.9,20.3,25.7,25.41,28.92
2006-08-05,30.7,20.9,25.9,25.55,28.87
2006-08-06,30.7,22.0,26.3,26.04,28.94
2006-08-07,30.9,22.1,26.2,26.19,29.23
2006-08-08,30.8,22.2,26.3,25.95,29.02
2006-08-09,30.2,22.3,26.2,25.88,28.56
2006-08-10,31.0,21.9,26.5,26.04,29.03
2006-08-11,30.5,22.7,26.3,25.89,28.88
2006-08-12,31.3,22.1,26.6,25.95,29.19
2006-08-13,31.2,21.9,26.8,25.97,29.36
2006-08-14,31.0,22.6,26.8,26.08,29.04
2006-08-15,31.0,24.2,27.1,26.17,29.0
2006-08-16,31.3,22.9,26.9,25.89,28.76
2006-08-17,31.7,24.1,27.3,26.45,29.74
2006-08-18,31.7,23.3,27.2,26.32,29.73
2006-08-19,31.3,22.7,27.1,26.71,29.45
2006-08-20,31.3,23.6,27.4,26.68,29.89
2006-08-21,30.4,23.9,27.0,26.45,29.43
2006-08-22,31.7,23.4,27.2,25.99,28.74
2006-08-23,31.3,22.7,27.1,25.98,29.2
2006-08-24,31.5,22.2,26.7,26.46,29.64
2006-08-25,31.5,22.7,27.2,26.78,29.67
2006-08-26,30.9,22.5,26.5,26.49,29.89
2006-08-27,29.9,23.1,26.5,25.48,28.96
2006-08-28,30.9,21.6,26.3,25.51,28.74
2006-08-29,31.0,21.4,26.2,25.66,29.0
2006-08-30,31.3,23.7,27.0,26.06,29.52
2006-08-31,30.4,23.4,26.9,26.37,29.43
2006-09-01,30.1,23.2,26.6,26.5,29.66
2006-09-02,31.4,22.6,26.9,26.28,29.87
2006-09-03,31.7,23.7,27.0,25.81,29.28
2006-09-04,31.7,22.6,26.7,25.96,29.28
2006-09-05,31.5,21.7,26.6,26.32,29.35
2006-09-06,31.5,22.7,26.9,26.29,29.44
2006-09-07,31.7,23.1,27.0,26.28,29.76
2006-09-08,31.7,21.6,26.7,26.57,30.29
2006-09-09,32.1,22.3,27.5,26.83,30.76
2006-09-10,32.2,22.1,27.3,26.79,30.59
2006-09-11,32.3,22.8,27.6,27.0,30.49
2006-09-12,32.3,23.7,27.6,26.86,30.65
2006-09-13,32.2,22.7,27.2,27.06,30.73
2006-09-14,31.6,23.6,27.3,27.26,30.79
2006-09-15,31.2,23.8,27.3,27.39,30.58
2006-09-16,30.8,24.1,27.0,26.99,30.32
2006-09-17,31.6,23.4,27.1,27.09,30.74
2006-09-18,30.7,23.0,26.8,26.97,30.51
2006-09-19,32.2,23.7,27.5,26.84,30.77
2006-09-20,32.1,22.8,27.4,27.03,30.94
2006-09-21,32.2,22.2,27.0,27.01,30.87
2006-09-22,32.3,22.6,27.5,27.58,31.38
2006-09-23,31.7,23.1,27.4,27.97,31.76
2006-09-24,31.8,22.7,27.2,27.25,31.0
2006-09-25,31.8,22.2,26.9,27.42,31.2
2006-09-26,32.1,21.3,27.1,27.48,30.79
2006-09-27,32.7,23.3,27.4,27.55,31.05
2006-09-28,32.1,23.2,27.7,27.45,31.12
2006-09-29,33.2,22.0,27.6,27.87,31.99
2006-09-30,33.1,24.0,28.1,28.5,32.55
2006-10-01,33.3,23.9,28.2,28.41,32.28
2006-10-02,33.0,21.8,27.4,27.91,31.92
2006-10-03,33.4,22.9,27.6,27.96,32.15
2006-10-04,33.1,22.8,28.1,28.12,32.33
2006-10-05,32.8,23.2,28.2,28.1,32.12
2006-10-06,33.1,23.7,28.3,28.5,32.06
2006-10-07,32.9,24.5,28.3,28.28,31.6
2006-10-08,32.0,24.0,27.7,28.26,32.01
2006-10-09,32.9,23.8,28.1,28.55,32.85
2006-10-10,32.6,24.8,28.5,28.97,33.09
2006-10-11,32.9,24.0,28.0,28.9,33.13
2006-10-12,32.9,23.0,27.8,28.8,32.96
2006-10-13,33.1,23.4,28.2,28.62,32.96
2006-10-14,33.1,23.7,28.0,28.39,32.36
2006-10-15,31.9,24.2,27.9,28.41,31.86
2006-10-16,32.3,24.2,27.6,28.67,32.35
2006-10-17,31.6,24.2,27.2,28.41,31.77
2006-10-18,31.6,24.2,27.5,28.5,32.15
2006-10-19,31.6,23.8,27.1,28.76,32.3
2006-10-20,32.0,23.6,27.8,28.8,32.89
2006-10-21,32.4,25.1,28.3,28.7,32.33
2006-10-22,32.5,24.8,28.2,28.64,32.27
2006-10-23,31.9,24.3,27.9,28.54,32.46
2006-10-24,32.9,23.7,28.1,28.5,32.44
2006-10-25,32.3,23.8,27.9,28.52,32.55
2006-10-26,30.3,24.3,26.9,28.33,31.8
2006-10-27,31.0,24.2,26.8,28.38,31.58
2006-10-28,30.2,24.0,27.0,28.44,31.7
2006-10-29,31.6,24.5,27.6,28.78,31.82
2006-10-30,31.1,24.2,27.4,28.64,31.61
2006-10-31,30.4,24.0,26.9,28.65,32.32
2006-11-01,30.7,23.9,27.2,28.49,32.06
2006-11-02,30.6,24.0,27.1,28.21,31.29
2006-11-03,31.6,23.8,27.1,29.01,32.66
2006-11-04,32.9,24.7,27.8,29.44,33.12
2006-11-05,31.6,24.4,27.8,29.29,32.94
2006-11-06,32.3,24.2,28.1,29.27,32.91
2006-11-07,31.0,24.1,27.5,28.76,31.62
2006-11-08,30.1,24.6,26.8,28.15,29.79
2006-11-09,31.3,24.0,26.8,28.1,30.23
2006-11-10,31.5,23.4,27.1,28.85,31.62
2006-11-11,31.5,23.9,26.8,28.08,29.7
2006-11-12,31.7,23.3,27.3,29.09,32.63
2006-11-13,31.3,23.0,27.1,29.0,32.28
2006-11-14,32.3,23.8,27.9,29.33,32.93
2006-11-15,32.2,24.7,28.1,29.26,32.6
2006-11-16,31.2,23.6,27.2,29.11,32.47
2006-11-17,31.7,23.9,27.4,29.01,32.41
2006-11-18,31.1,24.0,27.3,28.99,31.69
2006-11-19,32.1,24.1,27.9,29.59,33.1
2006-11-20,32.8,24.2,28.2,29.38,32.64
2006-11-21,31.9,24.3,27.7,29.19,32.37
2006-11-22,31.4,24.5,27.2,28.51,31.11
2006-11-23,31.7,23.7,27.1,27.85,29.75
2006-11-24,30.1,24.7,27.1,27.88,29.98
2006-11-25,31.5,24.0,27.3,28.54,31.47
2006-11-26,30.9,24.4,27.1,28.36,30.93
2006-11-27,30.2,24.3,26.8,27.93,30.18
2006-11-28,29.3,24.2,26.7,28.22,30.33
2006-11-29,29.9,24.1,26.4,28.2,30.67
2006-11-30,30.9,24.1,27.3,28.28,31.14
2006-12-01,29.9,24.4,26.9,28.18,30.98
2006-12-02,30.3,24.1,27.1,28.22,30.77
2006-12-03,29.7,24.1,26.5,28.25,30.98
2006-12-04,27.9,23.8,26.0,28.17,30.49
2006-12-05,29.2,23.9,26.6,27.83,29.36
2006-12-06,30.1,24.0,26.5,27.82,29.9
2006-12-07,29.6,23.9,26.4,27.97,29.91
2006-12-08,30.5,23.9,26.6,28.76,31.49
2006-12-09,30.9,23.7,26.9,28.55,30.47
2006-12-10,30.3,23.8,26.9,28.94,31.2
2006-12-11,31.2,24.2,27.5,28.84,31.49
2006-12-12,30.2,24.4,26.9,28.77,31.36
2006-12-13,30.2,23.9,26.3,28.05,30.16
2006-12-14,29.7,24.3,26.3,27.86,30.25
2006-12-15,30.5,24.0,26.9,28.36,30.71
2006-12-16,29.7,24.7,27.1,28.92,31.23
2006-12-17,30.4,24.1,26.8,27.95,29.2
2006-12-18,28.8,24.4,26.6,28.09,29.54
2006-12-19,30.2,24.4,26.5,28.7,30.94
2006-12-20,29.5,24.4,26.3,27.65,28.76
2006-12-21,29.9,24.2,26.3,27.92,30.04
2006-12-22,29.4,24.2,26.2,27.98,29.68
2006-12-23,29.8,24.6,26.6,27.34,28.4
2006-12-24,28.3,24.6,26.2,27.33,29.49
2006-12-25,28.5,24.4,26.1,27.33,29.06
2006-12-26,30.5,24.2,26.8,27.45,29.22
2006-12-27,27.0,24.2,25.5,26.92,28.31
2006-12-28,28.4,24.5,26.2,27.3,30.07
2006-12-29,25.2,23.9,24.4,26.81,28.37
2006-12-30,26.8,23.6,25.0,27.16,29.42
2006-12-31,28.4,23.6,25.7,26.83,28.3
2007-01-01,29.0,24.3,26.3,27.15,28.58
2007-01-02,28.4,24.4,25.8,27.39,30.19
2007-01-03,29.3,24.2,26.4,27.12,30.62
2007-01-04,29.5,24.1,26.3,27.37,30.82
2007-01-05,30.0,23.5,26.4,27.4,31.22
2007-01-06,30.3,23.4,26.6,27.41,30.79
2007-01-07,30.9,23.4,26.8,27.95,32.03
2007-01-08,30.4,22.0,26.2,27.58,31.64
2007-01-09,30.4,24.0,27.1,27.68,30.66
2007-01-10,31.0,23.3,27.3,28.19,31.77
2007-01-11,32.1,21.7,27.1,28.69,32.89
2007-01-12,31.3,23.6,27.5,28.42,32.29
2007-01-13,31.8,23.6,27.6,28.97,33.54
2007-01-14,31.2,24.2,27.5,28.97,33.07
2007-01-15,30.5,24.3,27.0,28.17,31.37
2007-01-16,30.6,24.2,27.3,28.27,31.46
2007-01-17,31.8,24.3,27.7,28.57,32.08
2007-01-18,31.6,24.0,27.5,28.2,30.76
2007-01-19,30.9,24.0,27.3,28.3,30.8
2007-01-20,29.5,24.4,26.9,28.02,29.99
2007-01-21,29.3,24.0,26.6,28.34,31.0
2007-01-22,28.3,24.3,25.8,27.38,29.29
2007-01-23,26.7,23.9,25.3,26.37,27.51
2007-01-24,27.1,23.3,25.0,26.12,27.62
2007-01-25,29.9,23.2,26.2,26.75,28.88
2007-01-26,29.9,23.5,26.3,27.39,29.6
2007-01-27,29.1,24.1,26.3,27.47,30.29
2007-01-28,29.1,23.5,25.8,26.57,27.59
2007-01-29,27.4,23.8,25.0,26.79,27.86
2007-01-30,27.5,23.7,25.3,26.8,28.25
2007-01-31,28.0,23.4,25.3,26.83,28.2
2007-02-01,26.7,23.6,24.9,26.41,27.36
2007-02-02,27.2,23.3,25.0,26.0,26.41
2007-02-03,27.1,23.0,24.5,26.59,27.81
2007-02-04,27.5,23.0,25.0,26.88,28.51
2007-02-05,28.4,23.0,25.6,26.63,28.23
2007-02-06,29.1,23.2,26.1,26.89,28.7
2007-02-07,29.1,23.2,26.4,26.55,28.32
2007-02-08,28.6,24.0,26.2,26.79,28.66
2007-02-09,28.9,23.8,26.2,26.76,28.34
2007-02-10,29.2,23.3,26.3,26.82,28.55
2007-02-11,29.1,23.9,26.7,27.05,28.62
2007-02-12,29.1,23.5,26.1,26.76,28.16
2007-02-13,28.2,23.4,25.7,26.9,28.39
2007-02-14,29.7,23.3,26.1,27.32,29.52
2007-02-15,29.6,23.8,26.1,26.76,28.39
2007-02-16,28.2,23.1,25.3,26.78,28.9
2007-02-17,29.5,22.7,26.0,26.94,28.98
2007-02-18,29.5,23.5,26.1,27.28,29.63
2007-02-19,29.1,23.2,25.8,26.81,28.73
2007-02-20,28.4,23.5,25.5,26.72,28.72
2007-02-21,29.7,24.2,26.1,26.79,29.35
2007-02-22,29.6,23.3,25.7,27.21,29.65
2007-02-23,29.4,23.2,26.0,26.84,29.24
2007-02-24,28.1,23.5,25.7,26.68,28.55
2007-02-25,28.9,23.6,25.8,26.18,26.98
2007-02-26,28.3,23.5,26.0,26.95,29.62
2007-02-27,29.0,23.8,25.8,26.32,28.15
2007-02-28,29.1,24.1,26.2,26.71,28.78
2007-03-01,28.3,24.5,26.0,26.81,29.01
2007-03-02,27.7,24.6,25.6,26.46,27.76
2007-03-03,28.7,23.9,25.8,26.52,28.03
2007-03-04,28.8,24.3,26.1,26.9,28.95
2007-03-05,29.4,24.5,26.4,26.78,28.75
2007-03-06,29.0,24.3,26.1,27.0,28.81
2007-03-07,27.6,24.6,25.7,26.72,27.82
2007-03-08,28.5,24.3,25.9,27.05,28.57
2007-03-09,28.6,23.7,25.7,27.12,28.14
2007-03-10,28.3,23.8,25.8,27.3,28.6
2007-03-11,29.4,23.7,26.3,27.5,29.12
2007-03-12,29.7,23.0,26.4,27.2,28.47
2007-03-13,29.6,24.3,26.5,27.5,29.81
2007-03-14,30.2,23.6,26.5,27.19,29.07
2007-03-15,29.2,23.6,26.1,27.13,28.94
2007-03-16,29.4,23.8,26.2,26.92,29.34
2007-03-17,29.3,23.9,25.9,26.85,28.61
2007-03-18,28.7,23.5,26.1,26.82,28.36
2007-03-19,29.0,23.6,26.1,27.15,29.59
2007-03-20,28.4,24.0,25.6,26.07,26.87
2007-03-21,28.3,24.2,25.9,26.76,28.84
2007-03-22,28.8,24.0,26.0,26.39,28.3
2007-03-23,29.6,24.3,26.4,26.74,29.0
2007-03-24,31.7,24.3,27.5,27.45,30.65
2007-03-25,29.4,24.5,26.4,27.27,29.63
2007-03-26,29.1,24.4,26.3,26.98,29.18
2007-03-27,29.7,24.4,26.1,26.8,28.8
2007-03-28,29.0,23.2,25.9,27.02,29.03
2007-03-29,29.2,23.7,26.1,26.9,28.91
2007-03-30,29.8,23.6,26.5,26.85,28.91
2007-03-31,30.1,23.3,26.2,27.4,29.97
2007-04-01,29.9,23.7,25.8,27.14,29.13
2007-04-02,29.3,23.6,26.0,27.09,29.03
2007-04-03,29.5,23.6,26.2,27.4,29.51
2007-04-04,30.2,23.3,26.2,27.03,28.26
2007-04-05,28.4,24.0,25.8,27.37,29.35
2007-04-06,28.5,24.0,25.8,27.55,29.62
2007-04-07,29.5,23.2,26.0,27.86,30.1
2007-04-08,29.5,23.8,26.1,27.22,28.8
2007-04-09,29.3,23.6,26.2,26.91,28.6
2007-04-10,28.9,23.7,25.7,27.24,29.06
2007-04-11,28.0,23.4,25.6,27.17,29.02
2007-04-12,29.4,23.4,26.1,27.63,29.75
2007-04-13,29.6,23.0,26.2,27.73,29.83
2007-04-14,30.2,24.0,26.4,27.61,29.75
2007-04-15,29.6,23.5,26.6,27.61,29.46
2007-04-16,29.7,24.1,26.7,27.44,29.07
2007-04-17,28.1,24.0,25.7,27.51,28.81
2007-04-18,29.5,23.7,26.4,27.76,29.76
2007-04-19,29.2,23.9,26.2,27.66,29.38
2007-04-20,29.9,23.2,26.1,27.52,29.45
2007-04-21,29.9,23.9,26.3,27.67,29.34
2007-04-22,29.3,23.7,26.6,27.65,29.34
2007-04-23,29.8,23.5,26.3,27.98,30.35
2007-04-24,30.0,23.8,26.3,27.72,30.32
2007-04-25,28.9,24.2,25.9,27.06,28.43
2007-04-26,28.5,23.7,25.7,27.14,28.76
2007-04-27,29.3,23.5,25.9,26.74,27.82
2007-04-28,29.8,23.2,26.3,27.27,29.11
2007-04-29,29.4,23.8,26.4,27.68,29.61
2007-04-30,28.3,23.6,25.4,27.12,28.33
2007-05-01,29.0,23.5,25.7,27.24,29.31
2007-05-02,28.4,23.8,25.7,26.91,28.23
2007-05-03,29.5,23.1,26.1,27.37,29.67
2007-05-04,30.2,23.2,26.6,27.34,30.27
2007-05-05,29.8,23.9,26.5,27.53,30.25
2007-05-06,30.1,23.9,26.5,27.61,29.79
2007-05-07,30.3,23.2,26.8,27.88,30.07
2007-05-08,30.3,24.8,27.1,28.06,30.5
2007-05-09,30.7,24.0,26.9,27.87,29.64
2007-05-10,29.8,24.1,26.5,27.94,30.12
2007-05-11,28.7,23.9,25.8,27.57,28.72
2007-05-12,29.6,24.1,26.2,27.39,28.67
2007-05-13,29.7,24.4,27.0,27.45,28.96
2007-05-14,25.9,24.3,25.0,26.76,27.92
2007-05-15,27.8,23.1,25.3,26.79,27.88
2007-05-16,27.7,23.5,25.1,26.79,28.13
2007-05-17,29.4,22.5,25.7,27.53,29.61
2007-05-18,29.1,23.4,25.7,27.07,28.29
2007-05-19,29.9,22.8,26.3,27.34,28.61
2007-05-20,30.2,23.9,26.7,27.77,29.44
2007-05-21,30.0,23.5,26.5,27.67,29.09
2007-05-22,30.3,23.8,26.5,27.67,29.45
2007-05-23,30.1,23.2,26.6,27.52,29.24
2007-05-24,30.5,23.5,27.0,27.91,30.21
2007-05-25,30.2,23.6,26.9,27.65,29.8
2007-05-26,29.8,23.5,26.5,27.72,29.88
2007-05-27,30.1,23.2,26.7,27.59,30.06
2007-05-28,30.2,23.9,27.0,27.64,30.0
2007-05-29,30.2,23.1,26.5,27.61,29.74
2007-05-30,29.4,23.5,26.1,27.34,28.88
2007-05-31,29.7,23.1,25.9,27.19,28.86
2007-06-01,29.5,23.7,26.0,27.05,28.31
2007-06-02,29.0,23.3,25.7,27.38,29.05
2007-06-03,29.7,23.4,26.5,27.52,29.74
2007-06-04,30.4,23.8,26.7,27.51,29.41
2007-06-05,28.3,23.4,25.9,27.04,28.41
2007-06-06,28.5,23.1,25.6,27.06,28.62
2007-06-07,29.4,23.0,25.9,27.13,28.95
2007-06-08,29.1,23.9,25.9,27.25,29.03
2007-06-09,29.8,23.6,26.3,27.35,28.94
2007-06-10,30.1,23.6,26.8,28.0,30.36
2007-06-11,29.6,22.8,26.1,27.37,29.49
2007-06-12,29.4,22.2,26.1,26.85,29.32
2007-06-13,29.9,22.4,26.1,26.64,29.3
2007-06-14,30.3,22.3,26.3,27.43,30.12
2007-06-15,30.1,23.9,26.4,27.58,30.03
2007-06-16,30.2,23.3,26.3,27.71,30.03
2007-06-17,29.5,23.6,26.1,27.26,29.24
2007-06-18,29.7,23.3,25.7,26.96,28.9
2007-06-19,26.3,23.9,24.9,26.27,28.0
2007-06-20,27.7,23.9,25.1,26.91,28.83
2007-06-21,29.3,22.5,25.8,26.64,27.69
2007-06-22,30.0,22.5,26.2,27.55,29.85
2007-06-23,30.2,23.5,26.8,27.76,30.12
2007-06-24,30.0,23.5,26.9,27.79,30.28
2007-06-25,29.7,23.9,26.4,27.45,29.21
2007-06-26,29.7,22.8,26.3,27.29,28.85
2007-06-27,29.5,23.4,25.8,26.79,28.32
2007-06-28,27.7,23.4,25.2,26.37,28.33
2007-06-29,28.8,23.4,25.4,26.99,28.95
2007-06-30,29.6,23.1,26.0,27.25,28.85
2007-07-01,29.8,23.6,26.4,27.1,28.92
2007-07-02,29.7,23.6,26.5,27.02,28.71
2007-07-03,30.3,23.7,26.7,27.4,29.48
2007-07-04,30.2,23.8,26.6,26.67,28.91
2007-07-05,30.0,21.8,26.2,26.81,29.51
2007-07-06,29.0,23.5,26.1,26.97,28.76
2007-07-07,29.8,23.7,26.0,26.82,28.36
2007-07-08,29.4,23.5,25.6,26.87,28.43
2007-07-09,29.1,23.4,25.7,26.27,28.52
2007-07-10,29.5,21.7,25.6,26.08,28.83
2007-07-11,29.0,21.6,25.1,25.75,28.33
2007-07-12,29.2,21.2,25.3,26.75,28.75
2007-07-13,29.1,22.1,25.7,26.39,28.31
2007-07-14,30.0,22.7,26.4,26.86,29.37
2007-07-15,29.9,23.3,26.7,26.76,28.95
2007-07-16,30.4,23.4,27.0,27.03,29.16
2007-07-17,29.9,24.1,27.0,27.38,29.65
2007-07-18,29.5,24.1,26.6,27.28,29.34
2007-07-19,30.6,23.9,26.9,27.23,29.68
2007-07-20,29.4,23.7,26.5,27.22,29.48
2007-07-21,29.7,23.3,25.9,26.93,29.38
2007-07-22,29.7,23.0,26.1,26.88,29.33
2007-07-23,30.0,22.6,26.5,26.82,29.37
2007-07-24,29.9,22.6,26.2,26.4,28.77
2007-07-25,29.4,22.1,25.7,25.98,28.55
2007-07-26,30.1,22.2,25.8,25.75,28.49
2007-07-27,30.5,21.6,26.1,26.05,28.71
2007-07-28,29.3,22.5,26.0,26.47,29.0
2007-07-29,29.9,23.4,26.3,26.46,28.75
2007-07-30,30.6,22.3,26.4,26.73,29.46
2007-07-31,30.7,23.1,26.6,26.81,29.3
2007-08-01,30.5,23.2,26.5,26.09,28.62
2007-08-02,30.1,21.7,26.2,25.92,28.6
2007-08-03,30.5,21.5,25.9,26.08,29.06
2007-08-04,30.5,22.4,26.3,26.46,29.13
2007-08-05,30.5,23.4,26.5,26.25,28.89
2007-08-06,30.8,22.6,26.6,26.51,29.47
2007-08-07,31.2,22.2,26.9,26.57,29.23
2007-08-08,31.3,22.5,27.1,26.69,29.63
2007-08-09,31.0,23.3,27.3,26.94,29.68
2007-08-10,31.2,23.7,27.3,26.57,29.01
2007-08-11,31.9,22.4,27.2,26.8,29.9
2007-08-12,31.1,23.5,27.1,26.63,28.87
2007-08-13,31.0,22.7,26.9,26.84,29.42
2007-08-14,31.0,23.5,26.8,27.09,29.81
2007-08-15,30.5,23.3,26.3,27.3,29.96
2007-08-16,31.2,21.9,26.4,26.63,29.51
2007-08-17,31.1,21.5,26.5,26.35,29.21
2007-08-18,31.7,22.0,26.7,26.45,29.6
2007-08-19,32.3,22.7,27.4,26.96,30.16
2007-08-20,30.2,24.5,26.8,26.59,29.13
2007-08-21,29.9,23.6,25.9,26.21,26.92
2007-08-22,29.3,23.3,25.7,26.54,29.19
2007-08-23,29.4,22.7,25.9,26.41,28.34
2007-08-24,28.9,23.6,25.6,26.79,29.41
2007-08-25,29.6,22.0,25.9,27.07,29.96
2007-08-26,29.6,24.0,26.3,26.99,29.58
2007-08-27,30.2,24.1,26.5,26.2,28.82
2007-08-28,30.2,21.9,26.1,25.77,28.95
2007-08-29,31.1,21.9,26.4,26.38,29.54
2007-08-30,30.8,22.7,26.6,26.61,29.68
2007-08-31,31.5,22.3,26.6,26.18,29.41
2007-09-01,31.6,21.5,26.3,26.26,29.7
2007-09-02,31.9,21.7,27.0,26.98,30.03
2007-09-03,32.0,23.8,27.4,27.34,30.46
2007-09-04,29.7,23.5,26.6,26.97,29.6
2007-09-05,31.5,24.0,27.6,27.18,29.97
2007-09-06,31.5,24.7,27.7,27.19,30.27
2007-09-07,31.0,23.6,27.0,27.2,30.13
2007-09-08,30.1,23.1,26.5,26.93,29.87
2007-09-09,29.5,23.9,26.7,26.41,29.31
2007-09-10,30.1,24.8,26.9,26.62,29.08
2007-09-11,30.0,24.1,26.8,26.88,30.18
2007-09-12,30.9,22.0,26.3,26.35,28.97
2007-09-13,31.0,23.7,27.1,26.88,29.49
2007-09-14,31.3,23.7,27.1,27.16,30.3
2007-09-15,31.2,23.4,27.4,27.02,30.24
2007-09-16,31.7,23.5,27.5,27.19,30.43
2007-09-17,31.1,24.1,27.0,27.31,30.31
2007-09-18,31.5,23.5,27.3,27.45,30.23
2007-09-19,32.1,23.4,27.6,27.35,30.48
2007-09-20,32.3,22.7,27.5,27.2,30.56
2007-09-21,32.8,23.3,27.9,27.41,30.81
2007-09-22,32.0,23.0,27.7,27.37,30.65
2007-09-23,33.1,22.5,27.3,27.35,30.63
2007-09-24,31.0,23.9,27.2,27.26,30.05
2007-09-25,32.3,24.1,27.7,27.9,30.75
2007-09-26,32.9,23.6,28.1,27.54,30.64
2007-09-27,32.7,22.9,27.9,27.27,30.9
2007-09-28,32.4,24.2,27.9,27.72,31.49
2007-09-29,32.4,22.5,27.7,27.3,31.07
2007-09-30,33.3,23.6,27.9,27.59,31.54
2007-10-01,32.9,22.6,27.2,27.62,31.63
2007-10-02,32.2,22.6,27.7,27.68,30.79
2007-10-03,32.9,24.1,28.2,28.4,31.83
2007-10-04,32.6,23.8,28.1,28.14,31.57
2007-10-05,32.6,23.8,28.2,27.99,31.38
2007-10-06,33.0,24.1,28.4,28.47,31.79
2007-10-07,32.3,24.4,28.1,28.26,31.17
2007-10-08,31.3,24.2,27.2,27.59,30.36
2007-10-09,30.1,23.8,26.4,26.71,28.55
2007-10-10,32.1,23.6,27.1,27.57,30.15
2007-10-11,30.7,23.9,27.1,28.12,31.02
2007-10-12,30.7,24.3,27.0,27.99,30.81
2007-10-13,30.7,24.1,27.2,27.78,30.68
2007-10-14,31.2,23.6,27.2,28.23,31.34
2007-10-15,31.4,24.5,27.5,28.47,31.15
2007-10-16,31.8,23.8,27.4,28.47,31.64
2007-10-17,30.9,23.6,26.8,28.2,31.51
2007-10-18,31.4,23.0,27.4,28.69,32.06
2007-10-19,31.6,23.4,27.6,28.82,31.99
2007-10-20,31.6,23.6,27.3,28.65,31.74
2007-10-21,32.2,23.9,27.6,28.6,31.64
2007-10-22,29.7,24.0,26.5,27.91,30.5
2007-10-23,28.5,23.8,26.0,26.41,27.47
2007-10-24,31.3,23.9,27.0,27.2,29.28
2007-10-25,31.3,24.6,27.5,27.86,29.75
2007-10-26,32.0,24.6,27.4,28.34,30.9
2007-10-27,30.7,23.6,26.8,28.06,30.37
2007-10-28,30.3,24.1,27.1,27.71,29.8
2007-10-29,29.7,24.0,26.6,27.55,29.39
2007-10-30,28.8,24.4,26.0,27.6,29.87
2007-10-31,30.3,24.2,26.8,27.29,29.46
2007-11-01,30.7,23.7,26.6,27.13,28.93
2007-11-02,30.5,24.1,26.7,27.06,28.83
2007-11-03,29.9,23.6,26.2,26.52,29.73
2007-11-04,29.6,23.7,26.1,27.2,29.59
2007-11-05,29.8,23.7,26.3,26.77,28.22
2007-11-06,30.9,23.5,26.4,27.35,29.46
2007-11-07,28.6,23.2,26.0,27.33,29.51
2007-11-08,29.5,23.8,26.3,27.64,29.26
2007-11-09,29.2,23.6,26.0,27.33,28.84
2007-11-10,27.9,23.3,25.2,27.26,29.03
2007-11-11,30.4,23.2,26.4,27.53,30.51
2007-11-12,29.9,23.9,26.5,27.42,29.84
2007-11-13,30.4,23.6,26.4,27.53,29.8
2007-11-14,30.6,23.4,26.5,27.18,28.8
2007-11-15,30.3,24.3,27.0,27.11,28.66
2007-11-16,29.9,24.3,26.8,27.82,29.75
2007-11-17,31.1,24.2,26.9,28.07,30.63
2007-11-18,31.0,23.9,27.3,27.55,29.41
2007-11-19,31.1,24.2,27.2,28.21,30.53
2007-11-20,30.9,24.0,27.2,28.1,31.09
2007-11-21,32.2,23.8,27.5,28.31,31.78
2007-11-22,32.2,23.4,27.4,28.04,32.26
2007-11-23,32.2,23.4,27.5,27.72,31.8
2007-11-24,32.9,22.6,27.5,28.18,32.88
2007-11-25,32.8,23.0,27.6,28.49,32.56
2007-11-26,32.2,24.1,27.9,28.44,31.96
2007-11-27,31.6,24.1,27.4,28.2,31.15
2007-11-28,31.2,23.7,27.0,28.06,31.04
2007-11-29,31.0,24.0,26.9,28.02,30.51
2007-11-30,29.6,24.4,26.5,27.95,30.48
2007-12-01,29.7,24.2,26.7,27.72,30.21
2007-12-02,29.6,23.8,26.3,27.88,30.61
2007-12-03,28.5,23.8,25.9,27.0,28.49
2007-12-04,28.7,23.5,26.0,27.08,28.61
2007-12-05,29.3,24.1,26.4,26.24,26.88
2007-12-06,29.0,23.6,26.1,27.26,29.36
2007-12-07,29.7,23.3,26.1,27.49,29.47
2007-12-08,28.9,23.5,25.8,27.7,30.15
2007-12-09,28.7,23.7,25.9,27.77,29.93
2007-12-10,29.7,23.5,26.5,28.07,30.63
2007-12-11,28.7,23.9,25.9,27.7,29.44
2007-12-12,29.1,23.7,25.9,27.68,29.12
2007-12-13,30.6,24.1,26.3,27.84,30.72
2007-12-14,28.2,24.0,25.7,27.71,29.74
2007-12-15,29.2,23.6,25.6,27.08,28.5
2007-12-16,28.9,24.0,25.8,26.75,28.36
2007-12-17,29.5,23.5,25.9,26.62,29.34
2007-12-18,29.9,23.6,26.2,26.78,28.4
2007-12-19,29.5,24.0,26.2,26.77,28.49
2007-12-20,27.5,23.6,25.2,27.04,29.08
2007-12-21,29.1,23.3,25.5,27.28,29.93
2007-12-22,27.3,23.2,25.0,26.84,28.91
2007-12-23,27.1,23.4,24.7,26.22,27.18
2007-12-24,28.1,23.6,25.7,27.31,29.56
2007-12-25,28.7,24.0,26.0,26.9,28.17
2007-12-26,26.9,24.0,25.4,26.51,27.94
2007-12-27,26.9,24.0,25.0,26.82,28.43
2007-12-28,26.5,24.0,25.1,26.62,28.27
2007-12-29,28.0,24.2,25.5,26.76,28.6
2007-12-30,29.3,24.2,26.5,26.63,27.98
2007-12-31,28.6,23.7,25.9,26.67,27.89
2008-01-01,28.6,23.3,25.4,26.92,28.1
2008-01-02,26.0,23.4,24.8,26.57,27.84
2008-01-03,26.3,23.9,25.1,26.54,27.66
2008-01-04,28.1,23.3,24.8,26.51,27.43
2008-01-05,28.6,23.1,25.7,26.91,29.01
2008-01-06,29.4,23.3,26.2,26.86,29.49
2008-01-07,28.9,24.3,26.4,26.9,29.1
2008-01-08,30.1,22.1,26.2,27.26,30.64
2008-01-09,30.7,22.9,26.5,27.2,30.55
2008-01-10,29.9,23.3,26.3,27.07,29.99
2008-01-11,29.6,23.2,26.4,27.28,30.34
2008-01-12,29.8,24.1,26.6,27.44,30.91
2008-01-13,29.8,23.8,26.6,27.46,30.55
2008-01-14,28.6,24.6,26.1,27.07,29.03
2008-01-15,28.0,24.4,25.7,26.91,28.79
2008-01-16,27.8,24.3,25.6,26.78,28.91
2008-01-17,29.7,24.2,26.2,27.03,29.43
2008-01-18,29.3,24.2,26.3,26.88,28.95
2008-01-19,28.9,24.2,26.1,26.76,28.57
2008-01-20,29.5,23.5,26.5,26.73,28.81
2008-01-21,29.8,23.4,26.4,27.15,30.11
2008-01-22,29.8,22.9,26.0,27.07,29.59
2008-01-23,29.2,23.4,25.9,26.74,28.21
2008-01-24,29.5,23.6,26.4,27.24,29.49
2008-01-25,29.2,23.9,26.4,27.24,29.91
2008-01-26,29.4,24.0,26.1,27.05,29.38
2008-01-27,29.8,23.6,26.5,27.4,29.74
2008-01-28,29.4,24.0,26.3,27.76,30.03
2008-01-29,29.5,24.1,26.3,27.43,29.84
2008-01-30,28.6,24.3,26.0,26.95,28.51
2008-01-31,29.0,23.9,26.0,26.52,27.95
2008-02-01,26.7,23.7,25.0,26.38,27.22
2008-02-02,27.8,23.7,25.5,26.2,27.36
2008-02-03,28.0,23.5,25.0,26.08,27.09
2008-02-04,28.7,23.3,25.8,26.41,27.75
2008-02-05,28.8,23.7,26.4,27.06,29.04
2008-02-06,29.3,23.5,26.1,26.69,27.63
2008-02-07,28.8,24.1,25.9,26.64,27.34
2008-02-08,27.3,23.8,25.2,26.16,27.04
2008-02-09,27.5,23.7,25.6,25.98,26.81
2008-02-10,27.7,23.7,25.3,26.14,27.37
2008-02-11,28.2,23.0,25.6,26.32,28.2
2008-02-12,28.1,24.0,25.4,26.34,27.38
2008-02-13,27.8,23.3,25.3,26.06,27.44
2008-02-14,27.8,23.4,25.2,25.92,26.73
2008-02-15,27.2,23.4,24.8,25.82,27.03
2008-02-16,28.2,23.0,25.6,25.85,27.14
2008-02-17,27.8,23.9,25.3,25.9,26.8
2008-02-18,28.1,23.2,25.4,26.5,27.79
2008-02-19,27.6,23.3,25.3,25.88,26.78
2008-02-20,27.7,22.9,25.1,26.55,28.13
2008-02-21,28.0,23.0,25.1,25.87,26.83
2008-02-22,24.8,22.9,23.9,25.96,26.97
2008-02-23,26.7,23.5,24.6,25.94,27.21
2008-02-24,28.5,23.5,25.4,26.39,28.22
2008-02-25,28.0,23.8,25.4,26.07,26.99
2008-02-26,27.4,23.1,25.0,25.72,26.8
2008-02-27,28.3,22.6,24.9,25.71,27.25
2008-02-28,27.5,23.6,25.1,26.37,28.62
2008-02-29,26.7,23.5,24.7,26.12,28.11
2008-03-01,27.9,23.4,25.4,26.07,28.37
2008-03-02,28.3,22.6,25.3,26.18,28.21
2008-03-03,28.8,23.1,25.3,26.6,29.19
2008-03-04,28.1,23.3,24.9,26.09,27.35
2008-03-05,28.6,22.8,25.2,25.98,27.48
2008-03-06,28.4,23.0,25.0,26.16,28.08
2008-03-07,28.8,23.0,25.4,26.6,29.03
2008-03-08,28.1,23.1,25.1,26.45,28.34
2008-03-09,28.1,22.9,25.2,26.56,28.37
2008-03-10,28.8,22.6,25.4,26.56,28.35
2008-03-11,28.7,22.9,25.3,26.55,28.0
2008-03-12,29.4,23.1,25.9,27.06,29.11
2008-03-13,29.4,23.1,25.7,26.5,27.54
2008-03-14,27.5,22.8,25.1,26.89,28.7
2008-03-15,28.4,22.7,25.3,26.67,28.49
2008-03-16,28.7,22.8,25.8,27.12,29.07
2008-03-17,29.2,23.0,25.9,27.1,29.28
2008-03-18,29.1,22.5,25.6,27.46,29.83
2008-03-19,28.4,23.4,25.4,27.25,29.02
2008-03-20,28.4,23.3,25.8,26.68,28.4
2008-03-21,30.5,23.4,26.2,26.53,28.28
2008-03-22,29.2,23.9,26.1,26.78,28.76
2008-03-23,28.3,23.5,25.5,26.43,27.88
2008-03-24,29.2,22.7,25.6,26.63,28.53
2008-03-25,28.5,22.8,25.9,26.76,28.17
2008-03-26,29.1,23.4,26.1,26.92,28.42
2008-03-27,28.5,23.2,25.6,27.07,28.77
2008-03-28,29.6,23.1,26.2,26.95,28.04
2008-03-29,30.1,22.9,26.7,27.12,29.15
2008-03-30,30.5,23.9,26.6,27.29,29.25
2008-03-31,29.7,23.5,26.4,26.64,28.36
2008-04-01,30.1,23.2,26.0,26.68,28.97
2008-04-02,29.9,22.4,26.1,26.88,29.27
2008-04-03,29.0,22.3,25.7,26.94,29.45
2008-04-04,29.2,22.7,25.9,26.36,28.36
2008-04-05,30.1,22.4,26.2,27.45,29.96
2008-04-06,29.5,23.4,25.9,27.13,28.63
2008-04-07,29.9,22.9,26.1,27.18,28.9
2008-04-08,28.7,23.5,25.8,27.22,28.92
2008-04-09,29.7,23.1,25.9,27.25,29.29
2008-04-10,29.7,22.7,25.8,26.67,28.06
2008-04-11,28.4,23.0,25.2,26.69,28.26
2008-04-12,25.9,23.3,24.3,26.27,27.74
2008-04-13,28.9,22.4,25.5,26.8,28.98
2008-04-14,28.2,23.7,25.5,26.44,27.63
2008-04-15,29.3,22.3,25.6,26.69,28.2
2008-04-16,29.7,23.1,26.4,27.24,29.19
2008-04-17,29.8,22.9,26.5,27.54,29.75
2008-04-18,30.3,23.0,26.4,27.53,29.89
2008-04-19,29.4,23.6,26.1,27.2,29.04
2008-04-20,28.7,23.2,25.7,27.12,29.2
2008-04-21,29.2,23.7,25.8,27.2,29.39
2008-04-22,28.5,23.8,25.2,26.51,27.29
2008-04-23,28.9,23.5,26.0,26.95,28.03
2008-04-24,28.5,23.9,25.6,26.85,28.16
2008-04-25,28.2,23.5,25.8,26.95,28.66
2008-04-26,29.6,22.7,26.1,27.21,29.44
2008-04-27,30.2,23.0,26.4,27.43,29.72
2008-04-28,30.3,23.4,26.8,27.79,30.42
2008-04-29,29.9,23.7,26.7,27.52,29.43
2008-04-30,30.0,23.6,26.3,27.6,29.86
2008-05-01,29.0,23.5,25.8,27.17,28.48
2008-05-02,29.6,23.2,26.5,27.14,28.25
2008-05-03,30.5,24.1,27.3,27.39,28.44
2008-05-04,30.4,23.7,26.6,27.63,28.9
2008-05-05,28.9,23.6,26.1,27.63,29.51
2008-05-06,28.2,23.4,25.5,27.35,28.85
2008-05-07,29.1,22.7,25.6,27.34,29.11
2008-05-08,29.4,22.4,25.8,27.58,29.58
2008-05-09,29.7,23.1,26.0,27.83,29.89
2008-05-10,29.4,22.5,25.6,27.83,30.04
2008-05-11,29.8,22.3,25.9,27.34,30.09
2008-05-12,29.2,22.0,25.6,26.83,29.39
2008-05-13,29.0,21.7,25.6,27.05,29.46
2008-05-14,29.3,22.5,25.9,26.69,28.43
2008-05-15,29.6,22.7,25.9,27.11,29.62
2008-05-16,30.1,22.5,26.1,26.92,29.32
2008-05-17,29.7,22.1,26.0,27.07,29.45
2008-05-18,30.3,22.5,26.4,27.16,29.48
2008-05-19,30.6,22.8,26.9,27.24,29.41
2008-05-20,29.8,23.0,26.4,27.38,29.28
2008-05-21,30.7,23.5,26.6,27.28,29.1
2008-05-22,30.5,23.4,26.8,27.32,29.36
2008-05-23,30.4,23.7,27.0,27.14,28.89
2008-05-24,30.4,23.5,26.8,27.14,28.89
2008-05-25,30.1,23.1,26.6,27.03,29.32
2008-05-26,30.7,22.7,26.9,26.81,29.28
2008-05-27,30.6,23.2,26.9,26.81,29.04
2008-05-28,30.8,23.2,27.0,26.81,28.97
2008-05-29,30.6,23.7,27.4,27.03,29.54
2008-05-30,30.4,22.8,26.6,27.16,29.61
2008-05-31,30.2,23.2,26.2,27.0,29.48
2008-06-01,28.8,23.0,25.7,26.83,28.73
2008-06-02,30.2,23.6,26.7,26.97,28.95
2008-06-03,30.3,23.8,26.6,27.1,29.39
2008-06-04,29.9,22.8,26.0,27.48,29.53
2008-06-05,30.0,23.2,26.2,27.42,29.8
2008-06-06,29.3,23.6,26.1,26.98,28.85
2008-06-07,29.7,23.1,26.1,27.01,29.51
2008-06-08,29.6,22.9,26.3,26.93,28.81
2008-06-09,29.9,23.0,26.3,26.32,28.1
2008-06-10,30.0,23.5,26.1,27.08,29.59
2008-06-11,30.5,22.9,26.2,26.89,28.56
2008-06-12,30.2,23.4,26.3,26.91,29.22
2008-06-13,29.6,23.0,26.4,27.16,29.38
2008-06-14,27.7,23.4,25.3,26.88,28.83
2008-06-15,28.6,23.3,25.8,26.82,28.9
2008-06-16,29.9,23.4,26.3,26.52,28.18
2008-06-17,29.7,23.2,26.4,26.93,28.92
2008-06-18,30.5,22.9,26.5,26.96,29.19
2008-06-19,29.6,22.9,26.1,26.84,29.11
2008-06-20,29.7,22.3,25.7,26.2,28.65
2008-06-21,30.3,21.8,26.1,25.94,28.87
2008-06-22,29.8,22.5,26.2,25.92,28.53
2008-06-23,30.8,23.2,26.7,26.07,28.78
2008-06-24,31.0,22.1,26.6,26.21,28.92
2008-06-25,31.4,22.4,26.9,26.21,28.79
2008-06-26,31.6,22.6,27.0,26.55,29.3
2008-06-27,30.8,23.2,27.1,26.74,29.44
2008-06-28,30.9,22.9,26.9,26.65,29.08
2008-06-29,30.1,23.9,26.5,26.75,29.19
2008-06-30,30.4,22.4,26.5,26.61,29.17
2008-07-01,30.5,22.8,26.7,26.29,28.77
2008-07-02,30.8,22.6,26.7,26.07,28.64
2008-07-03,31.3,22.3,26.9,26.28,29.22
2008-07-04,31.3,22.8,26.8,26.82,29.24
2008-07-05,31.8,22.8,27.3,26.73,29.89
2008-07-06,30.9,22.0,26.2,25.31,28.42
2008-07-07,31.3,21.2,26.3,25.72,28.8
2008-07-08,31.7,23.5,27.3,26.24,29.16
2008-07-09,31.8,22.8,27.4,26.53,29.22
2008-07-10,31.3,23.4,27.2,26.43,28.98
2008-07-11,30.2,23.4,26.7,26.04,28.64
2008-07-12,31.4,22.3,26.9,26.17,28.87
2008-07-13,31.6,22.5,27.1,26.57,29.26
2008-07-14,31.2,23.5,26.9,26.73,29.34
2008-07-15,30.9,22.3,26.8,26.37,29.36
2008-07-16,30.9,22.1,26.5,25.74,28.42
2008-07-17,31.2,21.1,26.5,25.19,27.85
2008-07-18,31.5,22.2,26.7,25.91,28.92
2008-07-19,31.5,22.2,26.8,26.26,29.23
2008-07-20,31.6,22.8,27.1,26.34,29.03
2008-07-21,31.1,22.3,27.0,26.64,29.34
2008-07-22,30.3,23.2,26.8,26.11,28.87
2008-07-23,30.4,22.8,26.3,26.0,28.54
2008-07-24,30.8,22.6,26.5,25.64,28.34
2008-07-25,31.1,22.3,26.5,25.86,28.67
2008-07-26,30.1,23.7,26.7,26.34,28.82
2008-07-27,31.6,23.1,26.7,26.42,28.97
2008-07-28,31.4,23.5,26.8,26.41,28.55
2008-07-29,31.0,24.4,27.0,25.78,28.53
2008-07-30,31.7,23.2,27.0,25.91,28.81
2008-07-31,31.8,22.6,26.9,26.32,29.37
2008-08-01,32.0,24.5,27.6,26.52,29.25
2008-08-02,30.3,24.1,26.5,26.46,28.96
2008-08-03,29.5,23.1,26.1,26.24,28.77
2008-08-04,30.8,23.2,26.7,26.27,29.14
2008-08-05,31.8,21.9,26.5,26.22,29.36
2008-08-06,31.0,23.3,26.8,26.6,29.65
2008-08-07,31.1,23.2,27.1,26.24,29.21
2008-08-08,31.2,22.8,26.8,26.16,29.31
2008-08-09,31.9,23.5,27.4,26.38,29.31
2008-08-10,30.9,24.1,27.1,26.29,29.12
2008-08-11,31.5,24.3,27.4,26.52,28.54
2008-08-12,30.4,23.2,26.4,26.51,28.58
2008-08-13,29.8,23.1,25.6,26.56,28.73
2008-08-14,29.5,23.1,26.0,26.47,28.47
2008-08-15,29.3,23.1,25.9,26.59,28.87
2008-08-16,30.2,23.3,26.5,26.64,29.17
2008-08-17,30.1,23.1,26.6,26.79,29.87
2008-08-18,30.5,23.0,26.7,26.66,29.12
2008-08-19,30.8,23.1,26.7,26.83,29.24
2008-08-20,30.3,23.6,26.4,26.61,29.06
2008-08-21,31.5,23.6,27.2,26.79,29.63
2008-08-22,31.8,23.5,27.2,26.9,29.88
2008-08-23,31.4,22.8,27.4,27.04,30.27
2008-08-24,31.0,23.9,27.1,26.95,29.82
2008-08-25,31.2,22.7,26.5,26.8,29.33
2008-08-26,30.6,22.8,26.6,27.04,30.0
2008-08-27,31.2,23.1,26.6,27.09,30.07
2008-08-28,29.0,23.6,26.0,27.23,29.83
2008-08-29,29.6,23.3,26.1,26.76,29.1
2008-08-30,29.6,23.3,26.3,26.92,29.25
2008-08-31,30.0,23.2,25.8,26.7,28.54
2008-09-01,30.2,22.9,26.2,27.2,29.91
2008-09-02,31.4,22.6,26.8,27.25,30.09
2008-09-03,31.3,23.3,27.2,27.24,30.36
2008-09-04,31.3,23.2,27.1,27.2,29.85
2008-09-05,31.0,23.5,26.9,27.24,30.02
2008-09-06,30.9,23.4,27.2,27.37,30.11
2008-09-07,30.2,23.4,26.7,27.52,30.26
2008-09-08,29.8,23.6,26.5,27.06,29.4
2008-09-09,30.0,23.3,26.4,27.18,29.5
2008-09-10,31.4,23.0,27.3,27.31,29.89
2008-09-11,31.6,23.7,27.4,27.2,29.44
2008-09-12,31.0,24.7,27.3,27.35,30.12
2008-09-13,31.1,24.0,26.8,27.58,30.13
2008-09-14,31.1,23.9,27.2,27.73,30.62
2008-09-15,31.9,23.7,27.4,27.32,30.67
2008-09-16,31.7,21.9,26.8,27.19,30.43
2008-09-17,32.1,23.1,27.7,27.61,30.63
2008-09-18,33.0,23.4,28.0,27.97,31.67
2008-09-19,32.6,24.6,28.3,27.79,31.18
2008-09-20,32.5,24.0,28.2,28.02,31.67
2008-09-21,32.3,24.2,28.3,28.25,31.67
2008-09-22,32.0,23.4,27.9,27.88,31.35
2008-09-23,33.4,24.1,28.0,28.03,31.38
2008-09-24,32.0,24.6,27.9,28.09,31.58
2008-09-25,32.6,24.2,28.1,27.96,30.84
2008-09-26,32.7,23.9,27.7,28.02,31.24
2008-09-27,32.5,23.5,27.7,28.15,31.08
2008-09-28,32.5,23.8,28.0,28.13,31.61
2008-09-29,32.2,23.9,27.6,27.8,31.2
2008-09-30,31.3,24.5,27.6,27.9,31.31
2008-10-01,31.0,24.1,27.3,27.84,30.41
2008-10-02,31.6,23.7,27.5,27.44,29.91
2008-10-03,32.1,24.4,27.6,28.23,31.54
2008-10-04,32.5,23.9,27.3,28.04,31.16
2008-10-05,30.7,23.8,26.5,27.91,30.66
2008-10-06,31.2,23.6,26.7,28.05,31.25
2008-10-07,30.7,23.3,26.8,27.88,30.55
2008-10-08,30.8,23.9,26.7,27.61,29.87
2008-10-09,31.5,23.6,27.4,28.14,31.0
2008-10-10,31.7,23.8,27.3,28.34,31.28
2008-10-11,31.3,24.2,27.3,28.23,31.05
2008-10-12,32.5,23.8,28.1,28.34,31.8
2008-10-13,31.7,24.7,27.7,28.02,30.53
2008-10-14,32.6,24.4,27.8,28.2,31.21
2008-10-15,32.1,24.0,27.9,28.69,32.2
2008-10-16,32.1,23.8,27.7,28.73,31.88
2008-10-17,32.4,24.4,27.2,28.9,31.96
2008-10-18,32.3,24.1,27.6,29.23,32.01
2008-10-19,31.9,24.7,27.7,29.14,32.8
2008-10-20,32.1,24.5,27.9,28.58,31.34
2008-10-21,31.5,24.9,27.8,28.75,32.56
2008-10-22,31.9,24.2,26.9,27.95,29.87
2008-10-23,28.6,24.5,25.9,26.96,28.37
2008-10-24,30.2,24.2,26.5,26.96,28.37
2008-10-25,31.2,23.1,26.2,27.81,30.86
2008-10-26,29.2,23.7,26.0,27.34,29.21
2008-10-27,30.2,24.0,26.4,27.15,28.83
2008-10-28,29.5,23.7,26.1,27.09,28.59
2008-10-29,27.9,23.8,25.8,27.39,29.21
2008-10-30,30.4,22.2,26.4,28.18,30.62
2008-10-31,30.1,23.8,26.8,28.09,30.83
2008-11-01,30.0,24.0,26.6,27.33,28.87
2008-11-02,30.4,23.5,26.3,27.77,30.0
2008-11-03,29.8,23.7,26.2,27.81,29.92
2008-11-04,30.2,23.5,25.8,27.93,30.69
2008-11-05,29.0,23.8,26.1,27.3,28.38
2008-11-06,29.2,23.3,25.8,27.56,29.55
2008-11-07,28.7,23.7,25.8,27.09,28.46
2008-11-08,28.5,23.5,25.6,27.71,30.45
2008-11-09,27.5,23.6,25.1,27.17,28.43
2008-11-10,29.2,23.6,25.6,27.27,28.58
2008-11-11,29.2,23.2,25.7,27.42,29.7
2008-11-12,29.7,23.1,25.8,27.28,29.1
2008-11-13,29.9,22.7,26.2,27.89,31.18
2008-11-14,29.7,23.5,26.4,28.21,30.67
2008-11-15,29.1,23.8,26.1,27.9,29.6
2008-11-16,29.8,24.1,26.4,28.1,30.35
2008-11-17,29.3,23.6,25.9,27.85,30.21
2008-11-18,28.4,24.1,25.7,27.25,28.7
2008-11-19,29.5,24.4,26.1,27.55,29.85
2008-11-20,28.3,23.8,25.9,27.44,29.64
2008-11-21,29.2,24.3,26.7,27.22,28.75
2008-11-22,29.9,24.1,26.6,27.58,29.4
2008-11-23,29.8,23.7,26.3,27.83,30.6
2008-11-24,27.4,24.3,25.3,27.14,28.82
2008-11-25,30.0,24.0,26.6,27.69,30.37
2008-11-26,28.5,24.2,25.6,27.18,29.36
2008-11-27,30.8,23.3,26.6,27.26,30.27
2008-11-28,30.7,23.4,26.9,27.38,29.95
2008-11-29,30.8,23.6,26.7,27.47,30.13
2008-11-30,29.9,23.7,26.2,27.33,29.58
2008-12-01,29.5,23.7,26.2,27.23,28.83
2008-12-02,29.7,23.7,26.1,26.54,28.87
2008-12-03,28.8,23.9,26.0,27.44,29.57
2008-12-04,29.0,23.9,26.1,27.36,29.29
2008-12-05,29.6,23.9,26.4,27.66,30.14
2008-12-06,29.7,23.4,26.2,27.7,29.93
2008-12-07,30.4,23.6,26.7,26.95,28.51
2008-12-08,29.6,23.9,26.0,26.73,28.18
2008-12-09,27.3,23.8,25.2,26.68,28.57
2008-12-10,26.3,23.4,24.6,26.45,28.55
2008-12-11,25.7,23.1,24.3,26.57,28.69
2008-12-12,27.6,22.9,25.1,26.64,29.35
2008-12-13,30.1,22.3,25.7,26.49,28.26
2008-12-14,28.8,23.5,25.8,26.9,29.1
2008-12-15,28.0,23.9,25.7,26.45,27.92
2008-12-16,27.7,24.1,25.4,26.93,29.4
2008-12-17,28.7,23.3,25.9,26.73,28.82
2008-12-18,28.2,23.2,25.2,26.92,29.42
2008-12-19,28.5,23.0,25.7,26.53,28.33
2008-12-20,28.3,23.5,25.6,26.37,27.2
2008-12-21,27.1,23.5,25.1,26.89,28.45
2008-12-22,28.7,23.2,25.7,27.09,29.04
2008-12-23,27.2,23.2,25.2,26.38,27.23
2008-12-24,29.1,23.7,26.1,26.79,28.77
2008-12-25,29.1,24.0,25.6,26.95,29.33
2008-12-26,27.8,23.5,25.1,26.74,28.97
2008-12-27,28.2,23.5,25.7,26.6,28.54
2008-12-28,29.2,24.6,26.5,27.02,29.8
2008-12-29,26.5,24.2,25.3,27.03,29.79
2008-12-30,29.0,23.5,26.0,26.99,29.51
2008-12-31,27.5,24.2,25.7,26.81,28.66
2009-01-01,28.1,24.0,25.6,26.84,29.07
2009-01-02,29.8,24.1,26.4,27.2,30.04
2009-01-03,31.0,23.0,26.7,27.68,31.39
2009-01-04,30.6,22.5,26.1,27.56,31.33
2009-01-05,29.4,22.0,25.8,27.55,31.38
2009-01-06,28.3,23.5,25.4,26.57,28.4
2009-01-07,28.7,23.0,25.6,26.08,27.35
2009-01-08,28.2,23.1,25.5,26.13,28.03
2009-01-09,27.4,23.3,24.9,26.23,27.41
2009-01-10,26.9,23.3,24.7,25.74,26.98
2009-01-11,28.5,23.1,24.9,26.14,28.54
2009-01-12,26.0,23.1,24.4,26.2,27.83
2009-01-13,25.7,23.1,24.2,25.91,27.42
2009-01-14,26.4,23.0,24.2,25.82,26.92
2009-01-15,27.7,22.5,25.0,26.3,27.92
2009-01-16,27.9,23.2,25.1,26.24,27.52
2009-01-17,28.2,23.0,25.2,26.12,27.56
2009-01-18,28.3,23.1,25.4,26.27,27.63
2009-01-19,27.9,23.2,25.4,26.74,28.45
2009-01-20,28.5,22.9,25.5,26.65,28.12
2009-01-21,28.5,23.2,25.7,26.6,27.98
2009-01-22,29.0,23.2,25.9,26.71,28.53
2009-01-23,29.2,24.1,26.3,26.84,28.86
2009-01-24,29.1,24.1,26.4,27.07,28.77
2009-01-25,29.0,23.4,25.6,26.68,28.3
2009-01-26,27.9,23.2,25.3,26.58,27.83
2009-01-27,28.1,23.6,25.2,26.39,27.9
2009-01-28,28.2,23.4,25.6,25.97,27.21
2009-01-29,28.8,23.8,25.5,26.01,27.46
2009-01-30,27.2,23.5,24.8,25.72,26.77
2009-01-31,27.3,23.5,25.0,25.88,27.91
2009-02-01,27.1,23.3,25.0,25.67,27.04
2009-02-02,26.9,23.2,24.3,25.53,26.35
2009-02-03,27.0,23.7,24.8,25.95,26.95
2009-02-04,26.5,23.5,24.8,25.68,26.96
2009-02-05,26.9,23.7,24.9,26.07,27.51
2009-02-06,25.1,23.6,24.0,25.71,26.8
2009-02-07,27.5,23.4,25.1,26.0,27.34
2009-02-08,27.9,24.1,25.4,26.63,28.05
2009-02-09,27.0,23.6,24.8,26.74,27.83
2009-02-10,28.2,22.5,25.3,26.37,28.22
2009-02-11,27.8,23.6,25.5,26.39,28.37
2009-02-12,28.4,23.9,25.4,26.26,28.59
2009-02-13,28.4,23.5,25.5,26.29,28.54
2009-02-14,29.6,24.1,26.1,26.28,28.51
2009-02-15,28.6,24.0,25.9,26.48,28.58
2009-02-16,27.6,24.2,25.6,26.17,28.05
2009-02-17,28.4,23.5,25.7,26.03,27.85
2009-02-18,28.0,23.4,25.4,26.33,28.19
2009-02-19,29.3,23.4,25.8,27.18,29.78
2009-02-20,27.9,23.5,25.5,26.71,28.62
2009-02-21,28.7,22.5,25.5,26.67,28.37
2009-02-22,29.1,23.1,25.8,26.83,28.67
2009-02-23,27.5,23.5,25.4,27.17,29.64
2009-02-24,28.8,23.7,25.7,26.44,27.48
2009-02-25,28.6,24.2,25.9,25.86,26.86
2009-02-26,28.7,24.1,26.0,26.71,28.58
2009-02-27,28.6,23.8,25.7,26.34,27.51
2009-02-28,26.0,23.0,24.6,26.49,27.32
2009-03-01,29.2,22.6,25.9,26.56,28.01
2009-03-02,29.4,22.9,26.3,26.99,29.4
2009-03-03,29.1,24.1,26.4,27.22,29.38
2009-03-04,29.0,24.0,26.1,26.73,28.31
2009-03-05,29.0,23.9,25.8,27.38,29.63
2009-03-06,30.0,23.8,26.1,26.86,28.72
2009-03-07,29.2,24.0,26.2,26.96,29.01
2009-03-08,29.7,24.0,26.2,26.68,28.4
2009-03-09,29.9,23.6,26.3,27.07,29.52
2009-03-10,28.9,23.1,25.4,26.28,27.48
2009-03-11,30.7,22.7,26.3,27.22,29.88
2009-03-12,29.5,23.0,25.8,26.95,28.7
2009-03-13,29.8,23.0,26.1,26.52,28.1
2009-03-14,29.0,23.8,26.0,26.81,28.59
2009-03-15,29.1,23.9,25.9,27.27,29.72
2009-03-16,30.6,23.6,26.9,27.56,29.91
2009-03-17,31.2,22.8,26.6,28.06,31.05
2009-03-18,30.1,23.0,26.6,27.51,30.42
2009-03-19,29.3,23.2,25.9,27.07,29.37
2009-03-20,29.5,22.9,26.3,27.01,29.03
2009-03-21,29.0,23.7,26.1,26.65,28.27
2009-03-22,29.6,23.1,25.9,27.15,29.32
2009-03-23,29.4,23.3,25.8,27.06,28.61
2009-03-24,29.1,23.3,25.8,26.87,28.2
2009-03-25,27.9,23.8,25.5,26.81,28.56
2009-03-26,29.5,22.9,25.9,26.84,28.33
2009-03-27,30.3,22.2,26.2,27.47,29.85
2009-03-28,29.9,23.9,26.4,27.12,28.45
2009-03-29,29.3,23.6,26.0,27.28,29.06
2009-03-30,28.8,23.1,25.8,27.3,28.55
2009-03-31,29.1,23.4,25.9,27.23,29.07
2009-04-01,29.8,23.3,26.2,27.56,30.06
2009-04-02,29.8,23.8,26.5,27.98,29.75
2009-04-03,29.9,24.0,26.4,28.28,30.38
2009-04-04,28.8,23.2,25.9,27.34,28.72
2009-04-05,30.0,23.7,26.1,26.84,27.82
2009-04-06,27.2,23.6,25.2,27.22,29.02
2009-04-07,28.1,23.3,25.2,26.69,28.06
2009-04-08,27.3,23.2,24.7,26.81,28.41
2009-04-09,29.1,23.6,26.0,27.23,29.05
2009-04-10,29.9,24.0,26.5,27.27,28.87
2009-04-11,29.5,23.6,26.3,27.47,29.48
2009-04-12,29.9,23.9,26.4,27.47,29.14
2009-04-13,30.7,23.4,26.4,27.19,29.02
2009-04-14,30.3,23.5,26.7,27.89,30.37
2009-04-15,30.2,24.6,27.1,27.87,29.73
2009-04-16,29.4,23.9,26.1,26.96,28.33
2009-04-17,30.3,23.4,26.5,27.22,29.07
2009-04-18,30.4,24.0,27.3,28.51,30.56
2009-04-19,29.9,24.2,26.8,27.57,28.69
2009-04-20,30.7,23.5,27.0,27.96,30.04
2009-04-21,30.5,23.5,26.7,27.99,30.67
2009-04-22,30.5,23.7,26.5,26.74,28.22
2009-04-23,29.7,24.2,26.2,27.42,29.98
2009-04-24,30.0,22.8,26.2,27.64,30.02
2009-04-25,30.3,22.6,26.7,28.24,31.33
2009-04-26,30.2,23.4,26.3,28.29,31.21
2009-04-27,29.7,23.4,26.1,27.84,29.99
2009-04-28,30.4,23.1,26.8,28.11,30.31
2009-04-29,30.2,24.1,26.7,28.22,30.33
2009-04-30,30.0,23.6,26.5,28.12,29.99
2009-05-01,30.0,23.2,26.6,27.46,29.58
2009-05-02,30.0,23.8,26.7,28.01,30.0
2009-05-03,30.2,23.7,26.8,28.3,30.68
2009-05-04,30.0,23.6,26.4,27.7,30.1
2009-05-05,30.2,23.6,26.7,28.34,30.51
2009-05-06,30.0,24.1,26.6,27.81,29.64
2009-05-07,30.3,23.6,26.9,27.81,29.76
2009-05-08,30.1,23.9,26.8,27.76,29.8
2009-05-09,28.5,23.9,26.0,27.15,28.32
2009-05-10,28.5,23.8,25.6,27.08,28.52
2009-05-11,26.5,23.6,24.7,26.92,28.21
2009-05-12,28.0,23.4,25.2,26.85,28.39
2009-05-13,29.3,22.3,25.5,27.28,29.17
2009-05-14,28.5,23.5,25.6,27.24,28.16
2009-05-15,29.4,23.8,26.0,27.54,29.23
2009-05-16,29.8,23.2,26.5,27.16,28.19
2009-05-17,29.1,24.8,26.5,27.53,29.71
2009-05-18,29.6,24.0,26.4,27.19,28.75
2009-05-19,29.5,23.0,25.8,27.93,30.14
2009-05-20,29.7,23.6,26.4,28.01,29.79
2009-05-21,30.1,23.2,26.4,27.25,28.63
2009-05-22,29.3,23.3,26.4,27.39,29.46
2009-05-23,29.8,23.8,26.6,27.61,29.82
2009-05-24,30.1,24.3,27.0,28.11,29.75
2009-05-25,30.4,24.4,27.3,27.5,28.9
2009-05-26,30.3,24.4,27.1,28.39,30.7
2009-05-27,30.5,23.6,26.8,27.94,30.68
2009-05-28,30.1,24.5,27.2,28.28,30.52
2009-05-29,30.1,24.0,27.0,28.3,30.61
2009-05-30,30.2,24.0,26.8,27.61,29.23
2009-05-31,29.5,24.3,26.6,27.5,29.32
2009-06-01,29.1,23.5,26.0,27.89,29.9
2009-06-02,30.4,23.3,26.6,27.95,29.72
2009-06-03,29.6,22.9,26.1,27.91,28.92
2009-06-04,30.3,23.8,26.7,27.43,28.49
2009-06-05,30.1,23.7,26.5,27.44,29.03
2009-06-06,30.0,23.5,26.7,27.75,29.62
2009-06-07,30.5,23.9,27.0,27.93,29.88
2009-06-08,29.7,23.9,26.0,27.45,29.23
2009-06-09,29.3,23.9,26.3,27.37,29.51
2009-06-10,29.9,24.7,27.0,27.4,29.31
2009-06-11,29.7,23.5,26.0,27.45,29.09
2009-06-12,29.9,23.5,26.2,27.74,30.11
2009-06-13,29.9,22.9,26.3,27.77,29.96
2009-06-14,29.8,23.2,26.2,27.82,29.88
2009-06-15,29.4,23.6,25.9,27.68,29.64
2009-06-16,29.0,23.1,25.5,27.51,29.28
2009-06-17,29.2,23.6,25.9,27.38,29.39
2009-06-18,29.8,23.3,26.3,27.49,29.83
2009-06-19,30.5,23.4,26.8,27.45,29.86
2009-06-20,30.3,23.6,26.9,27.56,30.07
2009-06-21,30.6,24.5,27.4,27.1,29.67
2009-06-22,30.2,23.2,26.8,27.05,29.59
2009-06-23,29.8,23.1,26.4,27.19,29.61
2009-06-24,29.1,23.2,25.9,27.09,28.83
2009-06-25,29.1,23.3,26.1,27.1,28.79
2009-06-26,29.9,23.6,26.4,27.01,28.86
2009-06-27,29.9,24.1,26.8,27.03,29.28
2009-06-28,30.5,23.0,26.6,27.06,29.53
2009-06-29,29.8,23.5,26.1,26.93,28.69
2009-06-30,29.2,23.3,25.8,27.27,29.5
2009-07-01,29.3,23.2,26.0,27.12,29.43
2009-07-02,30.0,23.0,26.2,27.01,29.62
2009-07-03,30.1,23.1,26.5,27.36,29.64
2009-07-04,30.7,23.4,26.6,27.1,28.6
2009-07-05,30.0,23.9,26.3,27.28,29.24
2009-07-06,30.4,23.2,26.6,26.89,29.59
2009-07-07,30.6,22.7,26.9,26.51,29.2
2009-07-08,30.7,22.9,26.7,26.68,29.26
2009-07-09,30.6,23.8,27.0,27.26,29.88
2009-07-10,30.9,23.9,27.1,27.17,30.05
2009-07-11,30.7,23.7,26.8,26.92,29.79
2009-07-12,30.5,21.3,26.3,26.25,29.12
2009-07-13,30.3,21.4,26.0,25.76,28.5
2009-07-14,30.2,21.8,26.0,25.81,28.69
2009-07-15,31.2,22.0,26.5,26.87,29.55
2009-07-16,32.0,22.2,27.0,27.17,29.99
2009-07-17,31.8,23.3,27.2,27.0,30.01
2009-07-18,30.6,24.1,27.0,26.69,29.33
2009-07-19,31.4,23.6,27.1,26.62,29.17
2009-07-20,31.9,22.9,27.6,26.96,29.42
2009-07-21,31.9,24.3,27.7,27.16,29.49
2009-07-22,31.5,24.9,27.8,27.04,29.71
2009-07-23,30.3,24.2,27.3,27.18,29.3
2009-07-24,29.7,24.1,26.5,27.17,29.43
2009-07-25,30.6,23.6,26.1,26.68,28.05
2009-07-26,30.2,23.5,26.1,26.79,28.34
2009-07-27,30.7,22.9,26.5,26.83,29.41
2009-07-28,30.3,20.4,25.7,26.62,29.72
2009-07-29,30.4,23.1,26.5,26.6,29.61
2009-07-30,30.3,22.0,26.0,26.3,29.04
2009-07-31,30.5,21.9,26.3,26.07,29.03
2009-08-01,30.5,22.3,26.3,26.31,29.24
2009-08-02,30.4,23.0,26.5,26.46,29.32
2009-08-03,30.9,22.0,26.3,26.08,29.05
2009-08-04,30.9,21.6,26.3,26.02,28.9
2009-08-05,31.1,22.4,26.9,26.56,29.48
2009-08-06,31.6,22.0,26.8,26.95,29.98
2009-08-07,31.7,23.2,27.1,26.83,28.9
2009-08-08,30.7,23.8,27.1,27.14,29.71
2009-08-09,30.7,24.0,27.1,26.88,29.75
2009-08-10,31.5,23.6,27.4,26.64,29.22
2009-08-11,32.0,23.6,27.6,26.79,29.53
2009-08-12,31.9,23.9,27.7,27.06,29.64
2009-08-13,31.1,24.2,27.6,27.17,29.7
2009-08-14,31.4,24.0,27.4,27.29,29.93
2009-08-15,31.6,23.4,27.4,27.24,29.87
2009-08-16,31.9,23.8,27.7,27.23,29.82
2009-08-17,30.7,24.6,27.0,27.01,29.63
2009-08-18,30.3,23.5,26.5,27.15,30.17
2009-08-19,31.8,23.5,27.2,26.94,29.96
2009-08-20,32.0,23.1,27.2,26.56,29.58
2009-08-21,31.6,22.9,26.9,26.98,29.8
2009-08-22,31.6,23.1,27.0,26.94,29.97
2009-08-23,32.1,22.8,27.3,26.9,30.19
2009-08-24,31.8,22.9,27.4,26.75,29.64
2009-08-25,30.9,23.0,27.1,26.8,29.64
2009-08-26,30.9,23.0,27.0,26.2,28.69
2009-08-27,30.6,23.2,26.7,26.85,29.52
2009-08-28,31.9,24.0,27.4,27.27,29.66
2009-08-29,30.9,25.0,27.6,27.46,29.92
2009-08-30,32.1,23.8,27.8,27.37,30.0
2009-08-31,32.0,22.9,27.7,27.16,30.37
2009-09-01,31.8,24.8,27.9,27.18,30.47
2009-09-02,30.4,23.7,27.0,27.26,29.83
2009-09-03,32.4,24.7,27.9,27.4,30.55
2009-09-04,32.6,23.7,28.0,27.78,30.41
2009-09-05,31.0,24.2,27.4,27.73,30.6
2009-09-06,31.8,24.1,27.6,27.92,31.08
2009-09-07,32.8,22.8,27.6,27.22,30.54
2009-09-08,33.0,23.8,28.0,27.34,30.91
2009-09-09,33.1,24.0,28.4,27.98,31.34
2009-09-10,32.3,24.4,28.2,27.98,31.24
2009-09-11,32.3,24.4,28.1,27.8,30.87
2009-09-12,33.3,23.9,28.3,27.84,31.25
2009-09-13,32.6,23.7,28.3,27.94,31.08
2009-09-14,33.9,24.0,28.4,27.82,30.93
2009-09-15,33.1,24.2,28.2,27.88,30.94
2009-09-16,31.8,24.2,27.2,28.01,30.79
2009-09-17,31.3,24.2,27.2,27.87,30.87
2009-09-18,31.6,23.5,27.3,27.94,31.15
2009-09-19,31.4,23.8,27.4,27.99,30.47
2009-09-20,32.1,24.5,27.8,28.1,31.11
2009-09-21,32.1,23.8,27.2,27.76,31.13
2009-09-22,31.1,23.8,27.5,28.21,31.35
2009-09-23,31.8,24.4,27.9,28.39,31.34
2009-09-24,32.0,23.5,27.9,28.22,31.19
2009-09-25,32.7,23.9,27.6,28.38,31.32
2009-09-26,32.7,24.7,28.0,28.24,30.98
2009-09-27,31.6,23.4,27.9,28.59,31.67
2009-09-28,32.9,23.5,28.2,28.65,31.85
2009-09-29,33.2,22.7,28.1,28.43,32.05
2009-09-30,32.4,24.4,28.5,28.22,31.36
2009-10-01,31.6,25.1,28.3,28.73,31.92
2009-10-02,32.3,24.5,28.3,28.69,31.88
2009-10-03,31.2,25.1,27.7,28.43,31.6
2009-10-04,30.5,24.1,26.6,28.13,31.08
2009-10-05,29.7,23.7,26.5,28.05,31.06
2009-10-06,29.4,24.5,26.4,27.83,30.69
2009-10-07,30.9,23.7,26.7,26.73,28.11
2009-10-08,30.8,23.9,27.3,27.63,30.33
2009-10-09,31.6,23.5,27.7,28.06,30.92
2009-10-10,31.5,24.3,27.4,28.03,30.23
2009-10-11,31.1,24.6,27.5,28.17,30.39
2009-10-12,31.8,24.3,27.7,27.95,30.51
2009-10-13,30.2,24.3,27.1,27.07,28.63
2009-10-14,31.7,24.0,27.2,27.75,29.92
2009-10-15,31.9,23.8,27.1,27.74,30.07
2009-10-16,31.8,24.7,28.0,28.35,31.64
2009-10-17,31.9,24.1,27.7,28.13,31.06
2009-10-18,31.7,24.3,27.7,28.3,31.5
2009-10-19,33.5,24.6,28.7,28.62,31.99
2009-10-20,33.3,24.2,28.7,28.42,30.98
2009-10-21,32.6,24.1,28.2,28.23,30.7
2009-10-22,32.1,24.9,28.3,28.45,31.77
2009-10-23,32.5,24.5,27.7,28.02,29.57
2009-10-24,31.6,24.0,27.4,27.46,29.24
2009-10-25,32.4,24.1,28.3,28.09,30.87
2009-10-26,32.4,24.2,28.0,28.06,30.6
2009-10-27,32.7,24.7,28.5,28.12,30.49
2009-10-28,33.3,24.7,28.6,28.05,30.46
2009-10-29,32.4,24.9,28.1,28.09,30.41
2009-10-30,32.9,24.0,28.5,28.45,31.38
2009-10-31,31.2,25.0,27.8,28.52,30.85
2009-11-01,31.8,24.8,28.2,28.74,31.88
2009-11-02,32.1,25.0,28.6,28.64,31.72
2009-11-03,32.9,25.1,28.6,28.57,31.37
2009-11-04,32.8,25.5,29.0,28.97,31.78
2009-11-05,33.2,25.4,29.1,28.29,29.45
2009-11-06,32.6,25.2,28.4,28.13,30.47
2009-11-07,32.8,24.7,28.3,28.18,30.75
2009-11-08,33.5,24.6,28.5,28.63,31.56
2009-11-09,31.8,24.8,27.6,28.05,30.34
2009-11-10,32.0,24.6,27.3,28.23,31.46
2009-11-11,31.7,24.7,27.6,27.99,30.19
2009-11-12,30.5,24.8,27.2,27.83,30.11
2009-11-13,30.6,24.3,26.5,27.72,29.51
2009-11-14,29.1,23.9,26.1,27.83,30.08
2009-11-15,31.0,24.1,27.1,28.45,31.0
2009-11-16,30.2,24.3,26.6,28.19,30.06
2009-11-17,28.1,24.2,25.9,27.47,28.7
2009-11-18,27.2,24.1,25.0,26.85,28.46
2009-11-19,28.7,23.2,25.1,27.31,30.36
2009-11-20,28.3,23.7,25.3,27.5,30.39
2009-11-21,26.8,23.6,25.0,27.53,30.13
2009-11-22,27.2,23.9,25.3,27.76,30.13
2009-11-23,29.2,23.6,26.0,27.42,29.91
2009-11-24,29.1,24.2,26.2,27.65,30.38
2009-11-25,27.3,24.3,25.3,27.41,29.85
2009-11-26,28.9,23.8,25.8,27.37,30.0
2009-11-27,29.0,23.3,26.1,27.5,29.12
2009-11-28,29.9,24.0,26.5,27.76,30.42
2009-11-29,29.5,24.1,26.4,27.61,30.3
2009-11-30,30.0,24.5,26.5,27.6,30.56
2009-12-01,30.9,23.8,26.9,27.77,30.48
2009-12-02,30.7,23.9,26.6,27.95,30.49
2009-12-03,29.6,24.0,26.5,27.52,29.42
2009-12-04,29.8,23.7,26.2,27.49,29.58
2009-12-05,28.8,23.9,26.0,27.36,29.2
2009-12-06,28.2,23.9,25.5,27.54,29.63
2009-12-07,28.7,23.5,25.7,27.42,29.12
2009-12-08,29.0,23.5,26.2,27.97,30.49
2009-12-09,29.5,23.4,26.2,28.11,30.39
2009-12-10,30.2,23.2,26.4,28.12,30.25
2009-12-11,30.5,23.5,26.9,28.22,30.68
2009-12-12,29.4,24.0,26.5,27.99,30.27
2009-12-13,29.5,24.3,26.8,28.01,29.93
2009-12-14,29.5,24.2,26.7,28.22,30.57
2009-12-15,29.2,24.8,26.5,27.25,28.56
2009-12-16,30.0,23.2,26.4,27.89,30.17
2009-12-17,29.3,24.0,26.4,26.9,27.7
2009-12-18,30.7,23.6,27.1,28.07,30.95
2009-12-19,32.1,23.1,27.4,27.94,30.71
2009-12-20,30.2,23.1,27.0,27.46,30.58
2009-12-21,28.9,23.5,26.0,27.38,29.33
2009-12-22,28.1,23.8,25.4,27.3,29.15
2009-12-23,28.3,23.5,25.8,27.95,30.42
2009-12-24,29.1,24.1,26.0,27.89,30.37
2009-12-25,28.4,24.0,25.7,27.48,29.48
2009-12-26,28.2,24.0,25.5,26.79,28.8
2009-12-27,28.5,23.4,25.7,26.51,29.32
2009-12-28,28.8,24.0,25.8,27.21,29.77
2009-12-29,29.7,23.7,26.1,26.74,28.37
2009-12-30,27.6,24.0,25.6,26.71,28.47
2009-12-31,28.6,23.9,25.7,27.3,30.14
2010-01-01,29.4,24.4,26.5,27.5,29.89
2010-01-02,30.7,23.9,26.9,27.94,30.73
2010-01-03,30.4,24.3,26.7,27.84,30.87
2010-01-04,30.2,25.3,27.3,27.79,30.29
2010-01-05,29.8,24.8,26.4,27.61,30.22
2010-01-06,29.2,23.7,26.2,26.8,28.4
2010-01-07,30.2,24.3,26.8,27.27,29.9
2010-01-08,26.9,23.9,25.1,26.71,28.38
2010-01-09,28.4,23.4,25.1,26.06,27.02
2010-01-10,28.2,23.1,25.7,26.52,28.82
2010-01-11,29.4,23.8,26.1,26.45,28.64
2010-01-12,28.3,23.8,25.6,26.57,28.19
2010-01-13,26.4,23.6,24.6,26.3,27.47
2010-01-14,27.7,23.5,25.1,26.2,27.93
2010-01-15,26.7,23.5,24.7,26.66,28.84
2010-01-16,28.3,23.5,25.4,26.65,28.66
2010-01-17,28.3,23.5,25.5,26.98,28.61
2010-01-18,28.4,23.9,25.9,26.9,28.24
2010-01-19,27.2,23.6,25.1,26.37,27.67
2010-01-20,28.8,23.0,25.4,25.92,27.22
2010-01-21,29.5,23.8,26.0,26.87,29.54
2010-01-22,29.2,23.8,25.7,26.79,28.85
2010-01-23,29.2,23.7,25.9,27.16,29.49
2010-01-24,28.7,23.0,25.9,26.8,28.71
2010-01-25,27.1,23.5,25.5,26.2,27.56
2010-01-26,28.5,23.5,25.8,26.46,27.56
2010-01-27,29.4,23.2,25.8,26.83,28.36
2010-01-28,29.0,23.7,25.9,26.97,28.69
2010-01-29,28.8,23.4,26.0,26.83,28.6
2010-01-30,27.9,23.5,25.2,26.43,27.61
2010-01-31,27.9,23.6,25.7,26.26,28.03
2010-02-01,28.8,24.1,26.2,27.08,29.57
2010-02-02,30.4,23.7,26.8,27.44,29.94
2010-02-03,30.0,24.0,26.5,27.68,30.27
2010-02-04,29.7,23.7,26.1,27.21,28.77
2010-02-05,28.6,24.1,25.7,27.67,29.72
2010-02-06,28.0,23.9,26.1,27.11,28.93
2010-02-07,29.3,23.4,26.3,27.43,29.85
2010-02-08,28.8,23.9,26.2,26.91,28.1
2010-02-09,29.8,24.4,26.5,27.21,28.96
2010-02-10,30.6,24.3,27.2,27.48,29.61
2010-02-11,30.4,24.1,27.0,27.89,29.95
2010-02-12,29.3,24.7,26.8,27.46,29.43
2010-02-13,27.8,24.3,25.9,27.36,28.43
2010-02-14,27.7,23.8,25.7,27.03,28.13
2010-02-15,30.0,23.4,26.5,28.02,31.2
2010-02-16,29.0,23.7,26.1,27.7,29.72
2010-02-17,28.9,24.4,26.1,27.59,29.34
2010-02-18,28.1,24.1,25.4,27.7,29.58
2010-02-19,27.2,24.0,25.2,27.2,28.61
2010-02-20,28.5,24.2,26.0,27.99,30.51
2010-02-21,29.8,24.1,26.5,27.84,30.11
2010-02-22,29.9,24.4,26.7,27.38,29.12
2010-02-23,29.5,24.8,26.8,27.98,29.82
2010-02-24,29.9,23.9,26.4,27.86,29.38
2010-02-25,28.1,23.8,26.0,27.09,28.18
2010-02-26,30.3,23.9,27.1,28.16,30.51
2010-02-27,31.1,24.7,27.3,28.65,30.69
2010-02-28,31.1,24.7,27.2,28.9,31.23
2010-03-01,31.3,24.8,27.1,28.65,30.29
2010-03-02,30.7,24.2,26.8,28.23,29.76
2010-03-03,29.7,24.4,26.8,27.47,28.32
2010-03-04,30.7,24.4,27.0,28.28,30.28
2010-03-05,28.8,24.4,26.3,27.95,29.59
2010-03-06,29.9,24.5,26.9,27.92,29.35
2010-03-07,30.2,24.2,26.7,28.08,29.48
2010-03-08,30.1,24.4,26.5,28.15,30.04
2010-03-09,29.1,24.5,26.3,28.09,29.89
2010-03-10,29.1,24.2,25.8,27.8,29.72
2010-03-11,28.5,23.9,25.6,27.01,28.27
2010-03-12,29.7,23.6,26.5,27.24,28.8
2010-03-13,30.7,24.0,27.0,27.77,29.95
2010-03-14,29.8,24.3,26.5,27.69,29.87
2010-03-15,28.9,24.1,26.2,27.78,29.66
2010-03-16,27.2,24.1,25.3,27.61,29.21
2010-03-17,28.0,23.6,25.3,26.77,27.88
2010-03-18,28.8,23.8,25.9,27.53,29.67
2010-03-19,30.0,23.8,26.3,27.83,29.84
2010-03-20,29.0,24.4,26.1,28.26,30.24
2010-03-21,29.3,24.0,26.1,27.45,28.35
2010-03-22,30.3,24.5,26.8,27.9,30.16
2010-03-23,29.8,24.1,26.6,28.11,30.35
2010-03-24,30.7,24.1,26.7,27.73,29.13
2010-03-25,29.6,24.4,26.4,27.91,29.77
2010-03-26,29.1,24.4,26.3,27.6,29.25
2010-03-27,30.0,24.4,26.5,27.98,29.85
2010-03-28,28.1,24.6,26.0,27.3,28.75
2010-03-29,28.4,24.0,25.8,27.24,29.27
2010-03-30,27.4,24.3,25.6,26.52,27.47
2010-03-31,29.0,23.3,26.1,27.22,29.78
2010-04-01,31.0,23.6,26.9,28.06,30.68
2010-04-02,31.1,23.9,26.9,28.18,31.21
2010-04-03,30.0,24.7,26.9,27.37,29.43
2010-04-04,31.5,24.4,27.6,28.06,30.9
2010-04-05,31.2,23.9,27.3,28.03,30.22
2010-04-06,30.5,24.1,27.1,27.92,30.04
2010-04-07,31.1,24.7,27.0,28.41,30.95
2010-04-08,30.4,24.3,26.9,28.07,30.44
2010-04-09,30.6,24.5,27.2,28.27,31.01
2010-04-10,30.4,23.6,26.6,28.09,30.64
2010-04-11,30.0,24.8,27.2,27.73,30.01
2010-04-12,30.8,23.8,27.4,28.31,30.66
2010-04-13,30.7,24.5,27.6,28.52,31.25
2010-04-14,30.0,25.1,26.9,28.28,30.56
2010-04-15,30.6,24.0,26.8,28.44,30.55
2010-04-16,29.6,24.8,26.4,27.57,29.06
2010-04-17,30.5,24.0,27.0,27.74,29.58
2010-04-18,30.2,24.1,27.1,27.87,30.07
2010-04-19,30.2,24.2,27.1,27.88,30.58
2010-04-20,30.8,24.2,27.2,28.12,30.79
2010-04-21,30.3,24.5,27.0,28.16,30.53
2010-04-22,30.1,24.6,27.2,28.1,30.25
2010-04-23,30.9,25.1,27.5,28.48,31.18
2010-04-24,31.5,25.5,28.0,28.51,30.98
2010-04-25,31.1,24.7,27.6,28.17,30.28
2010-04-26,31.1,25.5,27.9,28.19,30.84
2010-04-27,31.0,24.5,27.7,28.34,30.75
2010-04-28,31.4,24.7,27.9,28.23,30.56
2010-04-29,30.4,25.1,27.2,28.14,30.06
2010-04-30,31.0,24.5,27.5,27.75,29.01
2010-05-01,31.3,25.3,28.1,28.56,30.65
2010-05-02,30.9,24.5,27.6,28.24,30.13
2010-05-03,31.6,24.3,27.5,28.21,30.03
2010-05-04,29.8,24.6,26.7,28.1,29.95
2010-05-05,29.6,24.7,26.8,28.04,29.85
2010-05-06,31.4,25.2,28.0,28.32,30.47
2010-05-07,30.8,24.3,27.5,28.36,30.16
2010-05-08,28.2,25.1,26.6,27.89,29.48
2010-05-09,30.2,24.2,27.0,28.54,31.24
2010-05-10,30.5,24.4,26.9,27.87,28.92
2010-05-11,30.5,24.5,26.7,28.64,31.29
2010-05-12,30.4,24.3,26.8,28.38,30.47
2010-05-13,30.6,24.5,26.8,28.7,31.07
2010-05-14,29.9,24.9,26.8,28.34,30.05
2010-05-15,29.6,24.4,26.6,27.98,30.28
2010-05-16,29.8,24.6,26.5,27.77,29.12
2010-05-17,30.4,24.7,26.9,27.83,29.63
2010-05-18,30.4,24.2,27.2,28.31,29.8
2010-05-19,30.5,24.1,27.0,28.67,30.58
2010-05-20,29.9,24.4,26.8,28.17,29.41
2010-05-21,30.7,23.7,26.9,28.33,30.47
2010-05-22,31.1,24.5,27.1,28.56,30.69
2010-05-23,29.3,24.9,26.7,28.07,29.64
2010-05-24,29.6,24.3,26.6,28.07,29.3
2010-05-25,29.9,24.2,26.9,28.43,30.05
2010-05-26,30.5,24.2,27.0,28.53,30.38
2010-05-27,28.0,24.4,25.9,27.71,28.75
2010-05-28,30.2,24.1,26.6,27.64,29.25
2010-05-29,30.1,23.9,26.6,27.68,29.36
2010-05-30,29.8,23.7,26.4,27.6,29.08
2010-05-31,30.1,23.6,26.2,27.56,29.03
2010-06-01,30.0,24.5,26.7,27.63,28.73
2010-06-02,30.2,24.1,27.0,27.74,28.74
2010-06-03,30.5,24.9,27.2,27.97,29.23
2010-06-04,29.1,24.5,26.3,28.16,29.56
2010-06-05,29.1,24.4,26.4,27.59,28.48
2010-06-06,28.9,23.8,26.0,27.9,29.47
2010-06-07,29.0,23.8,26.0,27.84,29.28
2010-06-08,29.1,23.8,25.8,27.07,28.22
2010-06-09,28.8,24.4,26.3,27.45,29.47
2010-06-10,29.9,24.9,27.1,27.4,29.26
2010-06-11,30.3,25.2,27.0,27.84,29.57
2010-06-12,30.1,25.2,26.8,27.53,28.77
2010-06-13,30.1,23.3,26.8,27.74,29.7
2010-06-14,29.3,24.5,26.8,27.74,29.56
2010-06-15,29.1,24.2,26.3,27.39,29.21
2010-06-16,28.1,23.5,25.0,26.37,27.63
2010-06-17,27.6,23.5,25.3,26.87,28.72
2010-06-18,29.2,23.7,25.8,27.34,29.35
2010-06-19,27.8,23.0,25.2,27.17,28.56
2010-06-20,29.1,23.4,25.9,27.16,28.97
2010-06-21,30.1,23.5,26.8,27.53,29.57
2010-06-22,30.3,23.7,26.8,27.27,29.73
2010-06-23,29.8,21.9,26.1,27.52,30.12
2010-06-24,27.8,23.6,25.4,27.0,28.54
2010-06-25,28.1,23.5,25.3,26.32,27.36
2010-06-26,28.7,23.2,25.3,27.18,29.07
2010-06-27,29.7,22.6,26.0,27.62,29.83
2010-06-28,28.7,23.5,25.7,27.28,29.17
2010-06-29,28.1,23.5,25.4,26.57,27.54
2010-06-30,29.1,23.1,26.0,27.16,29.02
2010-07-01,29.0,24.1,26.1,27.47,29.42
2010-07-02,29.3,23.1,25.9,27.66,29.66
2010-07-03,29.4,23.9,25.9,27.52,29.65
2010-07-04,29.6,23.4,26.4,27.28,30.09
2010-07-05,29.0,24.1,26.2,27.14,29.25
2010-07-06,29.4,23.8,26.3,27.38,29.04
2010-07-07,28.9,23.4,26.0,27.49,29.2
2010-07-08,28.1,23.6,25.5,27.21,28.81
2010-07-09,29.1,22.9,25.6,26.81,29.12
2010-07-10,29.1,23.3,25.6,27.04,29.02
2010-07-11,29.6,23.0,25.9,27.32,29.34
2010-07-12,29.5,23.5,26.1,27.0,28.76
2010-07-13,28.2,23.3,25.4,26.58,27.87
2010-07-14,28.6,23.0,25.5,26.9,28.86
2010-07-15,29.6,22.4,25.5,27.18,29.24
2010-07-16,27.1,23.8,25.0,26.73,27.65
2010-07-17,28.3,23.3,25.2,26.94,28.55
2010-07-18,28.6,22.9,25.2,26.09,27.01
2010-07-19,28.8,23.6,25.5,26.6,28.66
2010-07-20,29.4,22.9,26.0,27.56,30.09
2010-07-21,28.8,23.6,25.7,27.34,29.07
2010-07-22,29.2,22.7,25.6,27.67,29.96
2010-07-23,29.6,23.2,26.0,27.24,29.7
2010-07-24,29.6,22.6,26.0,27.36,29.7
2010-07-25,29.7,22.8,26.1,26.74,28.59
2010-07-26,28.8,24.0,26.0,26.36,27.8
2010-07-27,26.5,23.8,24.7,26.28,27.53
2010-07-28,27.8,23.6,25.3,26.99,29.05
2010-07-29,29.2,23.2,26.1,26.94,28.44
2010-07-30,29.7,23.2,26.3,27.09,29.24
2010-07-31,29.9,23.4,26.5,27.16,29.35
2010-08-01,29.3,22.8,26.1,27.54,30.0
2010-08-02,29.4,22.5,25.9,27.49,29.88
2010-08-03,29.6,23.0,26.2,27.05,29.44
2010-08-04,29.3,23.5,25.7,26.93,28.55
2010-08-05,29.3,23.3,25.8,27.0,28.54
2010-08-06,29.3,23.0,25.7,26.94,28.46
2010-08-07,29.1,23.5,25.9,27.0,28.88
2010-08-08,28.8,23.2,26.1,26.91,29.15
2010-08-09,30.0,24.1,26.7,27.47,29.62
2010-08-10,29.8,23.5,26.8,27.23,29.06
2010-08-11,29.3,24.2,26.2,27.38,29.0
2010-08-12,29.9,23.9,26.6,27.57,29.89
2010-08-13,29.4,24.4,26.4,27.44,29.36
2010-08-14,28.7,23.5,25.9,27.25,28.51
2010-08-15,28.8,23.5,25.8,26.68,27.7
2010-08-16,29.3,23.5,25.8,26.76,28.59
2010-08-17,28.5,23.5,25.7,26.72,28.52
2010-08-18,29.0,23.1,25.9,27.15,29.1
2010-08-19,29.8,23.1,25.8,26.61,28.32
2010-08-20,30.1,23.3,26.2,27.11,29.49
2010-08-21,29.5,23.2,26.2,25.65,26.04
2010-08-22,29.6,23.6,26.4,27.39,30.12
2010-08-23,29.7,23.9,26.7,27.32,29.13
2010-08-24,29.5,24.6,26.7,27.24,29.19
2010-08-25,30.0,23.8,26.5,27.47,29.4
2010-08-26,29.5,23.6,26.0,27.29,29.13
2010-08-27,28.9,22.9,25.8,26.87,29.29
2010-08-28,29.7,23.0,25.8,26.98,28.86
2010-08-29,30.0,22.8,26.2,27.23,29.45
2010-08-30,29.8,23.6,26.5,27.33,29.79
2010-08-31,29.9,22.9,26.2,27.25,29.52
2010-09-01,30.0,23.0,26.2,27.08,28.93
2010-09-02,30.2,23.9,26.4,27.47,29.68
2010-09-03,29.3,23.6,26.1,27.53,29.7
2010-09-04,29.9,23.2,26.4,28.0,30.25
2010-09-05,28.6,23.8,25.6,27.19,29.01
2010-09-06,27.2,23.5,25.0,27.03,28.41
2010-09-07,29.2,23.6,26.0,27.43,29.5
2010-09-08,29.6,23.2,25.6,26.51,28.22
2010-09-09,29.7,23.6,26.0,27.42,30.21
2010-09-10,29.4,23.0,25.8,27.48,29.22
2010-09-11,29.9,23.0,26.0,27.81,29.79
2010-09-12,29.4,23.5,26.3,28.13,30.53
2010-09-13,28.8,23.9,25.9,27.49,29.03
2010-09-14,29.3,23.0,26.0,27.01,28.63
2010-09-15,28.9,23.2,25.5,26.63,27.94
2010-09-16,27.8,23.7,25.4,27.09,29.0
2010-09-17,30.4,23.4,25.9,26.67,28.78
2010-09-18,29.7,22.8,25.9,27.45,29.51
2010-09-19,29.4,23.4,26.1,27.46,28.91
2010-09-20,30.0,23.3,26.3,27.28,28.85
2010-09-21,29.5,23.8,26.2,27.39,29.06
2010-09-22,29.0,23.4,25.5,27.6,29.59
2010-09-23,29.0,23.4,25.9,27.41,29.48
2010-09-24,29.3,23.7,26.1,27.59,29.96
2010-09-25,27.0,23.7,25.0,27.26,29.04
2010-09-26,28.9,23.6,26.0,27.73,29.74
2010-09-27,29.0,23.2,26.1,26.96,28.52
2010-09-28,29.9,23.3,26.4,27.36,29.5
2010-09-29,29.4,23.5,26.5,28.11,30.06
2010-09-30,30.1,23.7,26.5,28.05,30.07
2010-10-01,30.6,23.3,26.8,28.16,30.26
2010-10-02,30.2,24.3,26.7,27.31,28.46
2010-10-03,28.6,23.9,25.7,27.42,28.28
2010-10-04,29.4,23.3,26.2,27.48,29.24
2010-10-05,30.3,23.9,26.6,26.63,27.73
2010-10-06,29.8,24.3,26.6,27.37,29.54
2010-10-07,29.3,24.3,26.1,27.65,29.76
2010-10-08,28.9,23.7,25.8,27.43,29.47
2010-10-09,29.3,23.1,25.5,27.51,30.17
2010-10-10,31.0,21.2,25.8,26.71,30.29
2010-10-11,30.9,21.0,25.7,27.09,30.66
2010-10-12,30.2,22.2,26.2,27.29,29.87
2010-10-13,29.5,23.7,26.0,27.47,29.14
2010-10-14,29.0,23.2,25.7,27.39,29.54
2010-10-15,30.1,23.3,26.2,26.96,28.96
2010-10-16,30.4,23.3,26.3,27.6,30.71
2010-10-17,30.1,24.1,26.7,27.59,29.86
2010-10-18,29.3,23.8,26.1,27.04,29.0
2010-10-19,30.0,23.5,26.3,27.48,29.97
2010-10-20,28.7,23.6,26.2,27.31,29.06
2010-10-21,30.1,23.4,26.5,26.95,28.89
2010-10-22,29.9,23.4,26.5,28.12,30.64
2010-10-23,29.0,23.2,25.9,27.3,28.38
2010-10-24,29.2,23.9,26.0,26.88,28.03
2010-10-25,27.5,23.9,25.2,26.43,28.05
2010-10-26,29.3,23.9,25.6,26.37,27.64
2010-10-27,29.4,23.1,25.9,26.43,28.2
2010-10-28,27.9,23.5,25.3,26.15,27.12
2010-10-29,28.3,23.2,25.7,27.04,29.09
2010-10-30,28.5,23.5,25.5,27.07,28.67
2010-10-31,30.0,24.0,26.5,27.27,29.14
2010-11-01,29.9,24.4,27.0,27.61,30.48
2010-11-02,30.1,23.9,26.7,27.41,29.31
2010-11-03,30.5,24.2,26.7,27.48,29.86
2010-11-04,29.0,24.4,26.0,27.45,29.83
2010-11-05,28.6,24.2,26.0,26.68,28.05
2010-11-06,30.6,23.6,26.8,27.18,29.16
2010-11-07,27.8,24.1,25.7,26.82,28.59
2010-11-08,28.3,23.6,25.6,26.73,28.62
2010-11-09,29.5,23.9,26.2,27.22,29.41
2010-11-10,29.0,23.6,25.8,26.8,27.62
2010-11-11,28.2,24.2,25.7,27.63,29.79
2010-11-12,27.7,23.9,25.3,27.28,29.05
2010-11-13,27.3,23.4,24.6,26.77,28.36
2010-11-14,28.8,22.9,25.8,26.9,28.93
2010-11-15,29.3,23.5,25.9,27.43,28.89
2010-11-16,29.2,23.4,25.7,27.25,28.93
2010-11-17,30.2,23.4,26.1,27.39,30.46
2010-11-18,30.2,23.7,26.6,27.32,28.99
2010-11-19,29.9,23.6,26.3,27.59,29.61
2010-11-20,29.5,23.4,26.3,27.36,28.56
2010-11-21,28.7,23.8,26.2,27.41,29.39
2010-11-22,29.8,23.4,26.4,27.48,29.29
2010-11-23,29.0,24.0,26.1,27.94,29.51
2010-11-24,28.9,23.5,25.7,27.75,29.46
2010-11-25,28.6,23.9,25.9,26.98,28.25
2010-11-26,30.0,23.7,26.1,27.14,29.22
2010-11-27,29.2,23.4,26.0,27.47,29.35
2010-11-28,30.2,23.8,26.3,26.95,28.55
2010-11-29,29.8,23.4,26.3,27.21,28.82
2010-11-30,29.4,24.4,26.3,26.85,28.1
2010-12-01,29.0,23.6,25.9,26.7,28.71
2010-12-02,28.9,24.1,26.4,26.72,27.98
2010-12-03,28.0,23.9,26.0,26.36,27.79
2010-12-04,28.9,23.9,25.7,26.39,28.08
2010-12-05,27.8,23.8,25.2,26.63,27.72
2010-12-06,29.4,23.9,25.8,26.49,27.66
2010-12-07,27.6,23.9,25.4,26.47,28.17
2010-12-08,28.2,23.7,25.6,26.29,27.76
2010-12-09,27.7,23.9,25.5,26.41,27.93
2010-12-10,26.4,23.5,24.6,25.87,27.56
2010-12-11,27.3,23.5,24.9,25.93,27.9
2010-12-12,28.9,23.7,25.9,26.54,28.53
2010-12-13,29.6,24.3,26.7,27.16,29.24
2010-12-14,27.9,23.7,25.5,26.1,27.43
2010-12-15,28.5,23.3,25.4,25.95,27.57
2010-12-16,27.1,23.7,25.3,26.35,27.98
2010-12-17,27.2,24.0,25.3,26.27,28.01
2010-12-18,29.0,23.6,25.9,26.23,28.41
2010-12-19,28.9,23.9,25.9,26.3,27.96
2010-12-20,26.9,23.5,24.9,26.57,28.55
2010-12-21,28.0,23.4,25.4,26.12,27.44
2010-12-22,27.0,23.1,24.6,25.69,27.01
2010-12-23,28.0,22.9,24.9,26.62,29.06
2010-12-24,29.8,22.6,25.7,26.28,28.39
2010-12-25,29.2,23.0,26.1,26.54,28.76
2010-12-26,29.3,23.5,25.6,26.34,28.54
2010-12-27,27.2,24.1,25.3,26.3,27.92
2010-12-28,28.5,23.8,25.3,26.17,27.87
2010-12-29,29.1,23.8,26.0,26.28,27.61
2010-12-30,28.9,23.9,26.4,26.67,28.57
2010-12-31,28.7,24.8,26.4,26.74,28.59
2011-01-01,29.3,24.7,26.7,26.63,28.44
2011-01-02,29.5,24.5,26.4,26.67,28.83
2011-01-03,28.1,24.4,25.6,25.95,27.35
2011-01-04,28.3,23.8,25.9,26.73,28.55
2011-01-05,27.9,23.7,25.5,26.53,27.67
2011-01-06,28.7,23.1,25.5,26.12,27.44
2011-01-07,28.7,23.8,25.7,25.95,27.11
2011-01-08,28.2,23.2,25.3,26.36,27.7
2011-01-09,28.1,23.2,25.6,25.95,26.94
2011-01-10,28.7,23.6,26.0,26.07,27.37
2011-01-11,27.7,23.6,25.1,26.47,27.7
2011-01-12,28.5,23.6,25.9,26.96,28.45
2011-01-13,28.5,23.4,25.8,26.48,27.69
2011-01-14,28.9,23.6,26.2,26.33,27.66
2011-01-15,28.4,23.7,25.3,25.92,27.0
2011-01-16,26.3,23.7,24.9,25.93,27.05
2011-01-17,27.9,22.7,25.1,26.24,28.35
2011-01-18,28.2,22.9,25.1,26.14,26.89
2011-01-19,28.0,23.3,25.6,25.91,27.18
2011-01-20,27.3,23.1,24.9,25.86,26.93
2011-01-21,27.7,22.6,24.7,25.59,26.59
2011-01-22,27.9,22.9,24.9,25.52,26.58
2011-01-23,27.8,22.9,25.1,25.58,26.65
2011-01-24,28.1,22.7,25.3,26.03,27.62
2011-01-25,28.1,22.9,25.6,25.85,26.94
2011-01-26,28.6,23.1,25.9,25.89,27.77
2011-01-27,28.8,23.4,26.1,26.23,27.87
2011-01-28,27.8,23.4,25.2,25.86,26.97
2011-01-29,28.4,23.3,25.5,25.98,27.42
2011-01-30,28.8,23.6,25.8,26.12,28.48
2011-01-31,29.0,23.7,25.7,26.28,28.53
2011-02-01,27.8,23.9,25.3,26.02,27.42
2011-02-02,27.1,23.7,25.3,26.15,28.09
2011-02-03,27.3,23.2,25.3,26.06,27.82
2011-02-04,26.1,23.3,24.4,25.5,26.48
2011-02-05,27.4,23.0,25.1,25.84,27.65
2011-02-06,27.6,24.2,25.7,25.76,27.24
2011-02-07,28.4,23.2,25.5,25.98,27.93
2011-02-08,29.0,23.3,25.8,26.2,28.0
2011-02-09,29.4,23.2,26.3,26.63,28.86
2011-02-10,29.9,22.8,26.4,27.21,29.52
2011-02-11,29.5,23.2,26.3,26.85,29.03
2011-02-12,29.4,23.3,26.0,26.74,27.91
2011-02-13,29.2,23.6,26.1,27.27,29.41
2011-02-14,27.8,24.2,25.7,26.53,28.15
2011-02-15,28.9,22.4,25.4,26.68,28.98
2011-02-16,28.9,23.3,25.8,26.31,28.0
2011-02-17,29.2,23.1,26.0,26.62,28.48
2011-02-18,29.3,24.2,26.5,26.59,28.17
2011-02-19,29.1,23.8,26.0,27.06,28.45
2011-02-20,29.7,22.3,26.4,26.91,28.59
2011-02-21,29.5,23.5,26.3,26.85,28.55
2011-02-22,28.6,23.6,26.1,26.38,27.08
2011-02-23,29.6,23.6,26.3,26.79,28.89
2011-02-24,29.4,23.9,26.6,26.78,28.81
2011-02-25,29.0,24.2,26.0,26.44,27.97
2011-02-26,27.5,23.8,25.5,26.07,27.64
2011-02-27,27.9,23.6,25.2,26.4,28.13
2011-02-28,25.5,23.5,24.2,25.88,27.1
2011-03-01,26.7,23.3,24.7,25.98,27.51
2011-03-02,30.3,23.3,26.1,26.74,29.21
2011-03-03,28.7,24.0,25.7,26.21,28.25
2011-03-04,28.2,23.8,25.7,26.45,28.64
2011-03-05,27.8,23.8,25.5,26.29,28.2
2011-03-06,29.2,23.7,25.6,26.59,29.25
2011-03-07,29.5,23.2,25.9,26.69,29.37
2011-03-08,28.5,24.0,25.7,26.44,28.72
2011-03-09,28.5,23.7,25.8,26.53,28.66
2011-03-10,28.6,23.6,25.8,26.73,29.04
2011-03-11,28.9,23.8,26.1,26.25,27.69
2011-03-12,29.8,23.9,26.7,26.59,28.2
2011-03-13,29.5,23.7,26.3,26.75,28.78
2011-03-14,29.1,23.7,26.4,26.9,29.1
2011-03-15,28.8,23.7,26.0,27.06,29.47
2011-03-16,30.8,23.3,26.5,27.18,29.92
2011-03-17,29.9,22.6,26.1,26.97,29.24
2011-03-18,29.5,23.3,26.4,27.14,29.16
2011-03-19,29.7,23.4,26.2,27.18,28.86
2011-03-20,29.7,23.5,26.3,27.08,28.77
2011-03-21,30.0,24.1,26.6,27.17,29.1
2011-03-22,29.2,24.3,25.7,26.37,27.74
2011-03-23,27.4,23.9,25.1,26.39,27.85
2011-03-24,29.5,23.7,26.0,26.42,28.23
2011-03-25,27.2,23.5,24.8,25.63,26.1
2011-03-26,28.5,24.0,25.5,26.02,28.26
2011-03-27,28.8,23.2,25.8,26.28,28.09
2011-03-28,27.9,24.4,25.5,26.12,27.43
2011-03-29,29.2,24.2,26.1,26.62,28.63
2011-03-30,27.5,24.2,25.7,26.18,27.51
2011-03-31,28.3,24.2,25.5,26.69,28.75
2011-04-01,27.1,24.1,25.4,26.64,28.46
2011-04-02,29.3,24.4,26.3,27.23,30.09
2011-04-03,28.8,24.2,25.9,26.66,28.29
2011-04-04,29.3,24.1,26.3,26.97,29.6
2011-04-05,29.9,24.1,26.6,27.21,29.79
2011-04-06,29.9,23.9,26.7,26.83,28.69
2011-04-07,30.3,24.1,26.8,26.69,28.71
2011-04-08,28.5,24.4,26.0,26.64,28.57
2011-04-09,29.1,23.8,25.6,26.96,29.48
2011-04-10,30.1,23.3,26.4,26.92,29.31
2011-04-11,27.0,24.0,25.3,26.4,27.85
2011-04-12,28.3,22.7,25.5,26.49,28.53
2011-04-13,29.1,22.4,25.5,27.41,29.46
2011-04-14,28.9,22.3,25.5,27.07,29.16
2011-04-15,29.8,22.4,26.2,27.34,29.37
2011-04-16,30.0,23.3,26.0,27.87,30.21
2011-04-17,30.2,23.4,26.3,27.94,29.85
2011-04-18,28.9,22.7,25.7,27.09,28.86
2011-04-19,29.1,23.0,26.0,27.34,29.65
2011-04-20,29.2,23.6,26.1,27.57,29.68
2011-04-21,29.1,23.8,26.0,27.88,29.82
2011-04-22,30.0,22.7,26.3,27.87,29.67
2011-04-23,29.7,23.7,26.3,27.75,29.72
2011-04-24,27.7,23.9,25.7,27.52,29.04
2011-04-25,28.7,23.5,25.5,27.44,29.6
2011-04-26,28.4,23.4,25.5,27.56,29.82
2011-04-27,28.2,23.7,25.5,27.44,29.3
2011-04-28,29.4,23.3,26.1,27.29,28.75
2011-04-29,29.5,24.1,26.3,27.4,29.15
2011-04-30,29.0,23.3,25.5,27.2,28.61
2011-05-01,27.5,23.6,25.0,27.0,28.67
2011-05-02,27.6,23.7,25.2,26.78,28.24
2011-05-03,29.9,23.0,26.1,27.34,29.59
2011-05-04,30.8,23.6,27.0,27.55,30.44
2011-05-05,27.8,24.6,25.8,26.79,28.3
2011-05-06,28.6,23.7,25.6,27.12,29.27
2011-05-07,28.0,24.0,25.2,27.13,29.23
2011-05-08,29.0,23.7,26.0,27.12,29.63
2011-05-09,30.3,22.7,26.3,27.94,30.9
2011-05-10,30.0,23.8,26.4,27.65,29.85
2011-05-11,30.2,23.4,26.6,28.17,30.35
2011-05-12,29.9,24.2,26.9,27.81,29.88
2011-05-13,29.8,24.3,26.5,27.48,28.69
2011-05-14,28.2,23.5,25.6,27.06,28.59
2011-05-15,29.5,23.1,26.1,27.09,28.68
2011-05-16,29.6,22.8,26.0,26.86,27.87
2011-05-17,30.1,23.2,26.4,28.01,30.3
2011-05-18,29.8,23.9,26.6,27.9,29.6
2011-05-19,29.6,23.3,25.9,27.49,28.69
2011-05-20,29.6,23.6,26.5,27.81,29.5
2011-05-21,28.6,23.2,25.8,26.8,28.26
2011-05-22,29.7,24.2,26.5,26.9,28.48
2011-05-23,29.7,23.2,26.1,27.07,28.85
2011-05-24,29.6,23.7,26.3,27.6,30.11
2011-05-25,28.9,23.8,25.8,27.55,29.67
2011-05-26,28.6,23.1,25.7,26.31,26.88
2011-05-27,28.6,23.8,26.1,27.5,29.83
2011-05-28,29.3,23.6,26.1,27.43,28.84
2011-05-29,29.5,24.1,26.5,27.45,29.35
2011-05-30,29.7,24.0,26.6,27.68,29.95
2011-05-31,29.7,23.2,26.4,27.59,29.88
2011-06-01,30.0,24.8,26.9,27.59,29.47
2011-06-02,29.7,24.4,26.3,27.47,28.59
2011-06-03,29.4,24.4,26.6,27.49,28.89
2011-06-04,29.0,23.8,26.1,27.59,29.25
2011-06-05,29.2,23.6,26.0,27.81,29.99
2011-06-06,29.6,23.0,26.2,27.61,29.83
2011-06-07,29.2,23.3,26.1,27.31,29.09
2011-06-08,29.9,23.2,26.6,27.84,30.02
2011-06-09,29.6,23.5,26.2,27.37,29.11
2011-06-10,29.6,23.1,26.3,27.62,29.7
2011-06-11,29.3,23.6,26.1,27.41,29.6
2011-06-12,29.0,23.4,26.0,27.21,29.42
2011-06-13,29.1,22.6,25.7,27.02,29.49
2011-06-14,29.5,22.9,26.1,27.24,29.58
2011-06-15,29.5,23.1,26.1,27.17,29.29
2011-06-16,29.7,23.7,26.6,27.01,29.75
2011-06-17,30.4,21.8,26.2,26.79,29.52
2011-06-18,29.6,22.1,25.5,26.5,29.46
2011-06-19,29.6,22.1,25.8,26.47,28.47
2011-06-20,29.9,22.5,26.2,26.59,29.02
2011-06-21,30.2,22.4,26.4,26.6,28.99
2011-06-22,30.6,22.6,26.7,27.0,29.27
2011-06-23,29.8,24.1,26.9,27.14,29.24
2011-06-24,30.0,24.8,27.0,27.08,29.41
2011-06-25,30.5,24.4,26.9,26.52,28.78
2011-06-26,31.0,22.2,26.7,26.26,28.69
2011-06-27,30.7,23.9,26.5,26.97,28.85
2011-06-28,29.2,23.9,26.0,26.57,28.3
2011-06-29,29.3,23.2,26.0,26.86,29.36
2011-06-30,29.1,23.4,25.6,26.8,28.82
2011-07-01,27.3,23.3,25.0,25.71,26.61
2011-07-02,28.6,22.6,25.4,26.42,28.7
2011-07-03,28.1,22.8,25.2,26.24,28.42
2011-07-04,28.7,22.3,25.2,26.41,28.72
2011-07-05,28.4,23.2,25.4,26.39,28.15
2011-07-06,29.3,23.7,26.1,26.13,28.41
2011-07-07,29.3,23.7,26.2,26.18,28.82
2011-07-08,29.4,23.4,26.3,26.31,28.79
2011-07-09,30.1,22.6,26.3,26.57,28.91
2011-07-10,29.6,23.0,26.2,26.76,29.24
2011-07-11,29.3,23.0,25.9,26.81,29.13
2011-07-12,29.0,23.3,26.0,26.71,28.89
2011-07-13,29.2,22.9,26.1,26.89,29.13
2011-07-14,29.8,21.9,25.9,26.86,29.3
2011-07-15,30.4,22.1,26.2,27.2,29.78
2011-07-16,29.1,23.9,26.0,27.26,29.28
2011-07-17,29.6,23.0,25.9,26.61,29.08
2011-07-18,30.1,22.1,26.0,26.52,29.08
2011-07-19,30.0,23.0,26.1,26.54,28.84
2011-07-20,30.0,22.6,26.3,26.68,29.32
2011-07-21,30.4,24.1,26.8,26.78,29.15
2011-07-22,29.6,24.5,26.7,26.71,29.15
2011-07-23,30.1,23.8,26.7,26.97,29.17
2011-07-24,30.9,23.9,27.0,26.96,29.04
2011-07-25,29.7,23.6,26.1,26.81,29.04
2011-07-26,30.1,22.5,26.2,26.5,28.88
2011-07-27,30.6,23.2,26.6,26.37,29.41
2011-07-28,31.0,23.6,26.7,26.66,29.31
2011-07-29,30.2,23.7,26.9,26.84,29.71
2011-07-30,31.0,22.1,26.8,26.49,29.38
2011-07-31,30.7,22.2,26.4,25.85,28.69
2011-08-01,31.5,21.1,26.5,26.24,29.34
2011-08-02,31.9,22.7,27.0,26.82,29.77
2011-08-03,31.3,23.6,27.2,26.96,29.87
2011-08-04,30.7,23.2,26.6,26.78,29.69
2011-08-05,29.8,23.8,26.6,26.62,29.17
2011-08-06,31.0,23.4,27.0,26.57,28.69
2011-08-07,31.0,23.9,26.9,26.43,28.81
2011-08-08,29.9,23.7,26.6,26.25,28.64
2011-08-09,30.8,22.8,26.4,26.38,29.56
2011-08-10,31.2,23.8,27.0,26.4,29.33
2011-08-11,30.7,23.3,26.8,26.41,29.22
2011-08-12,30.2,24.6,26.9,26.28,28.98
2011-08-13,30.7,24.2,27.0,26.26,29.06
2011-08-14,31.6,24.2,27.3,26.67,29.72
2011-08-15,30.7,23.8,27.1,26.68,29.59
2011-08-16,31.1,22.8,26.8,26.36,29.07
2011-08-17,31.3,22.6,27.1,26.78,29.79
2011-08-18,31.3,23.3,27.2,26.46,29.17
2011-08-19,31.1,24.5,27.5,26.56,29.14
2011-08-20,31.3,24.6,27.5,26.26,29.13
2011-08-21,31.3,23.2,27.0,26.25,29.23
2011-08-22,31.5,23.4,27.2,26.54,29.4
2011-08-23,31.7,22.9,27.0,26.28,28.96
2011-08-24,31.9,23.0,27.2,26.71,29.78
2011-08-25,31.1,23.7,27.1,26.13,29.43
2011-08-26,30.9,23.7,26.9,25.78,28.92
2011-08-27,31.1,22.8,26.6,25.84,28.97
2011-08-28,31.7,21.2,26.4,26.0,29.17
2011-08-29,31.3,22.6,27.1,26.49,29.57
2011-08-30,32.0,23.1,27.4,27.02,29.78
2011-08-31,31.8,23.5,27.4,26.86,29.48
2011-09-01,31.5,24.3,27.5,27.0,29.91
2011-09-02,31.5,23.9,27.4,27.0,29.87
2011-09-03,31.5,23.8,27.5,26.81,29.58
2011-09-04,31.5,22.9,27.3,26.65,29.78
2011-09-05,32.2,22.9,27.4,26.81,30.19
2011-09-06,32.3,23.4,27.8,26.94,30.33
2011-09-07,31.8,22.8,27.6,26.94,30.17
2011-09-08,31.4,24.2,27.2,27.23,29.91
2011-09-09,31.5,23.5,27.4,26.72,29.89
2011-09-10,31.7,23.1,27.5,26.89,29.98
2011-09-11,32.9,23.2,27.7,27.03,30.23
2011-09-12,32.5,24.3,27.9,27.38,30.29
2011-09-13,31.9,23.3,27.7,27.33,30.5
2011-09-14,30.9,24.9,27.6,27.59,30.66
2011-09-15,31.8,23.9,27.4,27.4,30.67
2011-09-16,30.3,23.7,26.7,27.24,30.05
2011-09-17,29.4,24.4,26.5,27.02,29.26
2011-09-18,31.2,23.3,26.6,27.03,29.17
2011-09-19,30.8,23.5,26.8,27.29,29.71
2011-09-20,30.1,24.0,27.0,27.72,30.7
2011-09-21,31.6,24.7,27.8,27.87,30.72
2011-09-22,31.3,23.9,27.7,27.78,30.65
2011-09-23,31.9,24.3,27.9,27.98,30.93
2011-09-24,32.8,22.8,27.9,27.08,29.58
2011-09-25,32.5,23.1,28.0,27.59,31.09
2011-09-26,32.7,23.6,28.1,28.11,31.5
2011-09-27,31.4,23.9,27.5,27.93,30.9
2011-09-28,31.6,23.3,27.4,27.39,30.42
2011-09-29,31.8,23.0,27.3,27.67,29.83
2011-09-30,32.0,23.1,27.5,27.46,30.31
2011-10-01,32.1,23.8,27.7,27.43,30.14
2011-10-02,30.9,25.3,27.8,27.42,29.85
2011-10-03,31.0,24.2,27.5,27.75,30.26
2011-10-04,30.9,23.6,27.2,27.52,29.85
2011-10-05,30.2,23.4,26.6,27.43,30.11
2011-10-06,30.5,23.3,26.5,26.82,29.57
2011-10-07,31.4,24.2,27.0,27.2,29.88
2011-10-08,28.9,23.5,26.0,26.27,27.76
2011-10-09,31.4,23.7,27.2,27.28,30.06
2011-10-10,31.4,23.8,26.9,27.46,29.23
2011-10-11,32.1,24.4,27.1,28.03,30.92
2011-10-12,31.3,24.1,27.1,27.9,30.12
2011-10-13,31.9,23.3,27.5,28.32,31.64
2011-10-14,32.1,23.7,27.7,28.1,31.31
2011-10-15,32.8,23.2,27.9,28.17,31.91
2011-10-16,32.9,23.5,28.0,28.17,31.57
2011-10-17,32.6,24.4,27.6,28.46,31.98
2011-10-18,32.8,24.2,28.1,28.63,32.04
2011-10-19,32.6,23.7,27.9,28.57,32.19
2011-10-20,31.9,24.5,27.3,27.58,29.46
2011-10-21,31.5,24.4,27.5,28.09,31.18
2011-10-22,31.2,24.4,26.8,28.32,31.71
2011-10-23,30.8,24.2,26.7,27.52,29.92
2011-10-24,31.3,24.0,27.2,27.61,29.67
2011-10-25,30.2,24.1,27.1,27.75,29.99
2011-10-26,30.9,24.1,26.4,27.56,29.84
2011-10-27,30.5,23.8,26.2,27.3,29.07
2011-10-28,28.9,24.3,25.9,26.97,27.91
2011-10-29,30.6,23.4,26.4,27.91,30.71
2011-10-30,30.1,24.2,26.5,27.71,30.32
2011-10-31,30.0,24.1,26.6,27.69,29.54
2011-11-01,30.4,24.0,26.7,27.92,30.04
2011-11-02,29.0,24.2,26.0,28.25,30.62
2011-11-03,29.1,24.2,26.1,27.04,28.93
2011-11-04,28.6,23.8,25.6,26.78,29.73
2011-11-05,27.2,22.8,24.5,27.32,30.94
2011-11-06,29.5,23.0,26.0,26.82,29.45
2011-11-07,30.6,22.2,26.6,26.76,28.31
2011-11-08,28.9,24.0,26.4,27.33,28.98
2011-11-09,30.1,23.4,26.2,26.41,28.15
2011-11-10,30.0,22.9,25.9,27.34,29.6
2011-11-11,30.1,23.7,26.6,27.7,30.25
2011-11-12,30.7,23.4,26.7,27.73,29.97
2011-11-13,30.3,23.3,26.3,27.55,29.54
2011-11-14,30.7,22.9,26.4,27.74,29.83
2011-11-15,30.2,24.1,26.5,27.89,29.81
2011-11-16,29.6,23.9,26.0,27.6,29.17
2011-11-17,29.4,24.4,26.4,27.68,29.79
2011-11-18,30.7,23.5,26.8,27.82,30.1
2011-11-19,31.1,24.1,27.0,28.24,30.24
2011-11-20,27.5,24.5,25.8,27.96,29.84
2011-11-21,28.9,23.5,26.0,27.89,29.75
2011-11-22,29.5,23.5,26.3,28.0,29.79
2011-11-23,29.6,23.9,26.3,27.55,29.25
2011-11-24,29.9,23.7,26.4,27.97,29.86
2011-11-25,28.3,24.0,25.6,28.04,29.75
2011-11-26,30.3,23.4,26.7,28.5,31.1
2011-11-27,30.8,24.0,27.3,28.59,31.42
2011-11-28,30.8,24.6,27.7,28.31,29.88
2011-11-29,29.0,24.5,26.0,27.48,28.68
2011-11-30,29.8,24.4,26.3,28.11,30.48
2011-12-01,28.8,24.4,26.4,27.9,29.72
2011-12-02,28.4,24.3,25.7,27.62,28.91
2011-12-03,27.5,23.9,25.9,27.24,28.99
2011-12-04,30.4,24.2,26.7,27.72,29.46
2011-12-05,31.1,23.5,26.5,27.95,29.76
2011-12-06,29.9,23.7,26.4,27.39,29.09
2011-12-07,30.3,23.9,26.8,28.11,30.58
2011-12-08,30.3,23.1,26.7,27.93,30.82
2011-12-09,29.9,24.1,26.7,27.97,30.45
2011-12-10,28.6,23.7,26.2,27.58,29.88
2011-12-11,30.0,24.0,26.5,27.24,29.63
2011-12-12,30.6,23.5,26.6,27.89,30.86
2011-12-13,29.1,23.9,26.2,27.19,29.59
2011-12-14,28.7,23.7,26.0,27.28,30.03
2011-12-15,29.1,23.7,26.3,27.19,29.3
2011-12-16,29.0,23.8,26.1,26.72,27.96
2011-12-17,28.5,24.6,26.0,27.12,28.68
2011-12-18,29.7,24.2,26.4,27.2,29.13
2011-12-19,29.1,24.2,26.1,28.11,31.35
2011-12-20,28.5,24.0,25.7,27.16,28.98
2011-12-21,30.2,24.0,26.5,27.99,30.81
2011-12-22,30.8,24.6,27.1,28.07,30.73
2011-12-23,30.5,24.3,27.0,28.65,31.6
2011-12-24,29.3,24.6,26.5,27.69,30.05
2011-12-25,28.9,24.0,26.1,27.32,29.67
2011-12-26,28.4,24.5,25.8,27.01,28.86
2011-12-27,29.1,24.3,26.6,27.3,28.72
2011-12-28,29.6,24.2,26.7,26.91,27.64
2011-12-29,30.3,24.2,27.0,27.0,29.11
2011-12-30,29.1,24.4,26.5,27.79,30.72
2011-12-31,27.8,24.5,25.6,27.33,29.95
2012-01-01,27.8,23.9,25.0,26.7,28.06
2012-01-02,27.1,23.6,25.0,26.24,27.68
2012-01-03,28.1,23.6,25.5,26.89,28.71
2012-01-04,29.8,23.0,26.4,27.44,29.44
2012-01-05,29.0,23.6,26.0,27.14,29.81
2012-01-06,28.2,24.0,25.6,26.8,28.51
2012-01-07,26.7,23.5,24.8,26.8,28.39
2012-01-08,26.6,23.7,25.0,27.06,29.18
2012-01-09,27.7,24.0,25.6,26.82,28.51
2012-01-10,28.1,23.8,25.6,27.01,29.18
2012-01-11,26.5,24.4,25.1,27.13,29.02
2012-01-12,28.3,23.7,25.4,26.76,28.21
2012-01-13,27.5,23.8,25.1,27.09,29.33
2012-01-14,25.9,23.7,24.6,26.53,28.4
2012-01-15,28.5,23.6,25.3,27.07,29.71
2012-01-16,29.7,23.4,26.1,27.51,30.16
2012-01-17,29.1,23.1,25.7,27.23,29.51
2012-01-18,29.2,23.1,25.8,27.45,30.4
2012-01-19,30.0,23.5,26.6,27.44,29.55
2012-01-20,29.8,24.2,26.5,27.53,30.57
2012-01-21,27.9,23.9,25.7,26.58,28.79
2012-01-22,29.2,23.0,25.8,26.54,28.28
2012-01-23,28.7,24.8,26.3,26.97,29.11
2012-01-24,29.2,23.9,26.5,26.89,28.65
2012-01-25,28.7,23.8,25.9,26.81,28.29
2012-01-26,28.7,23.8,26.1,26.97,28.97
2012-01-27,29.8,24.0,26.6,27.37,29.48
2012-01-28,28.9,25.0,26.6,26.59,28.22
2012-01-29,26.6,24.1,25.1,26.62,28.47
2012-01-30,27.7,23.7,25.2,26.25,27.84
2012-01-31,28.5,23.8,25.6,26.32,27.7
2012-02-01,28.9,23.7,25.7,26.97,28.76
2012-02-02,29.2,23.4,25.6,26.41,28.36
2012-02-03,26.5,23.5,24.5,25.83,28.16
2012-02-04,27.0,23.0,24.9,25.84,27.68
2012-02-05,29.3,22.9,25.9,26.57,29.1
2012-02-06,28.2,23.4,25.8,26.69,29.52
2012-02-07,29.5,23.4,26.2,27.1,29.84
2012-02-08,27.8,23.8,25.7,27.02,29.55
2012-02-09,28.8,23.6,25.9,26.42,28.11
2012-02-10,29.1,23.8,25.9,26.32,27.85
2012-02-11,27.8,23.5,25.3,26.61,28.63
2012-02-12,29.5,23.1,25.8,26.95,29.03
2012-02-13,30.1,22.6,25.9,27.27,29.11
2012-02-14,28.6,23.3,25.4,27.08,28.19
2012-02-15,28.8,22.2,25.6,27.41,29.56
2012-02-16,28.8,23.0,25.9,27.2,28.92
2012-02-17,28.4,23.2,25.3,26.93,28.41
2012-02-18,30.5,23.2,26.4,27.03,29.49
2012-02-19,27.9,23.3,25.4,26.34,27.91
2012-02-20,29.1,23.6,25.6,26.48,28.28
2012-02-21,29.2,23.0,25.8,26.7,28.49
2012-02-22,29.4,23.6,26.3,27.42,29.66
2012-02-23,29.8,23.4,26.4,27.86,30.2
2012-02-24,29.7,24.2,26.4,28.23,30.64
2012-02-25,29.6,23.6,26.3,28.46,30.87
2012-02-26,29.7,23.8,26.2,27.62,29.61
2012-02-27,29.7,22.9,26.3,27.5,29.47
2012-02-28,29.4,23.8,26.0,27.39,28.81
2012-02-29,28.2,23.5,25.5,27.24,28.88
2012-03-01,27.4,23.7,25.4,27.0,28.22
2012-03-02,29.9,23.5,26.2,27.12,29.26
2012-03-03,30.2,24.4,26.8,26.79,28.96
2012-03-04,27.6,24.2,25.6,26.31,28.05
2012-03-05,29.6,23.4,26.1,26.7,28.59
2012-03-06,29.1,23.4,26.2,26.87,29.16
2012-03-07,29.6,24.0,26.5,27.16,28.81
2012-03-08,27.6,24.4,25.6,26.78,28.43
2012-03-09,28.4,24.2,25.6,26.81,28.77
2012-03-10,28.5,23.7,25.9,26.65,28.1
2012-03-11,29.3,24.4,26.6,26.92,29.19
2012-03-12,29.0,23.8,26.4,26.71,28.12
2012-03-13,29.2,23.8,26.1,26.9,28.75
2012-03-14,29.6,24.6,26.8,27.07,29.36
2012-03-15,28.9,24.4,26.5,27.15,29.1
2012-03-16,29.2,24.4,26.7,27.11,28.71
2012-03-17,29.1,25.1,26.7,27.19,29.71
2012-03-18,28.5,24.7,26.6,27.07,28.86
2012-03-19,29.0,24.5,26.1,27.13,29.73
2012-03-20,27.5,24.0,25.5,27.0,29.17
2012-03-21,30.1,24.2,26.6,27.31,30.06
2012-03-22,29.7,24.1,26.7,27.51,30.58
2012-03-23,30.7,23.9,27.0,27.74,30.95
2012-03-24,30.6,23.5,26.6,27.61,30.46
2012-03-25,30.8,23.3,26.7,27.46,30.23
2012-03-26,29.8,23.1,26.4,27.02,29.54
2012-03-27,30.4,23.7,26.7,27.84,30.86
2012-03-28,31.5,23.2,26.7,27.58,31.11
2012-03-29,29.6,23.6,26.3,27.24,29.81
2012-03-30,28.9,23.7,25.9,26.84,29.54
2012-03-31,30.0,23.3,26.0,26.86,28.7
2012-04-01,29.5,23.7,26.0,27.4,29.55
2012-04-02,29.7,23.5,25.8,26.75,28.6
2012-04-03,27.9,23.3,25.2,26.26,27.64
2012-04-04,28.6,23.4,25.3,25.78,27.27
2012-04-05,28.5,22.6,25.2,26.19,28.49
2012-04-06,28.0,23.1,25.2,26.82,28.74
2012-04-07,27.8,23.2,25.3,26.91,28.8
2012-04-08,29.7,23.2,26.0,27.09,28.74
2012-04-09,29.5,23.3,26.1,26.95,28.51
2012-04-10,29.5,23.5,25.9,27.17,28.99
2012-04-11,28.7,23.0,25.5,26.97,28.71
2012-04-12,29.6,23.1,26.0,27.23,29.41
2012-04-13,30.2,23.1,26.3,27.53,29.7
2012-04-14,29.9,23.8,26.7,27.62,29.31
2012-04-15,29.2,23.9,26.0,27.7,29.93
2012-04-16,30.0,23.2,26.4,27.35,29.48
2012-04-17,28.1,23.9,25.7,27.18,28.73
2012-04-18,30.1,23.0,26.1,27.12,29.06
2012-04-19,29.4,23.4,26.1,27.42,29.36
2012-04-20,29.4,23.9,26.4,27.94,30.48
2012-04-21,29.3,23.4,25.9,27.59,29.83
2012-04-22,29.0,23.9,25.8,27.42,29.0
2012-04-23,29.7,23.3,26.4,27.65,29.7
2012-04-24,30.3,24.1,26.8,27.81,30.41
2012-04-25,30.7,23.6,27.0,27.97,29.89
2012-04-26,30.2,23.7,26.3,27.61,29.44
2012-04-27,30.2,23.9,26.5,28.13,30.79
2012-04-28,29.7,24.3,26.4,27.68,29.32
2012-04-29,28.4,24.0,25.7,27.41,29.33
2012-04-30,28.3,23.8,25.4,27.04,29.77
2012-05-01,29.8,23.4,26.3,27.52,29.59
2012-05-02,30.6,23.4,26.7,27.58,29.63
2012-05-03,29.7,23.8,26.3,27.42,28.65
2012-05-04,29.6,23.1,26.1,27.75,30.15
2012-05-05,29.6,23.5,26.3,27.6,29.89
2012-05-06,29.3,24.0,26.4,27.59,29.08
2012-05-07,29.4,23.3,25.9,26.86,27.92
2012-05-08,29.5,23.8,26.0,26.94,27.92
2012-05-09,30.0,23.3,26.7,27.83,29.76
2012-05-10,29.8,23.7,26.4,27.92,30.48
2012-05-11,29.8,23.4,26.5,27.83,29.87
2012-05-12,30.3,23.2,26.6,28.58,31.08
2012-05-13,30.6,23.3,26.8,28.53,30.68
2012-05-14,29.3,24.1,26.2,28.12,30.25
2012-05-15,28.9,23.4,25.8,27.91,30.2
2012-05-16,28.3,23.6,25.9,27.62,29.42
2012-05-17,30.3,23.3,26.5,28.09,30.59
2012-05-18,30.2,24.0,26.7,27.83,29.65
2012-05-19,29.5,23.3,26.2,28.03,30.03
2012-05-20,28.3,23.8,26.1,27.59,29.18
2012-05-21,29.6,23.5,25.8,27.9,29.79
2012-05-22,29.8,23.3,26.3,27.97,30.33
2012-05-23,29.6,24.1,26.6,27.54,30.26
2012-05-24,29.6,23.9,26.6,27.69,29.95
2012-05-25,29.8,22.9,26.5,27.52,29.99
2012-05-26,29.9,24.0,26.8,27.55,30.22
2012-05-27,30.6,22.5,26.7,27.46,30.24
2012-05-28,28.4,23.9,25.9,27.5,29.55
2012-05-29,29.7,24.0,26.6,27.65,29.82
2012-05-30,29.4,23.7,26.7,27.61,29.86
2012-05-31,28.4,23.6,26.1,27.65,29.99
2012-06-01,28.9,23.7,25.6,27.39,29.14
2012-06-02,29.1,23.5,26.1,27.35,29.28
2012-06-03,29.2,24.0,26.3,27.45,29.72
2012-06-04,28.6,24.3,26.1,27.34,29.23
2012-06-05,28.1,23.5,25.5,26.2,27.52
2012-06-06,28.0,24.1,25.5,26.89,28.78
2012-06-07,29.5,23.2,26.1,27.77,29.9
2012-06-08,30.7,24.2,27.2,27.93,29.7
2012-06-09,29.6,24.1,26.4,27.82,30.37
2012-06-10,29.4,24.1,26.0,27.19,28.8
2012-06-11,29.5,24.0,26.0,27.24,29.39
2012-06-12,29.9,23.7,26.4,27.4,29.04
2012-06-13,29.8,24.0,26.5,27.41,29.63
2012-06-14,30.2,23.4,26.4,27.51,30.01
2012-06-15,29.9,23.2,26.2,27.29,29.71
2012-06-16,29.9,22.3,26.1,26.99,29.81
2012-06-17,30.0,23.7,26.5,26.85,29.48
2012-06-18,30.3,22.4,26.5,27.07,29.5
2012-06-19,29.7,24.4,26.6,27.3,29.69
2012-06-20,29.9,22.9,26.4,27.31,29.9
2012-06-21,30.1,22.6,26.4,26.95,29.01
2012-06-22,29.9,24.3,26.5,27.02,29.3
2012-06-23,29.8,23.4,26.1,27.14,29.73
2012-06-24,29.6,22.3,26.0,26.7,28.99
2012-06-25,29.6,23.4,26.1,26.35,28.94
2012-06-26,30.0,23.1,26.3,26.33,29.07
2012-06-27,29.4,22.6,26.0,26.45,29.22
2012-06-28,30.0,21.9,26.1,26.8,29.47
2012-06-29,30.1,23.1,26.4,26.73,29.25
2012-06-30,30.3,22.2,26.2,26.23,28.97
2012-07-01,30.2,22.4,26.1,25.6,28.7
2012-07-02,30.2,21.0,25.7,25.88,28.93
2012-07-03,29.6,23.0,26.1,26.91,29.51
2012-07-04,30.0,22.6,26.0,26.69,29.03
2012-07-05,29.3,23.4,26.2,26.39,28.75
2012-07-06,30.1,23.9,26.4,26.44,29.06
2012-07-07,30.4,22.8,26.5,26.32,29.08
2012-07-08,30.6,22.7,26.7,26.59,29.71
2012-07-09,29.7,23.4,26.7,26.73,29.57
2012-07-10,29.4,23.0,26.6,26.6,29.65
2012-07-11,29.7,22.8,25.9,26.84,29.24
2012-07-12,29.9,23.7,25.8,26.58,28.45
2012-07-13,28.9,23.5,25.9,26.79,28.83
2012-07-14,30.3,22.6,26.3,26.44,29.07
2012-07-15,29.6,23.2,26.3,26.47,29.02
2012-07-16,30.4,23.0,26.6,26.96,29.65
2012-07-17,30.2,23.2,26.6,27.16,29.81
2012-07-18,29.4,23.7,26.4,26.88,28.79
2012-07-19,30.3,23.2,26.3,26.72,28.88
2012-07-20,29.9,23.8,26.3,26.85,29.16
2012-07-21,30.7,22.5,26.5,26.7,29.45
2012-07-22,30.6,24.0,26.9,26.48,29.32
2012-07-23,30.8,22.9,26.6,25.95,28.61
2012-07-24,30.0,23.9,26.6,26.18,28.76
2012-07-25,30.7,23.3,26.7,26.03,28.8
2012-07-26,30.4,22.6,26.3,26.16,29.03
2012-07-27,31.1,21.4,26.2,25.93,29.22
2012-07-28,31.1,22.6,26.7,26.51,29.78
2012-07-29,31.3,23.3,27.1,26.35,29.38
2012-07-30,31.7,22.5,26.9,26.62,29.82
2012-07-31,30.4,24.4,27.0,26.64,29.78
2012-08-01,30.6,22.6,26.7,26.53,29.6
2012-08-02,31.2,22.1,26.7,26.3,29.48
2012-08-03,31.1,21.6,26.6,26.19,29.54
2012-08-04,31.8,22.1,26.8,26.38,29.4
2012-08-05,31.9,22.7,27.1,26.4,29.81
2012-08-06,32.2,22.8,27.3,26.91,30.11
2012-08-07,31.1,25.1,27.5,27.22,30.03
2012-08-08,31.1,23.0,27.0,26.42,29.58
2012-08-09,31.0,22.3,26.6,25.79,29.18
2012-08-10,31.8,21.9,26.6,26.43,29.89
2012-08-11,31.6,22.5,26.9,26.76,30.1
2012-08-12,31.5,22.7,27.1,26.95,30.11
2012-08-13,31.5,22.9,27.0,26.88,30.19
2012-08-14,31.6,24.7,27.4,27.01,30.66
2012-08-15,31.6,23.3,27.1,26.33,29.86
2012-08-16,31.3,23.2,26.8,26.15,29.62
2012-08-17,31.5,23.3,26.9,26.24,29.7
2012-08-18,31.5,22.1,26.6,26.62,30.44
2012-08-19,31.6,23.9,27.2,27.08,30.5
2012-08-20,31.2,23.2,27.1,26.91,30.67
2012-08-21,31.2,21.4,26.4,26.43,30.02
2012-08-22,31.8,23.4,27.3,26.79,30.74
2012-08-23,31.8,24.1,27.3,27.13,31.21
2012-08-24,31.7,24.6,27.8,27.15,31.0
2012-08-25,31.8,25.1,27.8,26.88,30.58
2012-08-26,32.2,23.3,27.4,26.59,30.13
2012-08-27,29.9,23.8,26.6,27.24,30.78
2012-08-28,31.7,24.3,27.3,27.48,29.92
2012-08-29,31.8,24.7,27.5,28.02,31.26
2012-08-30,31.3,24.0,27.4,27.39,30.89
2012-08-31,30.8,23.4,27.2,27.44,30.95
2012-09-01,31.9,23.0,27.1,27.47,31.46
2012-09-02,31.7,22.8,27.1,26.68,30.77
2012-09-03,31.8,22.2,26.9,26.73,30.84
2012-09-04,32.3,21.8,27.0,27.0,31.3
2012-09-05,32.5,22.3,27.4,27.56,31.85
2012-09-06,32.0,23.1,27.8,27.56,31.4
2012-09-07,31.8,23.5,27.5,27.42,30.46
2012-09-08,32.0,23.8,27.4,27.47,31.2
2012-09-09,31.8,23.3,27.3,27.35,30.95
2012-09-10,31.9,23.6,26.8,27.38,31.01
2012-09-11,31.0,23.3,27.0,27.86,31.82
2012-09-12,32.5,21.9,27.2,27.38,31.67
2012-09-13,32.7,22.8,27.6,27.25,30.96
2012-09-14,32.2,22.8,27.6,27.85,32.01
2012-09-15,32.4,22.8,27.7,28.46,32.42
2012-09-16,32.6,23.9,28.1,28.47,32.16
2012-09-17,31.9,24.0,27.6,28.3,31.83
2012-09-18,32.0,24.0,27.8,28.35,32.02
2012-09-19,31.3,25.5,28.1,28.57,32.33
2012-09-20,31.6,25.0,28.0,28.48,31.67
2012-09-21,31.8,24.6,27.4,28.36,31.69
2012-09-22,31.8,22.7,27.2,28.21,32.0
2012-09-23,31.5,24.0,27.5,28.32,32.12
2012-09-24,31.0,24.4,27.4,28.03,31.36
2012-09-25,30.6,24.2,27.0,28.27,31.53
2012-09-26,31.3,23.1,27.2,28.16,31.53
2012-09-27,31.5,23.5,27.4,28.09,30.98
2012-09-28,30.8,23.2,27.0,27.93,31.29
2012-09-29,32.0,23.7,27.4,28.25,31.36
2012-09-30,32.0,23.9,27.9,28.12,31.93
2012-10-01,32.2,24.5,28.2,28.36,32.18
2012-10-02,30.9,23.9,27.1,28.0,31.03
2012-10-03,32.1,23.6,27.0,27.82,30.36
2012-10-04,31.3,23.6,27.2,28.44,31.9
2012-10-05,31.5,24.0,27.0,28.25,31.73
2012-10-06,30.1,24.5,27.2,28.1,30.9
2012-10-07,31.3,23.6,27.2,28.29,31.44
2012-10-08,31.8,23.5,27.4,28.02,30.66
2012-10-09,32.5,24.2,28.2,28.05,30.68
2012-10-10,33.2,24.8,28.4,28.51,31.55
2012-10-11,32.7,24.3,28.3,28.5,31.13
2012-10-12,31.7,24.0,27.6,28.46,31.47
2012-10-13,32.5,24.4,28.2,28.61,32.06
2012-10-14,32.3,24.3,28.1,28.17,30.8
2012-10-15,32.8,25.1,28.0,28.05,30.43
2012-10-16,32.0,24.1,27.8,28.37,30.88
2012-10-17,31.3,24.3,26.8,28.12,30.2
2012-10-18,30.9,23.6,26.5,27.39,29.01
2012-10-19,30.8,24.0,26.6,27.76,30.37
2012-10-20,30.5,23.2,26.3,27.53,29.21
2012-10-21,30.7,23.9,26.7,27.86,30.24
2012-10-22,31.0,23.6,26.9,28.23,31.06
2012-10-23,32.1,23.7,27.6,28.55,32.54
2012-10-24,31.9,23.3,27.6,28.85,32.59
2012-10-25,31.2,24.2,27.7,28.81,31.79
2012-10-26,31.1,24.2,27.4,28.32,31.24
2012-10-27,30.0,23.7,26.4,27.93,30.05
2012-10-28,30.6,24.4,27.1,27.64,29.92
2012-10-29,30.9,24.4,27.2,28.25,31.27
2012-10-30,30.6,24.2,26.6,27.24,28.62
2012-10-31,30.7,24.4,26.7,28.31,30.92
2012-11-01,31.6,23.7,27.3,28.65,31.45
2012-11-02,31.3,24.4,27.4,27.98,29.45
2012-11-03,28.9,24.3,26.4,27.53,29.33
2012-11-04,30.3,24.4,26.5,27.5,29.35
2012-11-05,30.0,23.7,26.2,27.53,29.29
2012-11-06,30.2,22.9,26.5,28.33,30.79
2012-11-07,29.8,24.2,26.5,27.95,29.6
2012-11-08,30.6,24.0,26.8,28.87,32.01
2012-11-09,30.5,24.5,27.1,28.56,30.85
2012-11-10,31.3,23.8,27.3,28.78,31.18
2012-11-11,30.9,24.4,27.2,28.89,31.45
2012-11-12,30.7,24.3,26.6,28.24,30.83
2012-11-13,27.7,24.1,25.9,27.75,29.49
2012-11-14,29.7,24.2,26.6,28.47,30.98
2012-11-15,31.5,24.4,27.6,28.44,31.01
2012-11-16,30.4,24.4,26.9,28.12,30.36
2012-11-17,30.1,24.4,26.5,27.64,29.17
2012-11-18,27.6,23.9,25.1,27.02,28.22
2012-11-19,30.0,23.9,26.2,27.08,29.37
2012-11-20,29.2,23.8,26.0,27.54,29.66
2012-11-21,29.2,24.3,26.3,27.53,29.5
2012-11-22,28.1,23.7,25.7,27.68,30.11
2012-11-23,28.2,23.8,25.3,27.11,28.93
2012-11-24,30.1,23.7,25.9,26.98,28.7
2012-11-25,29.0,23.4,26.0,27.45,29.43
2012-11-26,29.4,24.1,26.0,27.64,29.5
2012-11-27,28.9,23.8,26.1,28.19,30.43
2012-11-28,29.4,23.6,26.3,28.4,30.82
2012-11-29,30.3,23.4,26.7,27.82,29.95
2012-11-30,30.0,24.5,26.6,28.12,29.64
2012-12-01,30.0,23.7,26.4,28.57,31.27
2012-12-02,28.8,24.4,25.9,28.18,30.11
2012-12-03,29.6,23.8,26.5,27.9,30.33
2012-12-04,30.0,24.4,26.4,26.96,28.73
2012-12-05,29.7,23.8,25.9,27.43,30.01
2012-12-06,29.1,23.2,25.7,27.45,29.65
2012-12-07,28.5,23.6,25.6,27.51,29.44
2012-12-08,28.6,23.7,25.6,26.92,28.55
2012-12-09,29.9,23.3,26.5,27.64,29.97
2012-12-10,29.7,23.9,26.1,27.42,29.86
2012-12-11,29.3,23.9,26.0,27.87,30.14
2012-12-12,27.9,23.6,25.4,26.97,28.23
2012-12-13,26.8,23.5,25.0,27.01,29.18
2012-12-14,29.8,23.2,25.8,26.91,28.33
2012-12-15,30.7,23.0,26.2,27.98,30.7
2012-12-16,29.4,23.4,25.9,27.44,29.6
2012-12-17,29.1,24.0,26.0,27.0,28.99
2012-12-18,28.8,23.8,26.0,26.98,29.32
2012-12-19,30.2,24.2,27.0,27.62,30.5
2012-12-20,30.4,23.8,26.5,27.36,29.85
2012-12-21,28.8,23.6,25.9,26.81,28.36
2012-12-22,28.7,23.8,25.8,27.05,29.23
2012-12-23,28.8,23.9,25.6,27.0,29.12
2012-12-24,28.6,23.5,25.8,27.35,29.95
2012-12-25,29.1,24.3,25.9,27.28,29.41
2012-12-26,29.9,23.8,26.2,27.34,29.64
2012-12-27,30.3,24.4,26.9,27.9,30.54
2012-12-28,29.3,24.6,26.6,27.64,29.83
2012-12-29,28.7,24.9,26.2,27.38,29.28
2012-12-30,29.3,24.8,26.2,26.99,28.79
2012-12-31,29.5,24.7,25.9,26.68,28.12
2013-01-01,28.8,23.9,25.5,26.79,28.93
2013-01-02,27.7,24.0,25.5,26.07,27.65
2013-01-03,29.8,23.9,26.7,26.78,28.68
2013-01-04,26.9,24.6,25.4,26.48,27.91
2013-01-05,27.6,23.4,25.1,26.3,28.55
2013-01-06,27.2,24.0,25.4,26.27,28.58
2013-01-07,28.7,24.3,25.9,27.06,30.18
2013-01-08,28.8,24.1,25.9,27.24,29.96
2013-01-09,27.4,24.2,25.1,25.86,27.12
2013-01-10,28.1,24.0,25.6,26.95,29.64
2013-01-11,28.7,24.4,26.2,27.22,29.59
2013-01-12,27.9,24.6,25.7,26.87,28.3
2013-01-13,28.2,23.5,25.3,26.83,28.39
2013-01-14,27.8,23.8,25.1,26.77,27.78
2013-01-15,27.0,23.2,24.6,26.6,27.83
2013-01-16,27.4,23.1,25.0,26.57,27.71
2013-01-17,27.3,23.6,25.4,26.51,27.36
2013-01-18,28.1,23.8,25.3,26.51,27.85
2013-01-19,28.8,23.6,26.0,26.22,27.48
2013-01-20,29.0,23.9,26.1,26.98,28.74
2013-01-21,28.8,23.6,26.2,26.62,28.02
2013-01-22,28.5,24.1,26.0,26.64,28.15
2013-01-23,27.5,23.9,25.3,26.42,28.18
2013-01-24,26.7,23.7,25.0,26.48,28.13
2013-01-25,26.7,23.3,24.8,26.09,27.78
2013-01-26,26.4,23.5,24.8,25.91,27.61
2013-01-27,28.1,23.4,25.2,26.5,28.7
2013-01-28,27.8,23.6,25.4,26.46,28.17
2013-01-29,28.3,22.9,25.4,26.21,27.27
2013-01-30,28.6,23.1,25.7,26.13,27.5
2013-01-31,28.9,23.0,25.5,26.78,28.96
2013-02-01,29.1,22.8,25.8,27.0,28.83
2013-02-02,27.7,23.8,25.7,27.29,28.96
2013-02-03,28.9,23.6,25.7,27.31,29.29
2013-02-04,30.1,23.2,26.2,27.47,29.89
2013-02-05,28.3,23.5,25.8,27.28,29.73
2013-02-06,27.2,23.9,25.4,26.36,27.7
2013-02-07,29.6,22.8,25.8,26.84,28.96
2013-02-08,29.6,22.6,26.1,27.47,30.15
2013-02-09,29.6,24.2,26.6,27.62,30.31
2013-02-10,30.2,23.6,26.3,27.06,28.76
2013-02-11,28.5,23.3,25.7,27.05,29.3
2013-02-12,29.2,23.4,25.8,27.0,29.49
2013-02-13,28.7,23.6,25.5,27.25,29.71
2013-02-14,28.4,23.5,25.2,26.9,28.19
2013-02-15,29.4,22.8,25.9,27.14,29.09
2013-02-16,28.7,24.3,25.8,26.39,28.09
2013-02-17,28.0,23.7,25.2,26.04,27.54
2013-02-18,28.8,24.4,26.1,26.2,27.39
2013-02-19,27.2,24.0,25.2,26.18,27.07
2013-02-20,27.5,23.4,25.0,26.56,28.35
2013-02-21,28.3,23.9,25.6,26.46,28.05
2013-02-22,27.8,23.9,25.6,26.91,28.77
2013-02-23,28.2,23.9,25.7,27.15,28.79
2013-02-24,29.1,24.2,26.2,27.39,29.42
2013-02-25,30.0,24.2,26.8,27.43,29.52
2013-02-26,29.8,24.2,26.8,27.21,29.04
2013-02-27,29.0,24.8,26.8,27.13,29.12
2013-02-28,30.4,25.2,27.4,27.12,29.53
2013-03-01,29.6,24.9,27.0,27.36,28.97
2013-03-02,29.7,24.0,26.9,27.36,29.2
2013-03-03,29.2,23.5,26.1,27.24,28.89
2013-03-04,27.6,23.7,25.0,26.97,28.14
2013-03-05,27.6,23.6,25.0,27.04,28.99
2013-03-06,29.7,22.9,26.4,27.33,29.37
2013-03-07,30.2,22.8,26.6,27.64,30.33
2013-03-08,29.1,23.8,26.3,27.36,29.69
2013-03-09,29.3,23.9,26.4,27.4,29.42
2013-03-10,29.1,24.2,26.2,27.05,28.76
2013-03-11,30.4,23.6,26.7,27.64,30.08
2013-03-12,29.8,23.8,26.3,27.47,29.32
2013-03-13,30.9,24.5,27.4,27.74,30.15
2013-03-14,30.3,24.2,26.3,27.39,29.6
2013-03-15,29.6,23.8,26.1,27.51,30.1
2013-03-16,30.3,23.7,26.3,27.71,30.44
2013-03-17,30.0,24.0,26.8,27.55,29.62
2013-03-18,30.1,23.2,26.5,27.69,30.17
2013-03-19,28.7,23.9,26.1,27.79,30.25
2013-03-20,29.4,23.7,26.0,26.97,28.01
2013-03-21,30.5,23.5,26.8,27.65,29.57
2013-03-22,30.2,23.9,26.8,27.82,29.5
2013-03-23,30.7,24.0,27.2,27.82,30.23
2013-03-24,30.0,24.3,26.7,27.43,29.53
2013-03-25,30.1,24.0,26.7,27.94,30.16
2013-03-26,30.1,23.9,26.8,28.01,30.17
2013-03-27,30.4,24.5,26.8,28.47,30.35
2013-03-28,30.6,23.7,26.6,28.29,31.12
2013-03-29,29.3,24.4,26.7,28.43,30.9
2013-03-30,29.1,24.6,26.7,27.97,30.24
2013-03-31,31.0,24.1,26.8,28.16,30.28
2013-04-01,30.7,24.6,27.0,28.45,30.7
2013-04-02,29.8,24.2,26.5,28.45,30.15
2013-04-03,30.2,24.3,26.9,28.67,30.8
2013-04-04,29.6,24.6,26.7,28.09,30.52
2013-04-05,29.1,24.8,26.6,28.55,30.51
2013-04-06,29.1,24.5,25.9,27.23,27.96
2013-04-07,27.1,24.4,25.5,26.97,28.99
2013-04-08,29.8,23.8,26.6,27.06,28.5
2013-04-09,30.3,23.5,26.6,27.93,29.96
2013-04-10,29.9,24.5,26.6,26.84,27.74
2013-04-11,29.9,24.0,26.5,27.55,29.46
2013-04-12,30.1,24.5,26.8,27.42,29.56
2013-04-13,29.6,24.1,26.3,27.13,28.68
2013-04-14,30.8,24.8,27.0,27.87,30.03
2013-04-15,30.0,24.3,26.7,27.69,29.19
2013-04-16,30.0,24.3,26.7,28.15,30.72
2013-04-17,29.9,24.0,26.4,27.68,29.6
2013-04-18,26.8,24.1,25.1,27.12,28.47
2013-04-19,29.3,22.8,25.8,27.23,28.96
2013-04-20,30.3,23.1,26.6,27.73,29.5
2013-04-21,29.9,24.8,26.9,27.46,28.65
2013-04-22,29.8,24.1,26.0,27.23,28.51
2013-04-23,29.3,23.5,25.9,27.35,28.87
2013-04-24,28.2,23.8,26.0,27.53,29.13
2013-04-25,29.9,23.5,26.2,27.6,29.55
2013-04-26,28.6,23.6,25.9,26.94,27.63
2013-04-27,29.6,23.4,26.2,27.71,29.95
2013-04-28,29.7,24.0,26.3,27.59,29.55
2013-04-29,30.2,23.5,26.7,27.96,30.38
2013-04-30,30.5,24.3,27.3,28.15,30.35
2013-05-01,30.0,23.9,26.4,27.58,29.4
2013-05-02,30.0,23.3,26.5,27.53,29.0
2013-05-03,30.1,23.5,26.8,28.05,30.28
2013-05-04,30.8,23.8,27.2,28.03,30.6
2013-05-05,30.5,24.1,27.2,28.11,30.5
2013-05-06,30.9,23.6,27.1,27.94,30.58
2013-05-07,30.2,24.7,26.8,27.74,29.71
2013-05-08,29.9,24.5,26.7,27.81,29.73
2013-05-09,29.0,24.2,26.4,27.57,29.12
2013-05-10,30.7,23.9,26.4,27.42,28.7
2013-05-11,29.6,24.4,26.6,27.66,29.24
2013-05-12,29.6,23.9,26.3,27.36,28.5
2013-05-13,27.2,24.4,25.7,27.55,29.02
2013-05-14,30.0,23.6,26.1,27.9,29.94
2013-05-15,29.9,23.7,26.3,27.99,30.07
2013-05-16,30.8,24.2,26.8,28.18,30.39
2013-05-17,29.9,23.7,26.6,28.04,29.48
2013-05-18,30.3,23.8,26.8,27.86,29.06
2013-05-19,30.3,24.4,26.7,27.9,29.53
2013-05-20,29.7,23.5,26.4,28.13,30.55
2013-05-21,29.5,24.2,26.4,27.6,28.96
2013-05-22,28.8,23.2,25.9,27.58,28.96
2013-05-23,30.2,23.5,26.1,28.26,30.61
2013-05-24,29.8,23.5,26.4,27.72,29.4
2013-05-25,29.3,24.2,26.3,27.59,29.06
2013-05-26,28.9,23.2,26.0,27.5,29.41
2013-05-27,27.4,23.6,25.2,26.86,28.35
2013-05-28,29.0,23.5,25.6,26.74,28.39
2013-05-29,29.6,23.2,26.0,27.36,29.29
2013-05-30,29.5,23.3,25.9,27.09,28.1
2013-05-31,28.5,24.2,26.3,26.89,28.02
2013-06-01,29.2,24.4,26.6,26.91,28.52
2013-06-02,29.5,23.5,26.4,27.55,29.9
2013-06-03,28.2,24.4,26.1,27.51,30.33
2013-06-04,29.8,23.8,26.4,27.32,29.54
2013-06-05,29.9,23.9,26.4,27.46,29.49
2013-06-06,28.9,24.9,26.2,26.79,27.89
2013-06-07,29.4,23.5,26.4,27.76,30.17
2013-06-08,30.8,23.4,26.6,27.12,28.05
2013-06-09,30.6,24.0,26.4,28.17,30.33
2013-06-10,30.1,23.6,26.4,27.91,30.04
2013-06-11,29.1,24.3,26.2,26.95,27.97
2013-06-12,26.9,23.8,25.0,26.65,28.61
2013-06-13,28.2,23.5,25.1,26.71,28.6
2013-06-14,29.6,24.1,26.5,26.63,28.46
2013-06-15,30.1,24.4,26.8,27.44,29.14
2013-06-16,30.0,23.7,26.5,27.82,29.77
2013-06-17,29.8,23.7,26.0,26.59,28.37
2013-06-18,29.8,22.9,26.2,27.83,29.94
2013-06-19,29.4,23.1,26.6,27.94,29.91
2013-06-20,29.5,23.7,26.2,28.21,30.18
2013-06-21,29.5,23.3,26.3,28.57,30.39
2013-06-22,30.0,23.4,26.7,27.73,29.73
2013-06-23,29.8,24.2,26.7,28.12,30.21
2013-06-24,30.8,23.0,26.6,28.51,30.62
2013-06-25,31.1,23.6,27.2,28.21,30.8
2013-06-26,30.2,23.9,26.5,28.34,30.66
2013-06-27,29.3,22.9,25.9,27.15,28.99
2013-06-28,29.1,23.0,25.8,27.1,29.4
2013-06-29,29.4,23.5,26.1,27.56,29.33
2013-06-30,29.1,22.9,25.6,27.74,29.55
2013-07-01,29.4,23.3,26.2,27.59,29.69
2013-07-02,28.3,23.2,25.2,27.04,28.71
2013-07-03,26.7,23.3,24.5,26.59,28.08
2013-07-04,26.2,23.5,24.4,26.76,27.71
2013-07-05,25.3,23.4,24.1,26.76,28.13
2013-07-06,29.5,22.0,25.5,27.06,29.2
2013-07-07,29.8,22.5,26.0,27.39,30.02
2013-07-08,29.6,21.1,25.4,27.01,29.79
2013-07-09,28.4,23.3,25.3,26.97,29.54
2013-07-10,28.0,23.5,25.3,26.6,28.83
2013-07-11,29.2,22.6,25.4,27.03,29.4
2013-07-12,28.3,22.5,25.1,27.02,28.49
2013-07-13,27.8,23.2,24.6,26.45,27.98
2013-07-14,28.0,22.9,25.2,26.59,28.49
2013-07-15,28.7,23.1,25.1,26.49,28.62
2013-07-16,29.7,22.4,25.5,26.89,28.6
2013-07-17,27.8,23.3,25.2,26.91,29.08
2013-07-18,28.7,23.0,25.4,27.15,29.23
2013-07-19,29.2,22.8,26.0,27.09,29.18
2013-07-20,28.4,23.9,26.0,26.91,29.15
2013-07-21,28.3,23.8,25.5,27.01,29.53
2013-07-22,28.5,23.2,25.5,26.49,27.95
2013-07-23,29.7,23.7,26.4,27.0,28.61
2013-07-24,29.0,23.6,25.8,27.19,29.21
2013-07-25,28.1,23.2,24.9,27.18,29.24
2013-07-26,29.1,22.9,25.7,27.01,28.9
2013-07-27,29.5,23.6,26.1,27.17,28.97
2013-07-28,29.1,22.7,25.8,27.26,29.1
2013-07-29,28.6,23.2,25.4,27.5,29.91
2013-07-30,29.0,23.0,25.7,27.04,29.12
2013-07-31,29.0,23.5,26.0,26.72,29.0
2013-08-01,29.0,23.3,25.9,26.65,29.3
2013-08-02,29.5,23.3,25.8,26.93,29.35
2013-08-03,29.5,23.2,26.2,26.91,29.1
2013-08-04,29.3,23.4,26.4,26.85,29.13
2013-08-05,29.4,23.4,26.3,27.14,29.67
2013-08-06,29.9,23.4,26.2,27.41,29.87
2013-08-07,28.9,23.1,25.2,27.31,29.44
2013-08-08,28.9,22.9,25.2,26.66,28.99
2013-08-09,29.1,21.8,25.4,26.74,29.1
2013-08-10,29.8,22.9,26.2,27.46,29.55
2013-08-11,29.4,23.0,25.9,27.15,29.32
2013-08-12,29.0,23.2,26.0,26.8,29.49
2013-08-13,28.7,23.3,25.8,25.87,28.76
2013-08-14,29.4,22.4,25.8,26.21,28.79
2013-08-15,29.8,22.9,26.2,27.07,29.64
2013-08-16,30.4,22.8,26.4,27.08,29.56
2013-08-17,29.7,23.2,26.0,27.23,29.23
2013-08-18,29.5,23.3,25.9,27.44,29.79
2013-08-19,29.3,23.2,26.0,26.71,28.98
2013-08-20,29.1,23.6,26.3,26.59,29.52
2013-08-21,30.3,22.5,26.3,26.65,29.36
2013-08-22,30.9,22.1,26.1,26.72,29.55
2013-08-23,31.2,22.9,26.5,26.9,29.88
2013-08-24,31.0,22.5,26.3,26.61,29.6
2013-08-25,30.5,21.6,26.0,26.37,29.6
2013-08-26,31.0,22.3,26.4,26.56,29.68
2013-08-27,31.4,21.9,26.4,26.64,29.83
2013-08-28,30.8,21.7,26.4,26.91,29.7
2013-08-29,31.2,23.7,27.0,27.16,29.37
2013-08-30,30.2,23.0,26.7,27.31,29.82
2013-08-31,30.2,23.5,26.3,27.18,28.97
2013-09-01,29.8,23.6,26.2,27.34,29.82
2013-09-02,30.5,22.5,26.6,27.24,30.07
2013-09-03,30.4,22.3,26.4,27.45,30.22
2013-09-04,29.1,23.8,26.2,27.21,30.02
2013-09-05,30.0,23.0,26.3,27.23,29.89
2013-09-06,30.0,23.0,26.1,27.34,29.79
2013-09-07,29.3,22.6,25.8,27.17,29.73
2013-09-08,30.0,22.3,26.1,27.27,30.04
2013-09-09,30.3,23.0,26.4,27.53,30.39
2013-09-10,30.0,22.7,26.6,27.16,29.84
2013-09-11,30.5,22.8,26.9,26.99,29.96
2013-09-12,31.5,22.8,27.1,27.0,29.93
2013-09-13,31.6,22.9,26.9,27.4,30.36
2013-09-14,30.6,23.2,26.2,27.69,30.59
2013-09-15,29.8,23.0,25.9,27.55,30.35
2013-09-16,29.0,23.6,26.1,27.2,29.93
2013-09-17,30.0,23.0,26.4,27.21,30.07
2013-09-18,30.2,23.3,26.7,27.85,30.53
2013-09-19,30.3,23.5,26.7,28.05,30.48
2013-09-20,30.1,23.4,26.7,27.81,30.55
2013-09-21,31.0,23.9,26.9,27.75,30.85
2013-09-22,31.5,23.6,27.4,27.44,30.47
2013-09-23,31.7,23.5,27.6,27.35,30.58
2013-09-24,32.0,23.4,27.7,27.81,30.93
2013-09-25,32.7,23.5,27.8,28.15,31.46
2013-09-26,32.3,23.5,28.1,28.15,30.79
2013-09-27,31.6,23.2,27.7,28.05,30.9
2013-09-28,30.4,24.3,27.3,28.07,30.93
2013-09-29,30.0,23.7,26.8,27.56,30.33
2013-09-30,30.2,23.6,26.1,27.4,29.32
2013-10-01,30.9,23.7,26.9,27.64,30.31
2013-10-02,30.8,24.1,27.1,28.24,30.78
2013-10-03,30.5,23.8,27.0,27.75,30.77
2013-10-04,30.9,23.3,27.1,27.84,31.13
2013-10-05,31.8,22.7,26.8,27.73,30.91
2013-10-06,31.4,23.0,27.2,27.72,30.81
2013-10-07,31.1,24.1,27.1,27.87,30.64
2013-10-08,31.4,23.5,26.5,27.97,30.93
2013-10-09,31.3,23.3,27.0,28.03,30.53
2013-10-10,31.6,23.6,27.4,27.8,31.05
2013-10-11,31.9,23.3,27.9,28.09,30.83
2013-10-12,31.3,24.4,27.5,28.38,31.55
2013-10-13,30.2,24.3,26.8,27.9,30.03
2013-10-14,31.0,23.7,27.2,28.03,30.6
2013-10-15,31.6,24.7,27.8,28.31,31.31
2013-10-16,31.7,24.3,27.8,28.38,31.36
2013-10-17,31.7,25.0,28.0,28.52,31.04
2013-10-18,28.8,25.0,26.8,27.53,29.31
2013-10-19,30.8,23.8,26.7,27.86,30.18
2013-10-20,31.2,23.8,27.3,28.26,30.9
2013-10-21,31.4,23.4,27.2,28.42,31.48
2013-10-22,30.7,23.9,27.0,28.52,30.5
2013-10-23,30.6,23.6,27.1,28.49,30.61
2013-10-24,30.8,24.3,27.2,28.31,30.3
2013-10-25,31.4,23.5,27.5,28.19,30.17
2013-10-26,31.1,23.7,27.1,28.41,30.65
2013-10-27,31.2,23.8,27.0,28.05,30.44
2013-10-28,30.1,24.4,26.5,27.47,29.14
2013-10-29,30.0,23.7,26.6,27.94,30.65
2013-10-30,31.0,23.7,27.1,27.73,29.52
2013-10-31,30.4,24.0,26.6,28.35,30.74
2013-11-01,30.3,23.7,26.6,28.26,30.19
2013-11-02,31.6,23.6,27.4,28.13,30.76
2013-11-03,31.6,24.2,27.2,28.53,30.92
2013-11-04,29.1,23.9,26.0,27.21,28.38
2013-11-05,30.2,23.6,26.6,28.07,30.18
2013-11-06,29.9,24.0,26.6,28.42,30.52
2013-11-07,30.5,24.1,26.8,28.18,29.84
2013-11-08,29.1,24.2,26.0,27.58,29.37
2013-11-09,29.1,23.5,25.8,28.02,30.76
2013-11-10,31.1,24.3,27.2,27.94,30.29
2013-11-11,30.2,24.3,26.7,28.29,30.56
2013-11-12,29.7,23.9,26.3,27.53,29.1
2013-11-13,28.7,23.8,25.6,27.64,29.48
2013-11-14,28.2,23.7,25.6,26.87,28.19
2013-11-15,28.1,23.4,25.1,26.53,28.31
2013-11-16,26.2,23.3,24.4,26.39,28.16
2013-11-17,27.4,23.4,24.7,25.86,26.97
2013-11-18,29.6,23.5,26.0,27.42,29.95
2013-11-19,30.7,23.1,26.5,27.98,31.63
2013-11-20,30.3,23.3,26.2,27.64,31.04
2013-11-21,31.0,22.1,26.5,27.91,31.23
2013-11-22,30.9,22.0,26.4,28.13,31.94
2013-11-23,30.3,22.3,26.5,27.58,30.45
2013-11-24,29.3,23.8,26.6,28.01,30.64
2013-11-25,30.3,23.6,27.0,27.94,30.59
2013-11-26,29.0,24.1,26.2,26.94,28.8
2013-11-27,31.2,23.1,26.8,28.02,31.1
2013-11-28,30.7,24.0,26.5,27.87,30.19
2013-11-29,30.3,23.8,26.6,27.84,30.46
2013-11-30,30.6,23.0,26.8,27.96,30.51
2013-12-01,29.4,23.6,26.2,28.1,30.13
2013-12-02,30.0,24.2,26.4,27.84,30.38
2013-12-03,29.3,24.1,26.1,26.85,27.73
2013-12-04,28.9,24.2,26.0,27.44,29.6
2013-12-05,29.6,24.1,26.1,27.83,30.8
2013-12-06,29.7,24.0,26.2,27.56,29.4
2013-12-07,30.8,24.0,27.0,27.97,30.18
2013-12-08,29.3,24.1,26.1,27.45,28.98
2013-12-09,30.5,24.2,26.2,26.88,28.09
2013-12-10,29.9,23.6,26.3,27.83,30.65
2013-12-11,28.8,24.2,26.0,27.72,30.06
2013-12-12,29.5,23.8,26.4,27.21,29.09
2013-12-13,28.0,24.0,25.5,27.06,29.38
2013-12-14,26.0,23.8,24.6,26.71,28.72
2013-12-15,29.5,23.3,26.1,26.66,28.02
2013-12-16,29.1,23.5,25.9,27.41,29.69
2013-12-17,27.4,23.5,25.2,26.86,27.39
2013-12-18,29.4,24.1,26.5,27.39,29.03
2013-12-19,31.1,24.6,27.2,27.78,30.24
2013-12-20,27.3,24.1,25.6,26.64,28.72
2013-12-21,28.6,23.7,25.4,27.03,29.52
2013-12-22,24.4,23.4,24.0,26.19,27.64
2013-12-23,28.1,23.2,24.9,26.16,27.64
2013-12-24,28.6,23.4,25.8,26.95,28.93
2013-12-25,28.9,23.7,25.9,26.47,28.52
2013-12-26,29.2,23.8,26.2,27.28,29.72
2013-12-27,29.1,22.6,25.9,27.37,30.22
2013-12-28,29.4,22.6,26.0,27.01,30.17
2013-12-29,27.9,23.0,25.6,26.81,28.86
2013-12-30,27.7,23.9,25.2,26.28,27.54
2013-12-31,26.0,23.5,24.7,25.95,26.97
2014-01-01,28.0,23.4,25.2,25.89,27.18
2014-01-02,29.2,22.4,25.6,27.21,29.74
2014-01-03,29.8,23.1,26.1,27.47,30.16
2014-01-04,29.2,24.0,26.0,27.37,29.82
2014-01-05,28.5,24.2,25.8,26.52,28.57
2014-01-06,27.6,23.9,25.4,26.3,28.34
2014-01-07,28.3,23.7,25.4,26.48,28.51
2014-01-08,27.5,22.8,25.0,26.16,27.85
2014-01-09,29.7,22.6,25.7,26.87,29.61
2014-01-10,29.7,23.8,26.4,27.21,29.28
2014-01-11,28.5,23.0,25.5,26.75,28.39
2014-01-12,26.1,23.5,24.6,25.93,27.16
2014-01-13,25.8,23.1,24.3,25.9,27.35
2014-01-14,28.5,23.0,25.6,25.93,27.91
2014-01-15,27.8,23.2,25.0,25.73,27.33
2014-01-16,27.7,23.3,25.1,25.94,27.7
2014-01-17,27.0,23.3,24.5,25.86,27.12
2014-01-18,27.4,23.3,24.5,25.78,26.53
2014-01-19,26.4,23.3,24.4,26.23,27.38
2014-01-20,27.3,22.9,24.6,26.06,26.84
2014-01-21,24.5,23.1,23.7,25.75,26.37
2014-01-22,27.4,23.1,24.8,25.52,26.78
2014-01-23,26.0,23.1,24.0,25.82,27.1
2014-01-24,26.8,22.6,24.5,25.86,27.38
2014-01-25,27.7,22.6,24.9,25.8,27.19
2014-01-26,28.6,22.4,25.3,26.07,28.09
2014-01-27,27.4,23.5,25.1,25.5,27.03
2014-01-28,27.3,23.2,24.8,26.14,27.43
2014-01-29,27.4,23.1,24.6,25.69,26.29
2014-01-30,27.1,23.3,25.0,26.02,27.22
2014-01-31,27.5,23.0,25.1,25.81,27.07
2014-02-01,27.7,23.1,25.3,25.87,27.44
2014-02-02,27.4,23.5,25.0,25.81,27.19
2014-02-03,27.6,23.7,25.1,25.85,27.21
2014-02-04,27.3,23.4,25.0,25.49,26.94
2014-02-05,27.6,23.3,25.3,26.31,27.9
2014-02-06,28.6,24.0,25.8,25.89,26.76
2014-02-07,28.5,23.5,25.6,26.5,28.48
2014-02-08,26.9,24.0,25.0,26.12,27.39
2014-02-09,27.0,23.0,24.8,26.09,27.02
2014-02-10,28.7,23.1,25.7,26.14,27.8
2014-02-11,29.8,22.7,26.3,26.24,27.63
2014-02-12,28.5,23.9,26.0,26.6,28.16
2014-02-13,29.0,24.2,26.4,26.7,28.41
2014-02-14,29.0,23.7,26.3,26.61,28.09
2014-02-15,28.7,23.5,25.8,25.92,26.99
2014-02-16,28.8,23.2,26.1,26.23,28.53
2014-02-17,29.0,22.6,26.0,26.53,28.97
2014-02-18,27.7,23.6,25.6,26.31,27.56
2014-02-19,29.4,22.8,25.9,26.72,28.63
2014-02-20,29.8,23.0,26.0,26.73,29.41
2014-02-21,28.3,23.6,25.5,26.31,27.54
2014-02-22,27.3,23.0,24.4,25.77,26.86
2014-02-23,26.8,22.8,24.2,25.75,27.64
2014-02-24,26.7,22.5,24.7,25.92,27.11
2014-02-25,27.7,22.7,25.0,26.07,26.8
2014-02-26,28.5,22.5,25.4,26.41,27.38
2014-02-27,27.5,22.8,25.1,26.34,27.75
2014-02-28,28.8,22.5,25.8,26.7,28.32
2014-03-01,29.1,22.9,25.4,26.46,27.89
2014-03-02,28.7,22.5,25.3,26.75,28.58
2014-03-03,29.3,22.8,26.0,27.22,29.44
2014-03-04,29.6,23.3,26.4,27.12,29.02
2014-03-05,28.9,23.8,25.8,27.22,28.74
2014-03-06,29.4,22.9,25.9,27.12,29.13
2014-03-07,29.1,23.5,26.0,27.03,28.17
2014-03-08,27.9,23.8,25.5,27.13,28.43
2014-03-09,29.0,23.3,25.6,26.99,28.08
2014-03-10,27.9,23.7,25.6,26.84,27.89
2014-03-11,28.1,23.4,25.8,26.65,27.51
2014-03-12,28.5,23.2,25.8,26.84,28.37
2014-03-13,28.5,23.6,25.5,27.0,28.48
2014-03-14,28.2,23.2,25.8,27.05,28.43
2014-03-15,29.0,23.1,25.7,27.3,29.34
2014-03-16,29.5,22.9,26.2,27.52,29.34
2014-03-17,29.2,24.1,26.1,27.65,29.76
2014-03-18,29.2,23.4,26.0,27.39,29.31
2014-03-19,29.9,22.8,26.0,27.73,30.17
2014-03-20,30.3,23.7,26.3,27.81,29.97
2014-03-21,27.6,23.8,25.5,27.26,29.24
2014-03-22,28.2,24.0,25.6,26.54,28.16
2014-03-23,28.0,23.6,25.3,26.7,27.75
2014-03-24,29.0,22.9,25.8,27.55,28.7
2014-03-25,27.5,23.7,25.5,27.14,28.31
2014-03-26,28.4,23.6,25.9,27.03,28.17
2014-03-27,29.0,23.5,25.9,27.38,29.4
2014-03-28,29.9,23.2,26.0,27.87,30.08
2014-03-29,30.2,23.0,26.5,27.66,29.97
2014-03-30,29.8,24.2,26.5,27.31,29.29
2014-03-31,30.5,23.9,26.7,27.49,29.86
2014-04-01,29.6,23.5,26.3,27.24,29.2
2014-04-02,30.0,23.7,26.5,27.53,29.24
2014-04-03,30.5,23.0,26.5,27.76,29.69
2014-04-04,29.7,23.8,26.4,27.78,30.1
2014-04-05,29.5,23.4,26.2,27.62,29.63
2014-04-06,28.8,24.1,26.0,27.39,28.96
2014-04-07,30.6,23.2,26.4,27.66,29.99
2014-04-08,31.4,23.7,27.2,28.08,30.71
2014-04-09,30.1,24.8,26.8,27.92,30.12
2014-04-10,29.3,24.0,26.0,27.16,28.99
2014-04-11,29.3,23.4,25.8,27.56,30.07
2014-04-12,28.9,23.6,25.6,26.56,28.52
2014-04-13,29.3,23.7,25.5,26.7,28.55
2014-04-14,29.0,23.7,25.6,26.63,28.28
2014-04-15,30.0,23.6,26.3,27.07,29.25
2014-04-16,30.1,24.0,26.7,27.43,30.13
2014-04-17,31.2,24.2,26.9,28.11,31.07
2014-04-18,30.6,22.9,26.2,27.84,30.03
2014-04-19,30.0,23.5,26.4,27.95,30.68
2014-04-20,30.6,23.9,26.6,27.9,30.88
2014-04-21,29.2,24.0,26.3,27.62,30.19
2014-04-22,31.3,24.0,26.9,27.98,30.53
2014-04-23,30.7,23.4,26.8,28.24,31.03
2014-04-24,31.6,24.0,27.4,28.01,30.27
2014-04-25,30.9,24.6,27.3,28.04,30.14
2014-04-26,30.1,24.4,26.7,28.41,30.61
2014-04-27,28.9,24.1,26.7,28.26,30.53
2014-04-28,30.5,24.1,26.8,28.48,31.31
2014-04-29,30.0,24.0,26.6,28.26,30.16
2014-04-30,29.6,23.5,26.2,28.42,30.09
2014-05-01,28.8,23.4,26.0,28.24,29.67
2014-05-02,30.5,23.6,26.8,28.11,29.85
2014-05-03,29.9,24.4,26.8,28.19,30.2
2014-05-04,30.0,23.8,26.7,28.34,30.31
2014-05-05,30.2,24.4,26.9,28.2,30.22
2014-05-06,29.6,24.4,26.6,28.14,29.71
2014-05-07,30.3,23.9,27.0,28.53,30.63
2014-05-08,30.5,24.0,27.2,28.47,30.13
2014-05-09,31.2,24.3,27.5,29.11,31.72
2014-05-10,29.8,24.6,26.8,28.52,30.36
2014-05-11,29.9,24.2,26.7,28.17,29.25
2014-05-12,30.1,23.8,26.6,28.47,30.66
2014-05-13,30.6,24.3,26.9,28.34,30.78
2014-05-14,30.1,24.0,26.3,28.18,30.26
2014-05-15,30.0,23.6,26.2,28.25,30.4
2014-05-16,30.3,23.4,26.0,27.96,30.16
2014-05-17,29.8,23.8,25.9,27.59,28.93
2014-05-18,29.7,23.8,26.1,27.89,30.06
2014-05-19,29.9,22.9,26.5,27.77,30.03
2014-05-20,29.6,23.6,26.5,27.91,29.29
2014-05-21,30.5,23.2,26.8,28.32,30.45
2014-05-22,29.4,23.9,26.2,28.33,30.69
2014-05-23,30.4,23.0,26.4,28.03,29.88
2014-05-24,30.3,23.3,26.8,28.26,30.02
2014-05-25,29.9,23.7,26.8,28.22,30.25
2014-05-26,30.8,24.9,27.2,28.28,29.86
2014-05-27,30.4,24.3,26.8,28.12,29.49
2014-05-28,29.6,23.9,26.4,27.63,28.72
2014-05-29,30.6,24.1,27.1,28.45,30.78
2014-05-30,29.8,23.8,26.6,28.36,30.71
2014-05-31,29.7,23.6,26.4,28.39,30.66
2014-06-01,30.4,24.0,26.8,28.35,30.77
2014-06-02,30.4,24.1,27.1,27.79,30.25
2014-06-03,30.7,23.8,27.2,28.05,30.72
2014-06-04,30.8,24.1,27.2,28.19,30.27
2014-06-05,30.0,24.2,26.5,28.04,29.32
2014-06-06,30.1,23.9,26.6,27.88,29.15
2014-06-07,30.6,23.6,27.2,28.06,30.34
2014-06-08,30.9,23.7,27.2,28.21,30.95
2014-06-09,30.8,23.5,27.4,28.42,31.01
2014-06-10,31.0,24.4,27.3,28.7,31.21
2014-06-11,30.8,23.9,27.0,27.53,28.56
2014-06-12,31.0,24.4,26.9,28.51,31.37
2014-06-13,28.4,24.0,25.6,27.73,29.43
2014-06-14,28.9,23.8,25.7,27.46,29.0
2014-06-15,28.0,23.8,25.5,27.36,29.51
2014-06-16,29.4,23.5,25.8,27.19,29.15
2014-06-17,29.6,23.9,26.2,27.82,29.6
2014-06-18,29.8,24.1,26.4,27.95,30.4
2014-06-19,29.3,23.9,25.8,27.43,28.81
2014-06-20,29.7,23.9,26.5,27.55,28.72
2014-06-21,29.9,24.0,26.5,28.42,29.87
2014-06-22,30.3,23.2,26.5,28.5,30.67
2014-06-23,29.2,23.7,26.1,28.21,29.88
2014-06-24,30.0,23.3,26.1,27.87,30.05
2014-06-25,30.5,23.4,25.9,28.26,30.64
2014-06-26,28.7,23.7,25.3,26.94,28.17
2014-06-27,27.9,23.4,25.2,27.72,29.61
2014-06-28,28.9,23.3,25.6,27.33,29.19
2014-06-29,29.5,23.3,26.4,27.51,29.26
2014-06-30,29.1,23.5,25.8,27.76,29.69
2014-07-01,29.7,23.5,26.1,27.66,30.2
2014-07-02,29.6,22.3,25.8,27.51,29.68
2014-07-03,29.6,22.2,25.8,27.78,30.12
2014-07-04,29.9,23.4,26.5,27.62,29.1
2014-07-05,28.9,24.1,26.2,27.93,29.79
2014-07-06,27.1,24.0,25.3,27.43,29.06
2014-07-07,28.6,22.9,25.5,27.73,29.98
2014-07-08,28.7,24.0,26.0,27.33,29.13
2014-07-09,29.2,22.8,26.0,27.57,29.79
2014-07-10,29.6,23.5,26.4,27.51,29.72
2014-07-11,29.3,23.8,26.2,27.77,30.04
2014-07-12,28.7,23.0,25.6,27.38,29.5
2014-07-13,25.9,23.6,24.3,26.51,28.1
2014-07-14,31.1,22.9,26.2,27.08,30.49
2014-07-15,29.9,22.3,26.2,27.25,29.89
2014-07-16,29.4,23.5,26.0,27.78,30.24
2014-07-17,29.3,22.7,25.8,27.63,30.22
2014-07-18,29.8,22.8,25.8,27.41,29.67
2014-07-19,29.3,23.0,25.6,27.1,28.28
2014-07-20,29.2,23.1,25.8,27.49,29.56
2014-07-21,30.0,22.9,26.1,28.0,30.28
2014-07-22,30.2,23.1,26.4,28.24,30.84
2014-07-23,29.2,23.5,25.8,27.74,30.41
2014-07-24,29.5,22.5,25.9,27.12,29.42
2014-07-25,28.9,23.1,25.5,27.49,29.38
2014-07-26,27.8,22.3,24.9,26.99,28.86
2014-07-27,28.5,23.6,25.3,27.16,29.23
2014-07-28,28.9,23.0,25.8,27.07,28.54
2014-07-29,29.3,23.5,26.4,27.14,29.67
2014-07-30,29.5,23.1,26.2,27.3,29.26
2014-07-31,29.2,24.0,26.3,27.41,29.85
2014-08-01,30.0,23.4,26.4,27.79,30.49
2014-08-02,29.3,22.6,26.0,27.48,29.88
2014-08-03,29.2,23.2,25.8,27.45,29.96
2014-08-04,29.2,22.8,25.6,27.39,29.85
2014-08-05,30.1,23.4,26.6,27.67,30.02
2014-08-06,30.2,23.9,26.8,27.59,29.89
2014-08-07,30.1,22.4,26.2,27.28,29.67
2014-08-08,29.8,22.6,25.9,27.14,29.94
2014-08-09,30.1,22.5,26.3,26.96,29.0
2014-08-10,30.1,23.5,26.2,27.26,29.9
2014-08-11,28.4,22.8,25.2,26.61,28.7
2014-08-12,28.8,22.9,25.6,26.94,29.52
2014-08-13,29.5,22.7,25.8,26.86,29.28
2014-08-14,29.3,23.1,25.8,26.96,29.55
2014-08-15,29.6,22.5,25.9,26.95,29.29
2014-08-16,29.4,22.4,25.9,26.96,29.58
2014-08-17,29.5,23.0,26.3,26.26,28.71
2014-08-18,29.7,23.9,26.6,26.5,29.24
2014-08-19,30.2,23.5,26.7,26.5,29.28
2014-08-20,30.3,23.1,26.7,26.71,29.23
2014-08-21,30.3,23.1,26.8,26.83,29.57
2014-08-22,29.9,23.8,26.8,27.15,29.81
2014-08-23,30.9,24.2,27.2,27.54,30.3
2014-08-24,30.3,23.2,26.7,27.33,30.27
2014-08-25,29.6,22.9,26.4,27.13,29.64
2014-08-26,30.1,22.7,26.5,26.82,29.76
2014-08-27,30.3,22.9,26.5,26.82,29.46
2014-08-28,30.5,23.7,26.8,26.88,29.34
2014-08-29,30.0,23.0,26.2,26.92,29.79
2014-08-30,30.2,23.0,26.4,26.92,29.58
2014-08-31,30.3,23.1,26.5,26.83,29.37
2014-09-01,31.1,24.0,27.0,26.96,29.79
2014-09-02,31.5,23.8,27.3,27.17,30.11
2014-09-03,31.2,23.5,27.3,27.32,30.25
2014-09-04,29.8,24.5,26.6,27.14,29.65
2014-09-05,30.8,24.0,26.8,27.2,29.36
2014-09-06,28.9,23.1,25.8,26.51,28.98
2014-09-07,29.7,23.6,26.4,26.93,29.55
2014-09-08,30.0,23.0,26.6,27.32,30.23
2014-09-09,31.3,22.8,26.9,26.86,29.96
2014-09-10,30.9,22.8,26.9,26.83,30.04
2014-09-11,31.1,22.7,27.1,26.83,30.12
2014-09-12,32.0,22.8,27.3,26.91,30.29
2014-09-13,32.1,23.2,27.4,27.09,30.15
2014-09-14,32.7,24.0,28.0,27.38,30.75
2014-09-15,32.4,23.6,27.8,26.98,30.57
2014-09-16,32.1,22.5,27.5,26.91,30.59
2014-09-17,32.2,23.6,27.5,26.9,30.46
2014-09-18,32.6,23.6,27.7,27.28,30.52
2014-09-19,32.5,25.0,28.2,27.68,30.8
2014-09-20,32.4,24.6,27.8,27.81,30.33
2014-09-21,30.9,23.4,26.9,27.68,30.47
2014-09-22,32.5,23.1,27.3,26.83,29.83
2014-09-23,32.3,22.2,27.1,26.84,30.4
2014-09-24,33.3,23.3,28.1,27.35,31.09
2014-09-25,32.0,23.5,27.4,26.79,30.06
2014-09-26,32.0,22.4,27.5,27.08,30.41
2014-09-27,32.4,21.9,27.3,27.18,30.44
2014-09-28,32.1,22.4,27.5,27.19,30.57
2014-09-29,31.9,23.6,28.2,27.74,30.9
2014-09-30,31.7,23.7,28.0,27.86,30.8
2014-10-01,31.4,24.4,27.8,27.56,30.39
2014-10-02,32.0,24.8,27.9,27.85,31.05
2014-10-03,31.2,24.0,27.3,27.61,30.99
2014-10-04,32.7,23.8,28.0,27.44,30.71
2014-10-05,32.1,22.7,27.7,27.92,31.17
2014-10-06,31.0,24.1,27.7,27.66,29.61
2014-10-07,32.4,24.2,27.7,27.84,30.87
2014-10-08,32.5,24.9,28.1,28.05,31.04
2014-10-09,33.8,24.4,28.7,28.3,31.98
2014-10-10,33.8,24.4,28.8,27.32,30.79
2014-10-11,33.9,22.4,28.2,27.79,31.57
2014-10-12,33.3,23.9,28.6,28.14,31.53
2014-10-13,32.2,23.4,27.8,27.86,30.88
2014-10-14,31.6,24.3,27.6,27.81,30.42
2014-10-15,32.2,24.4,27.9,28.39,31.1
2014-10-16,31.5,24.8,27.7,28.32,30.72
2014-10-17,32.5,23.8,27.7,27.92,30.31
2014-10-18,33.0,23.9,28.4,28.26,31.35
2014-10-19,32.6,24.5,28.6,27.98,30.3
2014-10-20,33.2,24.6,28.7,28.18,30.98
2014-10-21,33.2,24.2,28.3,28.38,31.37
2014-10-22,32.8,24.8,28.1,28.08,30.59
2014-10-23,30.8,24.1,27.1,27.89,30.23
2014-10-24,31.7,24.3,27.4,28.23,31.48
2014-10-25,32.5,23.6,27.9,28.08,30.87
2014-10-26,32.8,24.2,27.5,28.29,31.1
2014-10-27,31.3,24.1,27.4,28.42,31.41
2014-10-28,31.3,24.0,27.2,28.38,31.12
2014-10-29,30.5,24.3,26.8,27.93,30.46
2014-10-30,30.3,24.0,26.7,28.35,30.73
2014-10-31,31.6,24.7,27.7,28.42,31.26
2014-11-01,32.0,25.4,28.2,28.7,31.72
2014-11-02,32.4,24.9,28.4,28.66,31.33
2014-11-03,31.9,24.8,27.9,29.03,32.22
2014-11-04,31.8,24.3,27.7,28.49,31.89
2014-11-05,30.8,24.0,27.0,28.43,31.17
2014-11-06,32.1,24.3,27.6,28.52,31.37
2014-11-07,31.5,25.0,27.4,28.4,30.8
2014-11-08,33.1,24.7,27.9,28.38,30.54
2014-11-09,31.8,25.1,27.7,28.21,29.93
2014-11-10,30.5,24.1,26.6,27.94,29.93
2014-11-11,28.3,24.0,25.4,27.07,28.37
2014-11-12,30.3,23.5,26.0,28.3,30.86
2014-11-13,29.9,23.9,26.3,28.47,30.66
2014-11-14,30.5,23.9,26.7,27.84,29.6
2014-11-15,29.9,23.9,26.4,27.58,29.77
2014-11-16,28.7,24.0,26.0,27.22,28.68
2014-11-17,28.3,23.8,25.9,27.64,29.85
2014-11-18,29.6,23.6,26.1,28.08,30.38
2014-11-19,29.9,23.5,26.3,27.85,29.96
2014-11-20,30.0,23.7,26.5,28.2,30.6
2014-11-21,30.3,24.0,26.8,28.42,31.6
2014-11-22,30.1,23.7,26.7,27.96,30.42
2014-11-23,30.0,23.7,26.5,28.28,30.39
2014-11-24,30.0,24.2,26.3,27.7,29.43
2014-11-25,29.9,23.7,26.2,28.15,30.59
2014-11-26,29.8,24.1,26.2,28.41,30.64
2014-11-27,28.9,24.1,26.2,28.35,30.24
2014-11-28,30.8,24.1,27.3,28.89,31.59
2014-11-29,30.6,24.4,27.0,28.1,29.57
2014-11-30,32.0,24.3,27.5,27.35,29.58
2014-12-01,31.8,24.3,27.3,27.3,30.0
2014-12-02,30.4,24.5,26.4,27.38,29.74
2014-12-03,28.2,24.2,25.5,26.93,28.48
2014-12-04,29.4,23.9,25.6,27.12,28.78
2014-12-05,28.1,23.7,25.6,27.38,30.4
2014-12-06,28.6,23.3,25.4,27.12,29.58
2014-12-07,27.3,23.6,25.2,26.5,27.98
2014-12-08,28.9,23.8,25.8,26.73,28.93
2014-12-09,26.5,23.6,25.0,26.22,27.32
2014-12-10,28.7,23.6,26.0,27.07,29.39
2014-12-11,29.1,24.2,26.4,27.52,29.77
2014-12-12,29.5,24.2,26.4,27.42,29.72
2014-12-13,28.2,24.4,25.6,27.28,29.51
2014-12-14,28.5,23.8,25.8,27.25,29.56
2014-12-15,28.5,24.0,26.1,26.81,28.46
2014-12-16,29.8,23.8,26.6,27.17,28.74
2014-12-17,30.5,24.7,27.4,27.61,30.06
2014-12-18,29.2,24.3,26.0,27.65,29.71
2014-12-19,28.2,24.0,25.8,27.33,29.33
2014-12-20,29.5,24.0,25.7,27.35,29.37
2014-12-21,29.8,23.7,26.2,27.32,29.37
2014-12-22,28.7,24.0,26.3,26.46,27.01
2014-12-23,28.4,24.5,26.2,27.58,29.96
2014-12-24,30.5,24.5,26.6,27.76,30.71
2014-12-25,30.4,24.2,27.0,28.4,30.85
2014-12-26,29.4,24.4,26.3,27.96,30.08
2014-12-27,28.0,23.8,25.3,26.53,27.89
2014-12-28,27.9,24.1,25.7,26.86,28.64
2014-12-29,30.0,23.5,26.6,27.27,30.3
2014-12-30,30.0,24.2,26.5,27.75,30.82
2014-12-31,28.0,24.0,25.1,26.71,28.85
2015-01-01,28.1,23.8,25.1,26.42,28.22
2015-01-02,26.7,23.4,24.8,26.11,27.15
2015-01-03,27.8,23.5,25.4,25.86,27.22
2015-01-04,27.1,23.6,24.9,26.51,28.53
2015-01-05,28.1,23.6,25.2,26.81,29.53
2015-01-06,28.5,23.1,25.7,26.96,29.28
2015-01-07,28.3,24.3,26.0,27.17,29.96
2015-01-08,28.7,24.7,26.2,26.47,28.68
2015-01-09,30.2,24.8,26.8,27.05,30.33
2015-01-10,29.1,24.6,26.4,26.65,28.6
2015-01-11,29.9,23.8,26.5,27.02,29.65
2015-01-12,27.6,24.1,25.2,26.73,28.7
2015-01-13,28.9,23.4,25.7,26.5,28.18
2015-01-14,26.6,24.0,25.1,26.18,28.13
2015-01-15,28.3,23.6,25.4,26.64,28.77
2015-01-16,28.7,23.2,26.0,26.75,28.93
2015-01-17,27.6,23.6,25.6,27.11,28.77
2015-01-18,28.3,23.5,25.9,25.76,26.78
2015-01-19,27.7,23.9,25.2,25.94,27.94
2015-01-20,26.3,23.1,24.6,25.72,27.79
2015-01-21,27.9,22.9,24.8,25.94,28.06
2015-01-22,26.8,22.9,24.4,25.85,26.93
2015-01-23,27.8,22.5,24.7,26.02,27.35
2015-01-24,28.6,22.7,25.4,26.47,28.39
2015-01-25,27.6,23.5,25.5,26.26,28.01
2015-01-26,28.0,23.1,25.4,25.97,27.41
2015-01-27,27.9,23.2,25.5,26.24,27.94
2015-01-28,29.1,23.0,25.6,26.84,28.93
2015-01-29,28.7,23.4,25.8,27.02,29.2
2015-01-30,28.7,23.6,25.9,26.88,28.54
2015-01-31,27.9,23.2,25.3,26.33,27.37
2015-02-01,26.3,23.2,24.1,25.47,26.58
2015-02-02,28.2,22.6,25.2,25.96,27.66
2015-02-03,28.0,23.3,25.5,26.57,28.01
2015-02-04,27.8,23.0,25.3,26.6,28.41
2015-02-05,27.8,23.6,25.4,26.49,28.45
2015-02-06,28.3,23.0,25.2,26.16,28.0
2015-02-07,28.1,23.3,25.2,26.19,27.91
2015-02-08,26.6,23.0,24.7,26.15,27.54
2015-02-09,27.7,23.0,24.7,25.93,27.81
2015-02-10,26.7,23.2,24.6,25.8,27.31
2015-02-11,27.7,22.4,24.7,26.07,27.69
2015-02-12,27.0,22.7,24.5,25.9,26.76
2015-02-13,27.4,23.2,24.8,25.32,26.14
2015-02-14,28.0,23.0,25.5,25.94,27.58
2015-02-15,28.5,23.3,25.8,26.66,28.74
2015-02-16,29.2,23.8,26.2,27.02,29.15
2015-02-17,28.4,22.9,25.2,26.21,27.61
2015-02-18,28.8,22.9,25.4,26.32,28.3
2015-02-19,25.9,23.6,24.6,25.21,25.46
2015-02-20,28.8,22.7,25.5,26.5,28.27
2015-02-21,29.8,23.2,26.1,27.22,29.97
2015-02-22,30.3,21.8,26.3,26.97,29.59
2015-02-23,28.4,23.1,25.7,26.71,28.95
2015-02-24,29.3,23.1,26.3,26.7,28.31
2015-02-25,30.2,23.4,26.7,27.17,29.37
2015-02-26,29.7,23.6,26.2,27.46,29.13
2015-02-27,28.8,23.9,25.9,27.35,28.98
2015-02-28,28.4,23.5,25.8,27.25,29.02
2015-03-01,29.0,23.6,25.6,26.81,28.0
2015-03-02,27.7,23.3,24.8,26.0,27.35
2015-03-03,28.5,23.5,25.4,26.32,27.87
2015-03-04,27.4,23.5,24.9,26.48,28.61
2015-03-05,28.2,23.7,25.5,26.63,28.47
2015-03-06,29.4,23.2,26.1,26.8,28.94
2015-03-07,28.2,24.3,25.9,26.5,28.47
2015-03-08,26.6,23.6,24.9,26.29,27.95
2015-03-09,28.6,23.4,25.5,26.28,27.7
2015-03-10,28.7,23.0,25.5,26.15,27.59
2015-03-11,28.2,23.8,25.5,26.04,27.25
2015-03-12,28.3,23.7,25.7,25.72,27.09
2015-03-13,28.7,23.3,26.0,26.42,27.97
2015-03-14,28.1,23.7,25.7,26.91,28.9
2015-03-15,28.8,23.8,25.7,26.28,27.97
2015-03-16,29.7,23.1,26.1,26.87,29.4
2015-03-17,30.5,23.1,26.4,27.44,30.38
2015-03-18,30.6,23.2,26.7,28.21,31.32
2015-03-19,30.1,23.6,26.4,27.59,30.14
2015-03-20,30.2,23.7,26.1,27.61,29.27
2015-03-21,28.9,23.6,25.7,26.84,29.0
2015-03-22,29.0,23.4,25.9,27.38,28.98
2015-03-23,29.7,23.2,26.1,27.38,28.84
2015-03-24,28.5,23.4,25.6,27.72,29.65
2015-03-25,27.6,23.2,25.2,27.31,28.95
2015-03-26,28.4,23.5,25.6,27.14,28.83
2015-03-27,29.3,23.2,25.9,27.86,29.95
2015-03-28,29.1,23.5,26.2,27.92,29.93
2015-03-29,29.3,24.1,26.6,28.16,30.08
2015-03-30,30.0,24.1,26.7,28.12,30.22
2015-03-31,30.3,23.9,26.7,28.21,30.37
2015-04-01,28.8,24.2,26.3,28.17,29.44
2015-04-02,28.8,24.0,26.2,28.22,30.62
2015-04-03,28.7,23.8,25.6,28.01,29.7
2015-04-04,30.5,23.7,26.2,28.13,30.69
2015-04-05,30.2,24.1,26.5,27.71,29.0
2015-04-06,30.2,23.8,26.7,27.69,28.89
2015-04-07,28.5,24.2,25.9,27.39,28.82
2015-04-08,28.0,23.4,25.6,27.25,28.93
2015-04-09,29.0,23.4,26.1,27.7,29.66
2015-04-10,30.2,23.8,26.7,28.47,30.68
2015-04-11,29.7,23.7,26.5,28.6,30.89
2015-04-12,30.6,23.8,26.4,28.45,31.16
2015-04-13,29.0,23.9,26.1,26.31,26.98
2015-04-14,29.6,23.3,26.0,27.19,29.01
2015-04-15,28.9,23.7,25.9,27.36,29.03
2015-04-16,30.0,23.9,26.2,27.61,29.9
2015-04-17,28.1,24.4,26.1,27.2,28.25
2015-04-18,29.7,24.0,26.2,28.04,30.16
2015-04-19,30.3,23.4,26.4,28.04,30.75
2015-04-20,30.4,23.3,26.3,28.18,29.77
2015-04-21,30.3,23.9,26.7,27.98,30.11
2015-04-22,28.7,24.1,26.2,27.15,29.06
2015-04-23,29.4,24.5,26.4,26.79,28.18
2015-04-24,27.8,24.7,25.6,26.52,28.08
2015-04-25,27.8,24.0,25.6,26.36,27.55
2015-04-26,27.2,23.8,25.2,26.94,29.27
2015-04-27,28.7,23.7,25.8,26.75,28.45
2015-04-28,29.0,23.6,26.0,27.34,29.29
2015-04-29,29.5,24.1,26.6,27.34,29.3
2015-04-30,30.4,23.5,26.9,27.25,29.2
2015-05-01,29.3,24.3,26.3,27.29,29.45
2015-05-02,30.4,23.7,26.5,27.29,29.64
2015-05-03,29.1,24.0,25.9,26.91,29.38
2015-05-04,29.7,23.2,26.4,26.6,28.01
2015-05-05,29.4,23.3,26.1,27.55,29.55
2015-05-06,30.2,23.1,26.4,27.83,30.34
2015-05-07,30.0,24.1,26.8,28.01,30.08
2015-05-08,30.2,25.1,27.3,27.89,29.61
2015-05-09,30.2,24.1,26.7,27.88,30.16
2015-05-10,29.8,23.9,26.8,27.54,29.76
2015-05-11,30.8,23.5,27.2,27.75,30.09
2015-05-12,30.6,22.9,27.0,27.98,30.73
2015-05-13,29.9,23.5,26.5,28.05,30.22
2015-05-14,30.5,23.4,26.4,27.81,29.87
2015-05-15,29.5,23.7,26.1,27.81,29.86
2015-05-16,29.7,24.0,26.5,27.54,29.76
2015-05-17,29.7,24.4,26.7,27.59,29.79
2015-05-18,29.6,24.5,26.9,27.42,29.68
2015-05-19,29.9,24.1,26.9,27.48,30.07
2015-05-20,30.5,24.9,27.3,27.25,29.78
2015-05-21,30.0,24.3,27.0,26.86,29.47
2015-05-22,30.4,24.0,26.9,26.94,29.9
2015-05-23,30.4,21.9,26.2,26.95,29.74
2015-05-24,30.2,22.5,26.4,26.97,29.58
2015-05-25,30.4,22.7,26.6,27.31,29.67
2015-05-26,30.1,23.1,26.7,27.49,29.85
2015-05-27,30.2,24.2,26.9,27.55,29.59
2015-05-28,30.3,24.2,27.0,27.74,30.07
2015-05-29,30.8,23.3,27.0,27.79,30.1
2015-05-30,31.3,24.1,27.3,27.78,30.34
2015-05-31,30.7,23.3,27.0,27.67,30.07
2015-06-01,29.8,24.1,26.6,27.52,29.87
2015-06-02,30.3,23.0,26.7,27.66,30.17
2015-06-03,30.5,23.5,26.7,27.67,29.83
2015-06-04,30.5,23.7,27.3,27.81,29.8
2015-06-05,31.3,24.1,27.8,28.09,30.55
2015-06-06,31.3,24.0,27.3,28.07,30.56
2015-06-07,29.8,24.0,26.4,27.74,29.86
2015-06-08,29.3,24.3,26.5,27.31,29.13
2015-06-09,29.5,24.5,26.0,26.75,27.83
2015-06-10,29.9,23.5,26.3,27.32,29.52
2015-06-11,29.7,23.6,26.3,27.64,29.48
2015-06-12,30.0,23.7,26.6,27.63,29.95
2015-06-13,30.0,22.9,26.3,26.94,29.6
2015-06-14,29.9,22.8,26.4,27.05,29.6
2015-06-15,29.8,22.6,26.2,27.24,29.65
2015-06-16,29.6,22.3,26.2,27.12,29.22
2015-06-17,30.3,23.9,26.8,26.64,28.58
2015-06-18,30.8,23.3,26.8,27.0,29.98
2015-06-19,31.3,23.6,27.3,27.25,30.02
2015-06-20,31.2,24.0,27.1,26.55,28.65
2015-06-21,32.0,24.1,27.6,27.23,30.37
2015-06-22,31.3,24.7,27.8,27.25,29.98
2015-06-23,31.2,24.0,27.6,27.03,30.14
2015-06-24,31.5,22.2,27.0,26.55,29.88
2015-06-25,30.5,23.3,26.7,26.36,29.14
2015-06-26,31.0,23.4,26.9,26.47,29.4
2015-06-27,31.8,23.2,27.3,26.96,29.81
2015-06-28,30.9,23.6,27.2,27.18,29.63
2015-06-29,30.8,23.9,27.2,26.85,29.58
2015-06-30,30.8,24.0,27.1,26.73,29.38
2015-07-01,30.5,23.9,27.1,26.73,29.22
2015-07-02,30.9,22.6,26.5,26.79,29.78
2015-07-03,30.7,23.2,26.7,26.04,27.95
2015-07-04,30.8,23.4,26.6,27.01,28.31
2015-07-05,31.1,21.8,26.4,27.04,28.85
2015-07-06,30.7,22.4,26.7,26.24,29.11
2015-07-07,31.4,23.5,27.2,26.74,29.72
2015-07-08,31.2,24.4,27.5,27.36,30.26
2015-07-09,30.9,23.4,26.8,27.11,29.58
2015-07-10,30.2,23.2,26.7,26.62,28.75
2015-07-11,29.7,24.0,26.5,26.56,28.98
2015-07-12,30.2,23.2,26.9,26.73,28.93
2015-07-13,31.6,24.9,27.7,27.13,29.59
2015-07-14,31.5,24.5,27.7,27.01,29.38
2015-07-15,31.4,24.7,27.8,27.0,29.75
2015-07-16,31.2,24.7,27.5,26.98,29.94
2015-07-17,31.5,23.7,27.1,26.48,29.71
2015-07-18,32.1,23.7,27.3,26.39,29.63
2015-07-19,31.4,23.8,27.0,26.35,29.4
2015-07-20,31.6,23.3,26.9,26.23,29.16
2015-07-21,31.5,23.8,27.1,26.73,29.69
2015-07-22,30.7,23.6,27.0,26.63,29.75
2015-07-23,30.9,24.5,27.2,26.54,29.3
2015-07-24,30.7,24.1,27.1,26.68,29.77
2015-07-25,31.4,22.5,26.8,26.64,29.54
2015-07-26,31.2,23.8,27.1,26.72,29.41
2015-07-27,31.7,23.7,27.2,26.65,29.33
2015-07-28,31.3,24.6,27.4,26.79,29.69
2015-07-29,31.5,24.4,27.4,26.77,29.79
2015-07-30,30.6,22.9,26.9,26.69,29.36
2015-07-31,30.7,23.1,26.0,26.85,29.73
2015-08-01,30.1,22.9,26.3,26.73,29.12
2015-08-02,30.4,22.8,26.4,26.9,29.63
2015-08-03,30.6,23.3,26.5,25.62,28.71
2015-08-04,30.7,21.1,26.1,26.12,29.74
2015-08-05,30.8,22.3,26.3,26.46,29.28
2015-08-06,30.8,22.9,26.3,26.31,29.41
2015-08-07,31.2,22.7,26.5,26.65,29.41
2015-08-08,30.9,23.0,26.7,26.83,28.94
2015-08-09,31.1,23.6,27.0,26.56,29.26
2015-08-10,31.9,24.4,27.7,26.86,29.79
2015-08-11,32.1,24.2,27.7,27.0,29.68
2015-08-12,31.3,24.6,27.2,27.06,29.94
2015-08-13,31.3,24.3,27.3,27.13,29.94
2015-08-14,30.6,24.7,27.2,26.86,29.78
2015-08-15,31.0,23.5,27.2,26.99,29.95
2015-08-16,31.5,24.2,27.1,27.06,30.24
2015-08-17,31.9,22.7,26.9,26.49,29.78
2015-08-18,31.5,24.0,27.2,26.5,29.65
2015-08-19,31.7,23.4,26.9,26.9,30.26
2015-08-20,30.8,22.9,26.3,27.24,30.38
2015-08-21,30.3,24.1,26.3,26.78,29.78
2015-08-22,31.0,24.1,26.8,26.42,29.62
2015-08-23,31.4,23.4,26.7,26.23,29.44
2015-08-24,31.6,21.5,26.5,26.3,29.7
2015-08-25,31.7,22.0,26.7,26.99,30.36
2015-08-26,32.0,24.4,27.5,26.97,30.07
2015-08-27,32.0,23.4,27.4,27.09,30.55
2015-08-28,31.8,24.5,27.7,27.22,30.56
2015-08-29,32.2,23.9,27.5,27.1,30.44
2015-08-30,32.6,23.9,27.8,27.36,31.16
2015-08-31,32.7,22.4,27.4,26.91,30.48
2015-09-01,32.9,23.4,27.7,27.01,30.74
2015-09-02,32.7,22.7,27.3,26.79,30.45
2015-09-03,32.1,21.6,26.9,26.77,30.65
2015-09-04,32.4,22.6,27.1,26.91,30.49
2015-09-05,31.2,24.1,27.3,26.97,30.42
2015-09-06,32.2,23.5,27.5,27.02,30.68
2015-09-07,32.4,21.6,27.3,27.1,30.87
2015-09-08,32.4,23.1,27.6,27.39,31.09
2015-09-09,32.2,23.9,27.8,27.55,31.49
2015-09-10,31.8,23.4,27.6,27.38,31.1
2015-09-11,32.6,23.8,27.6,27.28,31.03
2015-09-12,32.8,23.0,27.7,27.62,31.03
2015-09-13,32.6,22.5,27.6,27.99,31.87
2015-09-14,31.2,25.1,27.8,27.6,30.82
2015-09-15,31.5,23.5,27.1,27.48,30.48
2015-09-16,31.7,24.2,27.6,27.46,31.23
2015-09-17,32.7,23.7,27.9,27.62,31.15
2015-09-18,32.9,25.3,28.1,27.62,31.49
2015-09-19,32.3,22.0,27.2,27.45,31.16
2015-09-20,31.9,22.7,27.3,27.95,32.16
2015-09-21,31.8,24.0,27.3,27.95,31.81
2015-09-22,33.0,23.3,28.1,28.18,32.05
2015-09-23,33.9,23.3,28.6,28.2,32.31
2015-09-24,32.8,23.3,28.4,28.36,32.62
2015-09-25,31.1,23.9,27.5,28.29,32.05
2015-09-26,32.1,23.8,28.0,28.06,31.79
2015-09-27,32.4,24.7,28.3,28.01,31.42
2015-09-28,31.6,25.0,27.8,27.81,30.75
2015-09-29,31.3,24.4,27.3,28.26,31.85
2015-09-30,32.6,23.9,28.2,28.37,31.88
2015-10-01,33.1,23.6,28.1,28.31,32.44
2015-10-02,32.9,24.3,27.8,28.44,32.38
2015-10-03,33.4,24.8,28.5,28.49,32.39
2015-10-04,33.1,25.0,28.4,28.3,32.34
2015-10-05,32.2,23.6,27.9,28.17,32.04
2015-10-06,32.2,23.5,27.8,27.97,31.58
2015-10-07,31.7,24.3,27.6,28.04,31.64
2015-10-08,31.0,24.0,27.3,27.94,31.02
2015-10-09,31.8,24.3,27.7,27.99,31.71
2015-10-10,32.1,24.2,27.7,28.18,32.3
2015-10-11,32.2,23.7,27.8,28.18,32.19
2015-10-12,32.6,23.4,27.8,27.94,32.05
2015-10-13,32.5,24.6,28.1,28.13,31.94
2015-10-14,33.5,24.6,28.5,28.68,32.73
2015-10-15,33.4,24.1,28.3,28.47,32.47
2015-10-16,32.9,24.7,28.6,28.51,32.34
2015-10-17,33.9,24.1,28.7,28.72,32.72
2015-10-18,34.0,23.2,28.4,28.79,33.01
2015-10-19,33.2,24.1,28.5,28.81,32.64
2015-10-20,33.4,24.2,28.8,29.14,33.04
2015-10-21,33.3,25.1,28.5,29.11,32.83
2015-10-22,33.8,24.2,28.5,28.94,33.11
2015-10-23,33.7,23.0,28.1,28.45,32.8
2015-10-24,33.7,22.5,28.0,28.55,32.32
2015-10-25,34.2,24.7,28.6,28.63,32.9
2015-10-26,33.5,22.8,28.0,28.64,32.48
2015-10-27,33.3,23.2,28.4,28.9,32.64
2015-10-28,33.4,24.7,28.7,28.8,32.28
2015-10-29,32.1,24.7,28.2,28.8,32.56
2015-10-30,33.2,25.1,28.6,29.06,32.3
2015-10-31,32.0,25.2,28.2,29.21,32.75
2015-11-01,32.3,25.1,28.0,29.47,33.27
2015-11-02,31.9,24.7,28.0,29.26,33.23
2015-11-03,32.3,24.7,27.6,28.89,31.64
2015-11-04,31.7,24.5,28.1,29.14,32.03
2015-11-05,31.6,24.9,27.9,29.46,33.07
2015-11-06,32.0,25.1,28.0,29.1,32.0
2015-11-07,32.0,24.4,27.3,28.57,30.94
2015-11-08,30.2,24.8,27.1,28.28,30.39
2015-11-09,31.4,24.4,27.6,28.53,30.81
2015-11-10,31.8,24.7,27.6,29.31,31.42
2015-11-11,31.5,24.4,27.7,29.02,31.58
2015-11-12,30.8,24.2,27.2,28.61,30.7
2015-11-13,31.1,24.2,27.1,28.36,30.26
2015-11-14,31.7,24.5,27.8,28.19,31.04
2015-11-15,32.2,24.6,28.2,28.76,32.09
2015-11-16,31.7,24.9,27.4,28.31,30.82
2015-11-17,29.4,24.2,26.2,28.46,30.78
2015-11-18,31.6,23.9,27.1,28.7,31.37
2015-11-19,29.6,24.3,26.9,28.61,30.76
2015-11-20,30.1,24.3,26.6,28.25,30.07
2015-11-21,30.9,24.7,27.0,28.3,30.81
2015-11-22,30.8,24.3,27.3,28.66,30.95
2015-11-23,30.2,24.4,26.9,28.94,31.9
2015-11-24,30.3,23.8,26.7,28.72,31.43
2015-11-25,31.1,24.4,27.4,28.91,31.63
2015-11-26,30.7,25.2,27.1,29.08,31.88
2015-11-27,30.6,24.2,27.2,28.61,30.38
2015-11-28,30.9,24.9,27.4,29.04,31.39
2015-11-29,29.3,24.4,26.4,28.52,30.45
2015-11-30,30.9,24.1,26.8,28.48,31.12
2015-12-01,30.1,24.2,26.9,28.59,30.44
2015-12-02,30.6,24.3,26.9,28.8,30.86
2015-12-03,29.2,24.5,26.5,28.67,30.85
2015-12-04,30.4,23.8,26.5,28.78,30.91
2015-12-05,30.7,24.5,27.1,28.16,29.77
2015-12-06,30.4,24.6,27.2,28.56,30.95
2015-12-07,29.5,24.7,26.5,28.46,30.53
2015-12-08,29.3,24.3,26.2,28.75,31.0
2015-12-09,30.6,24.3,27.2,28.73,30.37
2015-12-10,30.2,24.7,27.0,29.24,31.13
2015-12-11,29.5,24.8,26.6,29.0,31.15
2015-12-12,28.9,24.7,26.1,28.35,30.02
2015-12-13,30.3,24.0,26.4,28.38,31.15
2015-12-14,25.9,24.3,24.9,26.26,26.9
2015-12-15,28.1,24.0,25.3,26.75,28.8
2015-12-16,26.3,23.8,24.6,26.51,28.02
2015-12-17,25.8,23.6,24.4,26.34,27.86
2015-12-18,28.0,22.7,25.4,26.59,28.35
2015-12-19,28.1,23.3,25.6,26.72,28.64
2015-12-20,28.5,23.4,25.8,27.14,28.78
2015-12-21,26.2,23.7,24.9,26.57,27.8
2015-12-22,30.2,23.9,26.6,27.48,30.72
2015-12-23,30.6,23.3,26.9,27.65,31.04
2015-12-24,30.2,23.3,26.8,27.76,30.97
2015-12-25,30.2,23.8,26.8,27.67,30.82
2015-12-26,29.7,23.9,26.6,28.2,30.69
2015-12-27,29.9,24.1,26.6,28.27,30.8
2015-12-28,29.8,24.3,26.7,28.44,30.77
2015-12-29,28.9,23.9,26.4,28.41,30.9
2015-12-30,29.0,24.0,26.2,27.74,29.49
2015-12-31,29.0,23.8,26.3,27.76,29.3
2016-01-01,29.9,24.3,26.7,27.86,29.6
2016-01-02,29.0,24.3,26.2,27.5,29.23
2016-01-03,29.9,23.7,26.0,27.8,30.03
2016-01-04,28.8,24.5,26.5,27.9,29.64
2016-01-05,29.2,24.4,26.4,27.58,29.49
2016-01-06,29.7,24.0,26.4,28.05,30.41
2016-01-07,30.3,23.8,26.9,28.28,30.74
2016-01-08,30.2,24.2,26.7,28.23,30.92
2016-01-09,29.1,24.4,26.8,28.59,31.15
2016-01-10,28.9,24.4,26.4,28.45,30.77
2016-01-11,30.3,24.0,26.8,28.76,31.4
2016-01-12,28.5,24.8,26.2,28.5,30.67
2016-01-13,29.6,24.1,26.1,28.37,30.84
2016-01-14,28.8,24.2,26.2,28.47,30.26
2016-01-15,29.2,24.1,26.2,28.24,30.03
2016-01-16,30.1,24.0,27.0,28.26,30.26
2016-01-17,30.6,24.4,27.3,28.84,31.91
2016-01-18,29.5,24.2,26.6,28.48,30.52
2016-01-19,29.7,24.0,26.6,28.75,31.76
2016-01-20,30.0,24.3,26.3,27.52,29.23
2016-01-21,29.4,24.1,26.6,27.62,29.03
2016-01-22,29.6,24.7,26.7,27.94,30.05
2016-01-23,27.2,23.9,25.1,27.22,28.38
2016-01-24,28.5,24.1,25.8,27.4,29.19
2016-01-25,27.8,23.6,25.4,27.1,29.6
2016-01-26,29.0,23.4,25.9,27.75,29.38
2016-01-27,29.5,24.5,26.6,28.51,30.66
2016-01-28,29.3,24.7,26.7,28.26,30.72
2016-01-29,30.7,23.6,27.2,28.27,30.17
2016-01-30,29.2,24.8,26.6,28.17,30.02
2016-01-31,28.8,24.7,26.7,27.49,29.16
2016-02-01,29.1,24.2,26.1,27.73,29.57
2016-02-02,29.6,24.1,26.2,27.32,28.55
2016-02-03,29.4,24.2,26.0,27.04,28.9
2016-02-04,28.5,24.2,26.1,27.62,30.29
2016-02-05,29.0,24.4,26.2,27.67,30.06
2016-02-06,30.2,24.4,26.7,28.14,31.29
2016-02-07,27.9,24.6,26.2,27.22,29.38
2016-02-08,29.2,24.6,26.3,27.44,29.96
2016-02-09,28.3,24.3,25.8,27.14,29.2
2016-02-10,27.3,24.2,25.2,26.8,28.63
2016-02-11,27.2,24.3,25.3,26.1,27.01
2016-02-12,27.4,23.9,25.3,26.39,27.91
2016-02-13,29.4,23.7,26.2,27.02,28.92
2016-02-14,30.7,24.0,26.8,28.16,31.06
2016-02-15,29.6,23.7,26.7,28.03,30.55
2016-02-16,28.0,24.1,25.9,27.04,28.94
2016-02-17,28.3,24.1,25.9,27.35,29.13
2016-02-18,28.7,24.3,26.3,27.82,29.97
2016-02-19,29.8,23.5,26.6,28.26,30.17
2016-02-20,29.8,24.0,26.5,28.09,29.57
2016-02-21,28.8,24.2,26.0,27.39,28.16
2016-02-22,28.8,24.3,26.1,27.38,29.19
2016-02-23,29.9,24.1,26.1,27.79,29.87
2016-02-24,27.8,24.1,25.7,27.18,28.58
2016-02-25,28.9,23.9,25.8,26.95,28.03
2016-02-26,28.4,23.7,26.0,27.08,28.64
2016-02-27,28.8,24.1,26.2,26.99,28.05
2016-02-28,26.4,24.3,25.3,27.3,28.54
2016-02-29,27.5,24.0,25.5,26.79,28.18
2016-03-01,27.9,24.0,25.8,26.74,28.46
2016-03-02,29.0,24.0,26.1,27.16,28.74
2016-03-03,29.2,24.5,26.6,27.4,29.08
2016-03-04,29.5,24.3,26.4,27.59,29.41
2016-03-05,29.0,24.2,26.3,27.61,29.63
2016-03-06,29.6,24.5,26.7,27.94,29.92
2016-03-07,30.2,24.2,27.0,28.27,30.28
2016-03-08,29.7,24.3,26.9,28.62,30.71
2016-03-09,30.1,24.4,26.9,28.36,30.55
2016-03-10,30.4,24.0,27.0,28.35,31.08
2016-03-11,29.5,24.6,26.9,28.31,30.43
2016-03-12,29.8,24.6,26.6,28.1,29.78
2016-03-13,30.1,24.4,26.6,28.14,30.49
2016-03-14,30.1,24.4,26.7,27.76,29.54
2016-03-15,30.4,24.1,26.9,27.92,29.33
2016-03-16,30.2,24.8,26.9,28.17,29.38
2016-03-17,30.2,24.6,27.2,28.38,30.71
2016-03-18,28.8,24.6,26.5,27.7,29.01
2016-03-19,30.1,25.1,27.2,28.3,30.28
2016-03-20,29.7,24.8,26.9,28.48,30.61
2016-03-21,29.5,24.6,26.6,28.44,30.44
2016-03-22,28.8,24.4,26.2,27.97,29.3
2016-03-23,30.0,25.0,26.4,27.49,28.8
2016-03-24,31.3,24.3,27.2,28.28,30.83
2016-03-25,29.4,24.7,26.6,27.91,29.18
2016-03-26,29.5,24.4,26.6,27.72,29.01
2016-03-27,29.9,23.9,26.6,27.9,29.61
2016-03-28,29.3,24.4,26.8,27.96,29.66
2016-03-29,29.0,24.5,26.2,27.96,29.85
2016-03-30,28.3,24.0,25.9,27.41,28.45
2016-03-31,29.4,24.1,26.3,27.98,29.59
2016-04-01,28.8,24.3,26.2,28.03,29.92
2016-04-02,29.5,23.9,26.4,27.94,29.59
2016-04-03,30.3,24.3,27.1,28.31,30.25
2016-04-04,30.7,24.4,26.8,28.26,30.65
2016-04-05,29.1,24.4,26.7,28.07,29.94
2016-04-06,30.3,24.1,27.0,27.94,29.8
2016-04-07,30.3,24.3,26.8,28.21,30.26
2016-04-08,30.0,25.0,27.1,28.5,30.47
2016-04-09,30.9,24.8,27.2,28.46,30.25
2016-04-10,29.5,24.7,26.8,28.44,30.74
2016-04-11,29.9,24.5,26.9,28.69,30.68
2016-04-12,30.0,24.8,26.7,28.38,30.55
2016-04-13,30.4,24.5,27.2,28.13,30.05
2016-04-14,31.3,24.9,27.2,28.46,31.26
2016-04-15,29.0,24.4,26.4,27.78,28.74
2016-04-16,30.4,24.5,26.9,28.27,30.19
2016-04-17,28.6,24.5,26.2,28.15,29.93
2016-04-18,31.1,24.1,27.0,28.36,30.38
2016-04-19,30.3,24.3,26.7,28.66,30.31
2016-04-20,30.2,24.5,26.7,28.19,30.02
2016-04-21,28.4,24.3,25.9,27.6,28.97
2016-04-22,29.6,24.5,26.3,27.95,30.06
2016-04-23,29.7,24.4,26.6,28.04,29.69
2016-04-24,30.3,24.6,26.9,28.31,30.23
2016-04-25,30.0,24.4,26.8,27.86,29.1
2016-04-26,29.1,24.4,26.0,27.68,28.96
2016-04-27,29.9,24.4,26.7,27.9,29.91
2016-04-28,30.3,24.2,26.7,28.32,30.5
2016-04-29,30.0,24.7,26.8,28.23,30.51
2016-04-30,29.3,24.5,26.5,27.73,29.14
2016-05-01,29.3,23.6,26.5,27.92,29.56
2016-05-02,29.8,24.9,27.0,27.82,29.74
2016-05-03,29.6,24.8,26.7,28.0,29.89
2016-05-04,30.0,24.7,27.0,27.89,29.44
2016-05-05,28.1,24.7,26.4,28.32,29.6
2016-05-06,30.2,24.0,26.9,28.88,30.84
2016-05-07,30.6,23.8,26.8,28.43,29.95
2016-05-08,30.4,24.6,26.9,28.87,31.3
2016-05-09,29.7,24.7,26.7,28.71,30.87
2016-05-10,30.7,23.9,27.1,28.46,30.16
2016-05-11,30.4,25.4,27.3,28.65,31.0
2016-05-12,30.6,24.9,27.5,28.37,30.46
2016-05-13,31.1,24.7,27.6,28.9,30.44
2016-05-14,29.7,24.6,27.0,28.62,30.52
2016-05-15,30.2,25.5,27.5,28.56,30.9
2016-05-16,30.1,24.9,27.0,28.63,30.27
2016-05-17,29.8,24.8,27.1,28.5,30.31
2016-05-18,30.4,24.6,27.3,28.54,30.27
2016-05-19,30.4,24.3,27.4,28.89,31.21
2016-05-20,30.7,24.6,27.4,28.84,31.08
2016-05-21,30.1,24.7,26.9,28.57,30.28
2016-05-22,29.4,24.2,26.5,28.14,29.82
2016-05-23,29.9,24.5,26.7,28.19,30.15
2016-05-24,29.7,24.8,26.9,28.6,30.58
2016-05-25,30.1,24.7,26.8,28.44,30.32
2016-05-26,29.1,24.6,26.5,28.28,29.85
2016-05-27,28.7,24.7,26.4,27.76,29.19
2016-05-28,30.4,24.9,27.0,27.78,29.27
2016-05-29,28.4,24.6,25.9,27.46,28.94
2016-05-30,26.0,24.1,24.9,26.73,27.72
2016-05-31,29.7,23.6,26.1,27.94,30.37
2016-06-01,30.0,25.2,27.3,27.84,29.65
2016-06-02,30.4,25.3,27.2,28.42,30.49
2016-06-03,30.0,23.8,26.7,27.38,28.81
2016-06-04,30.5,24.4,27.2,28.11,30.27
2016-06-05,29.3,24.1,26.5,27.77,29.0
2016-06-06,29.8,23.6,26.4,28.13,29.92
2016-06-07,30.2,23.1,26.5,28.41,30.37
2016-06-08,29.4,23.7,26.3,27.92,29.41
2016-06-09,29.1,24.1,26.5,28.29,30.34
2016-06-10,29.0,24.7,26.5,28.0,29.99
2016-06-11,30.6,23.4,26.9,27.83,30.31
2016-06-12,30.6,23.9,27.0,27.81,30.4
2016-06-13,30.4,23.7,26.6,27.87,29.32
2016-06-14,29.4,23.6,26.1,27.71,29.56
2016-06-15,29.1,23.8,25.8,27.71,29.66
2016-06-16,29.5,23.8,26.3,27.63,29.76
2016-06-17,28.3,24.1,25.9,27.35,29.25
2016-06-18,26.5,23.7,24.6,26.11,27.36
2016-06-19,29.2,23.7,26.0,27.42,29.34
2016-06-20,29.5,23.8,26.7,28.4,30.36
2016-06-21,30.7,23.4,27.1,28.26,31.08
2016-06-22,30.0,23.6,26.5,28.23,30.39
2016-06-23,30.6,24.1,26.7,28.15,30.65
2016-06-24,30.0,23.6,26.8,27.81,30.01
2016-06-25,29.4,23.7,26.3,27.62,29.46
2016-06-26,29.7,23.5,26.4,27.95,30.09
2016-06-27,28.9,23.4,25.8,27.46,28.87
2016-06-28,29.5,23.9,26.3,27.58,29.74
2016-06-29,29.8,24.6,26.4,27.85,30.25
2016-06-30,29.4,23.9,26.1,27.46,28.68
2016-07-01,30.0,23.1,26.6,28.42,30.49
2016-07-02,30.4,23.3,26.9,27.76,29.6
2016-07-03,30.1,24.2,26.8,27.59,29.41
2016-07-04,30.2,23.6,26.6,27.91,29.73
2016-07-05,30.2,23.6,26.7,27.92,30.25
2016-07-06,30.6,23.9,26.9,28.14,30.53
2016-07-07,29.7,24.2,26.5,27.98,30.31
2016-07-08,30.1,23.2,26.6,27.94,30.02
2016-07-09,30.7,23.2,26.9,27.95,30.07
2016-07-10,30.2,23.8,26.6,27.69,29.64
2016-07-11,30.0,23.5,26.3,27.86,29.91
2016-07-12,29.0,23.9,26.4,27.67,29.59
2016-07-13,29.6,23.6,26.0,27.79,29.57
2016-07-14,29.5,23.1,26.0,27.34,29.09
2016-07-15,29.7,23.2,26.1,27.58,30.02
2016-07-16,29.7,23.4,26.2,27.62,29.45
2016-07-17,28.8,23.9,25.8,27.92,29.66
2016-07-18,29.7,23.1,26.0,27.52,29.55
2016-07-19,28.6,23.3,25.6,27.05,28.49
2016-07-20,27.3,23.6,24.8,26.37,27.1
2016-07-21,29.7,22.5,25.4,27.24,30.04
2016-07-22,28.2,22.8,25.1,27.02,28.74
2016-07-23,29.3,22.6,25.7,26.91,29.1
2016-07-24,30.1,23.0,25.9,26.54,27.86
2016-07-25,29.6,23.5,26.1,26.88,28.96
2016-07-26,29.4,22.4,25.8,27.11,29.87
2016-07-27,29.9,22.9,26.4,27.09,29.46
2016-07-28,29.7,23.5,26.0,27.53,29.7
2016-07-29,29.4,23.3,26.1,27.42,28.74
2016-07-30,29.0,23.2,26.0,27.62,29.93
2016-07-31,30.1,23.6,26.7,27.61,30.1
2016-08-01,29.4,23.3,25.9,27.55,29.85
2016-08-02,29.3,23.1,25.8,27.89,30.32
2016-08-03,29.8,22.8,25.9,26.99,29.6
2016-08-04,29.9,22.1,26.0,27.05,29.68
2016-08-05,30.0,22.2,26.0,27.41,29.62
2016-08-06,30.4,22.7,26.5,27.41,29.78
2016-08-07,29.9,23.7,26.5,27.46,30.31
2016-08-08,29.8,24.6,26.7,27.59,29.34
2016-08-09,29.8,24.5,26.4,27.49,30.09
2016-08-10,30.6,23.3,26.9,27.5,30.29
2016-08-11,29.8,23.3,26.5,28.08,30.63
2016-08-12,30.4,23.4,27.0,27.85,30.5
2016-08-13,30.6,25.0,27.1,27.65,29.81
2016-08-14,28.4,24.2,25.6,27.38,29.53
2016-08-15,29.2,23.4,26.4,27.42,29.05
2016-08-16,29.2,23.9,26.2,27.37,29.1
2016-08-17,30.3,23.2,26.5,27.67,29.92
2016-08-18,29.6,24.0,26.6,28.02,30.17
2016-08-19,29.9,24.0,26.5,28.02,30.54
2016-08-20,29.2,23.5,26.3,27.42,29.29
2016-08-21,29.5,23.6,26.3,27.9,30.36
2016-08-22,29.7,23.1,26.4,27.42,30.0
2016-08-23,29.7,23.0,26.1,27.21,30.02
2016-08-24,29.6,23.0,26.1,27.32,29.5
2016-08-25,29.0,23.6,26.2,27.35,29.37
2016-08-26,29.7,24.4,26.5,28.09,30.71
2016-08-27,29.8,24.6,26.4,28.12,30.85
2016-08-28,30.2,23.8,26.7,27.68,29.76
2016-08-29,30.2,24.0,26.7,27.62,29.41
2016-08-30,29.5,23.7,26.2,26.33,28.08
2016-08-31,30.5,23.3,26.4,27.91,30.09
2016-09-01,30.4,23.4,26.8,27.68,29.42
2016-09-02,29.7,23.4,26.3,27.58,29.73
2016-09-03,29.8,23.6,26.1,28.09,30.13
2016-09-04,29.2,23.8,26.3,27.87,29.77
2016-09-05,29.7,23.4,26.4,27.84,30.08
2016-09-06,30.2,24.1,26.7,27.97,30.57
2016-09-07,30.7,23.3,26.4,27.71,29.83
2016-09-08,30.0,23.7,26.4,26.95,29.13
2016-09-09,30.2,24.1,26.9,27.68,30.08
2016-09-10,30.4,24.3,26.9,27.18,29.02
2016-09-11,30.4,24.0,26.8,27.77,30.15
2016-09-12,30.3,23.2,26.1,27.34,29.71
2016-09-13,30.0,22.6,26.3,27.71,30.1
2016-09-14,29.9,23.6,26.7,27.6,29.77
2016-09-15,29.8,24.1,26.3,27.63,29.94
2016-09-16,29.4,22.7,25.8,27.37,29.47
2016-09-17,29.3,23.4,26.2,27.25,27.88
2016-09-18,29.9,23.5,26.5,27.53,29.2
2016-09-19,29.3,24.2,26.6,28.18,30.88
2016-09-20,30.0,23.9,26.5,28.21,30.62
2016-09-21,29.5,24.6,26.5,27.87,30.28
2016-09-22,29.5,24.1,26.3,27.49,29.21
2016-09-23,29.1,24.1,26.4,27.33,28.86
2016-09-24,29.5,23.6,26.3,27.32,29.5
2016-09-25,30.6,24.2,27.2,27.31,30.24
2016-09-26,29.7,23.8,26.3,27.58,30.66
2016-09-27,30.2,24.1,26.7,27.33,30.07
2016-09-28,28.9,23.8,26.1,26.78,27.89
2016-09-29,28.9,23.9,25.9,27.63,29.4
2016-09-30,28.8,23.9,26.1,26.94,28.74
2016-10-01,30.7,23.9,26.7,27.35,29.75
2016-10-02,29.2,24.3,26.1,27.02,29.64
2016-10-03,30.6,24.0,26.4,27.48,30.59
2016-10-04,29.2,23.6,25.8,27.06,28.28
2016-10-05,29.3,23.4,25.9,26.83,28.01
2016-10-06,29.7,23.4,26.1,27.03,29.41
2016-10-07,30.3,23.5,26.4,27.16,29.75
2016-10-08,28.7,24.0,26.0,26.77,27.85
2016-10-09,28.9,23.9,26.0,26.73,29.77
2016-10-10,28.3,23.6,25.6,27.11,29.18
2016-10-11,29.1,23.5,25.8,26.98,28.41
2016-10-12,29.3,24.2,26.2,27.0,28.31
2016-10-13,28.5,24.2,25.9,26.6,28.08
2016-10-14,28.8,24.1,25.9,26.94,28.86
2016-10-15,30.3,23.5,26.3,27.22,29.63
2016-10-16,31.0,24.3,27.4,28.08,30.86
2016-10-17,30.9,24.5,27.5,27.9,30.57
2016-10-18,30.9,24.5,27.1,27.77,30.08
2016-10-19,30.6,24.2,27.1,28.38,30.88
2016-10-20,30.1,24.6,27.2,27.56,29.03
2016-10-21,28.2,24.6,26.1,27.65,29.46
2016-10-22,27.2,24.1,25.2,27.56,29.73
2016-10-23,25.5,24.0,24.5,26.3,27.9
2016-10-24,28.9,23.3,25.8,26.58,28.25
2016-10-25,28.6,23.5,25.8,27.0,28.76
2016-10-26,29.2,23.4,25.7,27.14,28.85
2016-10-27,28.3,23.7,25.5,27.11,28.66
2016-10-28,30.4,23.7,26.1,26.99,28.88
2016-10-29,29.7,23.7,26.3,27.01,29.26
2016-10-30,29.2,24.3,26.3,26.3,27.41
2016-10-31,30.3,23.8,26.6,27.22,29.75
2016-11-01,30.4,24.2,26.7,27.26,29.15
2016-11-02,29.3,24.4,26.3,27.27,29.42
2016-11-03,30.1,24.1,26.4,27.57,29.77
2016-11-04,29.8,24.1,26.5,26.86,27.99
2016-11-05,30.9,23.7,27.0,27.9,30.24
2016-11-06,31.0,24.0,27.2,28.13,29.71
2016-11-07,30.6,24.3,27.0,28.03,29.22
2016-11-08,29.7,24.4,26.6,27.7,29.72
2016-11-09,28.8,23.9,25.9,27.27,29.04
2016-11-10,29.5,24.2,26.0,26.99,28.43
2016-11-11,29.5,23.7,26.3,26.86,28.37
2016-11-12,28.8,24.2,25.8,26.96,28.28
2016-11-13,29.8,23.8,25.9,26.74,28.1
2016-11-14,29.0,24.0,26.1,26.92,28.71
2016-11-15,29.2,23.8,25.8,26.71,28.12
2016-11-16,30.3,23.7,26.0,27.8,29.95
2016-11-17,29.2,23.9,26.0,27.79,29.39
2016-11-18,28.5,24.1,25.9,27.66,28.89
2016-11-19,30.5,23.8,26.9,27.87,29.7
2016-11-20,29.6,23.9,26.3,28.05,29.42
2016-11-21,29.2,24.2,26.0,27.3,28.2
2016-11-22,30.9,23.7,26.6,27.68,29.92
2016-11-23,30.2,23.9,26.6,27.81,29.64
2016-11-24,29.2,24.3,26.6,27.7,29.57
2016-11-25,29.2,24.4,26.5,26.88,28.29
2016-11-26,29.4,24.2,26.6,28.13,29.86
2016-11-27,30.0,24.3,26.6,26.83,27.55
2016-11-28,28.3,24.2,26.0,27.17,28.36
2016-11-29,29.2,24.3,26.6,26.71,27.72
2016-11-30,29.5,24.5,26.8,27.31,29.18
2016-12-01,29.5,24.6,26.8,27.13,29.35
2016-12-02,28.4,24.4,25.9,27.32,29.62
2016-12-03,28.9,24.0,26.0,27.42,30.09
2016-12-04,29.0,24.7,26.0,26.68,28.38
2016-12-05,26.7,24.1,25.2,26.93,29.28
2016-12-06,28.5,23.2,25.3,27.06,28.83
2016-12-07,28.0,23.8,25.6,27.13,29.41
2016-12-08,30.8,23.5,26.3,26.88,29.27
2016-12-09,29.0,23.8,26.3,27.25,29.47
2016-12-10,29.9,24.1,26.7,27.05,29.42
2016-12-11,28.3,23.9,25.6,26.83,29.0
2016-12-12,28.5,23.6,25.5,27.13,29.36
2016-12-13,29.4,23.6,26.4,26.93,28.93
2016-12-14,29.3,23.6,26.1,26.76,28.93
2016-12-15,29.1,23.2,25.9,26.9,28.98
2016-12-16,29.4,24.1,26.5,27.43,29.59
2016-12-17,28.5,24.3,26.0,27.52,29.69
2016-12-18,29.2,24.5,26.0,27.24,28.81
2016-12-19,28.6,24.4,26.1,27.42,29.44
2016-12-20,30.4,25.2,27.3,27.38,29.23
2016-12-21,29.3,24.8,26.9,27.78,30.15
2016-12-22,29.4,24.9,26.6,27.76,30.13
2016-12-23,29.3,25.0,26.7,27.5,29.09
2016-12-24,29.1,24.9,26.5,27.76,30.06
2016-12-25,28.1,24.4,26.2,26.76,28.29
2016-12-26,29.5,23.9,26.6,26.46,28.0
2016-12-27,28.4,24.6,26.2,26.41,27.91
2016-12-28,28.4,24.5,26.3,26.71,28.61
2016-12-29,28.8,24.0,26.2,26.59,28.03
2016-12-30,29.0,24.5,26.4,27.04,29.15
2016-12-31,30.0,23.6,26.9,27.49,30.07
2017-01-01,31.2,24.4,27.4,27.66,30.7
2017-01-02,30.9,24.7,27.8,27.75,30.6
2017-01-03,30.2,25.5,27.7,27.64,30.34
2017-01-04,29.2,24.8,26.8,26.81,27.53
2017-01-05,28.2,24.9,26.5,26.66,28.01
2017-01-06,29.7,24.6,26.8,26.73,28.11
2017-01-07,30.3,24.9,27.1,26.65,28.11
2017-01-08,29.7,24.1,26.7,27.03,28.81
2017-01-09,28.9,25.1,26.7,27.06,28.65
2017-01-10,28.3,24.0,26.0,26.6,27.38
2017-01-11,30.5,23.6,26.3,26.88,28.42
2017-01-12,29.1,24.2,26.3,26.76,28.53
2017-01-13,29.7,24.8,26.7,26.66,28.47
2017-01-14,27.0,24.2,25.5,26.49,27.97
2017-01-15,28.5,24.7,26.4,27.03,29.52
2017-01-16,27.4,23.9,25.3,26.62,28.4
2017-01-17,28.6,24.0,25.5,26.51,28.2
2017-01-18,30.1,24.3,26.8,26.56,28.91
2017-01-19,29.5,24.6,26.9,26.86,29.04
2017-01-20,30.5,25.2,27.5,26.84,28.57
2017-01-21,29.6,24.1,27.2,26.84,28.45
2017-01-22,27.9,25.3,26.7,26.64,28.09
2017-01-23,30.3,24.6,27.0,26.83,28.58
2017-01-24,29.9,25.0,26.7,26.66,28.46
2017-01-25,29.8,24.3,26.6,26.42,27.95
2017-01-26,29.3,24.6,26.9,26.42,27.85
2017-01-27,28.9,25.3,26.6,26.25,27.57
2017-01-28,27.9,24.6,25.6,25.94,27.24
2017-01-29,28.8,23.7,25.6,26.47,28.32
2017-01-30,28.8,23.4,26.0,26.69,28.52
2017-01-31,27.4,23.7,25.2,26.44,28.04
2017-02-01,28.3,23.4,25.0,26.14,27.55
2017-02-02,29.1,23.1,25.1,26.45,28.34
2017-02-03,26.7,24.2,24.9,26.3,28.26
2017-02-04,27.9,23.7,25.3,26.85,29.3
2017-02-05,29.4,23.7,26.5,26.71,28.42
2017-02-06,29.1,24.4,26.5,26.72,28.3
2017-02-07,29.0,23.9,26.2,26.63,28.46
2017-02-08,28.8,23.9,26.2,27.03,29.06
2017-02-09,27.6,24.2,25.5,26.9,28.71
2017-02-10,27.2,23.9,25.2,26.63,27.47
2017-02-11,27.7,23.3,24.9,26.63,27.53
2017-02-12,28.9,23.5,25.4,25.95,26.8
2017-02-13,28.6,23.6,26.0,26.33,28.24
2017-02-14,26.6,23.8,24.9,26.15,27.16
2017-02-15,29.4,23.6,25.9,25.63,26.66
2017-02-16,29.2,23.4,25.9,26.23,27.29
2017-02-17,29.5,23.8,26.7,26.59,27.83
2017-02-18,29.1,24.1,26.6,26.74,28.21
2017-02-19,28.7,24.6,26.4,26.5,27.47
2017-02-20,27.8,24.3,25.9,26.82,28.03
2017-02-21,27.2,23.9,25.3,26.44,27.11
2017-02-22,30.9,23.6,26.6,26.79,29.79
2017-02-23,30.6,24.3,26.8,27.45,29.78
2017-02-24,27.7,24.2,26.2,27.0,27.82
2017-02-25,29.0,24.2,25.9,26.86,28.3
2017-02-26,29.3,23.7,25.9,26.87,28.76
2017-02-27,29.9,23.8,26.6,27.17,29.38
2017-02-28,29.0,24.5,26.1,26.23,27.58
2017-03-01,29.8,24.5,26.6,26.69,28.81
2017-03-02,29.7,24.1,26.2,26.56,27.91
2017-03-03,29.2,24.7,26.6,27.29,29.65
2017-03-04,30.3,24.1,26.7,26.86,27.93
2017-03-05,29.3,23.5,26.5,27.15,28.46
2017-03-06,29.5,24.8,26.6,27.08,28.5
2017-03-07,27.7,24.3,25.3,26.85,28.24
2017-03-08,31.1,24.3,27.3,27.25,29.09
2017-03-09,30.7,24.8,27.2,27.28,29.18
2017-03-10,29.4,24.8,26.8,27.7,29.66
2017-03-11,29.5,24.7,27.0,27.41,29.05
2017-03-12,31.3,24.3,27.4,27.32,29.44
2017-03-13,32.3,23.4,27.9,27.49,29.51
2017-03-14,32.5,24.7,28.1,26.71,28.11
2017-03-15,31.2,24.5,27.2,26.96,29.31
2017-03-16,30.3,23.9,27.2,27.24,29.61
2017-03-17,30.7,24.6,27.0,27.51,30.19
2017-03-18,27.5,24.2,25.9,26.71,28.18
2017-03-19,31.3,24.4,27.1,27.25,29.69
2017-03-20,29.8,25.4,26.8,26.58,27.97
2017-03-21,29.2,24.0,26.4,26.33,27.63
2017-03-22,28.9,23.4,26.0,26.77,27.64
2017-03-23,29.3,23.7,26.3,26.94,28.29
2017-03-24,30.4,24.6,27.4,27.5,29.32
2017-03-25,29.6,25.2,27.4,27.57,29.09
2017-03-26,30.2,24.8,27.0,27.2,28.89
2017-03-27,30.1,24.3,26.9,27.63,30.37
2017-03-28,29.9,24.4,27.1,27.57,29.62
2017-03-29,31.4,24.4,27.3,27.68,30.25
2017-03-30,31.4,24.6,27.3,27.54,30.36
2017-03-31,29.1,24.7,26.6,27.0,28.86
2017-04-01,30.8,24.6,27.2,26.8,28.15
2017-04-02,30.2,24.7,27.1,27.12,29.06
2017-04-03,30.6,24.4,26.7,26.82,28.79
2017-04-04,30.9,24.2,26.8,26.74,27.99
2017-04-05,29.4,24.5,26.4,26.88,28.49
2017-04-06,29.5,24.7,26.5,26.54,27.97
2017-04-07,29.7,24.7,26.6,26.68,28.16
2017-04-08,28.9,25.0,26.8,27.02,28.63
2017-04-09,30.9,25.5,27.5,27.15,28.69
2017-04-10,30.9,23.8,27.4,27.73,29.92
2017-04-11,30.0,24.8,26.9,27.1,28.02
2017-04-12,30.3,24.5,26.9,27.06,28.93
2017-04-13,30.5,24.7,27.0,27.35,29.09
2017-04-14,28.9,24.8,26.6,27.4,29.4
2017-04-15,29.2,24.6,26.8,27.25,28.39
2017-04-16,29.9,24.2,27.0,27.07,27.58
2017-04-17,30.7,25.0,27.6,27.99,30.33
2017-04-18,30.8,25.3,27.5,28.37,30.65
2017-04-19,30.0,24.6,26.7,28.16,30.38
2017-04-20,30.4,24.4,27.0,27.93,29.59
2017-04-21,30.1,24.5,27.2,28.26,30.27
2017-04-22,30.1,24.9,26.7,27.67,29.43
2017-04-23,30.3,24.2,27.0,27.39,29.18
2017-04-24,30.0,25.2,27.1,27.6,29.25
2017-04-25,30.3,24.0,27.3,28.15,30.13
2017-04-26,29.5,24.5,26.7,27.83,29.13
2017-04-27,30.9,24.1,27.1,27.76,29.75
2017-04-28,29.9,24.6,26.9,27.09,29.34
2017-04-29,30.7,23.8,27.5,27.52,30.46
2017-04-30,30.9,24.7,27.0,27.8,29.89
2017-05-01,31.3,24.6,27.5,28.14,29.67
2017-05-02,30.5,25.2,27.2,28.41,30.01
2017-05-03,30.6,24.6,27.3,27.63,28.92
2017-05-04,29.8,24.5,26.6,27.49,28.6
2017-05-05,30.0,24.2,26.3,27.2,28.9
2017-05-06,29.0,24.4,26.5,27.28,29.94
2017-05-07,29.3,24.8,26.5,27.28,28.89
2017-05-08,29.9,24.2,26.7,27.32,28.61
2017-05-09,30.7,24.4,27.4,27.83,29.87
2017-05-10,30.7,25.3,27.5,27.85,29.48
2017-05-11,30.7,25.1,27.3,28.04,30.09
2017-05-12,31.1,24.0,27.3,27.85,29.83
2017-05-13,30.9,24.7,27.6,27.79,29.83
2017-05-14,30.4,24.6,27.6,28.02,30.52
2017-05-15,31.1,25.3,28.3,27.81,30.17
2017-05-16,31.2,25.5,28.1,28.57,30.78
2017-05-17,31.3,24.7,27.8,28.35,30.93
2017-05-18,31.1,24.9,28.0,28.27,30.7
2017-05-19,31.8,25.7,28.4,28.0,30.12
2017-05-20,30.9,24.7,28.0,28.16,30.61
2017-05-21,30.2,25.5,27.7,27.92,29.97
2017-05-22,31.0,25.1,27.9,27.89,30.19
2017-05-23,31.5,25.3,28.1,27.79,30.29
2017-05-24,31.5,25.3,28.0,27.69,29.87
2017-05-25,31.5,25.0,28.0,27.28,29.39
2017-05-26,31.5,23.3,27.8,27.86,30.73
2017-05-27,31.2,25.8,28.2,28.19,30.38
2017-05-28,30.3,25.4,26.9,27.23,28.77
2017-05-29,29.8,25.2,27.1,27.03,28.61
2017-05-30,30.9,24.4,27.4,27.6,29.75
2017-05-31,30.7,25.5,27.2,27.76,30.03
2017-06-01,29.9,24.5,26.9,26.7,28.38
2017-06-02,29.9,25.7,27.4,27.0,29.11
2017-06-03,30.9,25.1,27.6,27.43,29.29
2017-06-04,31.1,24.8,27.8,27.55,29.83
2017-06-05,30.3,24.4,27.1,27.44,29.69
2017-06-06,29.8,24.2,27.2,27.51,29.71
2017-06-07,30.3,24.3,27.2,27.48,30.09
2017-06-08,31.1,25.0,27.9,27.39,29.95
2017-06-09,31.6,24.2,27.8,27.86,30.45
2017-06-10,31.8,24.8,27.8,27.92,30.04
2017-06-11,29.8,25.3,27.4,27.86,29.92
2017-06-12,30.2,24.8,27.0,27.4,29.27
2017-06-13,30.1,24.6,26.9,27.62,29.67
2017-06-14,29.7,24.1,26.9,27.48,29.58
2017-06-15,30.4,24.8,26.9,27.23,28.65
2017-06-16,30.5,24.1,27.0,27.25,29.2
2017-06-17,31.1,25.1,27.4,27.21,29.4
2017-06-18,30.0,24.3,26.9,27.5,30.13
2017-06-19,30.3,23.5,27.0,27.26,29.59
2017-06-20,30.2,24.1,27.2,27.0,28.87
2017-06-21,29.6,24.3,26.9,26.97,29.12
2017-06-22,29.3,24.2,26.7,27.02,28.6
2017-06-23,29.6,24.5,26.6,27.06,29.04
2017-06-24,27.5,24.6,26.1,26.24,26.92
2017-06-25,30.3,23.6,26.1,26.82,28.89
2017-06-26,28.1,23.9,25.6,26.77,28.38
2017-06-27,29.7,23.7,26.2,26.87,28.58
2017-06-28,30.3,23.8,26.8,27.11,29.12
2017-06-29,29.8,23.6,26.6,27.22,29.01
2017-06-30,28.5,23.9,25.7,26.84,28.39
2017-07-01,30.3,23.8,26.7,27.14,29.15
2017-07-02,30.8,24.7,27.3,27.25,29.43
2017-07-03,30.4,24.8,27.1,27.15,29.1
2017-07-04,30.9,24.2,27.2,27.39,29.5
2017-07-05,30.6,24.1,27.0,27.52,29.61
2017-07-06,29.2,23.6,26.5,26.84,28.36
2017-07-07,30.6,23.7,27.1,26.82,28.87
2017-07-08,30.7,24.8,27.2,27.38,29.68
2017-07-09,29.3,24.5,26.8,27.58,29.74
2017-07-10,28.3,23.8,26.0,26.94,28.53
2017-07-11,28.8,24.1,26.5,26.94,29.18
2017-07-12,29.4,24.2,26.5,27.18,29.19
2017-07-13,29.6,24.4,26.9,27.34,29.13
2017-07-14,30.1,23.9,27.0,26.83,28.35
2017-07-15,29.2,25.1,26.4,26.83,28.49
2017-07-16,29.9,23.4,26.6,26.8,29.2
2017-07-17,30.5,22.3,26.4,26.06,28.77
2017-07-18,29.7,24.8,26.6,26.48,28.71
2017-07-19,30.8,24.1,26.8,26.76,29.15
2017-07-20,29.4,23.8,26.5,27.14,29.48
2017-07-21,29.2,24.1,26.5,26.94,29.06
2017-07-22,30.2,24.5,27.1,27.19,29.66
2017-07-23,30.6,24.5,26.8,27.28,29.46
2017-07-24,29.6,24.2,26.9,27.18,29.41
2017-07-25,30.7,24.3,27.3,26.54,29.35
2017-07-26,31.1,22.7,26.6,26.29,29.39
2017-07-27,30.3,23.5,27.0,26.85,29.62
2017-07-28,30.6,24.4,27.1,27.19,29.7
2017-07-29,29.8,24.3,26.4,27.4,29.63
2017-07-30,31.0,24.1,27.1,27.41,29.99
2017-07-31,31.0,24.6,27.4,27.79,30.34
2017-08-01,31.2,23.4,26.8,26.79,29.57
2017-08-02,31.0,21.3,26.4,26.46,29.7
2017-08-03,30.6,23.3,26.8,26.85,29.79
2017-08-04,30.3,23.9,27.0,26.61,29.36
2017-08-05,30.3,23.5,27.1,26.64,29.4
2017-08-06,30.6,24.0,26.9,26.8,29.56
2017-08-07,30.5,24.3,27.0,26.37,28.54
2017-08-08,30.2,23.8,27.4,26.94,29.65
2017-08-09,30.4,25.5,27.3,27.41,29.94
2017-08-10,29.6,23.6,26.7,27.34,29.65
2017-08-11,29.5,24.3,27.0,27.18,29.81
2017-08-12,29.4,24.9,26.8,26.91,29.59
2017-08-13,29.4,24.0,26.5,27.08,29.58
2017-08-14,29.7,24.0,26.8,27.03,28.71
2017-08-15,30.2,22.9,26.8,27.0,29.68
2017-08-16,30.2,23.9,26.7,26.05,29.01
2017-08-17,29.9,23.0,26.7,26.62,29.28
2017-08-18,30.9,24.7,27.4,26.64,29.31
2017-08-19,31.4,24.1,27.6,27.13,29.75
2017-08-20,30.9,25.2,27.8,27.39,30.11
2017-08-21,31.0,24.7,27.6,27.16,29.76
2017-08-22,30.7,24.2,27.2,26.89,29.86
2017-08-23,31.3,24.3,27.4,26.84,29.45
2017-08-24,31.5,24.6,27.7,27.13,30.05
2017-08-25,30.5,25.1,27.6,27.13,29.4
2017-08-26,32.1,25.5,28.0,26.8,29.56
2017-08-27,31.7,23.4,27.0,26.45,29.65
2017-08-28,31.9,23.5,27.4,26.65,30.06
2017-08-29,30.3,24.7,26.9,26.95,29.86
2017-08-30,29.9,24.1,27.1,27.06,29.61
2017-08-31,29.7,25.2,27.4,27.22,30.18
2017-09-01,29.5,24.9,27.1,27.13,30.19
2017-09-02,31.2,25.0,27.3,26.79,29.56
2017-09-03,31.0,23.3,27.2,26.88,29.98
2017-09-04,31.5,24.5,27.8,27.26,30.38
2017-09-05,30.9,25.3,27.6,27.43,29.89
2017-09-06,30.2,24.3,27.3,27.31,30.2
2017-09-07,30.8,25.1,27.4,27.12,29.73
2017-09-08,31.9,24.3,27.7,27.39,30.82
2017-09-09,30.7,24.7,27.8,27.59,30.39
2017-09-10,30.7,24.7,27.4,28.01,30.94
2017-09-11,31.2,24.8,27.7,27.75,30.66
2017-09-12,30.5,24.3,27.1,27.41,30.65
2017-09-13,30.4,22.8,26.8,27.04,29.3
2017-09-14,31.2,24.5,27.6,27.69,31.06
2017-09-15,31.8,25.1,28.1,27.94,31.18
2017-09-16,32.0,25.4,28.4,28.03,31.29
2017-09-17,31.9,25.8,28.4,28.25,31.77
2017-09-18,32.0,24.6,27.9,27.79,30.86
2017-09-19,31.4,25.1,27.9,27.57,30.65
2017-09-20,30.0,24.3,26.8,27.41,30.82
2017-09-21,29.8,24.1,27.1,27.32,30.21
2017-09-22,31.2,23.5,27.4,27.75,30.84
2017-09-23,31.0,24.7,27.8,28.05,31.09
2017-09-24,29.1,26.1,27.1,28.08,29.64
2017-09-25,30.4,25.0,27.3,27.51,29.53
2017-09-26,30.5,24.6,27.1,27.53,29.64
2017-09-27,25.8,24.0,24.9,26.51,27.72
2017-09-28,29.9,24.1,26.8,27.39,30.17
2017-09-29,29.9,24.6,26.9,27.73,30.23
2017-09-30,30.4,25.0,27.4,27.85,30.37
2017-10-01,30.6,24.7,27.0,27.65,29.78
2017-10-02,30.1,23.8,26.5,27.44,29.6
2017-10-03,30.0,24.1,26.5,27.78,30.28
2017-10-04,30.2,24.3,26.8,27.97,30.61
2017-10-05,31.2,24.4,27.6,27.91,30.52
2017-10-06,31.0,25.0,27.6,27.85,29.97
2017-10-07,30.8,24.8,27.5,28.01,30.51
2017-10-08,29.7,24.9,27.0,27.9,30.14
2017-10-09,30.1,25.1,26.9,28.15,30.5
2017-10-10,30.2,24.5,27.4,28.19,30.46
2017-10-11,31.1,25.3,27.7,28.3,30.22
2017-10-12,30.3,24.8,27.1,28.2,30.3
2017-10-13,31.7,24.2,27.7,28.36,31.08
2017-10-14,31.5,24.8,28.0,28.57,31.01
2017-10-15,31.3,24.9,27.9,28.88,31.68
2017-10-16,31.9,25.4,27.5,27.97,29.47
2017-10-17,31.2,25.6,27.8,27.63,29.59
2017-10-18,31.2,24.8,27.0,27.81,29.59
2017-10-19,29.9,24.6,26.7,27.84,29.96
2017-10-20,31.1,24.6,27.3,27.5,28.98
2017-10-21,31.3,25.2,28.2,28.3,30.58
2017-10-22,30.7,25.2,27.8,28.72,30.59
2017-10-23,30.9,24.9,27.1,28.07,29.72
2017-10-24,31.3,23.6,27.5,28.31,30.94
2017-10-25,30.7,24.7,27.5,27.86,30.15
2017-10-26,31.2,25.6,27.9,28.23,30.38
2017-10-27,30.8,24.4,27.4,27.67,29.73
2017-10-28,29.3,24.8,26.7,27.66,28.83
2017-10-29,30.5,25.1,27.0,28.28,30.08
2017-10-30,30.8,24.8,27.8,28.51,30.62
2017-10-31,30.8,25.3,27.5,28.66,31.37
2017-11-01,31.1,24.9,28.0,28.43,31.53
2017-11-02,31.1,25.3,28.2,28.75,30.98
2017-11-03,31.4,24.8,28.0,28.4,30.8
2017-11-04,31.1,24.8,27.4,28.62,30.93
2017-11-05,30.9,24.8,27.3,28.66,31.21
2017-11-06,31.0,25.3,26.9,28.3,30.33
2017-11-07,28.3,25.0,26.2,27.83,29.09
2017-11-08,29.6,24.3,26.7,28.21,30.08
2017-11-09,30.5,24.8,26.7,28.34,30.8
2017-11-10,31.4,24.3,27.4,27.86,30.04
2017-11-11,31.9,24.9,27.7,28.34,30.72
2017-11-12,31.2,25.0,27.4,27.87,30.0
2017-11-13,30.2,25.1,27.1,27.78,30.21
2017-11-14,31.0,24.6,26.9,27.93,30.03
2017-11-15,29.5,24.4,26.9,27.94,29.98
2017-11-16,29.4,24.5,26.2,27.8,29.96
2017-11-17,31.2,23.9,26.7,27.79,30.21
2017-11-18,29.8,24.8,26.7,27.09,28.85
2017-11-19,28.9,24.7,26.8,27.5,29.18
2017-11-20,32.4,24.7,27.8,27.54,30.07
2017-11-21,30.9,25.1,27.4,27.66,30.28
2017-11-22,30.3,25.0,27.0,27.48,29.31
2017-11-23,30.9,24.6,27.7,28.35,31.69
2017-11-24,31.7,24.9,28.1,28.26,31.56
2017-11-25,30.3,25.6,27.8,28.09,30.81
2017-11-26,29.5,25.3,26.9,27.58,29.51
2017-11-27,28.8,25.2,26.8,27.75,29.41
2017-11-28,30.1,25.4,27.0,27.29,29.09
2017-11-29,30.5,24.8,27.0,27.56,29.62
2017-11-30,29.4,24.0,25.8,27.57,29.4
2017-12-01,31.1,24.1,27.0,27.68,29.75
2017-12-02,31.2,24.2,27.3,27.95,30.98
2017-12-03,32.4,24.5,27.9,27.89,30.6
2017-12-04,31.8,25.4,27.7,27.22,29.14
2017-12-05,32.3,25.0,28.2,27.62,30.21
2017-12-06,32.1,24.4,28.1,28.12,31.45
2017-12-07,30.7,24.6,27.6,27.86,30.81
2017-12-08,30.9,25.5,27.9,27.03,28.36
2017-12-09,30.3,25.1,27.3,27.21,29.33
2017-12-10,30.0,25.3,27.0,27.28,28.98
2017-12-11,30.4,25.3,26.9,26.91,29.04
2017-12-12,30.3,24.4,26.3,27.03,29.24
2017-12-13,28.0,24.4,25.7,26.37,28.15
2017-12-14,29.2,23.9,26.1,26.88,29.5
2017-12-15,29.6,24.2,26.4,26.71,28.34
2017-12-16,29.0,24.4,25.9,26.26,27.69
2017-12-17,28.6,24.2,25.7,26.13,27.7
2017-12-18,28.7,23.8,26.2,26.3,27.47
2017-12-19,27.8,24.1,25.8,26.53,27.45
2017-12-20,27.4,24.1,25.1,26.65,27.92
2017-12-21,27.4,24.0,25.6,26.91,28.35
2017-12-22,28.6,24.1,26.2,26.86,28.69
2017-12-23,30.6,24.3,26.5,27.47,30.49
2017-12-24,31.2,24.4,27.5,27.42,30.67
2017-12-25,31.4,24.5,27.7,27.45,30.84
2017-12-26,29.6,24.4,27.1,27.12,29.82
2017-12-27,29.7,24.7,26.6,26.85,28.28
2017-12-28,29.8,25.0,27.1,27.09,29.42
2017-12-29,29.5,24.5,26.7,27.3,29.47
2017-12-30,30.3,24.9,27.1,27.37,29.14
2017-12-31,31.4,24.6,27.4,27.78,30.32
2018-01-01,31.6,23.9,27.4,27.62,30.32
2018-01-02,31.5,24.9,27.6,27.66,29.95
2018-01-03,31.0,24.3,27.2,28.04,30.56
2018-01-04,30.8,25.5,27.4,27.28,28.62
2018-01-05,30.4,25.0,26.7,27.2,29.26
2018-01-06,29.7,24.4,26.6,27.26,29.87
2018-01-07,28.6,25.1,26.7,27.19,29.51
2018-01-08,29.5,24.1,26.4,27.3,29.28
2018-01-09,28.5,24.0,26.2,27.11,28.83
2018-01-10,30.4,23.7,26.8,27.21,29.36
2018-01-11,30.7,24.5,27.0,26.94,29.38
2018-01-12,29.3,24.1,26.9,26.95,28.63
2018-01-13,29.0,24.3,26.6,27.05,28.72
2018-01-14,28.3,23.9,25.6,26.52,28.26
2018-01-15,27.6,23.6,25.3,26.78,29.03
2018-01-16,28.2,23.7,25.6,26.5,28.1
2018-01-17,28.7,24.0,26.2,26.85,28.91
2018-01-18,27.2,23.8,25.1,26.47,27.85
2018-01-19,28.3,23.9,25.8,26.58,28.25
2018-01-20,29.2,24.1,26.1,26.76,28.8
2018-01-21,29.1,24.4,26.6,26.86,28.6
2018-01-22,27.4,24.6,25.6,26.52,27.78
2018-01-23,29.3,23.9,26.1,26.63,28.01
2018-01-24,29.8,24.8,26.7,26.8,28.7
2018-01-25,29.3,24.6,26.5,26.77,28.15
2018-01-26,29.2,24.1,26.4,26.84,28.36
2018-01-27,29.6,24.5,26.9,27.18,28.96
2018-01-28,27.5,24.2,25.7,26.89,28.16
2018-01-29,29.0,23.8,25.7,26.51,28.03
2018-01-30,28.5,23.8,25.6,27.05,29.11
2018-01-31,29.7,24.1,26.3,27.06,28.78
2018-02-01,29.5,23.3,26.2,26.99,28.5
2018-02-02,29.7,24.4,26.8,27.07,28.56
2018-02-03,28.8,24.1,26.4,26.79,28.0
2018-02-04,27.3,23.9,25.6,26.98,28.03
2018-02-05,26.0,23.4,24.8,25.94,27.01
2018-02-06,27.2,23.8,25.3,26.07,27.47
2018-02-07,28.1,23.5,25.6,25.96,26.97
2018-02-08,28.3,24.0,25.5,26.02,27.32
2018-02-09,28.4,23.4,25.6,26.43,28.22
2018-02-10,29.8,24.1,26.2,26.62,28.51
2018-02-11,28.3,23.4,25.7,26.48,27.88
2018-02-12,28.3,23.5,25.7,26.14,27.13
2018-02-13,28.4,23.8,26.0,26.46,27.85
2018-02-14,28.7,24.0,25.8,26.34,27.66
2018-02-15,27.4,23.6,24.7,26.21,27.46
2018-02-16,29.3,23.3,26.0,26.63,28.8
2018-02-17,29.3,24.3,26.4,26.86,28.75
2018-02-18,28.8,24.3,26.4,26.3,27.67
2018-02-19,29.5,24.3,26.6,26.7,28.68
2018-02-20,29.0,24.7,26.4,27.05,29.28
2018-02-21,29.5,24.2,26.1,27.14,29.1
2018-02-22,28.2,23.6,26.2,26.9,28.92
2018-02-23,28.4,24.3,26.1,26.82,28.84
2018-02-24,29.4,23.6,26.7,26.57,28.45
2018-02-25,28.7,24.4,26.4,27.06,28.72
2018-02-26,28.1,23.7,25.8,26.34,27.42
2018-02-27,28.9,23.7,26.3,27.17,29.32
2018-02-28,28.3,23.6,25.9,26.78,27.8
2018-03-01,29.2,24.3,26.2,27.03,29.09
2018-03-02,29.9,23.5,26.5,27.61,30.09
2018-03-03,29.8,24.4,26.4,27.77,29.61
2018-03-04,29.8,24.3,27.0,27.67,29.37
2018-03-05,29.2,24.2,26.0,27.02,28.65
2018-03-06,28.6,24.5,26.5,27.49,29.77
2018-03-07,30.4,24.5,26.7,27.17,29.05
2018-03-08,29.0,24.0,26.3,26.88,28.61
2018-03-09,30.0,24.5,26.8,27.29,29.43
2018-03-10,29.2,23.8,26.4,27.16,28.64
2018-03-11,29.0,24.1,26.1,27.34,29.21
2018-03-12,29.3,24.0,26.1,26.73,27.93
2018-03-13,28.5,23.9,26.4,27.23,29.25
2018-03-14,30.4,24.2,27.1,27.25,29.36
2018-03-15,31.7,24.0,27.7,27.88,30.93
2018-03-16,29.9,24.5,27.0,27.88,30.36
2018-03-17,29.2,24.0,26.3,27.27,29.14
2018-03-18,30.3,23.8,26.9,27.47,29.22
2018-03-19,29.8,24.1,26.7,27.72,29.71
2018-03-20,30.5,24.2,27.2,27.65,29.48
2018-03-21,28.3,25.0,26.4,27.12,28.8
2018-03-22,29.0,24.4,26.5,27.28,28.8
2018-03-23,29.9,24.4,26.9,27.52,29.95
2018-03-24,29.4,24.4,25.9,27.51,30.39
2018-03-25,31.1,23.8,26.6,27.11,29.52
2018-03-26,29.4,24.5,26.3,26.86,28.9
2018-03-27,29.7,24.6,26.4,26.98,29.53
2018-03-28,30.4,23.8,26.9,27.85,30.95
2018-03-29,30.8,23.7,27.1,28.01,31.25
2018-03-30,31.6,23.8,27.5,27.74,30.81
2018-03-31,30.6,25.3,27.5,27.31,28.97
2018-04-01,30.2,25.1,27.1,27.51,29.9
2018-04-02,29.3,24.2,26.4,27.07,28.81
2018-04-03,29.6,24.3,26.7,27.21,28.84
2018-04-04,30.1,23.8,26.7,27.65,29.65
2018-04-05,30.2,24.3,27.0,28.21,30.45
2018-04-06,30.6,24.0,26.9,27.92,29.89
2018-04-07,30.2,25.4,26.9,27.79,29.94
2018-04-08,28.8,23.7,25.7,27.15,28.95
2018-04-09,29.3,23.5,26.3,27.29,29.01
2018-04-10,30.8,24.0,27.3,27.74,30.0
2018-04-11,31.2,23.6,27.6,27.91,29.95
2018-04-12,28.5,25.0,26.9,28.04,30.2
2018-04-13,31.1,24.9,27.4,28.25,30.69
2018-04-14,30.6,25.1,27.5,28.13,29.9
2018-04-15,31.0,24.6,27.3,28.25,30.56
2018-04-16,30.4,24.9,27.5,28.21,30.53
2018-04-17,29.9,25.1,26.9,27.66,28.79
2018-04-18,30.4,24.3,27.2,28.08,30.36
2018-04-19,29.9,24.8,27.3,28.23,29.82
2018-04-20,29.4,24.8,26.9,28.32,30.16
2018-04-21,30.3,24.4,27.0,28.38,30.58
2018-04-22,30.3,24.4,26.9,28.24,30.63
2018-04-23,27.0,24.4,25.7,27.23,28.37
2018-04-24,27.9,24.3,26.3,27.42,28.76
2018-04-25,28.1,24.0,25.7,27.81,29.84
2018-04-26,28.2,23.8,25.7,27.36,28.84
2018-04-27,30.4,24.1,26.6,28.05,30.32
2018-04-28,31.0,23.9,27.0,28.22,30.33
2018-04-29,30.8,24.5,27.7,28.33,30.5
2018-04-30,31.8,23.2,27.5,27.76,30.36
2018-05-01,31.3,23.8,27.4,27.71,30.39
2018-05-02,31.2,23.2,27.2,27.72,30.57
2018-05-03,30.2,24.0,26.9,27.83,30.37
2018-05-04,30.4,24.5,27.2,28.08,30.48
2018-05-05,31.2,24.8,27.8,28.08,30.31
2018-05-06,31.0,25.4,28.0,28.06,30.54
2018-05-07,31.9,24.6,27.9,28.04,30.55
2018-05-08,31.1,23.7,27.4,27.86,30.43
2018-05-09,31.5,24.5,27.6,27.93,30.31
2018-05-10,31.3,23.9,27.6,27.69,30.18
2018-05-11,30.6,24.2,27.5,27.67,30.09
2018-05-12,31.3,23.4,27.5,27.97,30.69
2018-05-13,31.8,24.4,28.0,27.87,30.05
2018-05-14,31.7,24.5,28.0,28.04,30.63
2018-05-15,31.3,25.1,27.8,27.95,30.23
2018-05-16,31.4,25.3,27.2,27.82,29.59
2018-05-17,29.4,24.3,26.8,27.49,28.88
2018-05-18,30.5,25.0,27.0,27.51,29.32
2018-05-19,29.0,24.5,26.2,27.42,29.28
2018-05-20,29.1,24.1,26.4,27.58,29.85
2018-05-21,31.0,23.9,27.1,27.49,29.36
2018-05-22,31.5,25.1,27.6,27.91,29.9
2018-05-23,29.0,24.5,26.4,27.82,29.48
2018-05-24,29.5,24.4,26.6,27.36,28.84
2018-05-25,29.1,24.9,26.9,27.55,29.75
2018-05-26,30.6,24.5,27.1,27.8,29.67
2018-05-27,30.5,24.8,27.1,27.79,29.4
2018-05-28,29.9,25.0,27.2,28.19,30.28
2018-05-29,30.5,24.3,27.4,27.96,30.31
2018-05-30,30.0,24.6,27.2,28.32,30.48
2018-05-31,30.3,24.5,27.4,28.56,31.1
2018-06-01,30.8,23.7,27.1,28.0,30.19
2018-06-02,29.9,24.6,27.2,27.31,29.33
2018-06-03,30.3,24.9,27.4,27.56,29.95
2018-06-04,30.2,24.7,27.5,27.66,29.89
2018-06-05,29.8,24.8,27.2,27.62,29.96
2018-06-06,29.9,24.2,27.2,27.79,29.89
2018-06-07,30.6,24.8,27.3,27.64,29.8
2018-06-08,30.4,24.8,27.2,27.72,29.53
2018-06-09,30.6,24.2,27.5,28.15,30.42
2018-06-10,30.5,24.3,27.4,28.26,30.44
2018-06-11,31.4,24.5,27.7,28.1,30.47
2018-06-12,31.7,24.3,27.5,28.07,29.73
2018-06-13,31.6,23.9,27.5,28.1,30.32
2018-06-14,30.7,24.7,27.6,28.1,30.39
2018-06-15,30.2,24.9,27.1,28.31,30.55
2018-06-16,30.9,25.0,27.6,27.64,30.04
2018-06-17,31.7,24.5,27.7,27.51,29.71
2018-06-18,30.8,25.0,27.4,27.35,29.89
2018-06-19,30.7,22.4,27.0,27.65,30.53
2018-06-20,32.2,23.8,27.8,27.72,30.15
2018-06-21,31.0,25.4,27.9,27.35,29.32
2018-06-22,30.8,24.6,27.1,27.54,29.87
2018-06-23,30.6,24.2,26.8,27.03,28.49
2018-06-24,30.0,24.2,26.2,26.69,28.31
2018-06-25,26.4,23.1,24.7,25.94,26.94
2018-06-26,29.6,23.7,25.9,25.94,28.11
2018-06-27,30.3,23.4,26.5,26.75,29.04
2018-06-28,29.7,24.3,26.6,26.52,28.85
2018-06-29,29.9,23.3,26.5,26.7,28.53
2018-06-30,29.9,23.6,26.6,26.77,29.39
2018-07-01,30.2,23.6,26.7,26.87,29.37
2018-07-02,30.2,22.4,26.5,26.77,29.44
2018-07-03,29.8,22.6,26.4,26.66,29.28
2018-07-04,29.9,24.0,27.0,27.24,29.87
2018-07-05,30.4,23.5,26.9,26.73,29.8
2018-07-06,30.2,20.2,25.4,25.8,29.44
2018-07-07,30.0,20.1,25.5,25.89,28.99
2018-07-08,30.8,22.5,26.5,26.74,29.47
2018-07-09,30.8,23.4,27.0,27.16,29.79
2018-07-10,29.7,24.3,26.9,27.13,30.08
2018-07-11,30.1,23.9,26.7,27.36,29.79
2018-07-12,30.3,23.8,26.8,26.11,29.04
2018-07-13,29.7,22.3,26.4,26.48,29.53
2018-07-14,29.4,23.6,26.2,26.74,29.29
2018-07-15,30.2,23.0,26.2,27.13,30.13
2018-07-16,29.9,23.2,26.2,26.67,29.26
2018-07-17,30.0,23.4,26.4,26.32,28.92
2018-07-18,30.0,22.9,26.6,26.68,29.63
2018-07-19,30.4,23.9,27.1,26.73,29.3
2018-07-20,30.4,24.3,27.2,26.79,29.39
2018-07-21,30.1,25.4,27.4,27.08,29.45
2018-07-22,30.9,24.4,27.1,27.36,29.9
2018-07-23,30.4,24.0,27.1,27.29,29.91
2018-07-24,30.3,23.8,27.0,27.34,29.87
2018-07-25,30.3,23.7,26.8,26.96,29.35
2018-07-26,29.3,24.0,26.7,26.75,29.61
2018-07-27,30.3,22.3,26.5,26.33,29.55
2018-07-28,29.7,22.1,26.1,26.18,29.27
2018-07-29,29.8,22.6,26.2,26.46,29.06
2018-07-30,29.4,22.6,25.9,25.92,28.79
2018-07-31,29.9,22.9,26.5,26.43,29.64
2018-08-01,29.7,23.6,26.6,26.71,29.77
2018-08-02,28.9,23.6,26.2,26.71,29.92
2018-08-03,30.3,22.4,26.2,25.95,29.28
2018-08-04,29.7,21.9,25.8,25.65,28.85
2018-08-05,30.0,22.5,26.0,26.12,29.34
2018-08-06,29.3,22.4,25.8,25.79,28.82
2018-08-07,29.1,23.3,26.3,26.33,29.04
2018-08-08,30.1,23.0,26.5,26.67,29.53
2018-08-09,29.5,23.4,26.9,27.09,29.68
2018-08-10,30.2,24.9,27.2,27.14,29.82
2018-08-11,30.1,23.5,26.9,26.96,29.74
2018-08-12,29.5,24.3,27.2,27.0,29.74
2018-08-13,30.9,24.4,27.3,26.98,29.89
2018-08-14,30.6,24.1,27.1,27.19,30.1
2018-08-15,30.3,23.9,27.2,26.8,29.98
2018-08-16,31.1,23.6,27.0,26.5,29.6
2018-08-17,29.9,23.7,26.8,26.65,29.86
2018-08-18,29.4,22.1,26.2,26.28,29.14
2018-08-19,31.1,22.2,26.3,26.2,29.79
2018-08-20,30.8,23.3,26.9,26.57,29.76
2018-08-21,30.0,23.8,27.2,27.03,30.23
2018-08-22,30.5,25.0,27.7,27.38,30.39
2018-08-23,29.9,24.7,27.3,27.48,30.23
2018-08-24,30.2,24.7,27.2,27.41,29.87
2018-08-25,30.4,24.7,27.4,26.91,30.03
2018-08-26,30.8,24.0,27.4,26.95,29.77
2018-08-27,31.3,24.1,27.5,27.39,30.43
2018-08-28,30.9,24.0,27.5,27.44,30.57
2018-08-29,30.2,24.7,27.3,27.42,30.29
2018-08-30,30.8,23.9,27.3,27.26,30.49
2018-08-31,30.6,24.1,27.3,27.3,30.2
2018-09-01,29.2,23.7,26.5,27.09,29.47
2018-09-02,30.0,24.0,26.4,27.5,30.1
2018-09-03,30.2,24.2,26.7,27.52,30.66
2018-09-04,30.8,23.4,26.6,27.1,30.56
2018-09-05,30.7,23.7,26.9,27.37,30.44
2018-09-06,31.0,24.1,26.9,27.51,30.63
2018-09-07,31.2,23.6,27.3,27.51,30.35
2018-09-08,31.1,24.2,27.3,27.73,30.84
2018-09-09,31.2,23.8,27.1,27.61,31.05
2018-09-10,31.6,23.6,27.3,27.75,31.39
2018-09-11,31.4,24.1,27.6,27.7,30.82
2018-09-12,31.7,23.7,27.2,27.67,30.68
2018-09-13,30.5,22.8,26.7,27.88,31.38
2018-09-14,30.8,22.9,26.9,27.68,30.87
2018-09-15,30.5,24.2,27.0,27.29,30.5
2018-09-16,30.6,23.0,26.6,27.46,30.98
2018-09-17,32.1,22.9,26.9,27.57,31.72
2018-09-18,32.1,23.9,27.6,27.9,31.55
2018-09-19,29.8,24.7,26.9,27.42,30.11
2018-09-20,29.3,25.1,27.1,27.41,29.84
2018-09-21,28.2,24.3,26.3,27.64,30.81
2018-09-22,30.4,24.7,27.4,27.76,31.2
2018-09-23,31.2,24.6,27.5,27.95,31.3
2018-09-24,31.4,23.0,27.2,27.65,31.37
2018-09-25,30.9,23.1,27.5,27.91,31.6
2018-09-26,30.8,23.2,27.2,28.0,31.49
2018-09-27,31.1,24.1,27.3,28.31,31.7
2018-09-28,31.0,23.7,27.4,28.09,31.51
2018-09-29,31.2,24.3,27.5,27.81,31.64
2018-09-30,31.3,24.4,27.8,28.23,31.77
2018-10-01,30.9,25.1,27.9,28.54,32.19
2018-10-02,30.9,25.0,27.9,28.63,32.38
2018-10-03,30.7,24.4,27.6,28.58,32.22
2018-10-04,32.1,25.4,28.2,28.71,32.3
2018-10-05,31.9,25.1,28.1,28.55,32.17
2018-10-06,30.8,25.1,28.2,28.69,32.61
2018-10-07,32.1,24.4,28.0,28.92,32.95
2018-10-08,32.1,24.7,28.3,28.85,32.73
2018-10-09,32.2,24.6,28.1,28.61,32.33
2018-10-10,31.7,25.0,28.3,29.05,32.52
2018-10-11,31.1,25.2,28.1,29.2,32.87
2018-10-12,30.8,24.2,27.7,28.71,31.46
2018-10-13,31.3,25.3,28.4,28.33,30.24
2018-10-14,30.7,25.5,27.8,28.53,30.79
2018-10-15,30.5,24.8,27.5,28.38,31.77
2018-10-16,31.4,24.4,27.8,28.74,32.0
2018-10-17,31.5,24.3,28.0,29.05,32.75
2018-10-18,31.9,24.3,27.7,28.66,31.82
2018-10-19,30.8,24.2,27.6,27.7,29.28
2018-10-20,30.7,24.9,27.5,28.42,31.3
2018-10-21,32.8,25.1,28.3,28.92,32.43
2018-10-22,31.3,24.7,27.8,28.52,31.59
2018-10-23,30.4,23.7,26.5,27.78,29.16
2018-10-24,31.2,24.5,27.7,27.87,29.93
2018-10-25,31.2,24.5,27.8,28.17,31.05
2018-10-26,30.6,24.9,27.8,28.47,30.7
2018-10-27,31.1,24.7,27.0,28.38,30.88
2018-10-28,30.0,24.4,26.9,28.03,29.99
2018-10-29,30.8,24.9,27.2,28.11,30.53
2018-10-30,29.8,24.5,26.6,28.41,29.92
2018-10-31,31.0,24.5,27.1,28.58,31.11
2018-11-01,31.3,25.0,27.9,28.66,31.29
2018-11-02,31.2,24.6,27.6,28.22,30.93
2018-11-03,30.3,25.4,27.2,28.24,29.84
2018-11-04,30.4,25.1,27.4,28.71,30.71
2018-11-05,30.4,24.7,27.3,28.86,31.16
2018-11-06,31.3,24.8,27.5,27.88,29.23
2018-11-07,28.8,24.5,26.6,27.7,28.94
2018-11-08,30.1,24.6,26.6,27.59,29.05
2018-11-09,29.1,24.1,26.2,27.95,29.92
2018-11-10,29.9,24.2,26.6,28.36,31.07
2018-11-11,29.1,24.6,26.5,28.23,29.92
2018-11-12,30.1,24.7,26.9,28.1,29.92
2018-11-13,30.8,25.0,27.6,27.84,29.68
2018-11-14,30.9,25.6,28.0,28.12,31.18
2018-11-15,33.4,24.9,29.1,29.0,32.92
2018-11-16,32.5,24.6,28.9,29.7,33.64
2018-11-17,31.9,25.1,27.9,28.61,31.04
2018-11-18,29.8,24.9,27.1,28.26,29.41
2018-11-19,30.6,24.5,27.3,28.01,29.67
2018-11-20,29.9,24.9,27.2,28.3,30.33
2018-11-21,30.2,24.9,26.8,28.62,30.67
2018-11-22,32.0,24.1,27.5,27.89,29.5
2018-11-23,30.6,24.4,26.7,27.63,29.8
2018-11-24,30.0,24.5,26.9,27.93,29.65
2018-11-25,29.9,23.8,26.5,27.7,29.62
2018-11-26,29.6,24.8,26.6,27.15,28.82
2018-11-27,29.7,24.3,26.7,27.27,28.53
2018-11-28,29.4,24.1,26.7,27.51,28.92
2018-11-29,30.4,24.9,26.8,28.02,29.66
2018-11-30,29.1,24.7,26.6,27.62,29.33
2018-12-01,30.3,24.7,27.1,27.68,29.54
2018-12-02,30.0,24.7,27.1,27.72,29.56
2018-12-03,29.4,24.2,26.3,27.59,29.02
2018-12-04,28.0,24.3,26.0,27.43,29.05
2018-12-05,29.5,24.6,26.5,27.87,29.74
2018-12-06,29.6,24.0,26.2,27.73,29.12
2018-12-07,29.9,24.5,27.1,28.32,30.05
2018-12-08,30.8,24.7,27.4,28.33,30.33
2018-12-09,29.7,24.4,27.1,28.2,30.57
2018-12-10,30.0,25.1,27.2,28.85,30.77
2018-12-11,30.7,24.9,27.6,28.8,30.69
2018-12-12,29.3,25.0,26.7,27.91,29.23
2018-12-13,31.6,24.2,27.4,28.01,30.39
2018-12-14,31.1,24.9,27.2,27.71,29.99
2018-12-15,28.2,24.4,26.0,27.11,28.74
2018-12-16,32.5,24.8,28.2,28.48,32.03
2018-12-17,32.6,25.7,28.8,28.38,31.17
2018-12-18,30.9,24.7,27.6,28.32,30.69
2018-12-19,31.3,23.6,27.4,28.31,31.24
2018-12-20,31.0,24.5,27.5,27.72,30.26
2018-12-21,31.1,24.2,27.6,27.39,30.49
2018-12-22,30.0,24.8,27.2,27.14,28.84
2018-12-23,29.1,25.0,26.6,27.15,29.24
2018-12-24,30.1,25.4,27.1,27.21,29.3
2018-12-25,28.9,24.9,26.1,26.93,29.07
2018-12-26,26.5,23.7,25.0,26.68,29.02
2018-12-27,30.9,24.3,26.9,27.0,29.57
2018-12-28,30.6,24.7,27.5,27.19,30.08
2018-12-29,31.2,25.4,27.8,27.64,30.34
2018-12-30,31.0,26.0,28.0,27.61,30.05
2018-12-31,30.1,25.0,27.4,27.76,30.82
2019-01-01,26.8,24.3,25.4,26.93,28.45
2019-01-02,30.5,24.5,26.7,27.25,30.06
2019-01-03,30.2,24.3,26.4,27.56,30.55
2019-01-04,31.8,23.5,27.5,27.83,31.21
2019-01-05,30.8,24.4,27.5,27.86,30.91
2019-01-06,30.4,24.8,27.7,27.98,30.39
2019-01-07,29.8,24.5,27.1,28.21,30.62
2019-01-08,29.9,24.2,26.9,27.92,30.07
2019-01-09,29.2,24.3,26.6,27.6,29.63
2019-01-10,29.3,24.8,27.1,27.39,29.05
2019-01-11,30.7,25.0,27.6,27.6,29.34
2019-01-12,29.9,24.9,27.4,27.71,29.38
2019-01-13,28.9,25.0,26.4,27.92,29.66
2019-01-14,27.9,24.0,26.0,27.26,28.41
2019-01-15,30.0,24.8,26.9,27.25,29.3
2019-01-16,29.0,24.5,26.5,26.73,27.83
2019-01-17,29.4,24.5,26.4,27.18,29.32
2019-01-18,28.9,25.1,26.6,27.48,29.5
2019-01-19,29.2,24.0,26.6,27.19,28.22
2019-01-20,29.9,24.9,27.1,27.36,29.34
2019-01-21,28.3,24.8,26.2,26.84,28.09
2019-01-22,26.8,24.6,25.4,26.4,27.32
2019-01-23,28.7,23.0,25.9,27.15,28.77
2019-01-24,29.5,24.6,26.6,27.29,28.95
2019-01-25,27.1,23.7,25.3,26.21,27.18
2019-01-26,29.1,24.8,27.0,27.14,28.91
2019-01-27,27.2,24.8,25.9,26.93,28.31
2019-01-28,29.3,24.3,26.7,27.32,29.01
2019-01-29,28.7,24.1,26.4,26.9,28.26
2019-01-30,28.9,23.7,26.0,27.24,28.92
2019-01-31,29.2,24.9,26.9,27.18,29.29
2019-02-01,29.3,24.0,26.4,26.91,28.7
2019-02-02,29.2,24.6,26.8,27.07,28.79
2019-02-03,30.1,24.2,26.9,27.9,30.44
2019-02-04,29.9,24.9,27.1,27.52,29.65
2019-02-05,30.0,25.2,27.3,27.68,30.23
2019-02-06,29.3,24.8,26.7,27.29,29.22
2019-02-07,29.7,24.3,26.7,27.59,29.9
2019-02-08,29.2,24.2,26.5,27.75,29.81
2019-02-09,30.2,24.0,26.9,27.61,29.73
2019-02-10,29.0,24.7,26.7,27.42,29.0
2019-02-11,30.1,24.3,26.4,27.44,29.7
2019-02-12,28.7,24.9,26.4,27.27,29.38
2019-02-13,29.1,24.0,26.7,27.33,28.68
2019-02-14,29.3,23.8,26.7,27.75,29.97
2019-02-15,27.9,24.2,25.9,27.4,28.98
2019-02-16,29.5,23.7,26.3,27.45,29.69
2019-02-17,29.6,23.4,26.2,27.39,29.41
2019-02-18,29.1,24.5,26.3,27.57,29.65
2019-02-19,30.0,24.5,27.1,28.06,30.22
2019-02-20,29.7,23.4,26.7,27.8,29.76
2019-02-21,29.3,24.2,26.3,27.9,29.89
2019-02-22,29.6,24.2,26.5,27.85,29.86
2019-02-23,30.2,23.9,26.6,28.01,30.71
2019-02-24,28.6,24.1,26.5,27.57,29.45
2019-02-25,29.9,24.7,27.0,28.25,30.68
2019-02-26,30.8,24.8,27.7,27.94,29.57
2019-02-27,30.1,25.5,27.3,28.33,30.85
2019-02-28,30.6,24.9,27.2,28.29,30.71
2019-03-01,28.9,24.8,26.5,27.93,29.76
2019-03-02,29.4,24.0,26.4,27.22,28.19
2019-03-03,27.2,24.8,25.7,27.72,29.69
2019-03-04,30.6,23.8,27.3,28.16,30.82
2019-03-05,29.3,24.9,26.5,27.49,28.69
2019-03-06,27.1,23.8,25.4,26.42,27.86
2019-03-07,29.3,23.1,26.1,27.37,29.19
2019-03-08,30.0,23.7,27.2,28.21,30.62
2019-03-09,30.2,23.7,26.8,28.51,30.97
2019-03-10,32.5,24.5,27.6,28.05,31.26
2019-03-11,29.5,24.2,26.5,27.23,29.33
2019-03-12,29.2,24.3,26.5,26.45,28.13
2019-03-13,29.8,24.7,27.2,27.75,29.47
2019-03-14,29.9,25.1,27.3,28.17,30.26
2019-03-15,31.5,25.3,28.0,28.23,30.83
2019-03-16,30.0,24.8,27.1,27.74,30.31
2019-03-17,30.3,24.6,26.8,27.64,30.3
2019-03-18,31.3,24.3,27.0,27.29,30.08
2019-03-19,28.9,24.9,26.6,27.45,29.7
2019-03-20,29.7,24.6,27.0,27.53,30.01
2019-03-21,29.7,25.2,27.0,27.61,30.19
2019-03-22,30.3,25.0,27.1,26.99,28.39
2019-03-23,30.3,24.8,27.1,27.43,28.9
2019-03-24,29.8,25.1,27.0,27.5,29.77
2019-03-25,30.7,25.3,27.3,27.55,29.96
2019-03-26,30.4,24.7,27.2,27.57,29.69
2019-03-27,30.2,24.5,26.7,27.94,30.08
2019-03-28,30.5,24.8,26.7,27.78,29.83
2019-03-29,30.1,24.6,26.9,27.81,30.73
2019-03-30,30.9,24.5,27.1,28.36,30.52
2019-03-31,30.0,24.4,26.8,28.11,30.09
2019-04-01,30.8,24.7,26.7,27.97,29.6
2019-04-02,30.6,24.5,26.9,27.81,30.24
2019-04-03,30.0,24.1,26.8,27.73,30.16
2019-04-04,30.5,24.2,27.2,27.92,29.8
2019-04-05,29.4,24.3,26.7,28.13,29.9
2019-04-06,30.7,25.2,27.4,28.31,30.46
2019-04-07,30.6,24.6,27.1,28.3,30.92
2019-04-08,30.9,24.4,26.9,28.08,29.55
2019-04-09,30.4,24.4,27.4,28.38,30.31
2019-04-10,30.4,24.6,27.7,28.6,31.04
2019-04-11,30.5,24.7,27.5,28.27,30.47
2019-04-12,31.2,24.8,27.3,28.17,30.33
2019-04-13,31.2,24.8,27.4,28.08,30.24
2019-04-14,30.6,24.0,27.1,28.56,31.05
2019-04-15,30.7,25.2,27.0,28.64,30.84
2019-04-16,30.7,24.9,26.8,27.77,28.95
2019-04-17,30.1,24.6,27.2,28.19,30.21
2019-04-18,31.2,25.1,27.4,28.5,30.63
2019-04-19,29.9,24.5,26.5,28.52,30.41
2019-04-20,30.2,24.4,27.0,28.19,29.78
2019-04-21,31.2,24.8,27.7,28.37,29.99
2019-04-22,32.0,25.1,28.3,28.5,30.75
2019-04-23,31.0,25.0,27.8,28.23,30.48
2019-04-24,29.1,24.9,26.6,28.28,30.31
2019-04-25,31.1,25.1,27.4,28.43,30.97
2019-04-26,30.7,24.9,27.2,28.15,30.17
2019-04-27,29.4,25.0,26.4,28.06,29.69
2019-04-28,30.0,24.9,26.8,27.74,28.59
2019-04-29,30.4,24.2,27.1,27.9,29.48
2019-04-30,30.3,25.2,27.1,27.54,28.53
2019-05-01,29.4,24.5,27.0,27.71,29.62
2019-05-02,31.9,24.8,27.8,28.51,31.25
2019-05-03,31.4,24.8,27.8,28.01,29.79
2019-05-04,30.7,24.9,27.4,28.15,29.42
2019-05-05,30.7,24.7,27.1,27.75,28.85
2019-05-06,29.9,24.5,27.2,27.58,29.62
2019-05-07,30.4,25.0,27.6,28.29,30.61
2019-05-08,30.6,24.7,27.3,28.72,30.78
2019-05-09,30.5,24.7,27.1,28.32,30.43
2019-05-10,29.7,24.5,26.6,28.28,30.07
2019-05-11,30.1,24.7,27.3,28.03,29.98
2019-05-12,29.4,24.7,27.0,28.39,30.25
2019-05-13,31.5,24.6,27.3,28.21,30.13
2019-05-14,30.9,24.2,27.0,28.21,29.76
2019-05-15,30.7,25.0,26.8,28.23,30.01
2019-05-16,30.4,24.6,27.0,27.72,28.83
2019-05-17,29.9,24.6,27.2,27.9,29.63
2019-05-18,30.1,24.6,27.3,28.39,30.29
2019-05-19,30.9,24.1,27.5,27.86,30.14
2019-05-20,30.7,24.8,27.6,28.08,30.05
2019-05-21,31.0,24.4,28.0,28.23,30.22
2019-05-22,31.1,24.7,27.8,28.29,30.46
2019-05-23,31.8,24.3,27.8,28.15,30.36
2019-05-24,31.4,24.1,27.7,27.87,29.79
2019-05-25,31.2,24.3,27.8,27.72,30.19
2019-05-26,31.7,24.3,27.8,27.66,30.19
2019-05-27,31.3,25.1,28.0,27.67,30.04
2019-05-28,31.8,25.0,28.3,28.04,30.33
2019-05-29,31.8,24.4,28.1,28.26,30.84
2019-05-30,31.2,24.9,27.7,28.0,30.26
2019-05-31,30.8,24.2,27.5,28.14,30.39
2019-06-01,30.9,24.9,27.9,27.81,30.04
2019-06-02,30.7,24.9,27.8,28.09,30.68
2019-06-03,30.8,24.1,27.3,27.87,29.96
2019-06-04,30.6,24.4,27.4,27.72,30.24
2019-06-05,31.5,25.2,28.0,27.99,30.67
2019-06-06,31.2,24.6,27.7,27.95,30.22
2019-06-07,29.8,25.1,26.7,27.98,29.73
2019-06-08,29.9,24.1,26.8,28.0,29.65
2019-06-09,30.9,24.3,27.3,27.57,29.33
2019-06-10,31.3,23.2,27.3,27.5,29.72
2019-06-11,31.4,24.5,27.8,28.14,30.74
2019-06-12,31.4,25.3,28.2,28.0,30.33
2019-06-13,31.1,25.4,28.3,27.9,30.08
2019-06-14,30.6,25.6,27.6,28.17,30.04
2019-06-15,30.6,25.8,27.9,28.13,29.9
2019-06-16,30.4,24.9,27.4,27.79,29.96
2019-06-17,31.5,24.0,27.4,27.13,29.48
2019-06-18,31.2,24.1,27.2,26.61,29.37
2019-06-19,31.3,22.8,26.9,26.62,29.57
2019-06-20,31.4,24.0,27.3,26.47,29.04
2019-06-21,31.1,23.0,27.0,26.45,29.19
2019-06-22,30.1,22.9,27.0,26.69,28.67
2019-06-23,31.4,24.1,27.2,27.25,28.8
2019-06-24,30.9,23.7,27.2,26.85,29.13
2019-06-25,31.8,24.1,27.2,26.65,29.1
2019-06-26,31.3,22.8,26.8,26.71,29.55
2019-06-27,30.5,24.2,27.4,27.14,29.98
2019-06-28,31.4,24.1,27.6,27.25,29.43
2019-06-29,31.9,24.2,27.6,26.45,29.11
2019-06-30,31.4,23.0,27.3,26.72,29.37
2019-07-01,31.0,23.3,27.2,26.54,29.16
2019-07-02,30.9,24.7,27.5,26.83,29.36
2019-07-03,31.7,24.1,28.0,26.86,29.5
2019-07-04,30.4,24.7,27.3,27.18,29.57
2019-07-05,30.8,24.3,27.2,27.49,29.96
2019-07-06,31.7,24.7,27.8,27.22,29.38
2019-07-07,32.1,25.4,28.1,27.21,29.86
2019-07-08,31.6,24.4,27.4,27.03,29.3
2019-07-09,30.6,23.2,26.6,26.87,29.27
2019-07-10,30.9,23.7,26.9,26.22,28.77
2019-07-11,31.0,22.5,26.8,26.2,28.86
2019-07-12,30.3,22.4,26.6,26.5,29.24
2019-07-13,30.9,23.2,27.0,26.79,29.68
2019-07-14,30.5,23.0,26.8,26.28,29.14
2019-07-15,31.0,23.2,26.7,25.89,28.7
2019-07-16,31.1,22.7,26.7,25.98,29.14
2019-07-17,30.5,23.1,26.4,25.44,28.29
2019-07-18,31.0,21.8,26.4,25.97,28.92
2019-07-19,31.8,23.8,27.9,26.7,29.13
2019-07-20,31.0,25.1,28.0,27.29,30.25
2019-07-21,31.2,25.0,27.8,27.39,29.96
2019-07-22,31.4,25.0,27.5,27.04,29.69
2019-07-23,30.8,22.9,26.9,26.14,29.05
2019-07-24,31.2,24.0,27.2,26.55,29.41
2019-07-25,31.0,22.9,26.9,26.53,29.05
2019-07-26,31.1,23.7,27.1,26.31,29.25
2019-07-27,31.2,23.3,27.2,26.4,28.99
2019-07-28,30.9,23.7,27.5,26.92,29.89
2019-07-29,30.4,23.6,27.0,26.63,29.48
2019-07-30,31.1,23.2,27.1,26.22,29.33
2019-07-31,31.5,23.1,27.2,26.71,29.73
2019-08-01,31.2,24.4,27.3,26.03,29.15
2019-08-02,31.6,24.0,27.3,26.58,29.8
2019-08-03,31.0,23.6,27.3,26.58,29.66
2019-08-04,31.0,23.9,27.3,26.05,29.3
2019-08-05,29.9,24.0,26.8,25.67,28.9
2019-08-06,29.7,22.6,26.4,25.97,28.5
2019-08-07,30.0,22.4,26.2,26.51,28.83
2019-08-08,30.8,23.7,26.7,26.37,29.49
2019-08-09,30.8,23.9,26.9,26.62,29.52
2019-08-10,29.9,22.7,26.7,26.64,29.42
2019-08-11,30.8,23.5,27.2,26.47,29.56
2019-08-12,31.3,23.2,27.4,26.18,28.9
2019-08-13,31.5,24.0,27.4,26.32,29.48
2019-08-14,30.5,23.9,27.2,26.76,29.98
2019-08-15,30.5,23.5,27.3,27.01,30.12
2019-08-16,30.5,24.7,27.4,27.2,29.98
2019-08-17,30.4,24.8,27.4,26.69,29.51
2019-08-18,31.9,24.0,27.2,26.02,29.67
2019-08-19,31.3,22.2,26.7,26.38,29.99
2019-08-20,30.9,22.9,27.0,26.23,29.63
2019-08-21,32.0,24.1,27.7,26.56,30.24
2019-08-22,31.1,24.1,27.0,26.8,30.08
2019-08-23,30.8,23.7,27.2,26.91,29.55
2019-08-24,31.0,23.7,27.2,26.95,30.27
2019-08-25,31.3,23.3,27.3,26.94,30.09
2019-08-26,30.7,23.3,27.3,27.11,30.15
2019-08-27,30.4,24.3,27.3,27.21,30.27
2019-08-28,30.6,24.4,26.5,26.97,29.95
2019-08-29,30.6,23.9,26.9,26.81,29.84
2019-08-30,31.4,23.7,27.1,26.87,30.17
2019-08-31,31.2,22.4,26.8,26.3,29.99
2019-09-01,31.2,22.8,26.8,26.76,30.44
2019-09-02,31.5,23.8,27.5,27.56,30.72
2019-09-03,31.2,24.4,27.6,27.34,30.75
2019-09-04,31.4,24.7,27.6,27.51,30.99
2019-09-05,29.8,24.7,27.0,27.37,30.72
2019-09-06,30.3,23.7,26.9,27.28,30.92
2019-09-07,30.9,23.1,26.9,27.03,30.59
2019-09-08,31.3,24.1,27.3,27.3,30.67
2019-09-09,31.2,23.9,27.4,27.55,31.16
2019-09-10,32.3,25.0,28.1,27.48,31.49
2019-09-11,31.7,22.0,26.7,27.16,31.38
2019-09-12,30.7,22.2,26.6,27.13,31.14
2019-09-13,30.6,23.2,26.9,26.69,30.63
2019-09-14,30.1,22.6,26.7,26.83,30.4
2019-09-15,29.5,23.3,26.5,26.73,30.13
2019-09-16,30.5,23.7,26.8,26.99,30.57
2019-09-17,31.9,23.5,27.4,27.47,31.21
2019-09-18,31.2,24.5,27.8,27.49,31.38
2019-09-19,31.4,24.8,27.6,27.6,31.46
2019-09-20,31.5,24.3,27.5,27.09,31.08
2019-09-21,31.7,23.9,27.6,27.55,31.69
2019-09-22,31.6,24.0,27.6,27.65,31.49
2019-09-23,32.2,24.9,28.1,27.53,31.33
2019-09-24,32.3,24.6,28.1,27.88,31.94
2019-09-25,31.6,24.9,28.0,27.99,31.92
2019-09-26,32.5,25.4,28.3,28.36,32.16
2019-09-27,32.0,24.9,28.4,28.36,32.13
2019-09-28,32.1,25.1,28.4,28.59,32.01
2019-09-29,31.3,24.8,28.0,28.57,32.35
2019-09-30,32.6,25.2,28.2,28.49,32.52
2019-10-01,32.6,23.4,27.9,28.27,32.31
2019-10-02,31.7,24.8,27.9,28.49,32.37
2019-10-03,31.4,25.1,28.0,28.71,32.45
2019-10-04,32.8,25.3,28.4,28.58,32.6
2019-10-05,32.1,24.4,28.2,28.44,32.87
2019-10-06,33.1,24.7,28.4,28.55,32.7
2019-10-07,31.1,24.9,27.8,28.25,31.95
2019-10-08,31.9,25.4,28.2,28.35,32.56
2019-10-09,31.7,24.7,27.9,28.25,31.55
2019-10-10,30.9,24.8,27.4,27.67,30.11
2019-10-11,32.2,24.8,28.0,28.22,31.34
2019-10-12,31.6,24.2,27.6,27.66,30.66
2019-10-13,31.8,23.9,27.8,27.9,31.84
2019-10-14,31.7,25.8,28.4,28.39,31.99
2019-10-15,31.6,25.2,28.3,28.63,32.06
2019-10-16,31.6,25.0,28.4,28.82,31.93
2019-10-17,31.3,24.6,27.8,28.86,32.48
2019-10-18,30.6,24.9,27.6,28.75,32.24
2019-10-19,31.4,24.4,28.0,29.05,32.26
2019-10-20,32.2,25.0,28.4,29.21,32.97
2019-10-21,35.2,23.7,29.2,29.2,33.1
2019-10-22,33.5,24.2,28.8,29.39,34.16
2019-10-23,33.0,24.5,29.0,29.12,33.18
2019-10-24,32.6,25.0,28.9,29.18,33.01
2019-10-25,31.6,25.5,28.6,29.13,32.8
2019-10-26,32.2,25.1,28.7,28.87,32.16
2019-10-27,30.8,25.2,27.6,28.78,32.13
2019-10-28,31.4,24.3,27.6,28.81,31.86
2019-10-29,30.7,24.7,27.6,28.75,32.06
2019-10-30,31.6,24.1,28.1,29.27,32.6
2019-10-31,31.5,24.9,28.5,29.44,32.81
2019-11-01,32.2,25.3,28.1,28.61,31.34
2019-11-02,31.6,24.4,27.6,28.35,30.57
2019-11-03,31.1,24.7,27.7,28.45,31.14
2019-11-04,31.0,25.5,27.9,28.77,31.46
2019-11-05,31.7,26.0,28.1,28.39,31.19
2019-11-06,32.2,25.2,28.3,28.54,31.0
2019-11-07,32.0,24.5,28.1,28.42,31.96
2019-11-08,31.7,23.9,28.1,28.86,32.29
2019-11-09,32.7,24.3,28.6,28.93,32.97
2019-11-10,32.3,26.0,28.9,28.91,32.22
2019-11-11,32.4,25.3,28.9,29.39,32.5
2019-11-12,31.7,26.0,28.5,29.24,31.98
2019-11-13,31.7,25.0,27.6,28.61,31.34
2019-11-14,28.4,25.0,26.4,27.31,29.52
2019-11-15,32.2,24.9,27.9,28.47,32.3
2019-11-16,32.8,24.2,28.4,29.05,32.08
2019-11-17,32.0,25.2,28.6,29.22,32.87
2019-11-18,32.4,24.9,28.5,29.2,33.25
2019-11-19,31.7,25.4,28.1,28.79,32.11
2019-11-20,31.2,25.1,27.6,29.0,32.56
2019-11-21,30.8,24.3,27.0,27.87,29.1
2019-11-22,31.3,24.3,27.6,28.11,29.8
2019-11-23,31.2,24.8,27.8,28.72,30.88
2019-11-24,31.1,24.4,27.8,28.92,31.63
2019-11-25,30.5,24.3,27.3,28.69,30.76
2019-11-26,30.6,23.9,27.4,28.56,30.61
2019-11-27,30.3,24.3,27.7,28.87,31.19
2019-11-28,31.0,24.8,28.1,29.1,31.69
2019-11-29,31.3,25.2,27.9,29.1,31.78
2019-11-30,30.4,24.7,27.2,28.66,30.57
2019-12-01,31.5,24.9,28.0,29.24,31.68
2019-12-02,31.8,25.3,28.4,29.37,32.16
2019-12-03,31.2,25.0,28.1,28.98,31.79
2019-12-04,31.1,25.4,27.8,28.94,31.86
2019-12-05,30.7,24.9,27.4,28.76,31.11
2019-12-06,29.6,24.8,27.2,28.44,30.03
2019-12-07,28.9,24.9,26.2,27.88,30.42
2019-12-08,30.3,24.8,27.1,28.2,30.87
2019-12-09,30.7,24.6,27.2,28.51,30.86
2019-12-10,28.7,24.2,26.7,28.23,29.9
2019-12-11,30.4,24.7,27.1,27.99,29.94
2019-12-12,28.5,24.4,25.8,27.7,29.02
2019-12-13,29.9,23.8,26.9,28.43,31.07
2019-12-14,30.3,24.4,27.3,28.74,31.37
2019-12-15,29.7,25.1,27.3,28.38,30.97
2019-12-16,28.9,24.2,26.5,27.96,29.61
2019-12-17,30.2,23.7,26.2,27.16,28.62
2019-12-18,30.5,24.2,27.0,28.33,30.92
2019-12-19,29.8,24.4,26.8,28.52,30.27
2019-12-20,30.2,24.4,27.5,28.61,30.75
2019-12-21,30.3,24.7,27.1,29.09,31.35
2019-12-22,30.6,24.0,26.8,28.4,30.51
2019-12-23,30.3,24.6,27.3,28.19,29.35
2019-12-24,30.3,24.9,27.5,28.19,30.49
2019-12-25,28.6,25.0,26.4,27.66,29.35
2019-12-26,30.3,24.8,26.6,27.7,29.47
2019-12-27,29.7,24.3,26.1,26.98,27.98
2019-12-28,28.6,24.2,26.2,26.96,28.19
2019-12-29,28.9,24.5,26.5,27.77,29.52
2019-12-30,30.1,25.2,27.4,28.29,30.75
2019-12-31,29.6,24.6,26.6,27.52,28.93
2020-01-01,27.5,24.3,25.7,26.75,27.67
2020-01-02,29.8,24.0,26.6,27.38,29.4
2020-01-03,30.0,25.1,27.1,27.25,28.38
2020-01-04,29.0,23.6,26.4,27.21,28.76
2020-01-05,28.0,24.7,26.0,27.1,28.21
2020-01-06,29.2,23.6,26.0,27.54,29.41
2020-01-07,28.8,24.1,26.3,27.58,29.66
2020-01-08,28.6,24.7,26.5,27.37,28.7
2020-01-09,28.6,24.0,25.5,26.82,28.38
2020-01-10,26.9,24.2,24.9,26.57,28.75
2020-01-11,27.1,24.1,25.5,26.74,28.48
2020-01-12,29.9,24.1,27.0,27.79,30.71
2020-01-13,29.5,24.7,26.8,27.55,29.86
2020-01-14,29.7,24.8,27.0,27.29,29.13
2020-01-15,28.8,23.9,26.6,26.91,28.21
2020-01-16,29.9,24.9,26.7,27.69,30.15
2020-01-17,29.9,24.1,26.9,28.16,30.63
2020-01-18,29.3,24.6,26.7,27.63,28.86
2020-01-19,29.8,24.4,27.1,28.16,30.47
2020-01-20,29.4,24.4,27.0,27.95,30.17
2020-01-21,29.2,24.6,26.7,27.71,29.77
2020-01-22,30.0,25.6,27.3,28.02,30.12
2020-01-23,29.9,25.5,27.3,28.04,30.01
2020-01-24,28.5,25.4,26.7,27.83,29.59
2020-01-25,27.2,24.6,25.7,27.0,27.99
2020-01-26,29.6,24.0,26.6,27.26,29.21
2020-01-27,29.1,24.6,26.5,27.89,30.1
2020-01-28,29.9,24.9,27.2,27.95,29.56
2020-01-29,30.1,25.2,27.3,28.12,30.48
2020-01-30,30.0,24.6,27.5,27.38,29.26
2020-01-31,28.4,24.8,26.6,27.6,29.2
2020-02-01,28.3,23.8,26.0,27.32,28.81
2020-02-02,28.8,23.9,26.1,27.36,29.22
2020-02-03,28.4,25.1,26.3,27.13,28.63
2020-02-04,28.4,24.1,26.2,26.95,27.85
2020-02-05,30.2,25.0,27.0,27.31,29.0
2020-02-06,27.7,24.7,26.1,27.05,28.78
2020-02-07,28.0,24.5,26.1,26.9,28.72
2020-02-08,28.8,24.4,26.2,26.77,28.12
2020-02-09,28.3,24.1,26.0,27.37,29.54
2020-02-10,31.4,24.2,27.2,27.83,30.81
2020-02-11,30.1,24.6,26.8,27.92,29.98
2020-02-12,30.3,24.1,26.9,27.96,30.84
2020-02-13,28.6,24.4,26.4,28.06,29.95
2020-02-14,27.9,25.1,26.4,27.38,29.26
2020-02-15,29.7,24.9,26.9,28.05,30.16
2020-02-16,28.9,24.6,26.1,27.37,28.85
2020-02-17,28.2,24.7,25.9,26.97,28.72
2020-02-18,28.2,24.3,25.8,26.85,28.48
2020-02-19,27.9,23.5,25.5,26.6,27.68
2020-02-20,28.7,23.6,25.9,27.29,28.73
2020-02-21,29.7,24.3,26.8,27.5,28.69
2020-02-22,29.2,24.7,27.0,27.57,28.9
2020-02-23,28.7,24.7,26.7,27.61,29.07
2020-02-24,28.6,25.1,26.7,27.63,28.82
2020-02-25,28.5,24.5,26.4,27.51,28.67
2020-02-26,28.4,25.3,26.7,27.46,29.18
2020-02-27,29.5,25.2,27.1,27.58,28.82
2020-02-28,28.8,24.9,26.7,27.4,28.14
2020-02-29,28.7,25.6,26.9,27.28,28.57
2020-03-01,29.1,24.9,26.6,27.32,28.21
2020-03-02,30.1,24.9,27.4,27.97,29.26
2020-03-03,29.8,25.0,27.4,27.89,29.68
2020-03-04,30.1,25.0,26.9,27.67,29.39
2020-03-05,29.3,24.7,26.5,27.26,29.03
2020-03-06,30.3,24.7,27.5,27.78,29.53
2020-03-07,29.3,24.8,27.1,27.57,29.11
2020-03-08,29.9,25.6,27.3,27.04,28.72
2020-03-09,30.8,25.4,27.8,27.47,29.52
2020-03-10,31.9,25.2,27.8,27.92,30.03
2020-03-11,30.0,25.1,27.3,27.75,29.13
2020-03-12,28.8,24.4,26.2,27.82,29.01
2020-03-13,30.5,23.7,27.1,27.64,29.01
2020-03-14,30.8,25.0,27.6,28.18,30.15
2020-03-15,30.6,25.0,27.2,28.12,29.86
2020-03-16,29.7,24.4,26.4,27.56,29.31
2020-03-17,30.3,24.5,26.9,28.01,29.68
2020-03-18,27.8,24.2,25.8,27.38,28.67
2020-03-19,29.2,24.8,26.5,27.99,30.15
2020-03-20,28.2,24.8,26.2,27.08,28.5
2020-03-21,29.5,24.4,27.0,27.61,29.15
2020-03-22,27.9,23.8,25.8,27.59,28.63
2020-03-23,30.0,24.4,26.7,27.76,29.68
2020-03-24,29.8,24.4,26.6,27.8,29.52
2020-03-25,30.0,24.2,27.1,27.9,29.76
2020-03-26,29.0,24.5,26.6,27.58,28.91
2020-03-27,30.3,24.2,26.7,28.05,30.29
2020-03-28,30.1,24.7,27.4,27.83,29.86
2020-03-29,31.0,24.9,27.1,28.1,30.05
2020-03-30,31.1,24.1,26.7,27.77,29.47
2020-03-31,31.2,24.8,27.0,27.85,30.3
2020-04-01,29.8,25.1,26.7,27.95,29.87
2020-04-02,30.6,25.1,27.1,28.14,30.35
2020-04-03,30.2,25.1,27.3,28.15,30.33
2020-04-04,29.9,25.3,27.4,27.44,28.6
2020-04-05,30.6,25.1,27.1,28.18,30.36
2020-04-06,30.5,24.6,26.7,27.17,28.4
2020-04-07,29.9,24.6,26.8,26.85,28.29
2020-04-08,29.8,25.2,27.4,27.71,29.52
2020-04-09,29.7,25.2,27.3,27.26,28.11
2020-04-10,30.2,25.3,27.4,27.75,30.08
2020-04-11,31.7,24.9,27.5,28.47,31.33
2020-04-12,30.5,24.5,27.4,28.45,30.1
2020-04-13,29.5,24.3,26.8,27.65,28.47
2020-04-14,30.0,24.4,26.9,28.2,30.34
2020-04-15,28.6,24.7,26.4,27.72,29.12
2020-04-16,30.6,24.7,27.3,28.02,29.64
2020-04-17,30.9,25.2,27.5,28.25,29.77
2020-04-18,31.4,24.0,27.1,28.31,30.13
2020-04-19,31.1,24.6,27.9,28.72,30.44
2020-04-20,30.6,25.1,28.0,28.45,29.74
2020-04-21,30.4,25.2,27.7,28.37,29.99
2020-04-22,31.4,24.8,28.1,28.73,30.78
2020-04-23,30.8,25.4,28.0,28.52,29.68
2020-04-24,29.9,24.9,27.0,28.29,29.29
2020-04-25,31.1,24.2,27.4,27.89,29.71
2020-04-26,29.4,24.9,27.0,27.93,29.79
2020-04-27,30.1,24.7,26.3,27.52,28.39
2020-04-28,27.9,24.7,25.9,27.47,28.51
2020-04-29,29.9,24.5,27.0,27.92,29.84
2020-04-30,28.4,24.9,26.6,27.89,29.54
2020-05-01,29.8,24.7,26.8,27.44,28.75
2020-05-02,28.4,24.9,26.3,27.94,30.28
2020-05-03,30.3,24.6,27.1,27.97,29.63
2020-05-04,29.3,25.2,26.6,27.91,29.46
2020-05-05,30.5,24.9,27.3,27.94,29.85
2020-05-06,30.3,24.9,26.9,28.07,30.09
2020-05-07,31.5,25.3,28.2,28.21,30.01
2020-05-08,31.3,24.9,27.7,28.46,30.0
2020-05-09,27.7,25.0,26.3,28.42,30.38
2020-05-10,30.6,24.9,26.9,28.24,30.05
2020-05-11,30.9,24.8,27.4,27.58,28.76
2020-05-12,30.9,25.2,27.9,28.15,30.32
2020-05-13,29.7,24.8,26.9,28.16,29.64
2020-05-14,31.2,24.4,27.9,28.25,29.93
2020-05-15,31.2,24.0,27.8,28.25,30.2
2020-05-16,31.6,24.4,28.1,28.54,30.8
2020-05-17,31.0,25.9,28.2,28.45,30.13
2020-05-18,27.6,25.0,26.3,28.11,29.79
2020-05-19,30.9,24.7,27.4,28.04,29.99
2020-05-20,31.1,25.1,27.2,27.83,29.31
2020-05-21,31.4,24.6,28.0,28.31,30.6
2020-05-22,30.5,25.7,27.8,28.12,29.67
2020-05-23,30.9,24.3,27.5,27.96,29.36
2020-05-24,32.4,24.3,28.1,28.76,31.22
2020-05-25,31.9,25.0,27.7,28.45,30.58
2020-05-26,30.9,24.5,27.4,27.99,29.55
2020-05-27,30.1,24.6,27.0,27.61,28.87
2020-05-28,30.3,24.6,27.5,27.65,29.32
2020-05-29,30.9,24.2,27.5,27.99,29.93
2020-05-30,31.2,25.4,27.5,28.01,29.87
2020-05-31,29.5,24.6,26.9,28.39,31.21
2020-06-01,31.4,24.8,27.4,27.69,28.99
2020-06-02,30.6,24.5,26.8,27.9,29.57
2020-06-03,30.8,24.5,27.1,27.81,29.47
2020-06-04,31.9,24.9,28.1,27.79,29.77
2020-06-05,31.0,24.5,27.4,27.61,29.1
2020-06-06,30.4,24.0,27.4,28.03,30.23
2020-06-07,30.6,24.0,27.1,27.72,29.66
2020-06-08,29.6,24.7,27.1,27.62,29.07
2020-06-09,29.6,24.3,26.7,27.92,29.89
2020-06-10,30.7,24.8,27.5,27.64,29.59
2020-06-11,31.2,24.5,27.4,27.97,29.79
2020-06-12,31.3,23.9,27.0,27.76,29.61
2020-06-13,30.8,24.4,27.3,27.85,29.84
2020-06-14,32.2,23.6,27.9,28.04,30.46
2020-06-15,30.7,25.1,27.5,27.84,29.29
2020-06-16,30.5,25.8,27.4,27.74,29.63
2020-06-17,30.7,23.9,27.4,27.75,29.94
2020-06-18,30.7,24.7,27.2,27.67,29.33
2020-06-19,29.4,24.5,26.3,27.32,28.93
2020-06-20,31.2,24.0,27.3,27.57,30.01
2020-06-21,30.8,23.6,27.1,27.44,29.86
2020-06-22,30.1,24.7,26.6,26.78,28.09
2020-06-23,30.1,24.1,26.5,27.2,29.24
2020-06-24,30.2,23.2,26.6,27.65,29.8
2020-06-25,31.5,23.2,27.1,27.6,29.77
2020-06-26,30.4,24.4,26.8,27.44,29.39
2020-06-27,30.5,23.8,26.8,27.12,29.09
2020-06-28,30.6,23.5,27.2,27.51,29.72
2020-06-29,31.7,24.3,27.7,27.5,29.85
2020-06-30,31.0,23.4,27.3,27.32,29.58
2020-07-01,31.1,23.8,27.2,27.36,29.8
2020-07-02,29.4,24.2,26.4,27.58,29.15
2020-07-03,30.8,24.3,27.0,27.39,29.65
2020-07-04,29.5,24.8,26.7,27.1,29.08
2020-07-05,30.6,23.7,27.0,27.2,29.93
2020-07-06,30.9,24.6,27.4,27.0,29.18
2020-07-07,31.1,24.1,27.3,26.84,28.45
2020-07-08,30.5,23.8,27.1,27.33,29.58
2020-07-09,30.5,24.2,27.2,27.16,29.1
2020-07-10,30.0,23.6,26.8,27.43,29.56
2020-07-11,30.7,23.8,27.2,27.31,29.45
2020-07-12,30.4,24.4,27.4,27.37,29.53
2020-07-13,30.9,24.0,27.3,27.12,28.94
2020-07-14,30.9,24.9,27.3,27.1,29.28
2020-07-15,30.8,23.6,26.9,27.13,29.08
2020-07-16,30.1,25.6,27.4,27.22,29.03
2020-07-17,30.9,25.0,27.3,27.33,29.27
2020-07-18,31.1,23.7,27.1,27.02,29.43
2020-07-19,31.6,24.0,27.3,27.51,29.99
2020-07-20,30.3,24.0,27.1,27.35,29.77
2020-07-21,30.3,24.8,27.0,27.41,29.9
2020-07-22,30.2,24.1,27.0,27.6,30.0
2020-07-23,31.0,24.2,27.2,27.35,29.73
2020-07-24,31.0,24.1,27.2,27.5,29.86
2020-07-25,31.6,23.6,27.6,27.32,29.99
2020-07-26,31.3,23.8,27.0,26.65,29.13
2020-07-27,31.1,22.3,26.3,26.57,29.23
2020-07-28,30.9,22.6,26.7,26.79,29.46
2020-07-29,31.3,22.7,27.2,26.86,29.6
2020-07-30,30.5,23.1,26.9,26.78,29.65
2020-07-31,29.9,23.0,26.5,26.38,28.99
2020-08-01,30.4,22.0,26.4,26.59,29.03
2020-08-02,30.6,23.4,26.8,27.22,29.9
2020-08-03,31.2,24.1,27.5,27.0,29.16
2020-08-04,30.4,25.7,27.5,27.11,29.6
2020-08-05,30.5,24.2,27.5,27.49,30.09
2020-08-06,31.7,25.0,27.8,27.33,29.61
2020-08-07,30.8,24.4,27.5,27.12,29.18
2020-08-08,29.6,24.9,27.1,27.11,29.41
2020-08-09,30.2,24.6,27.1,27.24,29.4
2020-08-10,31.4,24.8,27.6,27.3,29.76
2020-08-11,30.5,25.6,27.2,27.26,29.57
2020-08-12,32.3,25.5,27.9,27.6,30.1
2020-08-13,30.1,24.5,26.3,26.82,27.44
2020-08-14,30.8,23.8,26.8,27.3,29.7
2020-08-15,30.0,23.8,26.8,26.99,29.52
2020-08-16,31.1,23.4,26.9,26.97,29.13
2020-08-17,30.8,23.6,26.9,27.13,29.65
2020-08-18,30.5,23.9,26.9,26.97,28.84
2020-08-19,30.9,24.3,27.4,27.1,29.4
2020-08-20,30.6,24.2,27.2,27.24,29.52
2020-08-21,30.7,24.2,27.2,27.21,30.04
2020-08-22,31.3,21.7,26.9,26.98,30.22
2020-08-23,31.9,23.9,27.7,27.47,29.74
2020-08-24,31.6,24.6,27.6,27.5,29.96
2020-08-25,32.9,22.6,27.4,27.14,30.29
2020-08-26,31.2,23.6,27.4,27.2,30.51
2020-08-27,30.6,23.4,27.1,26.79,29.78
2020-08-28,31.5,23.8,27.5,27.03,29.91
2020-08-29,31.3,24.6,27.7,27.56,30.54
2020-08-30,32.3,24.5,28.0,27.48,29.84
2020-08-31,31.8,24.6,27.7,27.52,30.56
2020-09-01,33.1,24.3,28.6,27.64,30.6
2020-09-02,32.0,25.3,28.3,27.53,30.24
2020-09-03,30.5,24.2,27.2,27.62,30.38
2020-09-04,31.8,24.4,27.6,27.43,29.79
2020-09-05,30.9,25.1,27.5,27.86,30.67
2020-09-06,31.1,23.6,27.5,28.14,30.75
2020-09-07,31.9,24.1,27.6,28.09,30.88
2020-09-08,31.5,24.5,27.8,27.61,30.28
2020-09-09,31.4,24.6,27.9,27.7,30.33
2020-09-10,31.0,25.5,27.6,26.83,28.26
2020-09-11,31.3,24.6,27.6,27.37,29.63
2020-09-12,32.5,23.7,27.7,27.84,30.66
2020-09-13,30.2,24.6,27.5,28.27,31.02
2020-09-14,30.9,24.4,27.0,27.72,29.95
2020-09-15,30.5,24.5,26.8,27.76,30.55
2020-09-16,30.5,22.8,26.7,26.98,29.76
2020-09-17,31.7,22.9,26.8,27.31,30.48
2020-09-18,30.9,23.2,27.3,27.64,30.76
2020-09-19,32.7,23.9,28.3,27.88,30.9
2020-09-20,29.4,25.8,27.2,27.23,28.65
2020-09-21,30.7,23.9,26.8,27.44,30.01
2020-09-22,31.8,23.8,27.0,27.54,29.76
2020-09-23,31.8,23.5,27.6,28.04,30.82
2020-09-24,30.3,25.1,27.6,28.22,30.38
2020-09-25,32.3,25.1,28.3,28.55,31.15
2020-09-26,31.1,24.3,27.7,27.87,30.27
2020-09-27,30.2,24.5,26.7,26.6,27.39
2020-09-28,32.7,23.5,27.4,27.59,30.09
2020-09-29,31.3,23.9,27.4,27.89,31.08
2020-09-30,31.5,24.2,27.8,27.87,30.93
2020-10-01,31.9,25.0,27.9,27.95,30.5
2020-10-02,31.5,24.4,27.3,28.02,30.8
2020-10-03,27.4,24.6,25.7,27.32,28.79
2020-10-04,31.5,23.7,27.3,28.08,31.24
2020-10-05,32.6,24.3,27.7,28.19,31.37
2020-10-06,30.9,24.3,27.7,27.81,30.38
2020-10-07,31.5,24.3,27.8,28.19,31.32
2020-10-08,30.6,24.8,27.6,28.04,30.62
2020-10-09,30.3,24.5,26.8,27.51,29.74
2020-10-10,30.7,24.2,27.2,27.49,29.29
2020-10-11,31.3,24.6,27.0,27.46,29.46
2020-10-12,31.6,24.1,27.6,27.99,30.34
2020-10-13,32.0,24.5,27.9,27.77,30.37
2020-10-14,32.5,24.7,28.2,28.37,31.38
2020-10-15,31.6,24.5,27.9,27.46,28.51
2020-10-16,33.0,24.6,27.4,27.62,29.88
2020-10-17,31.5,24.8,27.6,27.82,30.01
2020-10-18,31.0,24.9,27.6,27.8,29.84
2020-10-19,30.4,23.9,27.1,27.69,29.71
2020-10-20,31.1,24.5,27.2,27.18,28.65
2020-10-21,30.6,24.4,27.3,27.87,30.09
2020-10-22,30.0,25.1,27.5,27.52,30.45
2020-10-23,32.2,25.4,27.9,27.98,30.5
2020-10-24,30.1,24.9,27.0,27.34,28.73
2020-10-25,30.0,24.3,26.8,27.49,28.85
2020-10-26,30.0,24.2,26.2,27.09,28.68
2020-10-27,30.2,24.0,26.2,26.36,27.09
2020-10-28,30.4,23.8,26.8,27.79,29.97
2020-10-29,31.3,23.5,27.7,28.17,30.69
2020-10-30,29.4,24.8,26.4,27.57,29.3
2020-10-31,29.9,23.9,26.8,27.35,29.77
2020-11-01,30.4,24.3,26.9,27.84,30.99
2020-11-02,31.0,25.0,27.4,28.31,31.55
2020-11-03,31.0,24.6,27.4,27.83,30.06
2020-11-04,30.2,24.6,27.2,27.99,29.84
2020-11-05,27.5,24.3,25.8,27.54,28.82
2020-11-06,28.6,24.8,26.4,27.7,29.69
2020-11-07,31.2,23.8,27.2,27.83,29.87
2020-11-08,30.4,24.3,26.8,27.34,29.02
2020-11-09,31.1,23.9,27.3,27.75,30.43
2020-11-10,30.8,24.8,27.4,28.1,30.45
2020-11-11,31.6,24.1,27.8,28.68,31.59
2020-11-12,31.0,24.7,27.8,28.46,30.52
2020-11-13,30.9,25.9,28.4,28.65,31.16
2020-11-14,31.1,25.4,27.8,28.38,30.44
2020-11-15,30.8,24.6,27.5,27.89,29.3
2020-11-16,30.9,25.6,27.7,27.84,29.7
2020-11-17,29.9,24.5,27.2,27.94,29.74
2020-11-18,31.2,24.4,27.3,28.2,29.92
2020-11-19,31.0,24.5,27.3,28.09,29.77
2020-11-20,30.7,24.8,27.2,28.21,30.37
2020-11-21,30.0,24.6,27.1,28.04,29.89
2020-11-22,29.1,24.5,26.8,28.17,30.53
2020-11-23,27.8,25.0,25.8,27.0,28.04
2020-11-24,31.5,24.5,27.2,27.77,30.17
2020-11-25,32.1,24.5,27.3,27.54,29.97
2020-11-26,31.6,24.5,27.6,27.66,30.49
2020-11-27,32.1,24.6,28.0,27.73,30.55
2020-11-28,30.6,25.2,27.3,27.74,30.41
2020-11-29,30.0,24.5,26.2,26.63,28.18
2020-11-30,28.8,23.9,25.6,26.71,28.23
2020-12-01,31.4,24.4,26.9,27.59,30.17
2020-12-02,31.7,24.2,27.3,27.74,30.34
2020-12-03,28.5,24.4,25.9,26.22,26.61
2020-12-04,30.1,24.7,26.7,27.36,29.84
2020-12-05,28.1,24.4,25.8,27.14,28.45
2020-12-06,27.2,24.1,25.5,27.01,28.35
2020-12-07,27.2,24.0,25.1,27.39,29.17
2020-12-08,29.1,24.6,26.4,27.74,29.94
2020-12-09,29.0,24.3,26.4,27.2,28.75
2020-12-10,29.7,24.6,26.5,27.06,28.53
2020-12-11,29.2,24.6,26.2,26.74,28.19
2020-12-12,29.2,24.4,26.2,26.34,27.87
2020-12-13,27.9,24.0,25.7,26.17,27.59
2020-12-14,29.6,24.4,25.8,26.56,28.21
2020-12-15,30.8,23.9,26.7,26.98,29.44
2020-12-16,28.9,24.0,26.0,26.88,28.66
2020-12-17,27.8,24.3,25.9,26.75,28.17
2020-12-18,29.9,24.7,26.2,26.96,29.29
2020-12-19,30.8,24.2,26.8,27.21,29.97
2020-12-20,28.9,24.3,25.8,26.93,29.9
2020-12-21,26.2,24.2,25.2,26.16,27.49
2020-12-22,29.2,24.3,26.4,26.99,29.16
2020-12-23,31.5,24.0,27.4,27.67,30.32
2020-12-24,31.4,24.4,27.1,27.53,30.27
2020-12-25,30.7,25.1,27.1,27.29,29.58
2020-12-26,29.4,24.5,26.4,27.29,29.71
2020-12-27,30.1,24.5,27.0,26.95,28.59
2020-12-28,29.4,24.6,26.4,26.51,27.8
2020-12-29,28.6,24.5,26.0,26.39,27.98
2020-12-30,27.1,24.5,25.5,26.43,28.11
2020-12-31,27.9,24.0,25.5,26.23,27.7
2021-01-01,29.1,23.8,25.9,26.88,28.62
2021-01-02,28.7,24.4,26.7,26.53,28.1
2021-01-03,30.6,24.8,26.7,26.98,29.07
2021-01-04,29.4,24.1,26.5,26.81,28.53
2021-01-05,28.1,24.4,26.0,26.63,28.71
2021-01-06,28.0,24.1,25.8,27.01,28.55
2021-01-07,28.4,24.8,26.1,26.85,28.4
2021-01-08,28.6,24.6,26.3,26.77,27.9
2021-01-09,29.0,23.8,25.9,26.89,28.74
2021-01-10,27.9,23.7,25.7,26.63,28.19
2021-01-11,28.8,24.4,26.2,26.79,28.32
2021-01-12,29.0,24.3,25.9,26.6,28.21
2021-01-13,27.7,24.1,25.8,26.34,27.53
2021-01-14,27.7,24.2,25.8,26.32,27.98
2021-01-15,29.0,23.5,26.3,26.4,27.75
2021-01-16,31.5,24.2,27.6,27.31,29.9
2021-01-17,29.2,24.5,26.7,26.84,28.59
2021-01-18,27.3,24.2,25.7,26.46,27.35
2021-01-19,26.4,23.9,25.1,26.21,27.8
2021-01-20,27.4,24.3,25.9,26.54,27.77
2021-01-21,27.8,24.0,25.9,26.41,27.32
2021-01-22,28.4,24.8,26.2,26.61,28.74
2021-01-23,28.3,24.2,26.4,26.58,28.14
2021-01-24,25.9,23.8,24.6,25.95,26.96
2021-01-25,28.5,22.9,25.9,26.66,28.67
2021-01-26,28.2,23.6,25.7,26.66,28.96
2021-01-27,26.2,23.6,24.7,25.91,27.03
2021-01-28,25.8,23.6,24.6,25.7,27.26
2021-01-29,27.2,23.7,25.2,26.3,28.39
2021-01-30,28.1,23.6,25.1,26.21,27.78
2021-01-31,27.5,23.4,25.3,26.39,27.73
2021-02-01,29.6,23.4,26.2,26.4,27.63
2021-02-02,28.6,23.9,26.0,26.41,27.36
2021-02-03,27.0,24.2,25.2,26.09,26.94
2021-02-04,28.7,24.5,26.1,26.43,27.57
2021-02-05,28.5,24.1,26.3,26.65,27.98
2021-02-06,28.6,24.4,26.5,26.98,28.11
2021-02-07,28.2,24.4,25.7,26.89,27.63
2021-02-08,28.6,24.3,25.8,26.84,27.7
2021-02-09,28.5,23.9,25.8,26.68,27.68
2021-02-10,28.7,24.3,26.1,26.97,28.77
2021-02-11,29.5,24.0,26.4,27.3,29.46
2021-02-12,27.6,24.0,25.8,26.42,27.96
2021-02-13,28.2,23.9,25.9,26.61,27.78
2021-02-14,27.9,23.7,25.6,26.58,27.6
2021-02-15,27.2,23.4,25.3,26.46,27.22
2021-02-16,27.5,23.2,25.1,26.45,27.4
2021-02-17,27.6,23.6,25.6,26.3,27.86
2021-02-18,28.9,23.7,25.8,26.37,28.58
2021-02-19,26.5,23.0,24.9,25.88,27.01
2021-02-20,27.7,24.0,25.5,26.23,27.26
2021-02-21,28.7,23.7,26.3,26.56,27.7
2021-02-22,29.3,24.1,26.6,26.74,28.11
2021-02-23,30.7,24.7,27.1,26.9,28.76
2021-02-24,27.4,24.4,25.5,26.56,28.41
2021-02-25,28.3,24.1,25.8,26.72,28.17
2021-02-26,27.3,24.3,25.5,26.8,27.44
2021-02-27,29.7,23.2,26.5,27.25,28.77
2021-02-28,31.5,23.7,27.6,27.33,29.53
2021-03-01,31.5,24.2,27.2,27.33,29.98
2021-03-02,28.8,24.1,26.5,26.89,27.88
2021-03-03,28.6,24.2,26.4,26.68,28.2
2021-03-04,28.6,24.3,26.5,27.15,29.28
2021-03-05,29.8,24.3,26.5,27.48,29.23
2021-03-06,29.4,24.2,26.7,27.09,28.73
2021-03-07,29.1,24.6,26.4,26.5,28.1
2021-03-08,28.4,23.8,25.4,26.1,27.75
2021-03-09,29.4,23.8,26.5,26.29,27.69
2021-03-10,27.7,24.2,25.9,26.36,27.62
2021-03-11,28.2,22.9,25.5,26.27,27.02
2021-03-12,28.8,24.2,26.5,26.96,28.41
2021-03-13,29.0,24.3,26.4,26.72,28.52
2021-03-14,29.8,24.4,26.6,26.62,28.38
2021-03-15,29.6,23.4,26.8,26.56,28.24
2021-03-16,29.6,23.9,26.3,27.07,29.05
2021-03-17,30.4,23.3,26.9,27.68,29.7
2021-03-18,30.1,23.9,26.8,27.61,29.26
2021-03-19,30.0,23.8,27.0,27.39,29.1
2021-03-20,30.8,24.0,27.7,27.5,30.1
2021-03-21,31.2,24.9,27.6,27.62,29.77
2021-03-22,30.7,24.3,27.0,27.14,28.88
2021-03-23,30.4,24.5,27.2,27.44,29.75
2021-03-24,30.6,24.9,26.8,27.43,30.36
2021-03-25,30.4,25.5,27.1,27.06,28.9
2021-03-26,31.2,24.0,27.5,27.57,29.92
2021-03-27,29.5,24.6,26.6,26.95,27.89
2021-03-28,30.9,24.3,26.9,27.77,30.2
2021-03-29,29.2,24.5,27.0,27.29,28.69
2021-03-30,28.0,25.1,26.2,27.43,28.58
2021-03-31,30.5,24.4,26.7,27.75,29.97
2021-04-01,27.5,24.8,25.8,26.76,27.87
2021-04-02,30.9,24.5,27.1,27.43,28.94
2021-04-03,27.3,24.8,25.7,26.93,27.82
2021-04-04,28.8,24.5,26.5,27.3,28.53
2021-04-05,30.0,24.9,27.1,27.24,29.0
2021-04-06,29.9,24.7,27.3,26.96,28.41
2021-04-07,29.3,25.0,26.9,26.97,28.57
2021-04-08,30.2,25.0,27.5,27.17,29.05
2021-04-09,30.2,24.3,27.4,26.95,28.36
2021-04-10,29.9,24.7,27.4,26.96,28.48
2021-04-11,30.4,24.9,27.1,27.49,29.8
2021-04-12,30.4,24.3,27.1,27.28,29.14
2021-04-13,30.3,24.3,26.7,27.29,30.03
2021-04-14,29.8,24.0,26.7,27.11,29.14
2021-04-15,29.3,24.4,26.1,27.2,28.9
2021-04-16,29.8,24.1,26.8,27.61,29.7
2021-04-17,30.1,24.5,26.9,27.01,29.31
2021-04-18,30.2,23.5,26.7,27.63,29.49
2021-04-19,30.2,24.1,26.8,27.45,29.49
2021-04-20,30.2,24.1,26.5,27.45,30.04
2021-04-21,31.0,23.5,27.2,27.61,29.87
2021-04-22,31.2,23.6,27.5,27.64,30.23
2021-04-23,30.1,23.4,27.1,28.05,30.4
2021-04-24,30.5,23.6,27.0,27.54,29.55
2021-04-25,30.4,23.2,27.0,28.04,29.93
2021-04-26,31.1,23.7,27.5,27.69,29.99
2021-04-27,31.2,24.3,27.6,28.08,30.38
2021-04-28,29.3,24.3,26.2,27.58,28.3
2021-04-29,30.4,23.4,26.9,27.57,28.96
2021-04-30,29.6,24.6,26.8,27.3,28.64
2021-05-01,30.7,24.9,27.4,27.4,28.66
2021-05-02,30.6,25.4,27.5,28.07,29.89
2021-05-03,30.0,25.2,27.2,27.85,29.3
2021-05-04,30.6,25.1,27.3,27.94,29.85
2021-05-05,30.3,24.5,27.2,27.9,29.65
2021-05-06,30.1,24.2,26.5,27.09,29.12
2021-05-07,30.2,24.1,27.0,26.99,29.02
2021-05-08,30.3,24.2,26.8,27.69,29.84
2021-05-09,30.7,24.1,27.2,27.8,29.23
2021-05-10,31.7,25.2,28.1,27.94,30.3
2021-05-11,32.2,24.8,28.2,27.97,30.28
2021-05-12,31.4,24.4,28.1,28.41,30.38
2021-05-13,31.2,25.4,28.0,28.2,30.01
2021-05-14,31.5,25.1,27.9,27.97,29.57
2021-05-15,31.5,25.0,27.8,28.01,29.8
2021-05-16,31.2,24.9,27.9,28.31,30.54
2021-05-17,31.1,25.0,27.5,27.82,29.06
2021-05-18,29.6,24.3,26.6,27.82,29.11
2021-05-19,30.3,24.7,27.4,27.64,28.91
2021-05-20,30.7,25.3,27.3,27.68,29.73
2021-05-21,30.9,24.5,27.3,27.71,29.55
2021-05-22,30.0,24.9,26.8,27.91,29.98
2021-05-23,30.7,24.2,27.0,27.69,29.47
2021-05-24,31.1,25.0,27.3,27.86,30.0
2021-05-25,31.3,24.1,27.2,27.74,29.49
2021-05-26,31.3,25.0,28.1,28.26,30.51
2021-05-27,31.4,26.1,28.4,28.38,30.36
2021-05-28,31.2,24.3,27.8,28.19,30.39
2021-05-29,28.7,24.2,25.8,27.3,29.39
2021-05-30,30.7,24.2,27.3,27.87,30.07
2021-05-31,30.0,25.4,27.2,27.91,29.52
2021-06-01,30.8,24.4,27.2,27.72,29.47
2021-06-02,31.1,25.0,27.5,28.4,30.38
2021-06-03,30.4,25.3,27.8,28.23,29.89
2021-06-04,31.0,25.2,27.2,28.44,30.22
2021-06-05,30.7,24.1,27.2,28.14,30.02
2021-06-06,30.8,24.1,27.2,27.94,29.85
2021-06-07,30.7,24.2,27.2,27.82,29.54
2021-06-08,30.7,24.1,27.3,27.8,29.86
2021-06-09,29.6,24.9,26.9,27.82,29.69
2021-06-10,30.9,24.3,27.2,28.07,30.0
2021-06-11,29.8,24.6,26.5,27.28,27.91
2021-06-12,31.3,24.3,27.5,27.91,30.31
2021-06-13,30.9,24.9,27.2,28.04,30.0
2021-06-14,30.7,24.9,27.4,27.51,29.07
2021-06-15,29.5,25.0,26.9,27.55,29.57
2021-06-16,30.1,24.6,26.6,27.3,28.73
2021-06-17,28.4,24.3,26.3,27.14,29.26
2021-06-18,29.5,23.6,26.2,27.39,29.32
2021-06-19,28.7,23.2,25.9,27.25,28.84
2021-06-20,29.1,24.0,25.6,26.67,28.16
2021-06-21,29.2,23.2,25.8,26.38,27.58
2021-06-22,29.6,23.0,25.9,26.8,28.38
2021-06-23,29.5,23.0,25.8,27.41,29.15
2021-06-24,27.0,23.4,25.1,26.71,27.68
2021-06-25,31.0,23.5,26.8,27.09,28.85
2021-06-26,29.3,24.2,26.5,27.33,29.21
2021-06-27,30.0,24.0,26.2,27.36,29.01
2021-06-28,29.6,23.8,26.3,27.4,28.98
2021-06-29,29.8,24.0,26.3,27.16,28.78
2021-06-30,29.2,24.0,26.1,27.03,28.37
2021-07-01,28.3,24.2,26.0,26.28,27.32
2021-07-02,30.7,24.0,27.2,27.14,29.72
2021-07-03,30.7,23.3,27.0,27.03,29.31
2021-07-04,30.8,23.9,27.2,27.29,29.58
2021-07-05,30.5,23.6,27.1,27.42,30.1
2021-07-06,30.6,24.1,27.2,27.14,29.86
2021-07-07,30.5,23.4,27.0,27.19,29.97
2021-07-08,31.2,23.4,27.1,26.72,29.07
2021-07-09,31.3,25.4,27.7,27.34,29.8
2021-07-10,30.7,24.9,27.4,27.44,29.19
2021-07-11,29.8,24.9,27.1,27.63,29.19
2021-07-12,31.3,24.5,27.5,27.47,29.86
2021-07-13,30.6,22.7,26.4,26.57,29.29
2021-07-14,28.3,24.7,26.2,26.38,27.7
2021-07-15,30.4,22.8,26.7,27.26,29.83
2021-07-16,31.6,23.8,27.2,26.99,29.43
2021-07-17,31.3,24.4,27.5,27.09,29.47
2021-07-18,31.2,23.5,27.1,27.26,29.8
2021-07-19,29.8,24.6,26.9,27.35,29.34
2021-07-20,29.7,24.1,26.7,27.49,29.62
2021-07-21,30.0,24.0,26.9,27.27,28.86
2021-07-22,30.0,24.1,27.0,27.04,28.49
2021-07-23,29.6,23.4,26.3,27.31,29.35
2021-07-24,29.1,23.3,26.3,27.44,29.13
2021-07-25,30.5,22.2,26.4,27.22,30.04
2021-07-26,30.8,23.0,26.6,26.38,29.35
2021-07-27,31.5,21.6,26.2,26.3,29.21
2021-07-28,31.4,22.1,26.4,26.87,29.87
2021-07-29,31.6,23.6,27.2,26.96,29.63
2021-07-30,31.5,24.0,27.5,27.19,30.08
2021-07-31,30.0,24.2,26.9,27.41,29.69
2021-08-01,30.7,23.4,26.8,27.55,30.16
2021-08-02,29.5,24.1,26.7,27.51,29.77
2021-08-03,30.9,23.6,27.2,27.7,30.03
2021-08-04,30.9,24.0,27.2,27.61,29.96
2021-08-05,29.4,24.4,26.6,27.33,29.31
2021-08-06,32.1,24.2,27.6,27.34,29.78
2021-08-07,30.8,25.2,27.8,27.44,29.82
2021-08-08,31.0,23.6,27.6,27.56,30.24
2021-08-09,31.0,25.0,27.5,27.52,29.63
2021-08-10,30.3,23.9,26.5,27.38,29.33
2021-08-11,31.3,23.4,27.2,27.27,29.99
2021-08-12,31.0,22.8,26.9,27.0,29.81
2021-08-13,29.0,24.1,26.5,27.25,29.65
2021-08-14,30.4,24.1,27.1,27.26,29.74
2021-08-15,32.1,24.7,27.8,27.7,30.21
2021-08-16,31.2,24.1,27.4,27.59,30.17
2021-08-17,31.0,23.7,27.3,27.36,29.78
2021-08-18,30.0,24.3,26.9,27.21,29.08
2021-08-19,28.9,23.3,26.2,26.53,27.99
2021-08-20,30.5,24.0,26.9,26.72,28.71
2021-08-21,29.7,24.2,26.2,26.32,28.07
2021-08-22,30.9,23.8,27.2,27.08,29.23
2021-08-23,30.4,23.6,27.0,27.01,29.18
2021-08-24,30.9,24.2,27.1,27.66,30.48
2021-08-25,31.4,23.0,27.2,27.67,30.4
2021-08-26,31.6,23.5,27.2,27.11,29.91
2021-08-27,31.6,23.1,27.3,27.33,30.31
2021-08-28,31.7,24.1,27.5,27.26,30.05
2021-08-29,30.3,24.1,26.5,27.36,29.26
2021-08-30,30.3,24.3,27.3,27.29,29.41
2021-08-31,29.8,25.3,27.3,27.46,30.07
2021-09-01,30.7,24.2,27.2,27.44,29.89
2021-09-02,30.3,23.4,27.2,27.53,30.14
2021-09-03,30.1,24.5,27.2,27.52,29.82
2021-09-04,31.6,24.2,27.5,27.7,30.28
2021-09-05,31.6,24.3,27.5,27.77,30.47
2021-09-06,30.0,24.5,26.8,26.98,29.02
2021-09-07,29.2,24.3,26.2,27.22,29.62
2021-09-08,30.5,24.1,26.7,27.79,30.74
2021-09-09,31.3,23.0,26.8,27.48,30.52
2021-09-10,31.5,23.2,27.0,27.61,30.27
2021-09-11,31.0,23.7,27.5,27.59,30.38
2021-09-12,29.9,25.2,26.9,27.32,29.59
2021-09-13,31.1,24.4,27.0,26.69,28.43
2021-09-14,26.5,23.5,24.7,26.46,27.92
2021-09-15,29.9,23.8,26.4,27.18,29.13
2021-09-16,30.8,24.4,27.3,27.42,29.87
2021-09-17,31.1,24.3,27.6,27.46,29.96
2021-09-18,31.4,24.5,27.8,28.18,31.0
2021-09-19,31.7,24.5,27.5,27.67,30.34
2021-09-20,30.5,24.0,27.4,27.74,30.34
2021-09-21,31.4,24.0,27.1,27.76,30.37
2021-09-22,31.6,24.5,27.3,27.68,30.41
2021-09-23,31.2,24.8,27.6,27.8,30.09
2021-09-24,31.6,25.9,28.3,27.93,30.41
2021-09-25,31.2,25.2,27.7,27.65,29.94
2021-09-26,31.3,25.1,27.5,27.58,29.74
2021-09-27,31.1,24.3,27.0,27.41,29.6
2021-09-28,30.3,24.2,27.2,27.5,29.69
2021-09-29,30.6,24.6,27.5,27.97,30.62
2021-09-30,30.8,24.0,27.4,28.24,30.66
2021-10-01,30.2,24.5,27.3,27.37,29.05
2021-10-02,30.4,25.1,27.3,27.62,29.37
2021-10-03,30.5,23.8,27.0,27.84,30.24
2021-10-04,30.4,24.0,27.3,28.28,30.37
2021-10-05,30.8,24.2,27.5,27.7,30.04
2021-10-06,30.9,23.6,27.1,27.33,29.79
2021-10-07,30.5,24.0,27.2,27.48,29.98
2021-10-08,30.5,23.2,27.2,27.68,30.26
2021-10-09,31.3,24.7,27.9,28.54,31.59
2021-10-10,31.5,25.0,28.0,28.91,31.78
2021-10-11,31.3,24.2,27.9,28.97,31.38
2021-10-12,31.2,25.5,28.4,28.31,31.42
2021-10-13,31.2,25.2,28.0,28.68,31.16
2021-10-14,31.9,24.8,28.1,28.62,31.11
2021-10-15,31.3,25.0,27.9,28.51,30.21
2021-10-16,31.9,24.7,27.7,28.82,31.06
2021-10-17,30.9,24.5,27.3,28.22,29.78
2021-10-18,28.8,23.7,25.6,27.4,28.64
2021-10-19,32.3,23.9,26.9,28.03,30.57
2021-10-20,29.7,25.0,27.0,27.43,29.37
2021-10-21,29.8,24.3,26.5,27.61,29.18
2021-10-22,30.8,24.1,26.3,27.67,29.15
2021-10-23,31.0,23.8,27.2,28.18,30.71
2021-10-24,31.0,24.6,27.5,28.44,30.43
2021-10-25,31.1,24.6,27.2,28.84,30.67
2021-10-26,31.6,23.6,27.0,28.79,30.8
2021-10-27,30.1,24.4,26.3,27.86,29.7
2021-10-28,30.1,23.5,26.4,27.53,29.27
2021-10-29,30.7,24.0,27.2,28.22,30.46
2021-10-30,30.5,24.7,27.0,27.87,29.28
2021-10-31,31.7,24.7,26.9,28.31,30.41
2021-11-01,27.7,23.9,25.4,27.84,29.73
2021-11-02,30.5,24.1,26.6,28.14,30.53
2021-11-03,29.8,23.9,26.5,27.89,29.45
2021-11-04,31.2,24.4,27.0,28.19,30.2
2021-11-05,28.4,24.5,26.5,27.6,29.11
2021-11-06,30.1,24.6,27.1,28.37,30.34
2021-11-07,30.6,23.7,26.1,27.69,29.69
2021-11-08,29.6,24.7,27.2,27.67,29.13
2021-11-09,29.7,24.3,26.4,28.16,30.17
2021-11-10,30.4,24.6,26.6,27.68,30.21
2021-11-11,30.1,24.9,27.1,27.37,29.26
2021-11-12,32.7,25.3,28.0,28.22,30.33
2021-11-13,30.6,24.4,27.0,27.31,28.93
2021-11-14,30.9,24.4,27.1,27.0,28.76
2021-11-15,28.2,24.5,25.6,26.71,28.22
2021-11-16,31.6,24.5,27.4,27.4,29.65
2021-11-17,31.1,24.4,26.9,27.62,29.78
2021-11-18,30.5,24.4,26.4,27.43,29.63
2021-11-19,27.5,24.4,25.5,27.13,28.58
2021-11-20,30.4,24.1,26.9,26.9,29.31
2021-11-21,30.9,24.6,27.6,27.32,29.0
2021-11-22,30.3,25.2,27.0,27.69,29.77
2021-11-23,29.7,24.8,26.4,27.59,29.61
2021-11-24,30.1,24.5,27.2,26.95,28.3
2021-11-25,31.8,23.9,27.4,27.59,29.96
2021-11-26,31.1,24.2,26.7,27.49,29.58
2021-11-27,30.7,24.1,26.6,27.32,30.23
2021-11-28,29.7,24.8,26.8,27.33,29.69
2021-11-29,31.0,24.1,26.6,27.68,30.64
2021-11-30,31.0,23.9,26.7,26.81,29.02
2021-12-01,32.1,24.3,27.9,27.41,29.69
2021-12-02,32.5,24.6,28.5,28.02,30.66
2021-12-03,30.7,24.7,27.7,27.8,30.38
2021-12-04,27.0,24.3,25.6,26.88,28.8
2021-12-05,26.6,24.3,25.3,26.43,28.13
2021-12-06,29.1,24.2,25.8,26.56,27.91
2021-12-07,28.0,23.5,24.9,26.72,28.24
2021-12-08,29.6,23.6,26.5,26.93,29.41
2021-12-09,30.1,23.7,26.5,26.78,28.35
2021-12-10,29.9,23.5,26.5,27.19,28.7
2021-12-11,29.8,23.7,26.1,26.61,27.81
2021-12-12,30.3,24.2,27.4,27.16,29.14
2021-12-13,31.2,24.9,27.8,27.76,30.27
2021-12-14,30.8,25.1,27.3,28.01,30.32
2021-12-15,30.7,24.6,26.9,27.94,29.76
2021-12-16,30.3,24.7,26.4,27.4,29.14
2021-12-17,30.6,24.0,26.8,27.59,29.35
2021-12-18,31.0,24.6,26.7,27.8,29.85
2021-12-19,31.5,24.7,27.2,27.85,30.38
2021-12-20,29.1,24.4,26.1,27.43,29.25
2021-12-21,28.0,24.3,25.8,27.14,29.3
2021-12-22,30.0,23.9,26.5,27.65,29.85
2021-12-23,29.3,23.5,26.4,27.07,29.13
2021-12-24,29.8,24.5,26.4,27.39,29.84
2021-12-25,29.5,24.8,26.0,26.88,28.65
2021-12-26,29.4,23.2,26.4,26.97,28.63
2021-12-27,28.9,24.2,26.5,27.62,29.68
2021-12-28,28.8,24.1,26.0,27.19,29.19
2021-12-29,29.7,23.1,26.2,27.34,29.3
2021-12-30,29.2,24.5,26.4,27.4,29.27
2021-12-31,30.5,24.6,27.3,27.33,30.0
2022-01-01,31.0,24.8,27.3,27.42,30.06
2022-01-02,31.9,24.7,27.4,27.23,29.82
2022-01-03,31.2,24.0,27.3,27.86,30.87
2022-01-04,31.0,23.6,27.4,27.34,29.46
2022-01-05,30.2,24.0,26.5,27.99,30.05
2022-01-06,29.8,23.6,26.4,27.25,28.75
2022-01-07,31.5,24.4,27.3,27.06,28.79
2022-01-08,31.4,24.5,27.4,27.52,29.62
2022-01-09,29.2,24.8,26.8,27.39,29.3
2022-01-10,29.5,23.9,26.0,27.36,29.39
2022-01-11,29.6,23.4,25.5,26.44,27.66
2022-01-12,28.0,23.8,25.5,26.26,27.57
2022-01-13,28.5,23.4,25.6,26.46,27.61
2022-01-14,28.5,22.5,25.2,26.66,28.39
2022-01-15,28.9,23.6,25.9,26.63,27.96
2022-01-16,28.3,23.6,26.0,26.82,28.13
2022-01-17,29.7,23.3,26.2,27.11,28.66
2022-01-18,27.8,23.2,25.3,26.45,27.5
2022-01-19,28.5,22.4,25.2,26.63,28.21
2022-01-20,25.7,22.7,24.4,26.04,27.39
2022-01-21,30.1,24.0,26.2,26.67,28.91
2022-01-22,29.0,23.6,26.0,26.57,28.29
2022-01-23,30.7,24.5,27.1,27.39,29.92
2022-01-24,31.4,25.0,27.7,27.36,29.6
2022-01-25,29.3,24.8,26.8,27.08,28.81
2022-01-26,28.4,23.7,26.0,26.59,28.05
2022-01-27,30.3,24.5,27.0,26.85,28.19
2022-01-28,30.0,24.0,26.8,27.13,29.24
2022-01-29,29.4,24.3,26.8,27.04,28.7
2022-01-30,30.1,24.2,27.1,27.42,29.44
2022-01-31,29.4,24.1,26.7,26.75,28.47
2022-02-01,29.8,24.0,26.8,26.97,29.1
2022-02-02,29.3,23.6,26.5,26.85,28.18
2022-02-03,29.7,24.0,26.2,27.12,28.59
2022-02-04,30.0,24.1,26.5,27.2,29.49
2022-02-05,26.6,24.5,25.2,26.31,27.62
2022-02-06,28.5,23.3,25.9,26.54,28.09
2022-02-07,29.2,24.1,26.4,26.93,28.35
2022-02-08,28.3,24.0,25.9,27.08,28.53
2022-02-09,29.8,24.5,26.2,26.31,27.46
2022-02-10,28.5,24.0,26.0,26.46,27.91
2022-02-11,29.4,23.6,26.7,26.65,28.09
2022-02-12,29.3,24.9,26.9,26.99,28.25
2022-02-13,29.1,24.7,26.3,26.55,27.52
2022-02-14,29.0,23.7,26.4,27.14,29.23
2022-02-15,31.0,23.1,27.1,27.76,30.85
2022-02-16,31.2,24.6,27.0,27.44,29.57
2022-02-17,28.5,23.6,25.4,26.68,28.15
2022-02-18,28.0,24.1,25.5,26.61,27.76
2022-02-19,29.4,23.9,25.9,27.02,28.93
2022-02-20,29.6,23.7,26.5,27.27,29.4
2022-02-21,30.4,24.4,27.0,27.16,28.76
2022-02-22,31.3,24.0,27.4,27.44,29.6
2022-02-23,31.0,24.7,27.0,27.09,29.58
2022-02-24,30.5,24.4,27.0,27.21,29.8
2022-02-25,27.2,24.6,25.4,26.93,29.39
2022-02-26,30.3,23.8,26.1,26.71,29.05
2022-02-27,30.3,23.7,26.7,26.97,29.51
2022-02-28,30.0,24.7,26.8,27.34,29.78
2022-03-01,26.0,24.5,25.3,27.11,29.34
2022-03-02,30.9,24.1,27.0,27.05,29.28
2022-03-03,30.1,24.1,26.7,27.12,29.35
2022-03-04,29.6,24.2,26.4,26.37,27.27
2022-03-05,30.2,24.4,26.9,26.74,28.85
2022-03-06,30.2,24.0,26.4,27.02,29.11
2022-03-07,30.3,24.5,26.6,26.91,28.69
2022-03-08,30.7,23.8,26.5,26.88,28.52
2022-03-09,29.2,24.5,26.3,27.35,29.62
2022-03-10,30.1,24.0,26.5,27.45,29.11
2022-03-11,28.9,24.1,26.4,27.36,29.13
2022-03-12,30.5,24.8,26.7,26.82,28.22
2022-03-13,30.3,24.4,27.1,27.08,28.92
2022-03-14,31.0,24.4,26.7,27.67,29.94
2022-03-15,28.4,24.4,25.9,26.9,27.95
2022-03-16,30.2,23.8,26.8,27.4,29.28
2022-03-17,30.8,24.5,27.0,27.85,29.77
2022-03-18,30.3,24.5,27.0,28.12,30.51
2022-03-19,31.5,24.5,27.7,27.72,29.9
2022-03-20,32.2,24.7,28.0,27.69,30.05
2022-03-21,31.3,25.4,27.7,27.28,28.85
2022-03-22,31.1,25.1,27.4,27.18,29.4
2022-03-23,30.2,24.9,26.7,27.24,29.41
2022-03-24,30.7,24.3,27.3,27.12,29.14
2022-03-25,30.6,24.8,27.8,27.68,29.56
2022-03-26,29.1,24.7,26.4,27.57,29.34
2022-03-27,31.3,23.9,26.7,27.51,29.74
2022-03-28,30.2,23.2,26.6,27.7,29.51
2022-03-29,29.6,23.8,26.9,27.38,28.99
2022-03-30,31.0,24.9,27.6,27.67,29.81
2022-03-31,31.5,23.9,26.8,27.58,29.43
2022-04-01,30.4,24.0,26.4,27.53,29.99
2022-04-02,31.4,24.8,27.4,27.76,30.49
2022-04-03,30.1,25.0,26.6,27.26,29.93
2022-04-04,31.7,24.4,27.4,27.64,30.22
2022-04-05,31.0,24.2,26.6,27.64,29.94
2022-04-06,32.7,24.1,27.4,27.67,30.85
2022-04-07,31.5,24.5,27.3,27.56,29.73
2022-04-08,31.7,24.7,26.8,27.31,29.18
2022-04-09,31.1,23.8,26.6,27.56,29.39
2022-04-10,30.4,23.7,26.5,27.78,29.24
2022-04-11,30.6,24.3,26.9,27.28,28.89
2022-04-12,29.6,24.5,26.7,27.52,29.2
2022-04-13,30.9,24.1,26.7,28.03,30.24
2022-04-14,30.7,24.4,27.0,27.99,29.83
2022-04-15,30.9,24.5,27.1,28.23,30.19
2022-04-16,31.7,23.7,27.7,28.23,30.44
2022-04-17,31.1,24.5,28.0,28.36,30.63
2022-04-18,31.4,24.9,27.7,28.31,30.35
2022-04-19,31.4,24.9,27.3,28.3,30.14
2022-04-20,30.2,24.7,26.9,27.45,28.92
2022-04-21,27.3,24.1,25.7,26.72,28.16
2022-04-22,28.5,24.5,26.2,27.45,29.25
2022-04-23,30.1,24.1,27.1,27.75,29.66
2022-04-24,31.1,24.5,27.5,28.17,30.37
2022-04-25,31.6,23.8,27.1,28.55,31.78
2022-04-26,30.9,24.1,27.5,27.58,29.49
2022-04-27,30.0,24.7,26.9,27.6,29.27
2022-04-28,29.2,24.4,26.4,27.27,28.79
2022-04-29,31.5,24.7,27.1,27.95,30.32
2022-04-30,30.0,24.3,26.3,27.56,29.15
2022-05-01,29.6,24.2,26.6,27.67,29.07
2022-05-02,30.4,24.1,26.7,27.9,29.66
2022-05-03,30.8,23.8,26.9,27.79,29.9
2022-05-04,31.1,24.7,26.8,27.67,29.95
2022-05-05,30.9,23.9,27.1,28.03,30.2
2022-05-06,30.4,24.3,27.3,27.5,30.1
2022-05-07,30.4,25.1,27.4,28.07,30.39
2022-05-08,31.4,24.1,27.8,28.77,31.09
2022-05-09,30.8,25.6,27.8,28.03,29.4
2022-05-10,32.1,25.3,27.9,28.04,29.38
2022-05-11,29.7,24.3,27.1,28.41,30.08
2022-05-12,31.0,25.7,27.7,28.07,30.27
2022-05-13,31.9,26.1,28.6,27.79,28.98
2022-05-14,31.5,25.0,28.2,28.28,30.66
2022-05-15,30.8,25.0,27.1,28.37,30.39
2022-05-16,31.2,24.2,26.8,28.24,29.78
2022-05-17,30.8,24.3,26.9,27.88,29.59
2022-05-18,30.7,24.3,26.9,27.87,29.58
2022-05-19,29.7,24.1,26.1,27.95,29.86
2022-05-20,29.4,23.7,25.9,27.14,28.25
2022-05-21,28.5,24.1,25.9,27.16,28.53
2022-05-22,29.0,24.9,26.5,27.44,28.83
2022-05-23,31.1,24.7,27.0,27.46,28.88
2022-05-24,31.1,24.8,27.7,27.84,29.18
2022-05-25,30.1,23.6,26.5,27.69,29.11
2022-05-26,28.1,23.3,25.7,26.66,27.76
2022-05-27,30.7,24.2,26.9,27.83,30.03
2022-05-28,29.9,23.9,26.4,27.17,29.41
2022-05-29,30.9,23.8,26.9,27.38,29.34
2022-05-30,29.7,24.4,26.8,27.26,28.94
2022-05-31,30.9,24.2,26.8,26.96,28.18
2022-06-01,31.1,24.4,27.0,27.33,29.72
2022-06-02,30.2,24.0,26.4,27.63,30.18
2022-06-03,31.0,23.9,27.1,27.69,30.07
2022-06-04,30.3,24.4,26.7,27.37,29.25
2022-06-05,30.4,23.6,26.5,27.61,29.42
2022-06-06,27.7,23.9,25.7,26.89,28.49
2022-06-07,29.4,22.9,26.2,27.19,28.79
2022-06-08,29.0,23.7,26.0,27.24,28.72
2022-06-09,28.4,23.7,25.4,26.9,28.54
2022-06-10,31.0,22.9,26.5,27.53,29.86
2022-06-11,29.9,23.5,26.2,27.37,29.08
2022-06-12,29.5,24.0,26.1,27.38,28.73
2022-06-13,29.8,23.5,25.9,27.29,29.19
2022-06-14,30.1,23.8,26.5,27.18,28.85
2022-06-15,27.7,23.6,25.4,27.06,28.49
2022-06-16,29.2,23.2,25.6,26.53,27.95
2022-06-17,28.8,23.7,25.7,26.42,28.11
2022-06-18,29.2,23.4,25.7,27.27,29.1
2022-06-19,30.4,22.4,26.2,27.42,29.62
2022-06-20,29.7,23.1,26.0,27.04,28.58
2022-06-21,30.9,23.2,26.8,27.07,28.51
2022-06-22,30.5,23.8,26.6,27.08,28.64
2022-06-23,31.3,23.1,26.8,27.33,29.7
2022-06-24,29.4,23.4,25.7,26.55,28.07
2022-06-25,29.7,23.4,26.1,27.0,28.7
2022-06-26,29.3,23.6,25.7,27.46,29.55
2022-06-27,30.3,24.3,26.1,27.23,29.93
2022-06-28,30.3,24.2,26.6,27.32,29.72
2022-06-29,29.9,24.0,26.6,27.43,29.69
2022-06-30,30.1,22.8,26.3,26.91,28.95
2022-07-01,30.6,22.1,26.4,27.3,29.81
2022-07-02,30.8,23.5,26.9,27.46,29.81
2022-07-03,29.0,24.6,26.6,27.71,29.35
2022-07-04,30.5,24.8,27.4,27.26,28.84
2022-07-05,30.8,24.4,27.3,27.36,28.98
2022-07-06,29.8,24.2,26.4,27.37,28.65
2022-07-07,30.9,23.7,27.2,27.74,30.03
2022-07-08,30.0,24.0,26.7,27.95,30.44
2022-07-09,29.4,23.5,26.2,27.17,29.3
2022-07-10,31.0,22.6,26.8,27.2,29.37
2022-07-11,31.3,22.9,27.3,27.22,29.69
2022-07-12,30.0,24.8,26.8,27.16,28.53
2022-07-13,28.9,23.8,25.9,26.76,28.3
2022-07-14,30.1,23.9,26.8,26.82,28.9
2022-07-15,30.5,24.2,26.4,27.09,29.16
2022-07-16,29.7,23.6,25.8,26.38,27.9
2022-07-17,30.0,24.0,26.8,26.62,28.35
2022-07-18,30.2,23.8,26.9,27.15,29.38
2022-07-19,31.2,24.5,27.5,27.44,29.88
2022-07-20,30.7,24.0,27.3,27.58,29.84
2022-07-21,30.6,23.0,26.8,27.49,29.99
2022-07-22,30.2,24.6,26.7,27.1,29.27
2022-07-23,29.7,24.5,26.4,27.26,29.53
2022-07-24,30.3,22.9,26.1,27.36,29.5
2022-07-25,29.3,23.6,26.2,26.99,29.12
2022-07-26,30.8,24.6,27.2,26.62,28.89
2022-07-27,31.3,23.5,27.0,26.69,28.96
2022-07-28,31.1,24.3,27.4,26.74,28.6
2022-07-29,30.5,24.9,27.1,27.05,29.42
2022-07-30,29.7,23.0,26.7,27.3,29.7
2022-07-31,30.8,24.3,27.4,27.06,29.68
2022-08-01,31.4,24.5,27.5,26.93,29.3
2022-08-02,30.1,24.0,27.1,27.02,29.29
2022-08-03,29.4,23.8,26.0,26.89,28.22
2022-08-04,29.4,23.0,25.6,26.88,28.62
2022-08-05,28.5,23.1,25.8,26.8,29.05
2022-08-06,30.4,23.1,26.2,27.04,29.68
2022-08-07,30.8,22.6,26.1,27.25,30.06
2022-08-08,31.1,22.8,26.7,27.68,30.36
2022-08-09,31.0,23.9,27.1,27.84,30.33
2022-08-10,31.3,24.0,27.2,27.66,30.16
2022-08-11,32.0,23.8,27.4,27.62,29.5
2022-08-12,30.5,24.4,26.6,27.58,29.85
2022-08-13,30.8,23.4,26.5,27.36,29.71
2022-08-14,30.8,23.9,26.7,27.26,29.16
2022-08-15,29.8,23.3,25.9,27.27,28.29
2022-08-16,29.8,23.3,25.7,27.26,28.45
2022-08-17,30.4,23.1,26.3,27.21,29.66
2022-08-18,32.0,23.4,27.4,27.42,30.08
2022-08-19,32.3,23.4,27.6,27.55,30.1
2022-08-20,32.1,23.9,27.4,27.49,29.33
2022-08-21,30.9,23.9,26.6,27.31,29.33
2022-08-22,29.8,23.3,26.2,27.11,29.31
2022-08-23,31.3,23.5,26.7,27.53,30.12
2022-08-24,31.1,23.1,26.7,27.6,30.21
2022-08-25,30.6,23.4,26.9,27.16,29.84
2022-08-26,31.0,24.0,27.1,27.05,29.83
2022-08-27,30.4,24.1,26.5,27.07,29.44
2022-08-28,28.9,23.5,25.7,26.89,29.42
2022-08-29,30.6,22.8,26.4,27.31,29.71
2022-08-30,30.4,22.9,26.5,27.51,29.89
2022-08-31,29.3,23.7,26.7,27.57,29.86
2022-09-01,30.9,24.5,26.9,27.32,29.41
2022-09-02,30.5,22.9,26.4,27.62,30.27
2022-09-03,31.3,23.2,26.8,27.66,30.68
2022-09-04,31.6,24.0,27.4,27.87,31.05
2022-09-05,30.5,24.4,26.9,27.07,29.1
2022-09-06,29.6,23.4,26.1,27.34,29.7
2022-09-07,29.8,23.5,26.0,27.34,29.77
2022-09-08,26.1,22.9,24.2,26.12,26.99
2022-09-09,29.2,23.0,25.1,26.48,28.5
2022-09-10,29.0,23.2,25.4,26.42,27.73
2022-09-11,30.2,22.7,25.8,27.23,29.74
2022-09-12,28.5,22.8,25.7,27.4,29.31
2022-09-13,30.3,23.1,26.5,27.86,30.37
2022-09-14,30.8,22.9,26.9,26.85,28.8
2022-09-15,31.6,23.8,27.4,27.49,30.08
2022-09-16,31.6,24.1,26.9,27.86,29.68
2022-09-17,31.9,23.7,27.2,27.64,29.8
2022-09-18,31.1,23.9,27.3,27.77,30.01
2022-09-19,30.6,24.4,26.8,27.52,29.4
2022-09-20,30.7,23.1,26.9,27.41,29.67
2022-09-21,30.6,24.5,27.1,27.34,29.04
2022-09-22,30.5,24.2,26.5,27.26,29.04
2022-09-23,30.0,24.0,26.1,27.03,28.55
2022-09-24,31.1,23.0,26.7,27.5,29.33
2022-09-25,30.7,23.3,27.0,28.31,31.11
2022-09-26,32.4,24.0,27.5,28.39,30.97
2022-09-27,31.7,23.3,27.2,28.08,30.94
2022-09-28,31.6,23.7,27.2,28.11,30.66
2022-09-29,31.1,23.9,27.4,27.74,29.83
2022-09-30,31.0,24.2,27.4,27.36,29.5
2022-10-01,31.1,24.7,27.2,27.65,29.95
2022-10-02,28.6,23.2,25.7,27.33,28.86
2022-10-03,30.4,24.5,26.7,27.4,29.64
2022-10-04,30.7,24.0,26.5,27.12,28.95
2022-10-05,29.3,23.7,25.9,27.01,28.67
2022-10-06,30.4,23.5,26.1,27.0,28.75
2022-10-07,28.9,23.3,25.4,26.62,27.8
2022-10-08,31.0,23.8,26.3,26.42,27.59
2022-10-09,30.5,23.7,26.2,27.53,29.95
2022-10-10,28.3,23.2,25.7,26.89,27.74
2022-10-11,29.6,23.6,26.4,26.6,27.83
2022-10-12,30.1,23.7,26.5,26.88,28.55
2022-10-13,30.0,23.9,26.6,26.96,28.47
2022-10-14,29.6,24.2,26.4,27.33,29.06
2022-10-15,29.7,23.5,26.2,27.41,29.6
2022-10-16,29.6,24.3,26.7,27.87,30.15
2022-10-17,30.7,23.9,26.9,27.18,28.1
2022-10-18,29.1,24.0,26.5,27.24,28.94
2022-10-19,28.4,24.6,25.8,27.6,29.69
2022-10-20,29.7,23.8,26.2,27.01,28.04
2022-10-21,29.4,24.2,26.3,27.22,28.73
2022-10-22,30.8,24.3,26.9,27.39,29.41
2022-10-23,30.6,24.0,26.9,27.51,29.85
2022-10-24,30.7,23.8,27.2,27.52,29.93
2022-10-25,30.1,24.3,25.9,27.1,29.07
2022-10-26,29.6,23.9,25.9,26.88,28.83
2022-10-27,30.4,24.2,26.9,27.15,29.72
2022-10-28,30.5,23.1,26.9,27.41,30.59
2022-10-29,31.2,23.6,26.7,27.64,30.86
2022-10-30,30.4,23.4,27.0,27.6,30.87
2022-10-31,29.6,24.2,26.9,27.13,29.63
2022-11-01,30.5,23.4,27.3,27.51,29.65
2022-11-02,31.4,23.5,27.4,27.88,30.36
2022-11-03,30.5,24.3,27.0,27.43,28.39
2022-11-04,31.2,24.3,26.9,27.55,28.96
2022-11-05,30.6,24.0,26.4,27.12,28.56
2022-11-06,29.0,23.8,26.4,27.43,29.29
2022-11-07,29.3,23.4,25.6,27.08,28.38
2022-11-08,28.8,24.4,25.8,26.61,28.04
2022-11-09,29.8,23.7,25.8,27.24,29.49
2022-11-10,29.6,23.8,26.2,27.22,29.05
2022-11-11,31.4,24.0,27.0,27.36,29.69
2022-11-12,31.0,24.2,26.1,27.21,29.78
2022-11-13,29.7,23.9,26.0,26.65,27.76
2022-11-14,30.6,23.7,26.6,27.46,29.69
2022-11-15,29.2,24.5,26.3,26.88,28.38
2022-11-16,29.2,24.4,26.7,26.95,29.02
2022-11-17,29.1,23.9,25.9,26.71,28.0
2022-11-18,30.3,24.5,26.3,26.99,28.87
2022-11-19,30.0,24.0,26.5,27.02,28.9
2022-11-20,31.2,24.4,27.1,27.3,30.24
2022-11-21,31.4,24.3,27.4,27.44,30.72
2022-11-22,31.2,24.3,27.6,27.6,30.64
2022-11-23,30.9,24.1,26.5,27.33,29.61
2022-11-24,30.6,24.3,26.8,27.22,29.76
2022-11-25,30.6,23.2,26.4,26.99,29.21
2022-11-26,30.7,24.6,27.0,27.06,29.62
2022-11-27,29.7,23.5,26.4,27.29,30.14
2022-11-28,29.8,23.6,26.3,27.25,28.58
2022-11-29,31.3,23.1,26.9,27.25,29.25
2022-11-30,29.4,23.9,26.6,27.55,29.81
2022-12-01,30.3,23.8,27.0,27.32,29.6
2022-12-02,29.6,23.5,25.7,27.86,30.44
2022-12-03,30.6,23.3,26.3,27.05,29.06
2022-12-04,30.3,24.0,26.4,27.03,28.55
2022-12-05,29.6,23.8,26.1,27.09,28.69
2022-12-06,28.6,24.1,25.7,27.28,29.09
2022-12-07,28.7,23.7,26.2,27.5,29.53
2022-12-08,30.9,24.0,26.4,27.72,29.89
2022-12-09,30.0,24.1,26.3,27.26,29.36
2022-12-10,30.8,23.8,27.0,27.39,30.25
2022-12-11,30.8,24.1,27.1,27.39,30.38
2022-12-12,32.2,24.8,27.0,27.59,30.4
2022-12-13,31.6,24.2,27.1,27.38,29.66
2022-12-14,30.8,24.8,27.3,27.06,29.01
2022-12-15,31.5,24.7,27.7,27.2,29.42
2022-12-16,30.1,24.7,26.7,27.11,29.06
2022-12-17,30.6,24.7,27.5,27.16,29.23
2022-12-18,30.5,24.6,26.9,27.48,29.94
2022-12-19,30.7,24.3,27.4,27.53,30.14
2022-12-20,29.1,23.9,26.5,27.61,29.15
2022-12-21,30.2,24.9,27.0,26.95,28.54
2022-12-22,29.9,24.0,26.4,26.41,28.02
2022-12-23,29.7,24.0,26.4,26.16,27.29
2022-12-24,29.7,24.5,26.3,26.8,28.41
2022-12-25,28.3,23.9,25.5,26.59,28.2
2022-12-26,28.3,23.2,25.3,26.81,28.75
2022-12-27,27.7,23.1,25.3,26.35,27.77
2022-12-28,28.6,23.8,25.5,26.66,28.56
2022-12-29,28.4,23.4,25.1,26.53,28.16
2022-12-30,28.1,22.9,24.8,26.76,27.9
2022-12-31,27.2,22.7,24.6,26.56,27.52
2023-01-01,28.4,22.2,24.7,26.22,27.09
2023-01-02,28.9,23.0,25.2,26.64,27.97
2023-01-03,26.5,23.2,24.4,26.26,27.62
2023-01-04,28.8,22.5,25.5,26.17,27.32
2023-01-05,29.7,23.5,26.4,26.56,28.38
2023-01-06,30.8,24.8,27.4,26.98,29.52
2023-01-07,30.6,24.3,27.2,26.99,29.39
2023-01-08,29.9,24.5,27.0,26.79,28.99
2023-01-09,30.0,24.6,27.2,27.23,29.25
2023-01-10,31.4,24.8,27.2,27.26,30.15
2023-01-11,31.2,23.8,27.2,27.71,30.65
2023-01-12,30.6,24.1,27.3,27.39,29.41
2023-01-13,30.2,24.0,26.5,27.57,29.2
2023-01-14,30.9,24.4,27.3,27.17,28.82
2023-01-15,32.0,24.3,28.0,27.65,30.35
2023-01-16,30.2,24.5,27.4,27.09,29.12
2023-01-17,27.7,24.4,26.2,26.59,28.36
2023-01-18,28.1,24.1,25.6,26.35,28.11
2023-01-19,28.3,23.5,25.3,25.86,26.65
2023-01-20,28.9,23.9,26.0,26.88,29.33
2023-01-21,30.1,23.7,26.7,26.91,29.02
2023-01-22,31.2,24.8,27.1,26.92,29.43
2023-01-23,28.3,24.8,26.1,26.85,28.83
2023-01-24,29.5,23.8,26.2,26.73,28.58
2023-01-25,27.7,23.8,25.3,25.97,26.83
2023-01-26,29.7,24.7,26.6,25.99,27.53
2023-01-27,28.0,24.1,25.9,26.18,27.32
2023-01-28,26.9,22.9,24.9,26.48,27.56
2023-01-29,27.9,23.4,25.5,26.67,28.06
2023-01-30,28.3,23.8,26.0,26.84,28.29
2023-01-31,28.9,24.5,26.7,26.54,28.51
2023-02-01,28.0,24.4,25.9,26.44,28.13
2023-02-02,27.9,24.3,25.6,26.02,27.65
2023-02-03,29.7,24.1,26.3,26.29,28.52
2023-02-04,29.6,23.2,26.4,26.6,28.52
2023-02-05,29.5,24.6,26.8,26.96,29.27
2023-02-06,30.6,25.0,27.5,27.24,29.36
2023-02-07,28.8,23.8,26.2,26.26,28.16
2023-02-08,30.0,24.4,26.7,26.35,28.42
2023-02-09,30.7,24.9,26.9,26.92,29.21
2023-02-10,30.9,24.4,26.4,26.81,28.76
2023-02-11,28.4,23.6,25.3,26.0,27.28
2023-02-12,27.4,23.2,24.7,25.99,27.21
2023-02-13,30.6,24.0,26.3,26.58,28.77
2023-02-14,28.8,24.1,25.4,26.73,28.6
2023-02-15,29.5,23.7,25.4,26.54,27.87
2023-02-16,28.2,23.8,25.3,26.74,28.81
2023-02-17,27.5,23.4,25.2,26.5,28.23
2023-02-18,29.5,24.0,26.1,26.38,27.83
2023-02-19,29.4,24.6,26.1,26.6,28.31
2023-02-20,29.8,23.9,26.2,27.01,29.41
2023-02-21,29.3,23.6,25.6,26.32,27.75
2023-02-22,27.8,23.1,25.3,25.87,26.78
2023-02-23,28.7,23.4,25.5,26.41,27.41
2023-02-24,28.2,22.8,25.1,26.47,27.29
2023-02-25,29.3,23.4,25.6,25.48,26.42
2023-02-26,29.2,23.2,25.5,26.28,27.81
2023-02-27,27.7,23.3,25.1,26.25,27.14
2023-02-28,28.7,22.6,24.9,26.34,27.68
2023-03-01,28.2,23.0,25.1,26.26,27.98
2023-03-02,25.1,22.6,23.9,25.9,27.44
2023-03-03,30.0,23.7,25.9,26.45,28.32
2023-03-04,27.9,23.4,25.0,26.49,28.37
2023-03-05,29.1,23.1,26.2,26.31,27.48
2023-03-06,29.7,24.5,26.8,26.64,28.45
2023-03-07,29.8,23.9,26.4,27.01,29.42
2023-03-08,29.3,23.7,25.7,26.58,28.36
2023-03-09,28.2,23.6,25.7,26.46,28.17
2023-03-10,29.4,23.2,26.0,27.39,29.75
2023-03-11,30.2,23.3,26.3,27.49,29.35
2023-03-12,28.8,23.8,26.0,27.57,29.06
2023-03-13,29.4,23.1,26.2,27.22,29.36
2023-03-14,27.0,23.3,24.6,26.66,28.3
2023-03-15,28.0,22.6,24.9,26.5,27.38
2023-03-16,29.3,22.9,26.4,27.28,29.29
2023-03-17,30.3,23.7,26.6,27.5,29.46
2023-03-18,30.4,23.5,26.6,27.37,29.44
2023-03-19,30.1,23.5,26.4,27.17,29.26
2023-03-20,31.0,23.7,26.7,27.6,30.14
2023-03-21,29.9,23.1,26.6,27.01,28.89
2023-03-22,30.6,23.9,27.3,27.68,29.98
2023-03-23,31.1,24.5,27.5,27.98,30.25
2023-03-24,30.9,24.5,27.3,27.93,30.08
2023-03-25,31.3,23.7,26.4,27.93,30.21
2023-03-26,29.4,25.0,26.5,27.77,29.9
2023-03-27,30.8,24.6,26.9,27.56,29.21
2023-03-28,29.1,24.7,26.6,27.34,28.26
2023-03-29,28.7,24.5,26.2,27.66,29.41
2023-03-30,28.7,24.7,26.1,27.18,29.28
2023-03-31,29.3,24.1,26.6,26.81,28.02
2023-04-01,29.6,24.5,26.5,26.72,27.87
2023-04-02,30.4,23.8,26.7,27.21,29.67
2023-04-03,30.4,23.5,26.6,27.16,29.79
2023-04-04,30.6,23.8,27.0,26.93,28.88
2023-04-05,30.9,23.5,27.2,27.74,30.72
2023-04-06,31.9,22.8,27.4,27.3,30.02
2023-04-07,31.2,23.6,27.6,27.3,29.96
2023-04-08,31.0,23.4,27.0,27.74,30.21
2023-04-09,31.0,23.7,27.2,27.27,29.35
2023-04-10,30.8,24.5,27.2,27.0,28.54
2023-04-11,31.5,25.1,27.7,27.62,30.21
2023-04-12,31.8,25.0,27.7,27.88,30.31
2023-04-13,31.9,24.8,28.0,27.73,29.62
2023-04-14,32.3,24.6,27.5,28.03,30.45
2023-04-15,31.1,23.7,27.0,27.6,29.95
2023-04-16,31.2,24.4,27.3,27.75,29.99
2023-04-17,31.1,23.9,27.3,28.03,30.44
2023-04-18,30.6,24.8,26.8,27.85,29.66
2023-04-19,31.8,24.4,27.0,27.68,29.07
2023-04-20,30.3,23.9,26.6,27.89,29.67
2023-04-21,29.5,23.8,26.4,27.65,28.9
2023-04-22,30.8,23.4,27.2,28.14,30.07
2023-04-23,30.7,25.3,27.1,27.89,29.11
2023-04-24,31.3,23.7,27.1,28.16,30.12
2023-04-25,30.6,24.2,27.2,27.91,29.65
2023-04-26,31.3,24.0,27.3,28.19,30.42
2023-04-27,31.5,24.5,27.2,28.3,30.52
2023-04-28,30.7,24.6,27.4,28.51,30.59
2023-04-29,30.4,23.9,27.1,28.04,30.26
2023-04-30,31.0,24.8,27.6,28.58,30.68
2023-05-01,28.5,23.9,26.5,28.72,30.23
2023-05-02,30.3,24.9,27.7,28.57,30.63
2023-05-03,31.0,24.8,27.3,28.33,29.95
2023-05-04,30.7,24.7,26.8,28.3,30.2
2023-05-05,31.7,24.3,27.3,28.68,30.9
2023-05-06,29.7,24.0,27.2,27.73,28.5
2023-05-07,31.0,25.2,27.3,28.07,29.73
2023-05-08,30.3,24.4,27.0,28.0,29.65
2023-05-09,32.2,24.8,28.2,28.47,30.39
2023-05-10,32.5,24.9,28.2,28.6,30.63
2023-05-11,31.0,26.3,28.2,28.29,30.04
2023-05-12,31.7,26.4,28.8,28.58,30.6
2023-05-13,31.6,25.5,27.6,28.58,30.36
2023-05-14,32.0,24.6,27.9,28.25,30.42
2023-05-15,32.0,24.1,27.9,28.06,30.75
2023-05-16,30.6,24.1,27.7,28.05,29.79
2023-05-17,30.8,24.3,27.5,28.02,30.09
2023-05-18,30.1,24.4,26.7,28.0,29.77
2023-05-19,31.0,24.3,27.3,27.84,29.23
2023-05-20,30.7,24.7,27.4,28.05,29.73
2023-05-21,31.6,24.7,27.6,28.56,30.37
2023-05-22,31.0,24.0,27.0,28.31,30.53
2023-05-23,30.7,23.8,26.6,27.86,29.64
2023-05-24,30.6,24.2,27.3,28.1,29.97
2023-05-25,31.4,24.0,27.3,28.3,30.31
2023-05-26,32.8,24.7,28.1,28.05,29.94
2023-05-27,31.1,24.5,27.8,27.83,29.19
2023-05-28,31.0,24.9,27.9,28.23,29.71
2023-05-29,30.4,24.8,27.5,28.19,30.08
2023-05-30,30.3,24.5,26.9,28.22,30.13
2023-05-31,30.9,23.6,27.4,28.31,30.58
2023-06-01,31.6,24.1,27.8,28.1,30.34
2023-06-02,32.5,24.0,28.0,28.11,30.7
2023-06-03,31.5,24.7,27.8,28.21,30.68
2023-06-04,30.7,24.4,27.1,28.32,30.47
2023-06-05,31.0,24.0,27.1,27.68,29.24
2023-06-06,30.2,24.1,26.5,27.55,29.01
2023-06-07,31.5,24.1,27.2,27.66,29.45
2023-06-08,31.8,24.2,27.5,27.65,29.33
2023-06-09,31.6,23.4,27.5,28.03,30.35
2023-06-10,31.7,24.1,27.4,28.15,30.35
2023-06-11,31.9,23.5,27.6,27.85,30.48
2023-06-12,32.2,23.7,28.0,27.58,29.95
2023-06-13,32.9,24.7,27.9,27.95,29.83
2023-06-14,30.8,24.3,26.9,27.48,29.28
2023-06-15,31.2,23.5,27.2,27.25,29.16
2023-06-16,26.7,24.0,25.1,26.88,28.29
2023-06-17,30.2,24.3,26.9,27.67,29.59
2023-06-18,30.5,24.5,26.8,27.61,29.38
2023-06-19,29.9,23.5,26.1,27.66,29.1
2023-06-20,31.1,23.4,26.9,27.38,29.96
2023-06-21,30.4,23.8,26.8,28.11,30.09
2023-06-22,31.9,24.1,27.5,28.08,30.15
2023-06-23,31.4,24.3,27.0,27.95,29.93
2023-06-24,30.4,24.0,26.8,27.69,29.4
2023-06-25,30.2,23.9,26.1,27.3,28.6
2023-06-26,28.9,23.6,26.5,27.56,29.49
2023-06-27,30.8,23.9,27.0,27.7,29.64
2023-06-28,31.8,23.6,27.2,28.03,30.23
2023-06-29,31.5,24.3,27.3,28.21,30.75
2023-06-30,31.9,24.4,27.6,28.29,30.24
2023-07-01,31.1,24.7,27.3,28.31,30.5
2023-07-02,30.5,24.9,27.0,28.09,30.19
2023-07-03,30.7,24.2,26.9,27.75,29.63
2023-07-04,31.1,23.7,27.2,27.91,29.73
2023-07-05,32.4,23.9,27.5,27.84,30.21
2023-07-06,29.5,23.2,25.9,27.56,29.3
2023-07-07,30.3,23.8,26.3,26.94,28.66
2023-07-08,31.2,24.2,26.5,27.2,29.12
2023-07-09,31.9,23.1,27.1,27.33,29.83
2023-07-10,31.8,25.4,27.7,27.76,30.13
2023-07-11,31.0,23.2,27.1,27.45,29.57
2023-07-12,31.1,23.4,27.2,27.8,30.2
2023-07-13,32.1,23.2,27.5,27.51,29.7
2023-07-14,31.9,24.7,27.2,27.91,30.43
2023-07-15,30.7,23.8,26.7,27.57,29.55
2023-07-16,31.0,23.9,27.0,28.09,30.47
2023-07-17,32.3,23.2,27.5,27.31,29.74
2023-07-18,32.6,22.5,27.2,26.67,29.45
2023-07-19,32.6,23.5,27.5,26.74,29.85
2023-07-20,31.2,22.4,27.0,26.82,29.75
2023-07-21,32.0,23.5,27.4,27.1,29.53
2023-07-22,32.6,24.4,27.9,27.25,29.73
2023-07-23,32.9,24.2,27.8,27.16,29.68
2023-07-24,29.4,23.9,26.5,27.33,29.67
2023-07-25,30.5,23.7,26.7,27.34,29.37
2023-07-26,29.8,23.3,26.8,27.7,29.59
2023-07-27,30.3,23.8,27.0,27.5,29.53
2023-07-28,32.3,23.9,27.9,27.43,29.35
2023-07-29,32.5,23.2,27.2,26.59,29.1
2023-07-30,32.3,22.9,27.3,26.42,29.13
2023-07-31,32.0,23.4,27.2,26.13,28.52
2023-08-01,33.2,23.4,27.8,26.74,29.69
2023-08-02,30.8,24.3,27.0,27.37,30.19
2023-08-03,32.1,24.3,27.4,27.68,30.16
2023-08-04,33.0,24.3,27.9,27.78,30.33
2023-08-05,32.1,24.3,27.7,27.06,29.68
2023-08-06,31.8,23.5,27.3,27.47,30.32
2023-08-07,31.0,23.3,27.1,27.48,30.16
2023-08-08,32.8,23.3,27.4,27.32,29.94
2023-08-09,31.9,23.5,27.7,26.99,29.58
2023-08-10,31.5,23.3,27.0,26.7,29.82
2023-08-11,29.9,22.9,26.7,26.83,29.67
2023-08-12,30.8,23.8,27.1,26.15,29.21
2023-08-13,31.6,22.4,26.8,26.54,29.66
2023-08-14,31.1,23.3,27.0,27.02,29.65
2023-08-15,31.0,22.8,27.0,27.06,29.88
2023-08-16,31.1,23.7,27.5,27.33,30.12
2023-08-17,32.0,23.8,27.5,26.91,29.82
2023-08-18,31.5,24.4,27.5,26.99,29.94
2023-08-19,32.5,24.0,27.9,26.86,29.68
2023-08-20,32.9,24.7,28.2,27.22,30.25
2023-08-21,32.2,24.2,27.7,26.98,30.0
2023-08-22,32.1,22.4,27.6,26.88,29.76
2023-08-23,32.5,23.7,27.8,27.15,30.08
2023-08-24,32.3,23.4,27.8,27.19,30.17
2023-08-25,32.2,23.8,27.9,27.34,30.28
2023-08-26,31.2,24.3,27.6,27.5,30.41
2023-08-27,30.4,24.2,26.9,27.58,30.28
2023-08-28,30.0,23.2,26.4,27.25,29.6
2023-08-29,32.8,22.6,27.4,27.24,30.06
2023-08-30,31.7,23.1,27.2,26.99,30.13
2023-08-31,32.2,22.2,27.1,27.04,30.46
2023-09-01,31.5,22.0,26.9,27.16,30.44
2023-09-02,31.5,23.0,27.0,27.0,29.85
2023-09-03,32.2,23.8,27.4,27.41,30.84
2023-09-04,33.2,22.6,27.1,26.07,29.69
2023-09-05,32.3,21.2,26.7,26.34,29.77
2023-09-06,32.9,22.7,27.5,27.03,30.74
2023-09-07,31.9,23.9,27.6,27.74,30.98
2023-09-08,32.2,24.8,27.7,27.89,31.16
2023-09-09,31.1,23.5,27.1,27.78,30.82
2023-09-10,30.7,23.4,27.1,27.29,30.36
2023-09-11,31.1,23.7,27.6,27.67,30.67
2023-09-12,33.5,23.8,28.1,27.91,31.57
2023-09-13,32.8,24.0,28.2,27.86,31.04
2023-09-14,32.4,24.4,27.8,27.62,30.87
2023-09-15,33.6,23.6,27.7,27.68,31.47
2023-09-16,32.7,24.2,28.0,27.58,30.7
2023-09-17,31.7,24.4,28.0,27.85,31.15
2023-09-18,32.5,24.7,28.1,28.0,30.71
2023-09-19,31.2,24.9,27.6,28.23,31.4
2023-09-20,32.3,24.1,27.8,28.3,31.63
2023-09-21,31.2,24.4,27.3,28.59,32.12
2023-09-22,33.3,23.1,27.7,28.8,32.55
2023-09-23,30.9,23.7,27.4,28.2,31.59
2023-09-24,31.9,23.9,27.6,28.38,31.83
2023-09-25,33.2,22.8,27.8,28.5,32.45
2023-09-26,32.8,24.8,28.4,28.43,32.64
2023-09-27,33.4,23.4,28.3,28.19,32.55
2023-09-28,34.9,24.0,29.1,28.03,32.11
2023-09-29,34.3,25.1,28.6,28.56,32.5
2023-09-30,31.9,24.1,27.7,28.74,32.21
2023-10-01,32.2,24.5,28.2,28.74,32.52
2023-10-02,33.0,24.3,28.2,28.87,32.75
2023-10-03,32.6,24.4,28.3,28.36,31.43
2023-10-04,32.5,24.5,28.0,28.95,32.54
2023-10-05,32.6,24.9,28.4,28.95,32.78
2023-10-06,32.5,24.6,28.2,29.25,33.11
2023-10-07,32.9,24.8,28.6,29.3,32.78
2023-10-08,33.2,25.5,28.9,29.42,33.12
2023-10-09,33.0,25.2,28.6,29.26,32.75
2023-10-10,33.2,25.8,28.9,29.14,32.47
2023-10-11,33.3,25.0,28.4,29.47,32.81
2023-10-12,33.5,24.2,28.5,29.45,33.26
2023-10-13,32.9,24.2,28.1,29.57,33.11
2023-10-14,32.2,24.2,28.4,29.71,33.52
2023-10-15,32.8,23.8,28.3,29.76,33.41
2023-10-16,34.4,24.4,28.8,29.82,33.59
2023-10-17,34.8,24.7,29.3,29.9,33.88
2023-10-18,34.0,25.8,29.2,29.72,33.53
2023-10-19,34.3,25.8,29.5,29.17,32.69
2023-10-20,33.5,25.9,28.6,28.81,31.9
2023-10-21,33.3,24.7,28.7,29.21,32.36
2023-10-22,32.6,25.5,28.8,29.06,32.06
2023-10-23,32.9,24.7,28.6,29.17,32.1
2023-10-24,31.9,24.0,27.4,29.36,31.78
2023-10-25,32.3,23.8,27.2,28.84,31.13
2023-10-26,33.4,24.4,28.5,29.41,32.59
2023-10-27,32.8,24.8,28.5,29.42,32.69
2023-10-28,34.0,24.7,28.8,29.35,33.3
2023-10-29,33.7,24.6,28.7,29.58,33.43
2023-10-30,32.5,24.7,28.7,29.85,33.2
2023-10-31,32.3,25.6,28.5,29.97,33.23
2023-11-01,32.5,24.6,28.0,29.59,32.06
2023-11-02,32.6,25.8,28.2,29.73,32.91
2023-11-03,32.8,24.6,27.8,29.43,32.03
2023-11-04,31.7,24.5,27.1,28.87,31.04
2023-11-05,31.6,24.2,26.7,29.15,31.8
2023-11-06,31.6,24.4,28.2,29.34,31.89
2023-11-07,31.8,24.5,28.5,29.1,31.31
2023-11-08,31.5,24.8,28.2,29.81,32.39
2023-11-09,33.5,24.7,28.2,29.84,32.84
2023-11-10,33.1,24.5,28.0,29.57,32.26
2023-11-11,31.5,24.2,27.3,29.05,30.75
2023-11-12,31.7,25.0,27.9,29.31,31.35
2023-11-13,33.0,24.7,28.2,29.37,32.26
2023-11-14,33.0,23.9,27.4,29.24,31.48
2023-11-15,32.5,24.4,28.0,28.93,31.51
2023-11-16,32.5,25.2,28.1,29.38,31.76
2023-11-17,30.7,25.0,27.7,29.23,31.74
2023-11-18,31.4,23.5,27.7,29.36,31.38
2023-11-19,32.2,24.4,28.3,29.98,32.76
2023-11-20,32.0,24.8,28.0,29.81,32.55
2023-11-21,32.0,24.2,27.7,29.69,32.14
2023-11-22,32.7,24.6,27.6,30.04,32.67
2023-11-23,31.9,24.5,27.9,28.97,30.55
2023-11-24,30.6,24.6,26.9,28.66,30.34
2023-11-25,28.2,24.4,25.6,28.28,30.02
2023-11-26,31.8,24.4,27.2,28.59,30.57
2023-11-27,27.5,24.3,25.7,27.87,28.94
2023-11-28,30.2,23.8,26.5,28.04,29.65
2023-11-29,31.5,24.1,27.1,29.14,31.86
2023-11-30,30.7,24.5,26.8,28.63,30.69
2023-12-01,27.4,24.1,25.8,28.31,29.9
2023-12-02,30.7,25.1,27.4,28.14,29.77
2023-12-03,29.5,24.7,26.4,28.77,30.67
2023-12-04,30.1,24.4,26.3,28.07,30.08
2023-12-05,31.5,24.3,27.4,28.58,31.2
2023-12-06,31.0,24.6,27.5,28.66,30.02
2023-12-07,30.5,24.7,27.2,28.44,30.22
2023-12-08,31.8,24.3,27.4,28.98,30.9
2023-12-09,31.2,25.1,27.1,28.81,30.47
2023-12-10,31.3,24.7,27.3,28.03,29.1
2023-12-11,31.7,24.7,27.9,28.32,30.02
2023-12-12,31.7,24.5,27.6,28.8,31.08
2023-12-13,32.0,23.2,27.9,28.78,31.45
2023-12-14,32.5,24.8,28.5,29.18,31.99
2023-12-15,32.6,24.3,28.4,28.77,31.57
2023-12-16,32.2,24.6,28.4,28.83,31.26
2023-12-17,32.7,24.8,28.6,29.13,32.47
2023-12-18,33.1,24.7,28.7,29.09,32.33
2023-12-19,33.0,25.4,28.8,29.23,32.8
2023-12-20,33.0,24.4,28.4,28.83,32.57
2023-12-21,32.2,23.4,28.1,28.68,32.01
2023-12-22,32.1,23.9,28.3,29.16,32.55
2023-12-23,32.7,25.7,28.8,29.77,32.28
2023-12-24,32.3,25.4,28.1,29.43,31.5
2023-12-25,31.0,24.7,27.0,28.8,31.13
2023-12-26,29.8,24.3,26.5,28.39,29.77
2023-12-27,30.9,24.8,27.3,28.61,30.36
2023-12-28,32.1,24.4,27.5,28.43,29.93
2023-12-29,31.0,25.1,27.6,28.54,30.02
2023-12-30,30.9,24.2,27.1,29.57,31.82
2023-12-31,31.0,25.0,27.0,28.8,30.5
2024-01-01,30.6,24.8,27.0,28.59,29.94
2024-01-02,31.0,24.4,27.3,29.09,31.31
2024-01-03,28.3,24.0,26.0,28.42,29.53
2024-01-04,27.8,23.8,25.2,27.39,28.94
2024-01-05,30.9,23.8,26.6,28.43,30.86
2024-01-06,30.4,23.8,26.8,28.32,30.47
2024-01-07,30.9,24.0,26.0,27.51,28.21
2024-01-08,29.4,24.2,26.5,27.91,29.4
2024-01-09,32.1,24.5,27.5,28.56,31.04
2024-01-10,31.0,24.8,27.1,28.52,30.33
2024-01-11,31.3,25.0,27.0,28.11,29.74
2024-01-12,32.7,24.5,27.8,27.87,29.69
2024-01-13,31.6,25.1,27.8,28.63,31.32
2024-01-14,30.9,24.7,27.1,28.09,30.37
2024-01-15,31.0,25.4,27.7,28.56,31.22
2024-01-16,31.6,24.6,27.9,28.74,31.67
2024-01-17,30.7,25.9,27.5,28.32,30.62
2024-01-18,31.6,25.2,27.4,27.92,30.18
2024-01-19,27.7,24.8,25.8,27.07,28.49
2024-01-20,32.4,25.0,28.4,28.34,31.95
2024-01-21,31.5,25.7,27.9,28.02,30.52
2024-01-22,31.7,25.5,28.3,28.22,30.79
2024-01-23,32.6,26.1,28.7,28.29,31.2
2024-01-24,31.2,25.7,28.2,28.15,30.7
2024-01-25,31.6,24.5,28.0,28.25,30.57
2024-01-26,29.6,24.2,26.6,27.84,29.96
2024-01-27,29.1,23.3,25.9,27.74,29.21
2024-01-28,29.5,23.8,25.8,27.71,29.11
2024-01-29,29.4,23.5,26.0,27.33,27.8
2024-01-30,29.4,24.4,26.4,26.94,28.21
2024-01-31,29.4,24.0,26.3,27.24,28.83
2024-02-01,30.1,25.1,26.8,27.19,28.87
2024-02-02,31.8,24.3,27.1,27.75,29.73
2024-02-03,29.0,24.5,26.1,27.7,29.83
2024-02-04,30.7,24.3,26.9,27.3,29.24
2024-02-05,29.2,24.9,26.7,27.61,29.61
2024-02-06,29.2,24.5,26.1,27.18,28.84
2024-02-07,30.4,24.5,26.7,27.64,30.21
2024-02-08,31.0,23.5,27.1,28.21,31.55
2024-02-09,31.2,24.0,27.3,28.07,30.52
2024-02-10,29.7,24.5,26.5,27.28,28.73
2024-02-11,31.0,24.1,26.8,28.0,30.0
2024-02-12,30.6,23.5,26.9,27.68,28.97
2024-02-13,30.6,24.4,27.1,27.96,29.66
2024-02-14,29.8,24.1,26.7,27.46,28.73
2024-02-15,30.6,25.0,27.3,28.41,30.97
2024-02-16,29.3,25.0,26.7,27.35,28.61
2024-02-17,29.5,23.7,26.4,27.81,29.21
2024-02-18,29.5,24.9,27.0,28.02,30.01
2024-02-19,30.1,24.4,27.0,28.16,29.9
2024-02-20,31.0,24.4,27.7,28.58,30.76
2024-02-21,30.2,25.0,27.2,28.82,31.28
2024-02-22,32.0,25.3,28.3,28.74,31.11
2024-02-23,32.6,26.3,29.0,28.54,30.54
2024-02-24,30.4,25.2,27.1,28.42,30.43
2024-02-25,29.8,24.3,26.5,27.53,29.23
2024-02-26,30.7,24.6,27.2,27.72,29.53
2024-02-27,30.1,24.9,27.4,28.03,29.73
2024-02-28,28.6,23.8,25.8,27.78,29.17
2024-02-29,29.4,25.1,26.5,28.03,29.86
2024-03-01,31.2,25.0,27.5,28.33,30.66
2024-03-02,29.4,24.8,26.9,28.01,29.64
2024-03-03,30.2,24.6,26.8,27.77,29.66
2024-03-04,32.3,25.2,27.8,28.36,31.18
2024-03-05,31.8,25.8,27.9,28.48,31.01
2024-03-06,30.9,26.2,27.9,28.07,29.78
2024-03-07,31.5,25.6,27.4,28.29,30.34
2024-03-08,31.1,25.2,27.1,27.63,28.89
2024-03-09,27.8,24.8,25.9,27.02,28.93
2024-03-10,29.8,24.4,26.4,27.48,29.54
2024-03-11,29.7,23.8,26.3,27.52,29.23
2024-03-12,30.1,24.1,26.8,27.7,29.13
2024-03-13,30.0,24.2,26.1,27.5,29.52
2024-03-14,29.1,23.8,25.9,28.01,30.22
2024-03-15,29.8,24.5,26.5,27.65,29.5
2024-03-16,28.8,24.0,26.1,27.16,28.77
2024-03-17,29.7,24.0,26.5,27.39,29.39
2024-03-18,30.6,24.5,27.6,27.72,29.94
2024-03-19,32.0,25.6,28.4,28.2,31.2
2024-03-20,32.5,23.8,28.1,28.05,31.65
2024-03-21,29.6,24.3,27.1,27.76,30.71
2024-03-22,30.3,23.8,26.4,27.71,29.59
2024-03-23,31.4,24.4,27.8,28.9,31.33
2024-03-24,31.3,24.5,27.2,28.81,30.87
2024-03-25,30.4,24.4,26.9,28.42,30.28
2024-03-26,31.7,24.3,27.6,28.28,30.36
2024-03-27,30.2,24.3,26.6,28.26,30.13
2024-03-28,30.9,24.7,27.0,28.42,30.53
2024-03-29,31.5,24.2,27.2,28.66,30.97
2024-03-30,31.7,24.4,27.5,28.59,30.83
2024-03-31,30.6,24.1,27.1,28.47,29.31
2024-04-01,30.5,24.8,27.3,28.62,30.5
2024-04-02,30.8,25.1,27.4,28.68,30.12
2024-04-03,30.8,25.3,27.0,28.92,30.32
2024-04-04,31.8,24.5,27.5,29.01,30.72
2024-04-05,31.6,25.0,27.7,28.92,30.78
2024-04-06,31.5,25.1,27.8,28.96,31.0
2024-04-07,32.0,25.2,28.1,28.97,31.08
2024-04-08,32.1,23.8,28.2,28.71,31.97
2024-04-09,31.1,24.9,27.7,29.07,31.71
2024-04-10,32.0,24.5,27.8,29.12,31.08
2024-04-11,30.6,25.2,27.6,28.61,30.09
2024-04-12,29.8,24.3,26.2,28.41,30.04
2024-04-13,31.2,25.0,27.7,28.61,30.94
2024-04-14,31.0,24.5,27.2,28.89,30.85
2024-04-15,30.9,25.2,27.7,28.97,31.29
2024-04-16,31.5,25.3,27.8,28.72,30.47
2024-04-17,31.2,24.7,26.9,28.89,30.57
2024-04-18,31.3,24.6,27.2,28.8,31.31
2024-04-19,31.3,24.4,27.3,28.78,30.71
2024-04-20,31.8,25.2,27.5,28.55,30.31
2024-04-21,30.2,24.5,26.9,28.88,31.06
2024-04-22,31.9,24.4,28.0,29.19,31.05
2024-04-23,30.7,25.2,27.5,28.87,30.67
2024-04-24,31.6,24.9,27.7,28.88,30.37
2024-04-25,30.5,24.8,27.2,28.72,30.47
2024-04-26,32.1,25.0,27.3,28.8,30.79
2024-04-27,31.6,25.4,27.1,28.87,30.81
2024-04-28,32.2,24.7,28.0,28.69,30.05
2024-04-29,32.9,25.4,28.8,29.09,30.72
2024-04-30,31.6,25.5,27.9,29.39,31.43
2024-05-01,30.6,24.5,27.4,28.88,30.06
2024-05-02,32.0,24.9,27.8,29.04,30.8
2024-05-03,32.0,25.1,27.8,29.25,31.19
2024-05-04,32.4,24.6,28.0,28.6,30.45
2024-05-05,31.5,24.7,28.2,28.9,31.13
2024-05-06,31.3,25.1,27.8,28.83,31.14
2024-05-07,32.3,25.0,28.7,28.68,31.07
2024-05-08,31.5,25.1,28.4,28.7,31.05
2024-05-09,31.6,24.5,28.0,28.6,30.95
2024-05-10,32.2,25.7,28.4,28.97,31.19
2024-05-11,32.9,24.6,27.8,28.99,31.26
2024-05-12,33.5,24.6,28.6,28.8,30.75
2024-05-13,31.6,24.9,27.2,28.38,30.41
2024-05-14,30.3,24.4,27.1,28.55,30.72
2024-05-15,32.8,25.3,28.8,28.8,31.16
2024-05-16,32.1,25.1,28.0,28.66,30.94
2024-05-17,32.3,25.0,28.2,28.57,31.04
2024-05-18,32.7,25.1,28.1,28.78,31.45
2024-05-19,32.3,24.6,28.2,28.89,31.02
2024-05-20,33.4,24.7,28.5,28.52,30.84
2024-05-21,31.6,24.0,28.3,28.6,30.82
2024-05-22,31.0,25.2,27.5,28.66,30.72
2024-05-23,29.9,24.7,26.9,28.36,30.34
2024-05-24,30.7,25.0,26.7,28.58,30.67
2024-05-25,26.3,24.5,25.3,28.46,30.66
2024-05-26,31.9,25.2,28.3,28.71,31.06
2024-05-27,33.1,25.4,28.6,28.96,31.3
2024-05-28,32.1,25.2,28.0,28.97,31.07
2024-05-29,31.8,24.7,27.6,29.06,31.14
2024-05-30,31.7,24.1,27.8,28.93,30.69
2024-05-31,32.3,25.3,28.2,28.97,31.17
2024-06-01,31.0,25.6,27.5,28.75,30.62
2024-06-02,31.2,25.2,27.4,28.56,30.56
2024-06-03,30.8,24.1,26.6,27.88,28.81
2024-06-04,32.2,25.2,28.2,28.43,30.53
2024-06-05,31.6,24.0,27.7,28.81,31.18
2024-06-06,32.2,23.8,28.0,28.65,31.1
2024-06-07,31.1,24.4,27.6,28.41,31.0
2024-06-08,31.7,24.2,27.9,28.24,30.58
2024-06-09,30.6,24.3,27.1,28.17,29.67
2024-06-10,31.6,24.8,27.7,28.24,29.79
2024-06-11,29.2,24.3,26.2,28.23,29.74
2024-06-12,30.0,24.2,26.2,28.12,30.47
2024-06-13,30.3,24.1,26.7,28.46,30.49
2024-06-14,31.0,24.8,27.5,28.3,30.21
2024-06-15,31.3,24.2,27.0,28.71,30.84
2024-06-16,29.7,24.2,26.4,27.97,28.9
2024-06-17,30.7,24.4,27.5,28.57,30.49
2024-06-18,29.3,24.1,26.6,28.33,30.13
2024-06-19,31.9,23.8,27.7,28.32,30.49
2024-06-20,32.3,23.1,27.7,27.69,30.08
2024-06-21,32.2,23.1,27.4,27.99,30.56
2024-06-22,30.8,23.6,27.1,27.93,30.38
2024-06-23,32.3,22.6,27.3,27.54,30.35
2024-06-24,30.9,24.4,27.6,27.93,30.93
2024-06-25,31.4,24.9,27.2,27.83,29.92
2024-06-26,31.6,24.6,27.7,28.06,30.55
2024-06-27,31.6,25.3,27.6,28.04,30.04
2024-06-28,30.3,24.8,26.9,28.12,30.43
2024-06-29,29.5,24.4,26.4,27.96,30.13
2024-06-30,30.8,24.0,27.2,28.08,29.9
2024-07-01,30.1,24.5,26.8,27.77,29.19
2024-07-02,30.1,23.8,26.5,27.65,29.04
2024-07-03,32.1,24.0,27.3,28.0,30.08
2024-07-04,30.2,24.2,26.3,27.87,29.59
2024-07-05,30.2,24.2,26.7,27.61,29.08
2024-07-06,27.7,23.8,25.1,27.53,28.47
2024-07-07,30.2,23.4,26.3,27.91,30.29
2024-07-08,31.2,23.9,26.7,27.71,29.69
2024-07-09,30.1,23.3,26.3,27.43,29.08
2024-07-10,31.7,24.3,27.4,27.91,29.98
2024-07-11,31.0,22.7,26.9,27.96,30.77
2024-07-12,31.9,23.8,27.3,26.93,29.49
2024-07-13,31.3,21.1,26.1,27.0,29.33
2024-07-14,30.7,22.5,26.4,26.27,28.86
2024-07-15,31.4,21.0,26.3,26.39,29.34
2024-07-16,31.2,21.8,26.5,26.71,29.42
2024-07-17,31.2,23.2,26.8,27.2,29.63
2024-07-18,30.9,23.5,27.2,27.57,29.88
2024-07-19,31.7,23.4,27.4,27.31,29.48
2024-07-20,31.7,23.1,27.3,27.18,29.65
2024-07-21,32.0,23.5,27.4,27.49,29.95
2024-07-22,32.0,24.2,27.4,27.66,30.34
2024-07-23,30.7,23.7,27.5,27.64,29.88
2024-07-24,30.5,25.0,27.2,27.44,29.61
2024-07-25,29.4,23.2,26.6,27.34,28.8
2024-07-26,31.1,23.8,27.0,27.35,29.33
2024-07-27,32.6,23.2,27.7,27.27,29.88
2024-07-28,31.1,23.8,27.4,27.26,29.87
2024-07-29,31.9,24.2,27.7,27.04,29.6
2024-07-30,31.2,23.9,27.5,27.08,30.03
2024-07-31,32.2,23.9,27.5,27.26,29.98
2024-08-01,31.4,24.4,27.2,27.56,30.13
2024-08-02,30.7,23.4,26.1,27.78,29.88
2024-08-03,32.3,23.2,26.6,27.65,30.09
2024-08-04,31.6,24.2,27.4,28.16,30.46
2024-08-05,30.5,24.0,26.4,27.76,30.22
2024-08-06,32.4,23.3,27.3,27.14,29.75
2024-08-07,32.2,23.7,27.6,27.08,29.62
2024-08-08,32.0,24.2,27.7,27.52,30.01
2024-08-09,32.3,24.5,27.9,27.59,30.25
2024-08-10,31.3,23.9,27.5,27.55,30.45
2024-08-11,30.8,23.9,27.1,27.58,29.83
2024-08-12,31.1,22.8,27.1,26.83,29.31
2024-08-13,32.0,21.7,26.6,26.45,29.43
2024-08-14,31.4,23.3,27.2,26.98,29.81
2024-08-15,32.5,24.0,27.7,27.28,30.38
2024-08-16,32.2,23.4,27.6,27.32,29.98
2024-08-17,31.6,24.2,27.6,27.33,29.49
2024-08-18,31.5,24.1,27.7,27.5,30.2
2024-08-19,31.8,24.0,27.7,27.26,30.06
2024-08-20,31.7,23.2,27.2,27.27,30.35
2024-08-21,31.8,23.3,27.6,27.25,30.02
2024-08-22,32.5,25.2,28.3,27.27,29.18
2024-08-23,31.9,24.4,27.9,27.7,30.03
2024-08-24,31.3,23.4,27.4,27.88,30.6
2024-08-25,31.7,23.3,27.3,27.81,30.42
2024-08-26,32.9,24.3,28.0,27.98,30.94
2024-08-27,32.8,24.2,28.2,28.09,31.01
2024-08-28,33.8,24.6,28.6,27.74,30.99
2024-08-29,33.0,25.3,28.5,28.13,30.63
2024-08-30,32.0,23.4,27.7,27.59,30.74
2024-08-31,32.0,24.0,27.9,27.61,30.42
2024-09-01,32.7,24.2,28.2,27.69,30.79
2024-09-02,32.3,25.1,28.1,28.09,30.96
2024-09-03,31.3,24.0,27.4,28.63,31.49
2024-09-04,32.8,23.5,27.8,28.36,31.05
2024-09-05,32.1,25.2,27.8,28.6,31.33
2024-09-06,32.3,24.0,28.1,28.22,30.67
2024-09-07,35.8,24.6,29.4,28.25,31.43
2024-09-08,33.8,25.6,29.0,28.14,30.7
2024-09-09,31.8,25.0,27.4,27.33,28.98
2024-09-10,30.2,24.3,26.5,27.5,28.95
2024-09-11,32.2,24.0,27.3,28.18,31.05
2024-09-12,31.4,23.7,27.1,28.29,31.19
2024-09-13,31.0,23.5,26.9,28.03,30.64
2024-09-14,32.2,23.1,27.6,27.78,31.02
2024-09-15,32.3,22.7,27.6,27.88,30.91
2024-09-16,32.1,23.2,27.8,27.97,31.24
2024-09-17,32.6,23.5,27.8,27.55,30.75
2024-09-18,31.8,22.8,27.4,27.16,30.1
2024-09-19,31.6,23.0,27.7,27.63,30.65
2024-09-20,31.9,24.0,27.8,28.09,31.0
2024-09-21,32.0,24.1,28.0,28.07,30.71
2024-09-22,31.9,25.6,28.5,28.5,30.72
2024-09-23,32.0,25.9,28.3,28.28,30.34
2024-09-24,30.6,25.0,27.1,27.85,29.25
2024-09-25,31.7,24.4,27.6,27.91,29.86
2024-09-26,32.2,24.3,27.0,27.73,29.48
2024-09-27,32.0,24.2,27.8,28.22,30.9
2024-09-28,30.5,25.1,27.3,28.41,30.51
2024-09-29,32.2,24.5,28.0,28.72,31.17
2024-09-30,32.3,24.5,28.1,28.27,30.2
2024-10-01,32.3,24.4,28.4,28.69,31.6
2024-10-02,32.0,25.1,28.2,28.87,31.1
2024-10-03,31.7,24.7,27.6,28.32,30.33
2024-10-04,32.5,24.6,27.2,28.41,30.66
2024-10-05,31.9,24.0,27.2,28.43,30.55
2024-10-06,31.5,24.0,27.2,28.59,31.23
2024-10-07,33.1,23.6,27.7,28.68,31.44
2024-10-08,32.9,24.1,28.2,28.36,30.71
2024-10-09,32.5,24.9,28.3,28.9,31.81
2024-10-10,32.3,24.7,27.9,29.17,31.9
2024-10-11,32.8,24.5,28.4,28.82,31.2
2024-10-12,31.0,25.5,27.8,28.9,31.25
2024-10-13,30.2,24.8,27.2,28.23,29.79
2024-10-14,31.3,24.7,27.6,28.6,31.01
2024-10-15,33.0,25.0,28.3,28.41,30.77
2024-10-16,32.9,24.7,28.4,29.05,31.97
2024-10-17,33.3,24.1,28.1,28.39,31.97
2024-10-18,31.7,24.0,28.0,28.41,30.94
2024-10-19,32.0,24.5,28.4,28.31,31.13
2024-10-20,34.6,24.3,29.0,28.9,32.15
2024-10-21,32.4,25.1,28.5,28.56,31.53
2024-10-22,33.2,25.3,29.1,29.27,32.24
2024-10-23,32.3,25.5,29.0,29.16,31.87
2024-10-24,32.1,24.8,27.9,28.57,30.9
2024-10-25,31.8,24.4,27.7,28.9,31.79
2024-10-26,33.2,24.2,28.6,28.99,32.06
2024-10-27,32.9,24.7,28.9,29.05,31.28
2024-10-28,32.9,25.3,29.0,29.42,31.86
2024-10-29,32.8,25.2,29.0,29.22,31.71
2024-10-30,32.6,26.0,28.9,29.4,32.39
2024-10-31,32.3,25.4,28.5,29.09,31.71
2024-11-01,32.7,25.2,27.8,28.6,30.63
2024-11-02,32.3,24.8,27.4,28.68,31.27
2024-11-03,30.4,23.9,26.1,27.61,28.88
2024-11-04,30.1,24.4,26.7,27.88,29.96
2024-11-05,31.1,24.5,26.5,28.06,29.73
2024-11-06,30.2,23.6,26.4,28.52,30.91
2024-11-07,31.5,24.5,27.0,28.76,31.07
2024-11-08,32.0,24.0,28.1,29.08,31.19
2024-11-09,32.4,25.4,27.9,29.2,31.44
2024-11-10,31.9,24.9,27.3,28.46,30.18
2024-11-11,32.0,23.7,26.7,28.56,30.56
2024-11-12,30.5,24.3,26.7,28.26,30.06
2024-11-13,30.9,25.1,27.3,28.67,30.84
2024-11-14,31.7,25.1,28.2,29.05,31.74
2024-11-15,31.3,25.7,28.0,28.62,30.16
2024-11-16,31.0,25.2,27.5,28.79,30.91
2024-11-17,29.4,25.1,27.0,28.89,31.08
2024-11-18,28.8,24.4,26.8,28.57,30.49
2024-11-19,31.4,25.2,27.7,29.14,31.53
2024-11-20,31.5,25.3,27.7,28.35,29.76
2024-11-21,31.6,25.3,27.6,28.71,31.41
2024-11-22,32.3,24.2,27.4,28.74,31.22
2024-11-23,32.4,25.6,28.0,28.42,30.73
2024-11-24,32.3,25.4,27.7,27.99,30.25
2024-11-25,32.1,25.6,28.0,28.87,32.13
2024-11-26,31.8,26.2,28.4,28.55,31.05
2024-11-27,31.7,25.4,27.5,27.31,29.14
2024-11-28,32.1,25.4,27.8,27.39,28.55
2024-11-29,32.8,25.6,28.2,27.78,30.18
2024-11-30,34.0,25.8,29.3,28.73,32.18
2024-12-01,35.1,25.7,29.0,28.38,31.0
2024-12-02,33.1,25.6,27.7,27.97,30.26
2024-12-03,28.7,25.0,26.1,26.87,27.64
2024-12-04,26.8,24.8,25.7,27.04,28.39
2024-12-05,28.9,24.2,26.3,27.13,28.29
2024-12-06,27.2,24.7,26.1,27.3,28.69
2024-12-07,28.7,25.0,27.1,28.22,29.83
2024-12-08,29.3,24.6,26.9,28.04,28.94
2024-12-09,29.4,24.9,27.0,27.28,28.32
2024-12-10,30.6,25.1,26.8,28.13,30.09
2024-12-11,30.9,24.9,27.1,28.33,30.46
2024-12-12,32.1,24.8,28.0,27.95,29.93
2024-12-13,31.3,25.3,27.9,28.18,30.03
2024-12-14,30.7,24.5,27.1,27.87,29.33
2024-12-15,27.8,25.1,26.1,27.64,29.44
2024-12-16,30.1,24.5,26.5,27.63,29.45
2024-12-17,29.6,23.8,26.8,27.61,29.57
2024-12-18,31.3,25.4,27.5,28.02,30.43
2024-12-19,29.0,24.9,26.4,27.51,29.06
2024-12-20,30.5,24.1,26.6,27.34,29.01
2024-12-21,29.3,23.8,26.7,27.74,29.75
2024-12-22,29.3,24.5,27.0,27.51,28.82
2024-12-23,29.2,24.7,26.8,27.86,29.8
2024-12-24,27.8,24.1,26.0,26.87,28.05
2024-12-25,28.9,24.7,26.4,27.26,28.71
2024-12-26,29.9,25.2,27.4,27.32,29.28
2024-12-27,31.2,26.2,28.2,27.7,29.89
2024-12-28,32.1,25.6,28.7,27.71,30.07
2024-12-29,31.3,25.4,27.8,27.89,30.12
2024-12-30,30.2,24.9,27.0,27.61,29.65
2024-12-31,31.1,24.7,27.6,27.39,29.07
2025-01-01,29.0,24.3,26.2,27.01,28.82
2025-01-02,31.0,24.2,27.7,27.55,30.11
2025-01-03,31.7,25.2,28.3,27.87,30.66
2025-01-04,34.3,25.2,28.8,27.97,30.88
2025-01-05,32.5,25.7,28.5,27.82,30.6
2025-01-06,33.1,25.0,28.3,27.88,30.97
2025-01-07,30.7,24.6,26.9,27.36,28.89
2025-01-08,29.2,23.4,26.3,26.93,27.97
2025-01-09,27.7,24.1,25.7,26.75,27.28
2025-01-10,30.1,24.1,27.2,27.32,29.11
2025-01-11,29.6,24.3,26.7,27.26,28.9
2025-01-12,29.5,25.2,27.0,27.56,30.18
2025-01-13,30.0,25.1,26.9,27.48,29.81
2025-01-14,28.2,24.7,26.0,26.85,28.49
2025-01-15,31.0,24.6,27.1,27.63,29.81
2025-01-16,29.3,25.2,27.2,27.4,29.14
2025-01-17,29.9,24.3,26.9,26.96,28.56
2025-01-18,27.4,23.7,25.5,27.15,29.41
2025-01-19,30.2,24.0,26.3,27.09,28.61
2025-01-20,27.0,23.4,25.1,26.61,27.7
2025-01-21,28.2,23.8,25.5,26.26,27.11
2025-01-22,28.3,24.3,26.2,26.59,28.25
2025-01-23,28.4,24.3,26.4,26.67,27.9
2025-01-24,30.2,24.7,26.5,27.0,28.61
2025-01-25,29.8,24.4,26.6,27.08,29.03
2025-01-26,30.4,24.7,26.9,26.53,27.43
2025-01-27,29.8,24.7,26.8,26.79,28.18
2025-01-28,27.1,23.9,25.3,26.84,28.28
2025-01-29,27.4,23.5,25.1,26.44,27.32
2025-01-30,28.2,23.7,26.2,26.21,27.38
2025-01-31,28.7,23.7,26.4,26.59,27.66
2025-02-01,29.1,24.4,26.4,27.01,28.34
2025-02-02,29.3,24.3,26.9,27.0,28.17
2025-02-03,29.8,24.6,27.1,27.24,28.68
2025-02-04,28.8,23.9,26.3,26.79,28.18
2025-02-05,29.1,24.5,26.5,26.98,28.3
2025-02-06,28.7,23.8,26.3,27.06,28.45
2025-02-07,29.2,23.5,26.5,26.9,28.19
2025-02-08,28.8,23.2,25.8,26.67,27.32
2025-02-09,28.7,23.2,26.0,26.58,27.6
2025-02-10,29.3,23.3,26.1,26.84,27.91
2025-02-11,29.6,24.0,26.7,26.88,27.89
2025-02-12,31.6,24.3,27.6,28.16,30.84
2025-02-13,32.6,24.7,27.9,27.72,30.14
2025-02-14,32.0,25.2,27.8,27.48,29.86
2025-02-15,29.0,24.9,26.8,26.9,28.87
2025-02-16,29.7,24.7,26.6,27.34,29.24
2025-02-17,29.2,24.7,26.3,26.71,28.2
2025-02-18,30.4,24.3,26.5,26.83,28.81
2025-02-19,28.3,23.1,25.4,26.13,27.61
2025-02-20,29.5,24.0,27.0,27.14,28.76
2025-02-21,29.8,24.2,27.1,27.15,29.01
2025-02-22,28.6,24.6,26.5,27.12,28.48
2025-02-23,27.6,23.4,25.4,26.47,27.2
2025-02-24,29.5,23.4,26.0,27.0,28.43
2025-02-25,29.3,24.2,26.2,27.52,29.54
2025-02-26,28.3,24.5,26.4,27.15,28.31
2025-02-27,29.4,24.6,26.7,27.35,29.15
2025-02-28,30.0,24.3,26.9,27.2,28.93
2025-03-01,29.4,25.4,27.2,27.64,29.21
2025-03-02,30.3,25.2,27.5,27.83,29.83
2025-03-03,30.1,24.8,26.8,28.11,30.0
2025-03-04,28.0,24.3,26.0,27.04,27.7
2025-03-05,30.1,24.8,27.2,27.8,30.14
2025-03-06,30.9,24.6,27.1,28.05,30.72
2025-03-07,31.1,24.3,27.2,28.06,30.09
2025-03-08,30.8,24.9,26.8,27.95,30.04
2025-03-09,27.8,24.1,25.9,27.41,28.48
2025-03-10,28.9,24.8,26.4,27.3,28.27
2025-03-11,29.9,25.2,27.5,28.05,29.71
2025-03-12,30.5,23.7,26.9,27.48,28.7
2025-03-13,30.7,25.6,27.8,27.73,29.74
2025-03-14,31.4,25.1,27.3,27.58,29.85
2025-03-15,29.2,25.1,26.1,27.39,29.07
2025-03-16,29.7,25.0,26.8,27.42,28.67
2025-03-17,29.0,23.8,25.9,27.01,28.82
2025-03-18,29.0,23.5,25.9,27.01,28.32
2025-03-19,30.8,23.6,26.4,26.93,27.88
2025-03-20,29.8,24.9,27.4,27.34,29.55
2025-03-21,30.0,25.1,27.7,27.55,28.82
2025-03-22,30.3,24.4,27.1,27.32,28.38
2025-03-23,30.2,25.4,27.7,27.03,28.42
2025-03-24,29.6,25.2,27.4,27.31,28.54
2025-03-25,29.8,25.5,27.4,27.49,28.99
2025-03-26,29.4,25.9,27.4,27.73,28.86
2025-03-27,29.3,25.2,27.4,27.7,28.97
2025-03-28,29.1,25.5,26.6,27.9,29.57
2025-03-29,31.3,24.9,27.6,27.76,29.23
2025-03-30,31.6,25.1,28.1,27.77,29.48
2025-03-31,32.3,24.6,27.9,27.51,30.08
2025-04-01,28.5,24.9,26.3,26.92,29.24
2025-04-02,30.7,24.4,26.5,27.1,28.83
2025-04-03,29.3,24.7,26.5,27.79,30.4
2025-04-04,29.5,24.3,26.4,27.94,29.41
2025-04-05,30.6,24.8,26.8,27.22,27.83
2025-04-06,30.6,24.6,26.6,27.8,29.82
2025-04-07,30.4,24.3,27.5,28.24,30.66
2025-04-08,30.3,24.6,27.4,28.3,30.08
2025-04-09,31.0,25.3,27.8,27.97,29.67
2025-04-10,31.0,25.1,27.6,28.27,30.26
2025-04-11,31.0,24.7,27.2,28.38,30.38
2025-04-12,28.6,24.5,26.4,27.73,28.66
2025-04-13,29.2,24.5,26.2,27.09,27.95
2025-04-14,31.1,25.3,27.7,27.33,29.46
2025-04-15,30.1,24.4,26.4,27.65,29.97
2025-04-16,30.2,24.7,27.0,28.05,30.46
2025-04-17,28.1,24.8,26.5,27.85,28.94
2025-04-18,30.2,25.0,27.1,27.84,28.85
2025-04-19,31.0,25.1,27.6,28.25,29.93
2025-04-20,31.0,24.5,27.1,28.3,31.1
2025-04-21,29.8,25.2,27.1,28.48,30.77
2025-04-22,31.9,24.8,28.0,28.14,30.63
2025-04-23,31.7,24.8,27.7,27.94,30.35
2025-04-24,31.5,24.8,27.4,27.63,29.06
2025-04-25,31.6,24.9,27.2,28.19,29.88
2025-04-26,30.7,24.5,26.9,28.24,29.84
2025-04-27,31.1,24.7,27.1,28.09,29.83
2025-04-28,30.4,24.2,27.5,28.43,31.04
2025-04-29,31.1,24.2,27.5,28.26,30.81
2025-04-30,32.4,25.4,28.2,27.97,30.2
2025-05-01,32.1,25.5,28.4,28.59,30.99
2025-05-02,32.0,25.5,28.5,28.57,30.45
2025-05-03,32.3,25.4,27.8,28.72,31.03
2025-05-04,29.8,24.2,26.7,28.39,29.75
2025-05-05,31.7,25.2,27.9,28.34,30.45
2025-05-06,31.8,25.2,28.3,28.61,30.91
2025-05-07,31.3,25.6,27.9,28.19,29.43
2025-05-08,30.8,25.7,27.9,28.62,29.96
2025-05-09,31.9,25.6,28.4,29.07,31.11
2025-05-10,32.1,25.9,27.8,28.58,30.21
2025-05-11,31.8,24.6,27.7,28.68,31.14
2025-05-12,31.6,24.5,27.6,28.55,31.38
2025-05-13,32.0,25.3,27.8,28.72,31.25
2025-05-14,30.9,24.6,27.3,28.57,29.97
2025-05-15,31.2,25.2,28.0,28.23,30.06
2025-05-16,31.5,24.5,27.2,28.4,30.3
2025-05-17,31.4,25.3,27.3,28.85,31.34
2025-05-18,31.1,25.6,27.9,28.71,30.57
2025-05-19,30.6,25.4,27.9,28.73,30.73
2025-05-20,32.9,25.4,28.9,28.75,30.89
2025-05-21,30.8,25.2,27.3,28.25,29.09
2025-05-22,28.6,25.2,26.5,28.15,30.04
2025-05-23,27.7,24.5,25.6,27.78,29.37
2025-05-24,30.5,24.5,26.8,28.25,30.26
2025-05-25,29.4,24.2,27.0,27.85,28.45
2025-05-26,28.9,24.2,26.3,27.76,28.84
2025-05-27,31.5,25.6,28.2,28.23,30.76
2025-05-28,31.8,25.2,28.2,28.75,31.64
2025-05-29,31.3,25.0,27.5,28.56,30.35
2025-05-30,31.0,24.8,27.7,28.28,29.6
2025-05-31,31.8,25.5,28.3,28.83,30.54
2025-06-01,29.6,25.3,27.4,27.61,29.16
2025-06-02,31.7,25.4,27.9,27.95,29.7
2025-06-03,31.1,24.7,27.5,28.71,31.17
2025-06-04,31.1,25.0,28.0,28.9,30.93
2025-06-05,31.7,25.0,28.3,28.14,29.63
2025-06-06,31.3,24.4,27.4,27.95,29.08
2025-06-07,30.7,25.2,27.4,28.64,30.67
2025-06-08,31.1,24.5,27.8,28.18,29.97
2025-06-09,31.4,25.2,28.0,28.48,30.16
2025-06-10,30.6,24.4,26.8,27.96,29.71
2025-06-11,30.5,24.8,27.3,28.17,29.8
2025-06-12,32.6,25.4,28.5,28.26,30.26
2025-06-13,33.1,25.1,29.1,28.45,30.59
2025-06-14,32.2,25.6,28.5,27.57,28.96
2025-06-15,32.0,25.5,28.1,27.87,29.71
2025-06-16,32.1,26.5,28.6,28.13,30.26
2025-06-17,30.7,24.6,27.1,28.04,30.27
2025-06-18,29.1,23.6,25.4,27.35,28.99
2025-06-19,27.7,24.0,25.3,27.03,27.96
2025-06-20,29.8,24.0,26.0,27.18,28.56
2025-06-21,28.8,23.7,25.7,27.37,28.75
2025-06-22,30.9,23.9,27.0,27.87,29.74
2025-06-23,30.3,23.9,26.4,27.66,29.16
2025-06-24,30.2,24.1,26.8,27.7,29.86
2025-06-25,30.5,23.6,27.0,27.95,30.12
2025-06-26,30.7,24.2,27.5,27.84,29.67
2025-06-27,29.8,25.1,27.5,27.69,29.41
2025-06-28,30.0,24.6,26.3,27.3,28.51
2025-06-29,27.7,23.6,25.5,26.91,27.88
2025-06-30,30.2,24.6,26.3,27.24,28.88
2025-07-01,30.1,23.5,26.0,27.36,29.21
2025-07-02,31.2,24.0,26.9,27.65,29.54
2025-07-03,30.2,23.4,26.0,26.95,28.26
2025-07-04,30.7,24.3,27.2,27.57,29.77
2025-07-05,30.0,23.9,26.4,27.29,28.86
2025-07-06,30.2,23.6,26.0,27.48,29.13
2025-07-07,29.7,23.8,26.0,27.12,28.43
2025-07-08,30.9,23.8,27.1,27.14,28.38
2025-07-09,29.8,23.5,26.6,27.85,29.95
2025-07-10,29.7,23.9,26.8,26.97,29.14
2025-07-11,30.8,24.2,27.3,26.99,28.85
2025-07-12,32.5,24.1,27.9,26.88,29.34
2025-07-13,32.7,24.3,27.8,27.27,29.71
2025-07-14,30.5,24.2,26.8,27.33,29.16
2025-07-15,30.2,24.5,27.3,27.72,29.83
2025-07-16,30.2,25.3,27.3,27.96,30.18
2025-07-17,30.0,24.9,26.9,27.57,29.76
2025-07-18,29.5,24.1,26.6,27.53,29.31
2025-07-19,30.4,23.4,27.0,27.73,30.28
2025-07-20,31.8,25.1,28.0,27.71,30.01
2025-07-21,32.6,24.9,28.0,27.11,29.44
2025-07-22,33.2,24.5,28.2,26.62,28.91
2025-07-23,33.1,24.8,28.3,27.13,29.84
2025-07-24,32.5,25.3,28.4,27.2,29.77
2025-07-25,32.9,25.8,28.8,27.56,30.04
2025-07-26,32.8,25.2,28.7,27.61,30.01
2025-07-27,32.5,26.0,28.3,28.01,30.13
2025-07-28,30.9,25.4,27.5,28.3,30.53
2025-07-29,31.4,24.5,27.6,28.13,30.32
2025-07-30,32.0,25.0,27.4,27.69,29.99
2025-07-31,31.8,24.9,28.1,27.4,29.76
2025-08-01,33.0,24.8,28.5,27.33,29.8
2025-08-02,32.6,24.0,28.2,27.23,29.98
2025-08-03,31.8,25.1,27.3,27.77,30.21
2025-08-04,30.3,23.8,26.7,27.8,29.74
2025-08-05,30.3,24.4,26.8,27.46,29.3
2025-08-06,30.6,24.5,27.3,27.65,30.31
2025-08-07,31.0,25.1,27.4,27.57,29.79
2025-08-08,29.9,23.9,26.7,27.28,29.12
2025-08-09,30.7,24.7,27.0,27.52,29.17
2025-08-10,31.9,24.1,27.6,27.86,30.11
2025-08-11,30.0,24.6,26.5,27.11,29.21
2025-08-12,29.6,23.8,25.8,26.73,28.26
2025-08-13,30.6,23.7,25.9,26.7,28.5
2025-08-14,29.1,23.6,25.2,27.05,28.97
2025-08-15,29.7,23.4,26.5,26.9,29.58
2025-08-16,31.4,23.5,27.1,26.95,29.52
2025-08-17,32.3,24.3,28.0,27.16,29.91
2025-08-18,31.6,25.0,27.4,27.22,29.23
2025-08-19,27.9,24.4,25.3,26.5,28.07
2025-08-20,29.5,24.3,26.5,27.45,30.51
2025-08-21,29.1,24.3,26.6,27.47,30.17
2025-08-22,29.8,23.4,26.5,27.07,29.44
2025-08-23,30.5,24.1,27.0,27.53,29.78
2025-08-24,30.5,24.3,27.5,27.36,29.67
2025-08-25,30.1,24.5,27.2,27.38,28.94
2025-08-26,32.1,23.9,28.2,27.46,30.45
2025-08-27,35.2,25.1,29.6,27.67,30.62
2025-08-28,33.3,24.4,28.5,27.6,30.32
2025-08-29,31.1,24.1,26.9,27.73,30.54
2025-08-30,30.9,24.6,27.1,27.36,29.76
2025-08-31,30.8,23.9,26.8,27.51,29.84
2025-09-01,32.5,25.2,28.2,27.54,30.23
2025-09-02,33.5,25.4,28.9,27.62,30.26
2025-09-03,34.8,24.9,29.6,27.63,30.3
2025-09-04,34.3,26.4,29.6,27.74,30.39
2025-09-05,33.9,25.8,28.8,27.5,30.17
2025-09-06,31.4,25.1,27.9,27.79,30.12
2025-09-07,33.6,24.8,28.7,27.21,29.01
2025-09-08,32.5,25.3,28.5,27.43,30.02
2025-09-09,29.8,24.9,27.1,27.95,30.3
2025-09-10,30.2,24.5,26.6,27.87,30.4
2025-09-11,27.4,23.9,25.7,27.23,28.71
2025-09-12,31.2,24.1,26.6,27.55,30.27
2025-09-13,31.5,23.7,27.3,27.5,29.77
2025-09-14,31.4,24.1,27.4,27.79,30.35
2025-09-15,31.7,25.0,28.1,28.02,30.2
2025-09-16,32.7,24.9,27.8,28.15,30.7
2025-09-17,29.6,24.5,26.2,27.67,30.29
2025-09-18,28.1,23.7,26.0,27.35,29.08
2025-09-19,29.4,24.2,26.6,27.47,29.2
2025-09-20,29.8,25.2,26.8,27.72,29.82
2025-09-21,31.5,24.9,28.0,27.78,30.29
2025-09-22,32.3,24.0,27.4,28.15,30.88
2025-09-23,30.5,23.3,26.7,28.52,30.93
2025-09-24,31.4,23.8,27.5,28.29,30.79
2025-09-25,31.6,24.5,27.5,28.17,30.29
2025-09-26,33.7,23.8,28.2,28.53,31.26
2025-09-27,31.7,24.3,28.0,28.21,30.21
2025-09-28,34.2,26.3,29.3,28.48,30.82
2025-09-29,31.7,24.7,27.0,28.06,30.25
2025-09-30,31.0,24.7,26.8,27.46,29.29
2025-10-01,30.0,24.2,26.7,27.65,29.62
2025-10-02,27.4,24.1,25.8,27.23,28.57
2025-10-03,31.9,24.1,27.4,28.35,31.95
2025-10-04,31.5,24.6,27.9,28.27,30.55
2025-10-05,31.6,25.3,27.6,27.94,29.84
2025-10-06,32.9,24.9,28.5,27.62,29.12
2025-10-07,31.5,23.3,26.3,27.96,30.19
2025-10-08,31.4,24.2,27.3,27.65,30.2
2025-10-09,32.1,23.3,27.7,28.43,31.08
2025-10-10,32.5,24.1,27.9,28.52,31.11
2025-10-11,33.2,26.2,29.5,28.31,30.64
2025-10-12,33.8,26.2,30.0,28.52,31.14
2025-10-13,33.7,26.5,29.3,28.17,30.46
2025-10-14,34.1,26.1,29.6,28.07,30.14
2025-10-15,32.7,27.1,29.0,28.09,30.06
2025-10-16,34.9,26.5,29.8,28.49,30.93
2025-10-17,31.8,25.1,27.7,28.22,30.96
2025-10-18,31.0,25.2,27.8,28.22,30.77
2025-10-19,32.0,25.7,28.6,28.28,29.93
2025-10-20,32.1,26.1,29.1,28.85,31.11
2025-10-21,33.0,26.2,29.2,29.02,31.44
2025-10-22,34.4,25.1,28.6,28.13,30.54
2025-10-23,31.9,24.9,27.3,27.81,30.94
2025-10-24,30.2,24.5,26.1,27.74,30.29
2025-10-25,31.9,24.1,27.5,27.72,30.07
2025-10-26,30.7,24.7,26.7,27.62,29.69
2025-10-27,31.2,24.8,27.2,27.83,30.01
2025-10-28,27.8,24.8,26.3,27.75,30.26
2025-10-29,30.0,23.9,26.6,28.09,31.17
2025-10-30,32.0,25.1,27.2,27.2,28.42
2025-10-31,31.9,24.6,27.6,27.75,29.05
2025-11-01,32.2,24.9,27.5,28.78,30.68
2025-11-02,30.9,24.8,27.1,28.31,30.18
2025-11-03,31.5,25.3,27.3,28.31,30.31
2025-11-04,31.4,25.0,27.8,28.23,30.93
2025-11-05,29.6,25.1,26.9,27.12,28.52
2025-11-06,30.0,24.8,27.1,27.77,30.31
2025-11-07,32.3,24.8,28.1,27.81,30.29
2025-11-08,28.3,24.8,26.5,27.09,28.68
2025-11-09,33.8,25.0,28.9,27.99,30.93
2025-11-10,33.3,24.9,27.8,27.49,29.89
2025-11-11,30.8,25.1,26.7,27.3,29.67
2025-11-12,29.4,24.2,26.4,27.04,28.92
2025-11-13,28.0,24.8,26.1,26.84,28.36
2025-11-14,28.7,23.7,25.7,27.54,29.91
2025-11-15,30.8,24.4,27.1,27.64,29.85
2025-11-16,31.8,24.2,27.6,27.51,29.91
2025-11-17,31.5,25.2,27.9,27.56,29.67
2025-11-18,28.6,24.9,26.2,27.15,29.15
2025-11-19,29.9,23.9,26.7,27.23,29.14
2025-11-20,28.8,24.5,25.8,27.29,29.49
2025-11-21,31.8,24.5,27.2,27.62,30.22
2025-11-22,31.0,24.5,27.0,27.92,30.71
2025-11-23,30.2,25.1,27.2,27.55,29.81
2025-11-24,33.9,25.1,28.4,27.49,29.89
2025-11-25,34.2,24.0,28.6,27.76,31.15
2025-11-26,33.3,24.9,28.9,27.66,30.75
2025-11-27,34.1,25.7,29.1,28.33,31.38
2025-11-28,34.0,26.2,29.6,27.89,30.77
2025-11-29,33.8,26.4,29.2,28.26,31.51
2025-11-30,32.3,26.2,28.3,27.59,29.34
2025-12-01,33.6,25.4,28.2,27.02,28.29
2025-12-02,31.7,25.3,27.7,27.74,29.72
2025-12-03,31.9,25.3,27.2,27.82,29.93
2025-12-04,27.5,24.4,25.8,26.59,27.37
2025-12-05,30.7,24.1,26.5,27.26,29.22
2025-12-06,28.9,24.5,26.5,27.01,28.62
2025-12-07,30.3,24.0,27.4,27.5,28.95
2025-12-08,31.2,24.3,27.0,27.02,28.49
2025-12-09,30.4,24.3,27.2,27.37,29.52
2025-12-10,30.7,24.9,27.4,27.61,29.84
2025-12-11,30.9,25.7,27.7,26.86,28.05
2025-12-12,34.1,25.4,29.2,27.8,30.51
2025-12-13,33.0,25.8,29.0,27.76,31.0
2025-12-14,32.3,25.0,27.9,27.53,29.58
2025-12-15,32.8,25.0,28.0,27.7,30.27
2025-12-16,33.7,26.0,28.4,27.88,30.54
2025-12-17,31.8,25.6,27.6,27.34,29.4
2025-12-18,30.7,24.3,26.6,27.28,28.92
2025-12-19,30.9,24.3,26.2,27.42,28.79
2025-12-20,30.5,24.3,27.2,27.26,28.87
2025-12-21,30.0,24.6,26.7,27.51,28.97
2025-12-22,30.8,24.5,27.7,27.19,28.38
2025-12-23,32.0,25.2,28.6,27.54,28.53
2025-12-24,30.8,24.5,27.6,27.07,27.97
2025-12-25,33.3,25.8,29.1,27.69,29.91
2025-12-26,30.4,24.5,27.5,27.05,27.97
2025-12-27,32.4,25.8,28.5,27.61,29.67
2025-12-28,32.7,26.2,28.1,27.46,29.15
2025-12-29,30.8,25.5,27.9,27.37,29.07
2025-12-30,31.0,24.7,27.2,26.99,28.71
2025-12-31,27.9,23.8,25.4,26.23,26.94
2026-01-01,29.5,23.8,26.5,26.81,28.16
2026-01-02,29.5,24.2,26.0,26.37,27.61
2026-01-03,26.8,24.0,25.0,26.41,27.52
2026-01-04,29.2,23.0,26.3,26.75,28.08
2026-01-05,29.6,24.4,27.2,26.74,28.1
2026-01-06,30.9,25.3,27.9,27.47,29.66
2026-01-07,29.2,24.9,27.3,27.05,28.5
2026-01-08,29.4,24.9,26.8,27.01,29.1
2026-01-09,30.3,24.7,26.6,26.54,28.0
2026-01-10,27.5,24.0,25.6,26.87,28.24
2026-01-11,28.3,23.7,25.4,26.58,27.4
2026-01-12,27.4,23.5,24.7,26.88,27.78
2026-01-13,28.8,23.2,25.7,26.75,28.2
2026-01-14,28.2,23.6,25.4,26.51,28.35
2026-01-15,28.2,23.2,25.6,26.49,28.17
2026-01-16,29.2,24.1,26.0,26.79,28.74
2026-01-17,28.0,23.2,25.2,26.53,28.05
2026-01-18,27.6,23.2,25.2,26.48,27.95
2026-01-19,28.3,23.8,26.1,26.85,28.56
2026-01-20,28.7,23.7,25.6,26.32,28.16
2026-01-21,27.8,23.9,25.1,26.21,27.81
2026-01-22,26.3,23.4,24.7,26.14,27.67
2026-01-23,27.6,23.6,25.6,26.39,27.46
2026-01-24,28.5,24.7,27.0,26.82,28.07
2026-01-25,29.0,23.0,26.3,26.98,28.27
2026-01-26,28.4,23.5,26.4,26.87,28.01
2026-01-27,28.4,23.7,26.4,25.8,26.37
2026-01-28,28.3,24.1,25.7,26.43,27.22
2026-01-29,27.9,23.2,25.0,26.38,27.56
2026-01-30,28.7,23.0,25.7,26.11,27.12
2026-01-31,28.7,23.6,26.2,26.37,27.37
2026-02-01,28.9,23.1,25.6,25.99,26.91
2026-02-02,28.3,23.1,25.5,25.95,27.19
2026-02-03,28.6,22.9,26.1,25.84,26.85
2026-02-04,29.1,24.4,26.2,26.36,28.29
2026-02-05,28.6,23.5,26.2,26.53,27.71
2026-02-06,28.4,23.8,26.3,26.28,27.17
2026-02-07,28.5,23.4,25.9,26.23,27.58
2026-02-08,28.0,23.2,25.6,26.45,28.29
2026-02-09,28.7,23.7,26.1,26.4,27.38
2026-02-10,28.9,24.5,26.6,25.97,26.81
2026-02-11,29.7,24.9,26.7,26.9,28.71
2026-02-12,29.7,24.0,26.0,26.5,27.78
2026-02-13,28.8,24.2,26.1,26.32,27.76
2026-02-14,29.8,24.1,26.6,26.92,28.84
2026-02-15,29.0,24.2,26.5,26.63,27.99
2026-02-16,28.7,24.6,26.2,26.48,27.98
2026-02-17,28.9,24.6,26.4,26.82,28.76
2026-02-18,28.6,24.5,26.7,26.55,27.67
2026-02-19,28.4,23.8,25.6,26.76,28.52
2026-02-20,28.7,23.6,25.9,26.72,27.84
2026-02-21,29.6,24.5,26.6,26.76,27.78
2026-02-22,29.8,23.8,25.7,26.94,28.02
2026-02-23,27.8,23.7,25.6,26.16,27.23
2026-02-24,30.1,24.1,26.7,26.94,29.34
2026-02-25,31.8,25.4,28.2,27.1,29.68
2026-02-26,31.6,25.9,28.2,27.07,29.78
2026-02-27,27.7,24.5,26.3,26.92,29.08
2026-02-28,31.2,24.8,27.3,26.99,28.96
2026-03-01,31.4,25.3,27.6,27.11,28.99
2026-03-02,29.4,24.8,26.5,26.99,28.9
2026-03-03,30.6,23.9,26.0,27.0,28.56
2026-03-04,30.6,24.4,26.4,26.73,28.59
2026-03-05,28.9,24.5,26.2,26.71,28.65
2026-03-06,28.3,24.0,25.5,26.41,28.05
2026-03-07,29.2,23.0,25.4,26.69,28.53
2026-03-08,27.9,23.0,25.0,25.74,26.45
2026-03-09,30.2,24.0,26.9,26.78,28.93
2026-03-10,30.7,25.5,27.5,26.62,28.52
2026-03-11,30.7,24.7,27.3,27.09,29.2
2026-03-12,31.6,24.4,27.5,27.25,29.62
2026-03-13,32.2,24.2,28.0,27.68,30.57
2026-03-14,33.4,24.0,28.6,27.49,30.42
2026-03-15,32.6,25.6,29.2,27.53,29.5
2026-03-16,33.0,25.3,28.8,27.58,29.65
2026-03-17,32.1,25.7,28.7,27.23,29.26
2026-03-18,33.0,26.0,29.4,27.91,30.17
2026-03-19,33.0,26.5,29.6,27.74,30.06
2026-03-20,33.8,25.8,28.8,27.97,30.52
2026-03-21,30.8,25.4,27.7,27.66,28.9
2026-03-22,31.5,24.4,28.0,27.87,30.51
2026-03-23,32.0,25.3,28.2,27.12,29.87
2026-03-24,30.8,24.4,27.5,27.08,29.43
2026-03-25,31.2,25.5,28.3,27.57,29.85
2026-03-26,29.8,24.0,26.9,27.51,28.46
2026-03-27,29.4,24.5,27.1,27.66,28.8
2026-03-28,28.0,25.0,26.4,27.27,27.64
2026-03-29,30.8,25.4,27.6,27.36,29.07
2026-03-30,31.7,24.3,27.1,27.04,28.07
2026-03-31,29.8,24.8,27.1,27.23,28.81
2026-04-01,31.7,25.4,27.5,27.78,29.92
2026-04-02,30.4,25.2,27.0,27.86,29.93
2026-04-03,32.5,24.8,27.9,27.83,29.68
2026-04-04,30.9,24.7,27.1,27.51,28.67
2026-04-05,31.6,25.1,27.6,27.68,29.68
2026-04-06,31.7,25.0,27.4,27.8,29.91
2026-04-07,31.3,25.1,27.8,28.39,30.27
2026-04-08,31.2,25.1,27.2,28.0,30.37
2026-04-09,29.9,25.5,27.1,28.01,30.33
2026-04-10,31.6,24.7,27.4,27.74,29.64
2026-04-11,31.8,25.3,27.6,27.96,30.45
2026-04-12,32.1,25.0,27.5,28.72,31.27
2026-04-13,31.3,25.5,28.1,28.42,30.86
2026-04-14,31.4,25.9,27.7,27.81,29.59
2026-04-15,30.8,24.3,27.0,27.74,29.75
2026-04-16,31.5,24.7,27.4,27.74,29.32
2026-04-17,31.2,24.1,27.3,28.34,30.8
2026-04-18,31.2,25.0,27.5,28.47,30.81
2026-04-19,32.2,25.0,27.8,28.31,30.65
2026-04-20,32.1,25.1,28.2,27.96,29.74
2026-04-21,31.1,24.4,27.9,28.44,30.52
2026-04-22,32.4,24.8,27.7,28.5,30.5
2026-04-23,31.6,25.8,28.3,28.31,30.28
2026-04-24,33.1,26.1,29.0,28.49,30.75
2026-04-25,33.9,25.0,28.8,28.47,30.45
2026-04-26,30.8,25.4,27.8,28.45,30.26
2026-04-27,32.6,25.4,29.0,28.54,30.35
2026-04-28,30.3,24.8,27.3,28.4,30.2
2026-04-29,31.5,26.2,28.2,28.36,30.21
2026-04-30,30.4,25.4,27.3,28.32,29.96
2026-05-01,31.8,25.2,27.6,28.48,31.05
2026-05-02,29.8,24.7,27.3,28.58,30.63
2026-05-03,31.0,24.9,27.5,28.32,30.0
2026-05-04,30.1,24.9,26.6,28.08,30.24
2026-05-05,28.8,24.8,26.1,28.02,30.24
2026-05-06,32.1,25.0,28.1,28.23,30.28
2026-05-07,32.2,26.0,28.6,28.57,30.93
2026-05-08,32.1,25.4,28.5,28.31,30.87
2026-05-09,31.3,25.5,28.4,28.22,29.78
2026-05-10,32.1,25.0,28.2,28.64,31.01
2026-05-11,32.9,25.3,28.5,28.64,30.67
2026-05-12,33.4,26.1,29.6,28.8,31.09
2026-05-13,33.9,25.9,29.8,28.67,31.19
2026-05-14,33.2,26.4,29.3,28.89,31.18
2026-05-15,31.7,26.6,28.7,28.65,30.69
2026-05-16,30.5,25.5,27.8,28.3,30.34
2026-05-17,31.4,26.0,28.4,28.13,29.49
2026-05-18,31.9,25.4,28.4,28.27,30.51
2026-05-19,30.8,25.8,28.5,28.69,30.61
2026-05-20,30.0,26.8,28.5,27.73,28.15
2026-05-21,34.4,26.4,30.2,28.86,31.0
2026-05-22,34.2,26.6,29.8,28.59,30.55
2026-05-23,30.6,26.5,27.9,28.31,30.08
2026-05-24,29.6,25.2,26.8,28.01,30.07
2026-05-25,32.1,24.4,27.2,28.68,31.52
2026-05-26,32.3,24.6,27.6,28.26,30.5
2026-05-27,30.9,25.0,27.9,28.04,30.3
2026-05-28,32.1,24.2,28.6,27.97,30.82
2026-05-29,33.3,24.6,28.9,27.82,30.05
2026-05-30,33.2,25.8,28.7,27.99,29.47
2026-05-31,29.7,26.5,27.9,27.95,28.94
2026-06-01,32.1,26.0,29.0,28.28,30.55
2026-06-02,33.1,26.0,29.6,28.28,30.67
2026-06-03,33.2,26.6,29.7,28.16,30.36
2026-06-04,33.7,27.4,30.0,28.07,29.97
2026-06-05,35.1,27.5,30.4,28.5,30.74
2026-06-06,35.0,27.0,30.5,28.65,31.06
2026-06-07,34.3,26.6,30.1,27.59,30.35
2026-06-08,33.3,26.8,29.8,27.69,30.64
2026-06-09,32.8,26.5,29.6,27.12,29.45
2026-06-10,33.2,27.0,29.5,27.44,30.15
2026-06-11,33.0,26.5,29.2,27.65,30.14
2026-06-12,32.7,26.2,29.4,27.32,29.46
2026-06-13,32.2,26.7,29.0,27.62,29.75
2026-06-14,30.7,26.5,28.2,27.95,30.28
2026-06-15,31.9,25.3,28.0,28.03,29.9
2026-06-16,31.4,24.6,27.8,27.71,29.59
2026-06-17,32.3,25.6,28.7,27.49,30.16
2026-06-18,33.2,25.5,28.7,27.14,29.6
2026-06-19,34.2,25.6,29.2,27.47,30.41
2026-06-20,32.7,25.3,28.6,27.75,30.44
2026-06-21,31.7,25.2,27.6,27.76,30.31
2026-06-22,30.4,23.8,27.1,27.86,30.45
2026-06-23,30.1,23.5,26.9,27.45,29.4
2026-06-24,31.6,25.7,28.1,28.0,30.3
2026-06-25,29.9,24.7,26.9,27.82,29.73
2026-06-26,31.5,25.7,28.2,27.78,30.16
2026-06-27,32.3,26.0,28.8,27.93,30.69
2026-06-28,31.2,26.4,28.3,27.9,30.2
2026-06-29,31.7,25.9,28.6,27.61,29.95
2026-06-30,32.3,24.6,28.6,27.27,30.25
2026-07-01,31.6,25.2,28.6,27.31,30.42
2026-07-02,31.6,24.9,28.7,27.34,29.78
2026-07-03,32.5,26.2,29.1,27.33,29.63
2026-07-04,33.2,26.3,29.3,27.5,30.29
2026-07-05,32.7,26.2,29.3,27.57,30.47
2026-07-06,32.8,26.1,29.0,27.89,30.64
2026-07-07,31.8,25.9,28.9,27.72,30.44
2026-07-08,32.4,25.5,29.1,27.12,29.69
2026-07-09,33.4,25.7,29.0,27.39,30.5
2026-07-10,33.7,25.1,28.9,26.47,29.53
2026-07-11,31.7,25.3,28.5,26.62,29.47
2026-07-12,32.8,25.5,28.7,26.52,29.14
2026-07-13,33.3,25.4,28.9,26.41,29.34
2026-07-14,33.6,25.6,28.9,26.63,29.56
2026-07-15,33.6,25.6,29.0,26.89,29.84
2026-07-16,33.4,25.6,29.2,26.96,30.07
2026-07-17,33.0,26.1,28.9,26.9,29.31
2026-07-18,32.8,26.1,28.7,27.22,29.94
2026-07-19,31.7,25.7,28.7,27.25,29.91
2026-07-20,33.6,24.8,29.1,27.42,30.32
2026-07-21,31.7,25.3,28.3,27.26,29.83
2026-07-22,31.2,25.7,28.3,27.34,30.31
2026-07-23,32.7,25.9,28.5,27.07,29.83
2026-07-24,31.4,25.3,28.5,26.91,30.23
2026-07-25,31.8,25.7,28.8,26.16,29.61
2026-07-26,34.3,25.0,29.1,25.98,29.49
2026-07-27,33.8,24.5,28.7,26.11,29.38
2026-07-28,33.2,25.6,28.8,26.47,29.51
2026-07-29,32.4,26.0,28.8,26.94,29.72
2026-07-30,32.3,26.2,28.6,27.2,29.96
2026-07-31,32.2,26.1,28.5,27.2,29.94
2026-08-01,32.7,26.3,29.0,26.92,29.23
2026-08-02,33.2,26.2,29.1,27.12,29.37
2026-08-03,32.6,25.9,28.4,27.21,29.78
2026-08-04,31.2,25.5,27.9,27.41,30.03
2026-08-05,30.9,25.6,28.1,26.86,29.26
2026-08-06,33.4,26.0,29.1,26.93,29.37
2026-08-07,32.8,26.3,28.7,27.1,29.68
2026-08-08,32.1,26.2,28.8,27.45,30.41
2026-08-09,31.4,26.0,28.7,26.96,29.27
2026-08-10,31.0,25.8,28.5,27.14,29.68
2026-08-11,32.0,25.4,28.5,27.05,29.67
2026-08-12,31.7,25.3,28.3,26.77,29.53
2026-08-13,31.2,25.2,28.2,26.75,29.7
2026-08-14,32.1,26.0,28.7,27.15,30.21
2026-08-15,31.7,26.5,28.8,27.7,30.16
2026-08-16,33.2,26.1,28.7,27.48,29.93
2026-08-17,31.3,25.7,28.4,27.5,30.29
2026-08-18,33.3,26.1,29.2,27.55,29.78
2026-08-19,31.8,25.7,28.4,27.5,29.94
2026-08-20,31.5,26.4,28.8,27.24,29.77
2026-08-21,33.2,25.7,28.9,27.13,29.67
2026-08-22,32.6,25.9,28.8,27.31,30.04
2026-08-23,31.8,26.1,28.7,27.34,29.91
2026-08-24,32.5,26.1,28.8,27.21,29.89
2026-08-25,33.0,26.5,29.0,27.33,30.36
2026-08-26,33.4,26.2,29.0,27.31,29.75
2026-08-27,32.5,26.1,28.5,27.7,30.46
2026-08-28,32.3,25.5,28.6,27.36,30.1
2026-08-29,32.5,25.9,28.8,26.92,29.57
2026-08-30,32.6,26.4,28.8,27.35,29.9
2026-08-31,33.4,26.0,28.9,27.73,30.76
2026-09-01,33.6,26.7,29.3,27.76,30.39
2026-09-02,32.5,26.1,28.9,27.5,30.08
2026-09-03,32.3,25.9,28.7,27.39,30.25
2026-09-04,31.6,26.0,28.7,27.6,30.4
2026-09-05,32.4,25.5,28.9,27.36,30.65
2026-09-06,32.2,25.7,28.9,27.05,30.73
2026-09-07,32.6,25.5,28.9,27.33,30.45
2026-09-08,32.5,26.3,29.0,27.63,30.45
2026-09-09,31.7,26.2,28.6,27.48,30.2
2026-09-10,31.7,25.3,28.6,27.54,30.32
2026-09-11,33.8,26.3,29.3,27.86,30.69
2026-09-12,34.2,26.4,29.4,27.77,30.34
2026-09-13,35.4,26.4,29.7,27.76,30.82
2026-09-14,35.1,26.0,29.7,27.43,30.55
2026-09-15,33.1,25.9,29.4,27.5,30.64
2026-09-16,32.3,26.1,29.1,27.55,30.68
2026-09-17,31.6,26.2,29.0,27.37,30.08
2026-09-18,32.3,26.6,28.7,,
2026-09-19,31.3,23.1,27.5,,
2026-09-20,32.6,25.8,28.7,,
2026-09-21,32.2,22.9,28.4,,
2026-09-22,32.7,25.5,28.7,,
