judul,sumber,tanggal,tautan,relevan,label,n_tolak,n_dukung,episode
"Warga Bitung Belum Tertib Buang Sampah, Bukti Pala dan RT Tak Bekerja?",BeritaManado.com,2022-01-06 08:00:00,https://news.google.com/rss/articles/CBMimgFBVV95cUxPNlVXaGVyU0lVYU5OV21YQlNsZGVkTkFKLTd6c3Eta2ZZYlpZTlBzck1ScFpjRjZmQXZoRVJKa1I5N19SNm1KNEtSNF9GUXJTSy1jbnlzenhmSXg4S0lnZ25uZ1hEQ2lFWlNndVVzcDdUeEhxR2NtZGQ3NHBrb1dSSjhDTXdKcXlGUWx2N19hQ0lQSlc5ZjJDalB3?oc=5,False,di_luar_topik,0,0,E0_sebelum_pp
"Sawah Tercemari Limbah Tambang Pasir, Petani Lebak Tuntut Perbaikan",detikNews,2022-01-12 08:00:00,https://news.google.com/rss/articles/CBMiuAFBVV95cUxQNFFGZmNhbmNJTFdjLWliNkZWVXljeGxod1NBUnFyREkwemw1RUpnYVh5dVdvbnIxMF9tRUZ0ZGZ0cnZZWXVIdzZkcTdhSkxBdkxaVjRpdkVBUFFxeVVkOWxtbFBhNzJ4YWlQRFNwWkU1TDZSMXFJaGN2Vk1sRlJwUjhxRHBwWktyTUVUTlVkdnBxcnBwbkdLeVczTlRrb05oWWV1aDFOb1NBRmI0SU8xUW5reV85QWV40gG-AUFVX3lxTE1QVE8xeWU5OXJQU3JHS09rdjd4R00tSnJWVEl0MWRHaWp0SVJJRzNOUDNJLWFJcERQZDlHNFRwWlZvSlRfeXZpU1FvNlRvZF9YWmoySmVEc2pSMjlwalRFOTBmLWRJd0JMX0FUU2RGUmhBdVRaZHFIUi0xQjcyekRieEJEUFRMaEE4emZOVFFzMmN6ejZUVlhsQkkxTHlxclY2ZnZ4YWdSQWtnM3RIVF9TdG5maklaMzQyRWhXV2c?oc=5,True,menolak,1,0,E0_sebelum_pp
WALHI Riau: Aktivitas Tambang Pasir Laut Menambah Ancaman Terhadap Pulau Rupat,WALHI,2022-01-15 08:00:00,https://news.google.com/rss/articles/CBMiowFBVV95cUxQaFpBNWJGYk9td2stUGRNc2wxbUVKc3lfSENKZnA4b0h5RV9VMldBTTloLWNFNDM2azNVSEs4SFh0WjFxRUdvOVBPOHd1bjRCb3dsMHZRN216TVpKbllDTWhDa0F0TnQtZDNDeDNyVGF4OE11Y0xWWTcwbFN1dy1yTmZkVXIwZjBCb2tES0tWRVBHZ1BkRVJJRExKYi1vUmpxQlY4?oc=5,True,menolak,1,0,E0_sebelum_pp
Mahasiswa Desak Polisi Tangkap Penambang Pasir yang Rusak Pantai Mananga Aba di NTT,Kompas.com,2022-01-17 08:00:00,https://news.google.com/rss/articles/CBMi0AFBVV95cUxPVFh1NFhyN24xRGRtYzFiQ0lRNDlJWFdYUFQ0a0NraUE4RTdBQy00V2FiZEdmTWhUaS1kTzJvZGpXUnRHLXJqRHZlR2hUZWdrdHlSQl8tRV9Pams0bVNXQnJsUkhibFA1M0lrN3VSbkdYNWY4eVIyVFZ2NENHZ3FjNmF4cnVyc0tQcEhrOGdKdEhRQ3BHWlY1Qk5rRGJyMmQ0alR4NTJjU0lManRtMDJNbjkyN2trTUo0ZzN5c3N2N1I0d2JNSXZfeTRjSGtBaHVm?oc=5,False,di_luar_topik,2,0,E0_sebelum_pp
"Fenomena Alam Abrasi: Pengertian, Dampak, dan Cara Mencegahnya - kumparan.com",Kumparan.com,2022-01-20 08:00:00,https://news.google.com/rss/articles/CBMiqAFBVV95cUxPeDVuakdIYU1CTjZsV3hzZVpmM3Nqc2hWZ2ZiTnk2b3E1S0h4cEJvUm56Tk1ScV9ESHo0UmFOMEVVS0dtaUx2U05VMnFsVklkU21zYkpkYmZJbUg4eVVqT1FhTXJPWXpJUngybzdsU0F1YkV4eFRaTDRHcmJneUpnRW83Znl1ZF81UktLMUxtZWNIeTZienN3Ujh1VUxGWHFISUxkQVlLZU7SAbABQVVfeXFMUG5ZWUczaHg1aV8tWHZXTmhTRS0zWmNlSUxJcVBhaDVnZ2dZVHNPa2gybFJabUlscFR1MllhMTI4NnZiQXFabURxemQyR1V2QktsNVBUUndfQmtZdnUydzg0OXFaSlhHcjFJQ1dFa1p3TGZDWHVuR2dPNW9Ob3FEcXRwbDhzYmd0TzlDNFlEbVhmWEZKLTZEN0pkME9INzN2SzFRTjlPVGxTczBVa2NxMHI?oc=5,False,di_luar_topik,1,0,E0_sebelum_pp
"Uji Coba Travel Bubble, Buralimar: Kita Optimis, 2022 Gairah Pariwisata Berangsur Normal",Ulasan.co,2022-01-24 08:00:00,https://news.google.com/rss/articles/CBMipwFBVV95cUxQTUsyMlZWaE9OQThLVzF0aFlQampqZ20yaWFJb0E3Q3hDUXNwcUhXX2xUVHFwYU5yNnMxajRMd2EyYUo4aDBmbWYtMHBzblF0dnk1dkZyM2Zfd1M0Vkc1VXptZUFsdm1iUjJSMHk0Z3dUdzJYQTlCLUowZ3Yxd3c0ZHYzbVJaM1ZwZEdoUEFGaW5ZWjNKSG5JYWQ5b3dRRi1GSFRobi1Sc9IBrwFBVV95cUxQTWhVSFFqQ0sydVd4ek9SRGhScU1oZTI2VXByM2Q4dGdiRzR4R0YweFFPZ2VUOEhaWUJCY2FfQzZQbVJWaWQ0SEh6SjRobEItVHhkSUdVZnpVSHd4VTQ0NmdaVnRJY29YMjdLQWNqdFlXRGxMZ3JsMHBTMmE2ZXpkR2VpallhaDJVVFpQV3ppSnZpU2VBeTVydDliVkZVME1wNWFnanNGcFVXS0pCWUJB?oc=5,False,di_luar_topik,0,0,E0_sebelum_pp
"Tambang Pasir Laut Tanpa Izin, 4 Warga Kupang Ditangkap Polisi",Kompas.com,2022-02-02 08:00:00,https://news.google.com/rss/articles/CBMitgFBVV95cUxQRWZwY2Q1RnY1MW80QXlaWTdldnBmLVZtck9qQXpNaHRVVDJlOGRxQjkyd09va3psLXRUdjR3S2x0RTh2dEt5VXFnTVpaNDM3TDEtenFlYUV1RmpaWVFZQzhmdHBvS1lMeWFvU0x2MTlVUEZjbzlyTEUxX2Q4ODRGUEt6cXFtOFdPb0ZZdDNBQnV4LU5oUnBCSkwzdGRpeENtOVZSbnoyZGNWcUpiOWNZVnd6eU1xdw?oc=5,True,netral,0,0,E0_sebelum_pp
"Pulau di Rupat Terancam Tenggelam, Amir Hamzah Minta Presiden Cabut Izin Konsesi Pasir Laut PT Logo Mas Utama",CAKAPLAH.com,2022-02-02 08:00:00,https://news.google.com/rss/articles/CBMi5wFBVV95cUxPbW1sZWVEWUduY1JGVE0wSTBPRFA3WF9nRW96dkdnZ2hXeHc1M2ZYaEZtcmZLR3JWaGVIME5Rbm1TNk1ZMnBmZWd3VTU4dERzMmJzNDBXdmw1ZXFXRTM0cVhHd3Y4X3Q3WjJ4RWFyd2VuQWNfOFMzdG9HMXlqUjdNZHpfNHlwdGxYdmh1UWlHaWJuTzNfMmliNUlEcUxTd281cVd1ZWlfb0g0WjgtZ2plaDdQZXJFTFhZVWFBMDJKUGNWY2NMeFBaOHJHNXZrNmRmcHBqbHBDUXNoX0FMSkJmVUJqTXRTMzA?oc=5,True,menolak,3,0,E0_sebelum_pp
PT PBM Hentikan Segala Aktivitas di Kawasan IUP-OP,AJNN.net,2022-02-05 08:00:00,https://news.google.com/rss/articles/CBMikAFBVV95cUxNeUxNaDR2NmZxQUgzQmo4NWFldExHQkMtTlZ1bjdYSHIzN0JYZUhndVM4RFlNRHkzaHBOMzl6VFZlVEpxaE54N2NTVUlFeEtpM18tdWg5WGFwRTdhQ1VRbk56dGd1d2ptb1dQdHR6N3VHZ1dRS0puUWhjQy1iZXFBU2lpU2VYUTZLTEY0NDNfOS3SAY4BQVVfeXFMTzl4MWpRV0p0WFRjdlhJVkRPR1phclJoay1lT0RvbUNrOEJhUS14QUZDRWZtUUtOcTlWYnVoZmtDM1R0M192OEtlNm5iRWRBblA1M0o5d1VPN0xkUmlWbVM4MlJVZzA0bzY1dm5Hc3ExWHBjelM3eTJodzU0T3AtVy1yTDBhckRodmxueHRyZw?oc=5,False,di_luar_topik,0,0,E0_sebelum_pp
"Akhirnya, Tambang Pasir Laut Ilegal di Pulau Rupat Dihentikan",jurnas.com,2022-02-13 08:00:00,https://news.google.com/rss/articles/CBMioAFBVV95cUxQNDNGTUxUNDdCNVNBdVZfNkNWNU50Sm1SaHdOVnphd2ZpR2VjUGN5UlBxQ1ppZVV4LTRSUzFPZ21fVnNkaFRTTDBJREw4SWRxTldZVWhYZ0ZESW9kYmMtUGsydVN0VXdkbTNMMEU3Vl90Z0F1WHNrbXpTYXlORnpxalpsb2FMMmVmVkNpLWV6RTc1OThweUNNZDRmR0J2UVRm0gGmAUFVX3lxTE5QQ0VWRkxqY2VTUldJT2tiaWsxRzdqQ09uMDhQSjhrZzduUFAyVjh3ajI1bjdxRjVvMjlndktfdWE4SVdtLVlabm10dFRlQjFtTUN1d3YtdmVaWGFqUFZJR2w4VXFGbTFkLUlpQVA1T0tJeHB4OXd0NDlXalNIZUdfeGFsRE5odVc4T2hkSkhRaERadDRXaWxmY3dPVVpXckhfVDdIQlE?oc=5,True,netral,0,0,E0_sebelum_pp
Penampakan Kapal Angkut Pasir Ilegal Pulau Rupat Riau yang Diamankan KKP,detikNews,2022-02-14 08:00:00,https://news.google.com/rss/articles/CBMisgFBVV95cUxPS1ZTdDFWRkFzcnJrMk83X2VyTVBrdUt4MnpaaC0yZUQ0X2JtNkY0ZGl4Sng2b2lKdks3cHZOUFhUbDJxT19PS2ZvR0dnLVZURm96UzI4OG9SSTM1dUl1MjhaR0dSOFF4dzV4Wl9vMVUwaV9uWGZ6RWhIS3lXU3ZDX1M1cWpwMXB3LTBna2hqMEZlV0l3SkNMeW9NTzctM2ZqM0NXNkZKV1VreGMzSEE2WmpB0gG3AUFVX3lxTE5HR18tQm5lQzg3QU5BSDAzdGY3clM2TTJFSlFZX0FRR3hsMTZZYWtteWJOeVgxM2x1QTM0YjlIaDR1MFdvdGVSN2lCSmlibUZPTGFsTGtOWmZ4LTNNUnJNZ2gyUDFNVkQySlhBMzV6UFdoZGM5b1lOdERIblZDSXBMbi1iX1BYSmFXckYtWEFFSGRjUkNyLUhubjN5czY1Q0xqcEczbFlSSHRUYW16MGJOQTBNM29kSQ?oc=5,True,netral,0,0,E0_sebelum_pp
"KKP Tangkap Kapal Angkut Pasir Ilegal di Riau, Pensiunan TNI Ikut Dibekuk",detikNews,2022-02-14 08:00:00,https://news.google.com/rss/articles/CBMisgFBVV95cUxPZnVDaGYwb2d3M092Y1dxdlUxSDN5TW4zaFMwbTNVdTk2TGlhQnczcmhuay1kYy1aX3dHbEZWYTFSakh1WEcxMWM0TGUwSVZ1dEdhUUdhdzQ0aWtUWTR6WHhpSGRfN1dFM2xTdEZONF9nbmxkYlYxTVRRS0pld05RM0ZIMEVweEZFMDBUa1kyb2QzYmU4cHV2bWFlNjYybUNLdGVFNE1YYzlMa3pxX2trMFZB0gG3AUFVX3lxTE5Da09ReGEyUVRHcHNnNDlwbXkzZ2NGQm1nT3FrbjVpeHBCakJSNUpJblpJRXF6Q2puYjlHd0RaemFIenZib1BoNXRZdmJ1dzFLM3Buajd4YXBDNnZWbFlSalg1RlgxUTMxcWdLZ3ozUjc3Z3A2VXVjbUk2ai1JMTJ1UTNoMWF2YTRESVpXd3puMjBQRFNYU0h6ellRQjQzVldVSVN0VVRGWjhrcFJxUERvWFBZSWQ0TQ?oc=5,True,netral,0,0,E0_sebelum_pp
"Muat 1.500 Kubik Pasir Laut, Kapal Pengeruk Ditangkap di Bengkalis",Riauin.com,2022-02-14 08:00:00,https://news.google.com/rss/articles/CBMitAFBVV95cUxOcGZQNG41Zzg3VTVkUFVxdUhONFRQa193aWJvendHUWk1dlV3Wkh2Sm4wR0YxTHN3RDFCejJoc0FwcDRBal96SVhtWUkwSUJUVm1JdkEteWpiTFZfdHlHM0RhWnhDanhJWnUwa3RwU2locFpXY2doQk9MWS11VHFocHp5dmRyaF9ZSzdzTmk3SzdEYzJ1WnlwbXYyTGp0WUluNnNKblZRZUJ5MFl3YjNPdWZJWVXSAboBQVVfeXFMTWhfVndRSTRlUWVhakNzYXpORTctQUJiWEVhSUd0MkoxeGRIRThmektwX1lfNThQZUtZa3pMaTZOS3BQZlJtcVBtS0RQSXY3eWlKUXBNUndLdUFFUFVTR0EtOXRUQnF1QjZ5cFVJZEN1SkdGemg0aG9HU2hfMDJHSm1KeG5kdndtYmpCQ1JhenhBazZnM2ZWZVAwV0JCMU85Zl9KV2JwZ3ZSV2hGY1pMaVJ4aDUwN2RDZFhn?oc=5,True,netral,0,0,E0_sebelum_pp
KKP Hentikan Penambangan Pasir PT Logomas Utama di Pulau Rupat,Riau Online,2022-02-14 08:00:00,https://news.google.com/rss/articles/CBMisgFBVV95cUxQV1ZpWDk4MU8wMTZxNDIyeVhHNlZ5TVN0RjRnNGh3bEw0M0htS0RZZzNCdXR1MC1aREh2eFBtdzhjRUNaSnk1TWxIMTJkNGs3RDZWRGVhQXU1Q2s3TVVoZWNSSTkzNGdQTkx5cWpfSlE4RDhkeWsya1hGMVlkazduZ2R3a25hMmd4UHM3Zld3elhPVGNpUVBqZ3REUDMtZzZIRTlYSHJPUTFyWEdpWHBWQUx3?oc=5,True,netral,0,0,E0_sebelum_pp
Dirjen KKP Tinjau Kapal KNB-6 yang Akan Digunakan Angkut Pasir Hasil Penambangan Ilegal,HALLORIAU.COM,2022-02-14 08:00:00,https://news.google.com/rss/articles/CBMi1gFBVV95cUxPQklTajVCUmRBWVdkQlQta1hOZmhzdmtweGRsVm84NmdXMEhTWFl5U1g1WXAtNUhEZUVQeGl4SUx5ZHpKa051dkxWX1pGSnZpQmNkWEI2a0lqTHc0RnJObmRtZmlibDk2UlRMUWVOQTZWX1NTOEpKdW1BWDl2XzhOZGNsWkE3YTV5dVVteHB5MjFnU24waHZGX290VWl6Z2JELUVCOHNpYjBzMWJqaUxuZkNIYXJCNElUV1U0NHJyNEJEcmhDZWxZemc0LUNfeHR3ZFlDTnR3?oc=5,False,di_luar_topik,0,0,E0_sebelum_pp
"Penghentian Kapal Keruk Pasir KNB6 PT Logomas Utama, Diduga KKP Meninggalkan Kapal Setengah Jalan Tanpa Membawa Dokumen Perusahaan",riau24.com,2022-02-15 08:00:00,https://news.google.com/rss/articles/CBMikgJBVV95cUxNZ3c0LXNyT2JLLU9pZlMtbHMyU0xTdG43b29XRWdQclBjQkhqbWM2TXhldXhOTE9IaG96ZHdxN01CYUtaczFKNkF3ay1lSk1ERVNIQThCZXRCVXZuZ3lmOGZRMHVMSF9fMkhZWjJnVE5XVzJiaXFGZWc0TlNvcmtMOENSYld1ZXFxOVd4V09hbnFBanFBam42UzFlUGtPWGlqZDYtcHloTzB4MjlYbnJNbERKeFc2ZUtyMUN4ajJ5UVB6Y0VFRGRpekNCSHhzT0JCMXlfdXJFZExpRGU5Qno1QTRWS2c4QUp6aExJZEN5amhmcndGRHh6Q2UxVF9qZFNrSVR1T3VxcTdPaVR6SmRqVUhB?oc=5,True,netral,0,0,E0_sebelum_pp
"Keruk pasir dan dituduh hilangkan separuh pulau, PT Logo Mas minta keadilan ke Jokowi",riau.antaranews.com,2022-02-15 08:00:00,https://news.google.com/rss/articles/CBMixAFBVV95cUxOQ3VLRk5taFNTT3dsTHpjQlVydndRM3JhOGJwd3ZKd21sdEtrTkxtMVJWTk1vTUEzdG81NHdQbGxXVHBfbm9CV2k1UTdwbjZWZ1hYZFRsNUV1aXlrODdGX0RqeFV0WUxYeFpENGJXMkhrZWxNNlpRZ2VrRkN1VzU2d1JJdjBrd0pqVWxRQlJPWmFrdldzTlZkcE1YRFhVMkxXU201aUhaLUFza3dLLXUtWlJFcEJkTllHV2N2eHNzekM3Q3Y2?oc=5,True,netral,0,0,E0_sebelum_pp
Operasi Penambangan Pasir Laut PT Logo Mas Yang Dihentikan Kementerian KKP Ternyata Miliki Izin Di Riau,tvOneNews,2022-02-16 08:00:00,https://news.google.com/rss/articles/CBMi7wFBVV95cUxQM3h4MWVVYW5RWWItUGVwUS1fT3RkNGJJdDQwc1FodV9TNEZCcTNRTkk5QlRxSlU0Z1IzOWJlYXNJUk9wME5nT3FqQmtBd1AwenRVNlJmUmRlRWlHMFJaSThDZjhHMnZRWnJVMjA5NG1RNmx0NU5WaWlkYkZRXy05NndPZFE5YmhEdmx4eDItSzEwVXFNVjBiX0xxRGpqU2tabU1QaExoSnNkSzJLN3lzckhqVlllbmUxQ1NhZGUwOG02QTNNLWlsMS1PZTVfcU5uZ0xRcFBPY1oyby1EcEtqajNIVVFiT3E1b0p5OXIxd9IB6wFBVV95cUxQeGotTHRJYlpWY0NvQ3EzejR6blVaeVFmMWFZTVNObndtN2hfR281c05WeDdHeVl2dFhhYlludXRnekdiYlg4MUlRVi1FNFM1eFh5ZUlsVFY0Nk9PNnJXekZVT2U1eTFlZUZNa28tWDhCN05EdEdrYlE3aTg0Z2JVbjFmTkZFOTRLb2FuRnF6SjE2clByU0lHU3pITGJGTFdGRGVaTzY3eGx6bFlMQkNySGl3LW0zb0pld3RMSTR5QWU0Rm4xcEFRR0pOOU5ueGphU2J5WDdkRGRscV9ZN21jNjVtS19QV2hxcHdR?oc=5,True,netral,0,0,E0_sebelum_pp
"Nikah Lagi Tanpa Sepengetahuan Istri, Pria Ini Ditangkap Polisi",SINDOnews Daerah,2022-02-16 08:00:00,https://news.google.com/rss/articles/CBMiugFBVV95cUxQRmxrOS04MEVjNnRDRmh3VmdsaTF1WHZKTlBUWElacEgxNFNkZWl4TXFpdl85dUFqTnVlN3RheDR2bFFLZkZLUTRPYlYxdDZKWlRQN3IyTFV6ZFJPTmhPdnFDSkhCSldoRlFVNHhqeEFzcndPdmxlWGcwMjQzYng2LVVscURoV2xDWDIySXVibkc5ZWdEOUVHQzlROGJ0dVROVU14R3U5NTZsT0h6RGZOdEpVU3NyV0FqSHfSAb8BQVVfeXFMTnRvTElRRnZlN09lYUtZZ1NtMUJaRElFaGl0dUV5YlV4RENtTHBJb3F6VjJJVGJkbEh1YXlCVWpweV9lTEZfOU85Nzc0d3hFejBiNWJtMVJLbDhtV1FCS0lPRFpabmlLUWM5YW9VbTZZWmswOUhqRnVfMFU3M3k1S3Z2a3RTVnJRZXQxMS1WSlMwSlR4QlZmNGRVTFlGTVRBdS1Sc1RBV19PcHJwZXR5X3hfOFVHRkM3Zk5IZUxTUlU?oc=5,False,di_luar_topik,0,0,E0_sebelum_pp
"KKP Stop Tambang Pasir Laut PT Logomas Utama di Rupat, YLBHR: Presiden Merespon!",RiauBISA.com,2022-02-16 08:00:00,https://news.google.com/rss/articles/CBMitAFBVV95cUxPcmpNdS1mc0Z4TnhfcVdibHlzWmREVGkxTzB6S1Z5azg2MlItRmp4R2xXUU9hdUJDN3puU0pxUFRoSTAxeWtRYW85b2V2V2lEYl9YTUFtQW43RXNUYUtZaTJNYllLSjdQRXdwMXZ4M19hbzRBLWZVZlIzVzZ1OGdweEJiRWhxYTJCTzlNVnRzWEhxQ0loX21HZlRZTWtleC1NRndoTW9TZlBtTVl6Z05teS15YWQ?oc=5,True,menolak,1,0,E0_sebelum_pp
Dugaan Pelanggaran dalam Izin Penambangan Pasir Laut Pulau Rupat,liputan6.com,2022-02-18 08:00:00,https://news.google.com/rss/articles/CBMisAFBVV95cUxPcUtaQnhhWDN3WnQzY3BFLUM4Q0R6V2EwVHJ4d0k5RXpWSHlPMUJoZGhQOEthdGJfaURNMl8wT01pdUJFZ18zaFhxaHZXemRDb3pyaEtyeElyamtFcnZTVkVoa1h6dl9vNGJ6NGFaUzIwbHhVbkh4LXU0XzhKenVjNk1rVFFlbXhNcGRsbjZOYmtyM0FSNlhiT0NEcUFzNzFnQS1tblA5VWdMWGZNOU9RV9IBowFBVV95cUxOTEpicmpBaWlyYUhwRDZDSnVoaTJyZTl3cUZNQkxVV3hEdXNRNmFUaS1CemZ5T3RBbkswU050UHJheUJxZU9LWms3dVVSSndfLTdlLUd2V3B5bzE5WEI3VHo1TFlabmFhMi1rQy1mNml2R3gyMmt6bkVxcE5hdFUzbWJtUllpSmVHWVNfcXVlaUl0Mm5IMjU4QW1McHFZMUtpNk5r?oc=5,True,netral,0,0,E0_sebelum_pp
"Harapan yang mengapung: Kapal Greenpeace Esperanza pensiun setelah dua dekade, tetapi cahayanya terus bersinar",Greenpeace,2022-02-19 08:00:00,https://news.google.com/rss/articles/CBMi8AFBVV95cUxPTV96WEh5czRvdjdNQmU0Q3IwQ0dDckFGU016THZWaE5IcG1SVDM4dEZ4eG4xMlU0Y1I4Q1BYenN1djZ4Rm1OczlrcGlGeW12OUtjTFJ3bnIwVFRYdVVOb2xUV1VxM0M2ZnRwbExCVHNMTndtZC0wWjR1cVFGV25jWURORXF4aXRWNDQ4OUdpTjB4aXJVSHZUV08xeUNNdFpkRUV2TnppVEFSeEtpRnc2cVliWjlvVm9sZVlwLUV0cDVtWHJlMlNmNW8tWWU5ODE1LWdpNlpuQkxxbTAxa2k4NHlrUnFrLVJKZ1o2QUtRU1Q?oc=5,False,di_luar_topik,0,0,E0_sebelum_pp
KKP Stop Kegiatan Penambangan Pasir Laut di Pulau Babi - Beting Aceh dan Rupat,InfoPublik,2022-02-23 08:00:00,https://news.google.com/rss/articles/CBMi2wFBVV95cUxNZjJEeUFid1lleXRwcGx4UlgtdEE3aURrbkp4X2VtcHhDc29yNWhTSW1hMTczbXRqb1NlTE5kRmFZaDVLMXNlc09TMXpJSjU0d1VQbDBnZklMUHlITjFpd0p0ODZBOUhaRkdTZ29CVmVxNmdtV3owNXdXUFNCNk1KaGtOdzY3NG9pNnY5T2g2TEZsVXBLTVROcmt0cUlXNTBiVG14Rkd1MFJ4VFZ0RHhwQk82Ql9YYXVTMENvVTE5N3JrV3dPT1E5amdjdlVJbE9VMHhfaVJINlZSaXM?oc=5,True,menolak,1,0,E0_sebelum_pp
"KKP Menghentikan Penambangan Pasir Laut di Pulau Babi, Beting Aceh dan Rupat",darilaut.id,2022-02-23 08:00:00,https://news.google.com/rss/articles/CBMipAFBVV95cUxPMHBWR1NQcjZ1eGhsMVZTLUZ3SUdlWGxJUUdxZjhpa0NGRHVkNWVFZXNlbnZ1TFJ2Y3FEY1RHbHZ5Rmx5eVp0YVJnSEpUWXBjNmlvTWRyWnhFdkRNQUxXdkl2bWM3S0JkZV9kd2dGOTJ0cGtqWUFGbDlLYm93R0dvdnVmeTBhWEMxZTF6NXpGYUZiYkRkZjJvaFBaTW8xQzVxQnF0X9IBqgFBVV95cUxQajk4OUFSLTRtYzVYRFhrTnFFNF85R2NNODlEUkNMLXlfeEZmNEd1VXpTOGxQMXBmbGF2ZHhpQThnMGExYmJ5TE1kOFQ5MlVhcWhmRF9uMXRuU0tOMVJPYU5oelYteTU0aVNFbzdqVlg4NXdmcWpvcW9iRG5tNDY5ODRtd2xtNVB6eTMydVVMdUpNSWVXQUNGZkU3emRxRWFla29DSll1ZEVTdw?oc=5,True,netral,0,0,E0_sebelum_pp
Kegiatan Tambang di Pesisir Pulau Kecil adalah Pelanggaran Konstitusi,Mongabay.co.id,2022-02-25 08:00:00,https://news.google.com/rss/articles/CBMipwFBVV95cUxQVjRsUk9EUWxsUWplZFpkYnFDLTNsU3VVd0ZKakc5VTI1d0tTTVRMMmUxYnlrYk1wYjlPaDExSzhEWDk1UFFudEI2amFrUjhCNTQxRkpPUzFweVdCajZqYUE1ZlpmZXluQmk3T1dLRTdaczVOQUFLNjd2NGVUcW92U3Nvd1RCbFRoSVJqc0pmeVlGb0xHUVJSS29lZy11cjV6SXVIc2VxMA?oc=5,False,di_luar_topik,0,0,E0_sebelum_pp
Kehadiran Tambang Nikel di Raja Ampat Membawa Dampak Ekonomi di Masa Pendemi,tvOneNews,2022-02-28 08:00:00,https://news.google.com/rss/articles/CBMiywFBVV95cUxOYWN1YUVXWjlicDU5dmFXNWZXWHN6TW80OXZyUm9xTFFfdDltVU1HRHRQNHR2SHllaUlxZnpsSWh0NjVTU2IyRmJBeFUzUFFlLU03empvb1Q5b1l2V3pUSVlIT2h5RHAtX0pjM3VaaXFpWXV4QVFHM2w2YkM0SUJkNEQxVjFKNVdGQTFPT1NvTENXM3k3WVpoc1NYa0VOSG9SVlRGZlFjSlNpMjVaamJXanVjYjZSQnJ3NGZwVFdXem1jZ0JJZUc2cmNwa9IBxwFBVV95cUxPaXZJRmVBM2xDdmZQN0xrTU11NzNYa1VmWDZJRnJjZmstVWpneVd6eVNhWmJTUWhFSENWNGIxcnRyTGs2SVFqY3B3czBkVjE0UXVaWVk2V1d3MmpQckloUFRsckt4eVBYbDJDWVZJZnEtZ0lqR29aUzBtTHJCa3dra2tKb1FDMExKOEJ2ZHFoOU5QWmhZODFXaVRMNXF0SUtWcjJidHk2RmZrOXdmRDdBT2E3bXZYUnpkZUt6U1RLX1JrVzNPQVFB?oc=5,False,di_luar_topik,0,0,E0_sebelum_pp
Melihat Indahnya Pantai Pasir Tinggi Simeulue,BITHE.co,2022-03-01 08:00:00,https://news.google.com/rss/articles/CBMiigFBVV95cUxOR0NTUWUzT3l6YllmMGJ1ZzAwZmQyMGMxNWdwbVBfYXFPczdOTUFBa1ZrZGpQWjc5TjBORHBEeXRwTTFWeHhsc18teG5GTUpOT2NDRUJrV2Q4R3ptbHVIR0VlOTRvLVVIcHM3TnR6ZW5KSG1UaGhjdjhPa1pDbjhIakhveEpSREc0NFHSAYcBQVVfeXFMTko4VVlhNV8wbHRXMURtRnQ2R0RIdFdXcDUyOGcyd0tOOUd2UjB3azlQLWlOdW5PQUpoeHR1cFVUQUgxVVVQYUpCT2VVcF93ZVVON3QydHRnOXZ6VC1HSjB6ZWZ6d2o0aVpqTWpqSU45b3RwUDFyT3UtZVM2R0VxRlVVSmJLcm5B?oc=5,False,di_luar_topik,0,0,E0_sebelum_pp
Warga Gantarang Demo PT Gosyen,Berita Kota Makassar,2022-03-01 08:00:00,https://news.google.com/rss/articles/CBMifkFVX3lxTE9sS1lORnB1bzR2al9QeW5xd3pFQVJCUk9kSUxpQUdtazVZbWxMUG8xTGJJdjZzbE81OElQcUwwcTJaNHM1U1BQUWZ1Q2xPTUREU2FRRkpnOU5BMXoyNHZUM0IzN1NoQlhmQUIxX3JpczduTFNRNWtUampCMVhVUdIBgwFBVV95cUxObG5zVWJCNVVUNklTRzB5WXFqUUtQWm5idnFsU1NoVkQxY0VlalB3aUU5MmZrOGZFODctM2llMlRXM0RmT0k1cW9pUllvYVRDaERmMlQ4WktfV3kxS1M4NHZTTjFEWVJLMWswRGcwQlZ5S2NqSGxwc2RSTDJJU2N3RXRubw?oc=5,False,di_luar_topik,0,0,E0_sebelum_pp
Mubazir! 60 Kapal Bantuan KKP Era Susi Pudjiastuti Senilai Rp42 Miliar Mangkrak di Natuna,SINDOnews Daerah,2022-03-01 08:00:00,https://news.google.com/rss/articles/CBMi3AFBVV95cUxQV0YxUUZLY20zQVFnd1NXTzBqQy1fcnpIamhzOE5oa01Fc2JOWjFsU1Q3Q1NZOXpvc1BHT19mSkxDX1g4aXFPQVppWFZnX3pwSGoyVDdPdU9oaGdnTlNGVTNCd3F3SkZxN3IxZGxXVkx0X0liRzJDU0x6cms1dHhMZjJjaGpUcUpmX09LS21mVHl3blFxUHc3SHQ0VzZBNjVCTHJJMnR1cllZdEJiY2xKU081ODNxWm9nMDBTSVNNU0xFYVVkYk9MRW14UnNnUWRUSV82ckhjV3NzdnV50gHiAUFVX3lxTFB0M1RROHRhWVpjWDZpc0ExMzRGX3Y1Yl9MVWp2eXp5MDRtRjRZRmF6bkd4eTRmTmNVcmNTcFpzMVVzTDQ5ai1pUE94TmxjOXdJUVpzbl9pYXhUMERUZU1XN2t3UF9RYVR6TndqajRKaFhBT2FoUVhmRl9iQmJDMG1ySTRwNE9rcVJPbU84X1hreV96NWVxdEtfOTBtd2gtTzV0b1VYNWtDZ19JdmVXYUYtVjZzcjkyRTlWYW1CLTVuenpiZE1tT3A4TXhyQ1VfMFZ4NGpIcEpzSWZJTGFxZm9ta0E?oc=5,False,di_luar_topik,0,0,E0_sebelum_pp
Komitmen PT. Antam Perbaiki Site Moronopo Terlihat Jelas,Mediapatriot.co.id,2022-03-08 08:00:00,https://news.google.com/rss/articles/CBMinwFBVV95cUxQMU9ncmJNbkxqeUtTZld0Y2Z1NkRFd2JJNVM4RERVcmFUT0pIWnZUWmtLcEZlTUhfMDh3bG5OMmR5OVEwcXB6bWtic3RFN2htUnJ6Sko2OGdqQkpscldFQm80UFZ5eTh0NFhMNm1BeC1qYmhPRHNiVXAyel9ZNjRXZnRqM1BCSUpLTklHaldwclpkUF9qa05wS0JhY3Y0ZVE?oc=5,False,di_luar_topik,0,0,E0_sebelum_pp
Kekuatan Legalitas Tambang Pesisir Berasal dari Negara,Mongabay.co.id,2022-03-08 08:00:00,https://news.google.com/rss/articles/CBMikwFBVV95cUxOTzJQVWdGUVRYMnVSemxHOTY0U0R3amxzNGtzNmE2U2syREpja1pNOW9TQ2hVWDZmMXFGbHBQSXg2djJRSmd4MDNtUFN1bTcwU2ZZcXpuRVpwNU1WcmRlbzhsM3A2THRUWnlPTkNlckVWbE1ObWpZRExzRXVPdlpEODJyNDAxa0R1Y2d0cmJZSHhVWFU?oc=5,False,di_luar_topik,0,0,E0_sebelum_pp
Walhi Lampung: Pemda harus usut pencemaran di pesisir Laut panjang,ANTARA News,2022-03-09 08:00:00,https://news.google.com/rss/articles/CBMiqwFBVV95cUxPeXU3bmVLQlg2QkpPSWttUUthY0hPTE5lcXFjelRKTWVhc0t6bDUzUl9TanhqRVNLLWVDWjRmU2tqQTRXNVpBTW5hRVpkaDZwRVQzWm9YV3I1QnJDVzN1UTlkNnJwQy1xNGI4R1NucktNQklOR2pyN2VDMlo5TnZseXpabkZOZFlJNW42LVJPaFkxYzVja2ZCY0hPcmx2UmxkT2EwbWdCYW9HLXPSAa4BQVVfeXFMTzVwVDBwNWtzZlRjYUJDZjNuVXhJQUhsd2JTR0tMZlJsYS11b0xOUFlremFLLTdfdFRfNUdDMC1MUnc5dUVlSXMxR09ZTy1Uelc2QkNNbFRncUZBVkxoQTlsbUk5bVBWYmp1RGJZUjMzcEY2WXhpMXFSOGc5aUpvWVRwQkZKYmE3QVBUT2NaS0otc1I3UGs2N1VDWHdhSkRlZGZ0dXNBMFI2dGZtdjJ3?oc=5,False,di_luar_topik,0,0,E0_sebelum_pp
KSOP Khusus Batam Amankan 2 Tug Boat Berbendera Singapura,Ulasan.co,2022-03-10 08:00:00,https://news.google.com/rss/articles/CBMiggFBVV95cUxQZk1aWVZQR19ORy1XUzJ6VE4xLUdKUE55Ty04V25sWTc0LWo2S2VjTUU4ZzlkZ0VXZDMwdW56eHpTc0czdzhCa0NzclBibU5CQzA0YzhYNWpyVHA4OF9wenRvb1FKYkdmNVpBdDIyTkxRcjB4NDFPUVFzcU0xd04tRmV30gGKAUFVX3lxTFA1YWU4U0x1MnZURm55cWdYZmx2Uk1CS3dzMkRMWUdka0pwMkdXNU95dEtVZERHSFd5aU1hZ0NoSllDVENwSHRvR2Jab3Q3M19HRkQtd2QtUHhPcTNtVlVpOEFMdjJtbFduc1pxZUpUVFVHb0dtaUZSRk9OMnY2dnMzU2RVQklWaEo4QQ?oc=5,False,di_luar_topik,0,0,E0_sebelum_pp
Penampakan Rig Mencurigakan Berbendera Sri Lanka di Perairan Batam,liputan6.com,2022-03-19 07:00:00,https://news.google.com/rss/articles/CBMiswFBVV95cUxOVl9pZkNUc0h6eVdsZGZxOVpkSWItY3dkLVJ3cGlGLS1WWXU2LWNXNGJuaEd6c0N4UXJXaUZQald2eXQzNmZ6TEVXbVM3YmxXT05JT3Nsc0hyc0Z4OXBkSFVZQS1KRW9oeFZHd3VYV24wZk1QNHlMMjUwRnU2YzRFWW0yZWNmVHg3WTU4RVJEQlBYbl9ReXB0WkJicUpiRXJCeDd2SXhmVUhNNWJhRUpTQmozVdIBpgFBVV95cUxNN05zeHhqbkM2NHlDSG1UaTc3R1FIaGd6VlVnb3YxbmFMTENnOWhhbHJ6RjVWYzREMmxVdnRzdjVGMERTeERONGlNb3ZXRVFuMVlHeWlkSmxQdF92MmtXZ1YyS0p1MjE0eEZXa1hVNjIzR1BLbi0wdVVWY3BEVUtLZGtJOEE3T3N2SDVmUnl3aDR6dU5GSGZIYlY4dlpqOHpEMENBMFBn?oc=5,False,di_luar_topik,0,0,E0_sebelum_pp
"Petugas Patroli Australia Menemukan Kapal Terbalik di Tengah Laut, 9 Orang Hilang",JPNN.com,2022-03-21 07:00:00,https://news.google.com/rss/articles/CBMiqgFBVV95cUxPNkVpYkdqay1lVjh6MUJveTI3b2JGSnpBUUdFRmE1NWpMaGh6RDN1RmF4SGZvS0pLQmxqVk9GZXlOOGFwTmFJdC03ZGFaMFg3UlVKblltZ2RkRDhFcl9BY19hRjBZcDR0Y3pmZGJydVRaZzhnSm8ycFowQjVFM3hrMkFZQWI0RUM0d0VlZVpYRVBRS0lwYTFfY0Jqc2FjVUdjUnZUU3lNbFFBd9IBrAFBVV95cUxQYllLeDJTMUh1dWdLSHpOVjAzaEY1d2hYTEExMHJjdldsVW9BY0pzQ25zLTdLblNCRzBlcUxZNWl2SDlJTTJlRUVvbDAtUmdrN2JmamVEYW9hSGRGSmM4bExQczJhQ0pFeTM0bF9ELWs0WGUyX25PeWVXdXY5eG1ZeUZfNDNvOG5KUUFkN24zTG1COTJqRUZ4b1RvbHNPbVdkZ1FoMXZWX01zVVpj?oc=5,False,di_luar_topik,0,0,E0_sebelum_pp
"Kapal Ikan NTT Tenggelam di Australia, 9 Nelayan Hilang",CNN Indonesia,2022-03-21 07:00:00,https://news.google.com/rss/articles/CBMiuAFBVV95cUxOMDZkZzBkSDVaTGNVVmlJMHd3Um1PMjJPUGtqczFlRnIwS1lFQ0x6Wng4Yl9zUWZWV2FtWUJ2RVNqNHZmem5lbmdhMG5NQzN6Y3ZmY1F0MTkwT2FWcm5fTzlMNkZNZlNtMlo3QVFiY0J1Q2lLa2tPLXhYSVhrM0x6dDhsWjZCbnZlcWtTTm5tb2lMVVljUUkwVUMwUGRPd3hQRWYyNnNtbGl0cU5xVEp4cFpGZlRpbmFN0gG-AUFVX3lxTE9aWDhaM0JQNmZPdWZjaUJSN09pV1JfQ2ZEQWxtMWxuWkRuLVRTT1BDam5Wb1BqRjBILVY4RXQwVU8zX2Z6OHJHaEFnMk40M3lOTVR3QnBBZ1Z2c3o0T2p3RHZ4YUNVSy12UGwxQ1QtT0R3WFEya1g5N1FUZGNQS1V4NE5BS0JjVmE3RFhJdEM4NVppSGFwWHlIVXlCa1NtaEZDVklLRm9oanJoUDdBZ3NwZ29UNXlNM3FVcWhBa0E?oc=5,False,di_luar_topik,1,0,E0_sebelum_pp
Kementerian Kelautan dan Perikanan: Rute dan Frekuensi Tol Laut Masih Terbatas,Suarasulsel.id,2022-03-24 07:00:00,https://news.google.com/rss/articles/CBMiwwFBVV95cUxOOGZvV0lWcHRYY0VscGVTdWV3NXB5bkhTeEh2cFRFamJWUUhOcGl6ZEJFbjF3eGZrZVFQUU1rYjRIS19Ib0Rzcl9GOFZxTHRyU2hzTmtnZ3ppY1ZfUzFmaC1GblJHY2tmOXVrRXowYWJSOVhhOVFJY0tfV2RySE9XNEhWVGprMWV1cGNZQ2t3WGRCSExramdCN0ZQalYxSng3SnhpV2VUOGx6V05POHZoWGc5VDRZYUxUYm1SOEM3X3NjLUHSAcgBQVVfeXFMTTh3ci1EU2hBNWMwWW5wTVc3d0VTazV6WFB2X3VsRzU3WTUzRWcyWFQ0czMxQzlWVUhNNGxXRGtURzBZV0IyTlVzcHdPbW4wVURDR2UzazZ3UEFqY3FvQkZUSlJMZGc4TWtVbTVYWTZPY3JGdS1Sektva05zTEYwdU5BTXVkc1I0VXMzZEd6ZjlrWXNwVno2dk1POFRiVTVLZzVZSjh6TEI5TWk1WmVkZ2pmMG1PZXNCLUExMzJYa3JLdnZSN0VXOE0?oc=5,False,di_luar_topik,0,0,E0_sebelum_pp
Investor China Incar Pasir Kuarsa Indonesia,Medcom.id,2022-03-29 07:00:00,https://news.google.com/rss/articles/CBMikwFBVV95cUxPQ2owQTIwQU5ndUpqRGVuZklSelBoNTd3alpzMjlwNGtRbWUtWFJPNTdkUFEybG5vZHZYczhGU0hiWmVzbjJXcUlWRmxrYUw3SzRNN25mMXBNZ1NuWFpVdVAzZUY3VUhDMkEwaVBzckpyOVp2MHQ0eUZEdkhuMzI2OUVlUnMxZGtWMWtXbmQ2OXZxQXM?oc=5,False,di_luar_topik,0,0,E0_sebelum_pp
Polemik Dampak Penambangan Pasir Laut dan Kontribusi bagi PAD Karimun - kumparan.com,Kumparan.com,2022-03-30 07:00:00,https://news.google.com/rss/articles/CBMiswFBVV95cUxQUVVfdy1zRE5ZY2YxY3M5YmVLdWVpMDRpYzB5OE5qRGJkY3JwLUJhdVZOSy1ZWnYxNDJfNjNPWTZZblYyVUI2ekw5N0xPYlVNNVgtdXAzZlphRk52clUtZzlyTVg1UHhWUWIwMEZnOHE3NV94a2NnWlpKVFNGRmdUWV9NWVpWSWZNT0J6TW4tVjBrc2hEMUttU0dpSWNGa3dVSWZRZ1QtanZlLUs4UXFiTzVYMNIBuwFBVV95cUxQdkgzdGhCX2xCMkxLZ0h6ZjZpclZmbEN4cktIbVlKbDhLZlM1d0FKNzlORS0yeVp2RHFUZWhCbFdpUTZjNUF4a2FPRnp2NWhzLWgyVkR4ZkhqX3RyRDNhekMxVTREbTN4SjNtRllJTDVUOTJJc1lONDZOWDVsanVIUkVWVl8tNXpBeGZKeXdPZFZVYTI5dXcxeENGZXFXUDF2dHJXelVwQUVKYWVCWjVOdlI2eE40N2poZTZz?oc=5,True,netral,0,0,E0_sebelum_pp
Inspektur Tambang KemenESDM Akui Tidak Ada Laporan CV RAM soal Eksplorasi Pasir di Laut Karimun,kepripedia.com,2022-03-31 07:00:00,https://news.google.com/rss/articles/CBMiuwFBVV95cUxNLXNEZTFJaUh5Z1RfVXZWWmRSOHJOa0R5ZmRFYV9RLVdtNkd5MTM1Z2NpcFZnMVVyRTd0V3AxNGdyOTFJUlZYcFFlNC1lYW5sRjZ2RHQxWGdkTW1lNC1VTE43Umh3VWRSS2YzNjN0ZV9vWjZUYkY0X3NSNWhCTXNUS2p4aWhkMlN6azNtdWRLM19VNnRkU2RadzIyaUg1YlJrRmdEY0NBLUt1cmtLeDA3RGpWRXRCN295MUs0?oc=5,False,di_luar_topik,0,0,E0_sebelum_pp
P3GL Raih Peringkat II BLU Output Terbaik,Kementerian ESDM,2022-04-04 07:00:00,https://news.google.com/rss/articles/CBMimAFBVV95cUxPUy1UYlltWGwzd0pxWEI4YWl0NE9VZzFqR0pHOGROU1pyLUVuZ0tjQnJ4ZHNzUWZzcl9XUXc1eTdnSFB0VHJiajh1dmR1b1VHNERwZmVNbU01cGR5NHNzWE5GUlFBeWxObloyT25USk5GMmJCMzMwTExwY0ptSlVuNjFrTF9hNXhXZmVwV3BmSG5PWnFnNGREQQ?oc=5,False,di_luar_topik,0,0,E0_sebelum_pp
Nelayan Pulau Rupat Terancam ”Gantung Jala” akibat Tambang Pasir Laut,Kompas.id,2022-04-07 07:00:00,https://news.google.com/rss/articles/CBMingFBVV95cUxNRVFad1Q5emlqdnQwenZDaGFVT19ib2tTWGtXM1BwZF9mcnhHeXNzc3lUdEVmLV9tNHVkY2tmWTlRNVNBTWozOGRRYXJtQjFGSUVvblprX1JJVjRPZkU1djYyUEFGcjQ1eW9JdG96VDRfZ1cyMmVTNUllQ052dHVNU281RDZRQncya2xFN1EyTUg3T2RKdmVaVUJnSGx4dw?oc=5,True,menolak,1,0,E0_sebelum_pp
"Laut untuk Nelayan, bukan Perusahaan Perusak Lingkungan!",WALHI,2022-04-07 07:00:00,https://news.google.com/rss/articles/CBMihAFBVV95cUxOMDhfZTdJcjZ5Q1hYWlh3UUhoaG55ZlcxZURtQlM5WmVhMHhjR2wwY3ZORG14ZHZCZWdzYllKU3lIWTFMRTRzUFRNRzQ5cUh2X0swbS00SXhvM2xlQy12MXY1THB5ZE1WNWllTUhWNXo2VmpJXzF2NjBBVFBVQWtkMlVLeTA?oc=5,False,di_luar_topik,1,0,E0_sebelum_pp
Potensi PAD Karimun Terkikis Tambang Rakyat,Batamnews,2022-04-08 07:00:00,https://news.google.com/rss/articles/CBMikwFBVV95cUxNdkZ5WTBnczdXUmthYm0wUklXYUJtenYxc0VQLVByVG1jUzc0NWtuRVQ3ZFFaQjd5SGhERGJHWkQ4SmFnZFFzd0FWRnFfOEhoVzhWd29hOHJYdTVucHYwcWFUTFdKTVNvcWxlUUVZWURtNzBrNk9WYWhmMmk4R3ZDRFNrNFJHaDgwRHdZRzVMTkQ0U2c?oc=5,False,di_luar_topik,1,0,E0_sebelum_pp
Babak Baru Kemelut Eksplorasi Pasir di Laut Karimun. Begini Respons Legislatif,kepripedia.com,2022-04-10 07:00:00,https://news.google.com/rss/articles/CBMiowFBVV95cUxPZ2RfVXRHSjktaE9fWVpzdTJVcWhkY1dGcTh3cWp6TTQtZ1gtRzRfN0hSbERYZHlPcWt0V0kxeVdzVVdoOWN0THpqUGdsNmhBX2w5R2d6Zzk3d1J0UTRPenozNHh6d0wwYndSWUFKbVA0dE9HQnYtYWNsV29sNkxKZ1psZDN4NXVWMlNjUDdRQ01CSXlaMHlHc0JfV2cyQ2JENHdr?oc=5,False,di_luar_topik,0,0,E0_sebelum_pp
Nelayan Tak Mau Ada Tambang Pasir di Perairan Rupat,Mongabay.co.id,2022-04-14 07:00:00,https://news.google.com/rss/articles/CBMijwFBVV95cUxQSzlrQlU1TUJpYmtrcU0wd0tnTm5UaTNZSC14S09KQ2hJbDFXdDhzYkdhdEN6RHhiN1hUX0lJUUQxUXFjZ0tBZGlrV2xfZ0NIaFVKLWxWMWQ3cnF1WWNRbFJaeUJUZVJrdFc5TDdMM29Xd3VkMUhGamVRSVMwa3VWbkx5YjVMekxNQ1phUTRmTQ?oc=5,True,menolak,1,0,E0_sebelum_pp
Pengusaha Tambang di Karimun Respon Soal PAD: Kami Taat Pajak dan Aturan,Batamnews,2022-04-16 07:00:00,https://news.google.com/rss/articles/CBMiuAFBVV95cUxPaGhPa1gteVVzS01tTE83N3dxRWdkczNKR0VjRV9CbXQyaFZUeEM2akpYTHFEbDZ6TjVJNlJYOTlONVNzTklyWTdnQ2lQRXluZlBRcWNVQ2hmd1RGa3dyd1dFQ2ZnVnFSY29hVkw4QjgtcmptZ3lYcFVOcXlxdHIyQmVxVXg4MlF1dWlGV1pWcjYybVBmY3JOSGNKQkhxSXpwd3FDXzgwbXRRRDlCRkNUZ2l0am5vWERJ?oc=5,False,di_luar_topik,0,0,E0_sebelum_pp
Nelayan Rupat Minta Presiden Cabut Izin Tambang,WALHI,2022-04-20 07:00:00,https://news.google.com/rss/articles/CBMie0FVX3lxTFBnbjlsckV5ZVgzWGpma0dnVXJ0ZXRrN0wxZV9fTXlwbDN6OGd2V0h1NV9jbm1nZDlMQWwwZ0NQTG5WVDZzY1FYVkp4UXRIZGh6ZUI3N1NpOEU3NWZ1MllnZTJDaW5OcDAwa3BWRnZ3ZVlsYmtmbjVOWUxPUQ?oc=5,False,di_luar_topik,1,0,E0_sebelum_pp
"Kenalan di Facebook, Siswi SD Diperkosa 3 Pria di Hotel",SINDOnews Daerah,2022-04-23 07:00:00,https://news.google.com/rss/articles/CBMirwFBVV95cUxQd0dPOGQ3VHhuNThFaDhvV2VlbDlLVnU3R3Z1Vk10LVpfQ3FtLTNqRHdlUHpNZUZ5dWJWR0pDOHNPZXh2Zzd5U1ItZm9Ec3Myb0g1djBXbEo3Q2N6T0poUXlOZW1CVzVhWXBvbmdwcXUxMDVPNGJBZVFHc1dyaXlpd0x5ZHRnZmljTUNlaWxzQTA2M2cxZzhNWVZLV2hjVzJaQ2Zmbi1Ob2RWSW5DMXFJ0gG0AUFVX3lxTE1KSjR5Rm1fYkJqOTRDMGtsMzFYa2RoSkxDM2lVN2NKeTZZVWZ0ajAtLVNwQjA0cnBHTjVTakZkR2NiNE00UkRld2FqRzhIa3g3QTBIbHJlZ2Q5RkUtOW92bWR0bllHTUozUTZBdXE4b0lSOW5TZ2hsX0J4NktzZFhOQlduTTVQVEQ1OTVZNE8xREhuX3VyX0Z2MGxQc1d4d1g4UDZtZW9XWVM3SExYWkdGN3p4ZQ?oc=5,False,di_luar_topik,0,0,E0_sebelum_pp
Operator Diminta Menginformasikan Data Kabel Bawah Laut,darilaut.id,2022-04-24 07:00:00,https://news.google.com/rss/articles/CBMiigFBVV95cUxNSEdKUTdjdlFNTjlWZGNNOHBaV2tDandKaHpYSVdnckVCV3kwendRaFl5S2c2c1Jic2p2TFFXbXNrU2ZLSnFfLVZVWk5mbFVxazlpc2VObTJNdGNPN3k1Q2pPWDhzdzFUelU2T3Q0QnNXcGY3ZVkydGtKNmRUakFlN2JXdDc0dXpBd0HSAY8BQVVfeXFMUHFzUlJwQ3h4ci1rQlB5Nm54MVEtcUVQSHg5X2FobEhkZFhyVVNOdkdUSmRuMlhCQnQzVHNISENDWEdhOFVwVWJ6U3pINE9Uc2FuVFQ2SXRqeURNR0RHcW5XRUdmMy1LVzZSV0hfUDNvbEJRVGRqTVNLWUlyWDFaVl95YjFsYmdZUklqSVRWWUU?oc=5,False,di_luar_topik,0,0,E0_sebelum_pp
Nelayan Minta Presiden Cabut Izin Tambang Pasir di Laut Rupat,Mongabay.co.id,2022-04-30 07:00:00,https://news.google.com/rss/articles/CBMinAFBVV95cUxOcV9SVjlESXFtTmRTU0c5N244SmlmRmNYMExibUxLRnhwanJWT192dzF1ZXlDdk5Qa2xYVG9pRDI5YjRJX2d0dFd4bWF5aS1Fa29wR1pkc2d1cGRzTE9yTkU1Y2J6UW9LR1FSUG1sOUVjUzFHTXhpcGttV19QcDdNa1FlV1FTdHRaVFlyejNBZWY2a2hzZUpGUU1EU3Q?oc=5,True,menolak,1,0,E0_sebelum_pp
"Kata Peneliti, Pantai Amahami Tercemar Sejak 25 April",detikTravel,2022-05-06 07:00:00,https://news.google.com/rss/articles/CBMioAFBVV95cUxQdTEzTHd4eUJNQzBtMlRubXZMWEYzbmVpNmhzaDFQTGduN3p2ejRXNzVtMDJFOUlobTRackp5NHVheDQ5R281UUxFdmZmdkFSVFRqLXNKMHJjS0g3bjFjY1NOUHpnWlhhSjNRd2JLUmlyanFTN1ZZNW8zUUlqM2ktS0ZDVW1hYmxvZ1RPUHdRSjV4UDdnZ2k3RDlndzYwb1Zj0gGmAUFVX3lxTE40YXZFWThhUnVLMDBENUpoUmszNy11d0kxS3k2R2FkU2xuVlZRVkZCRE00LVNNMm9GRHFOeF8zRUg2WHVodlFxUkR6R1lpYzJvem04Q2JPdHFHSkNyNlRhM1k5amxaOWo5ZHNNZk1zQnJpbTNFRS1IaWlycVR2VWhqOGVudlctWHRJZXoyV2VzQ3RXc1RKVzE5ZFZtejdxX0tCRTlGQ1E?oc=5,False,di_luar_topik,0,0,E0_sebelum_pp
Muhammad Al Amin: dari Tambang Pasir Laut hingga Krisis Ekologi di Sulsel,Mongabay.co.id,2022-05-07 07:00:00,https://news.google.com/rss/articles/CBMiqwFBVV95cUxNMkpLZTBPS0Y5VGpKNEJ2ZXFDMlgyTTF0NGJLYXl1ZGt1N2p5S2VHdjVUR2dSYmpORjRoSTRqLVNWUlBkN2N2X2VuNXdpcDlzX1FsMk9zTjB3a0MwYVAtRF8yU2I3U1hqSnpNcmo2d2E5RFRmUV9SQ3lKNzdScjJ2LXRrdXVFWFRzanc0Sk5uWEl1aVFOeEtuY1gxOEljclF2dUpvdVp3RW9QSHc?oc=5,True,netral,0,0,E0_sebelum_pp
Pantai Lariti Bima ramai dikunjungi wisatawan saat libur Lebaran,ANTARA News Mataram,2022-05-08 07:00:00,https://news.google.com/rss/articles/CBMirgFBVV95cUxPT1lTOWRPcFFaei16SWtZTk9IZV9RZzZySG1xcWxUcHZ6YThuMVFIbUZtdVpQOGtna29zOHdzZGh6TGhRQ2p1Q0MtajhnNU5XY0NJR0h6elV3ZWlhRjROVHhuYjNnVGZ5dy1iOFc1Sng5TFpIVkhITmFjNHkwaWt5SGpUbzVEd1NLUUFMSEUtN2xwUDRNN05CREU4RUpsZ01teW1aSUFzYWh3SV9vT3c?oc=5,False,di_luar_topik,0,0,E0_sebelum_pp
"Kemilau Indah Pasir Putih di Pantai Pasir Tinggi, Simeulue",AJNN.net,2022-05-11 07:00:00,https://news.google.com/rss/articles/CBMimgFBVV95cUxOSGs0NktsRmFfU1ZDRDcxajZTYnRFT1JINWFzV2E3S0NoUXRWbWJEbkY5OTd3STktdlZBa1JQbWxVeDE2ZGtNSDF1Z21IclZpTnl5a3UyeS1CNW1wYmRZVVFXRDhGYmVpMkE3X0Q4SnhmNnoySzlwY3gyV29vVmdmQ3VOSFNfR0pZZ2tSUWE3Xy1aRkk4NVd5UEhB0gGXAUFVX3lxTE5uaTBWa3daODFkLTBuMnR5aW9IaTFZekVIbmRUWndLdUhTSUwtMTBUZ18yMkdEc0RaQi1vOXNEaktUeTk5Zm1nR29PSWVIRVVqNV9MN19CZjY1dW9JX2V6ampQNHJjYXdxc3ZPOWxVUy1VLTBRbkppRUU0NGNyZF9CbXdKdGFKNTZQeTQwWGtzVUhZOEJITWc?oc=5,False,di_luar_topik,0,0,E0_sebelum_pp
"PUPR: Progres Tol Sayung-Demak capai 80,63 persen, selesai akhir 2022",ANTARA News,2022-05-16 07:00:00,https://news.google.com/rss/articles/CBMirAFBVV95cUxOcmRrRzNTV0M0ZEhhVkxreFVOMUcydENOYjAtY3pYN3g2UUVyVDI4cUFOZWdNc1BZeXBJRUF5dEo1UG9sdHVWVkt3d1p5YzlJa0lGcVh6Vm9LZ1hIdzRTUkEwUE1oakJXc2tfNmpFQU1XV0VidV9HYlhtRUJ2MWVMSE04Y1Bza0xNY0MwY1hnaTEtY2VFa1ZDX1U3ZWlDOFNqN0hrQkhieldFejd00gGvAUFVX3lxTFAxb3lfd1puN1BjeVp6czl2eHY2bEJUR3QzcUJMV2xWN3RySmptSXJTam1JOHpOYTEyWmxKT0U3bmNVbzY2LTRnZU10a0dXZGVQaFppNFdjMy1SV2VYcDFlTGo1aG5hZFctUmFLUnlxbEtfSGM5SENOSENHTUlHYXJQT0JlYzM0NVplYTFGSTFUcjhvdlB5dEhNV0d0ZXZhVTFNdnUzVlFlSmljc3dKRzA?oc=5,False,di_luar_topik,0,0,E0_sebelum_pp
Ini Tantangan Menyatukan Pengelolaan Wilayah Pesisir Laut di Nusantara,Mongabay.co.id,2022-05-20 07:00:00,https://news.google.com/rss/articles/CBMiqAFBVV95cUxPX1NwS19VSG9BQnRPYWE3M0dSM1pfeWxjV29BNklZbTZxRHlMckMxMk1PNS1TZjJuZ3hXUXU5d2RkSjlnaVdEeVFsdXFoWDFlNXc1bmQtanpKR3BzdVRnTXhIZ1ZxNXR1RHJUWTJPNXVHeGJoRnR6SkJPMHprRU5KLVVBeGdmd0NIWC1NNFRHWG9La1Z6dEJSbEN4UGwydzNjZ2JBMGZNenI?oc=5,False,di_luar_topik,0,0,E0_sebelum_pp
"Dugaan proyek TPT gunakan Pasir Laut, Ombudsman Banten angkat bicara",ombudsman.go.id,2022-05-22 07:00:00,https://news.google.com/rss/articles/CBMiuwFBVV95cUxORnVIbHlTcVhTcnhfT3Y1RWxDY2FEdHBNQU4teTBmTi0xNWlFOUtwdFRLbk5mNmRTU0pZVGJoZ2RpckRQQ2pLMTh6cVNVTWJ5T1RxaTJMXzBDU0o2M0dxQmpNMUx5SnNKR29pSUxIYjlOWUJQU1A1WWJsWFRwdTZ4V1d2SU5rM1Jhdkh0bHZFb2lual9ILVdoNWJrR1QyaV82M3BoNGNQMzRhMnVQVDNZYnVKUHlPbko5Vmln?oc=5,True,netral,0,0,E0_sebelum_pp
Proyek LNG di Bali Diduga Babat Mangrove-Keruk Jutaan Kubik Pasir Laut,detikcom,2022-05-28 07:00:00,https://news.google.com/rss/articles/CBMitAFBVV95cUxNLUhCdFRZbDNYa19sazlIWmpDTHZYaE5aMjgyWmp0RlQza0FMUk03RHF6c0pyalVXcXR5a3VlZjVocDVTSkFZU0xxWlR2Yk92WUcyTEpZeUVpTlVWZGNXWEtUdlVhSHFWWmlhSkVLMEhpUEJfVGptTEQ4TGlva2hXSERqd1NZdTM0MU1jN3BVeF9TQ2UyRVYzOU52TmVpVk1rR1JQTEZicXd4d2V1SjhpR3Z0cjLSAboBQVVfeXFMTXlGb0dXUEhJLU0yZ3lBV0FyZWl4TjRlMzNHd2RCRWpnZGZYRk1WMl9YUkhWSGFqMENsSVpCcDItTE9zTHdYcEk5dGFHUTdGbGdMZ2pPSVZpeF9TQ3FwSGprUFZFLTA3WUMxLXBCWE51dE5fb2tMVGUzSjR4LWZSWHFmWG83RmNQZHBvVERRcTRkNWZ4Z2lCQks2Y09ObjlrNGNVUzROb01jVF9OWE9iZklESVF3NEtUZk9R?oc=5,True,netral,0,0,E0_sebelum_pp
Nasib Tragis Pilot Merpati yang Tak Kunjung Usai,beritabuana.co,2022-05-30 07:00:00,https://news.google.com/rss/articles/CBMiiwFBVV95cUxPUlNFLXVNT2hzdjZVZFZFTk5YUjZmb2RDeUotMHdvVXA5UVgyV3EtUV9KOXgxbzVqTXl5MjlXNHZZTWZGMlhLLUxjNXVCMzRVaWlCQ2dYanl3MzNIenpVSWRKZkFQcG1RTFVZdEhNaWVENGMyOGVKWkJmNUVNdDBKRS14alBaS2lrWVJV?oc=5,False,di_luar_topik,0,0,E0_sebelum_pp
"Pandemi Covid Menururn, Pantai Ngrumput Gunung Kidul Mulai Ramai Dikunjungi Wisatawan",Kompasiana.com,2022-06-06 07:00:00,https://news.google.com/rss/articles/CBMi6AFBVV95cUxPdjFYUU93LU1GNmwyWVMwZTRtSFFtYlNhZDEtcmI2VERIaXpET1F0dFEzM2dJbk5DU19fVEM3Z25raW9JNjlPandGMnBTaVpuU09zVFBnUURiWmVQd3h1blU0TlRwa24xZmhCM05tOGhhZzE3ekhmRDdvS1l1WHRHbmdsVUFJcjNLdHc1ZkswWFVPcklQQ205aEZ2SmxTUEZfT3RIbnN1RUI4dVFuR29zQ2dKcU5RbDI0aVR6Tkg2MVNONXZMbjR6c21LMERjRDFEclNqTjJBdnVxbU1MNFpCb1pxNE9JRXdm?oc=5,False,di_luar_topik,0,0,E0_sebelum_pp
"Pernyataan Sikap Hari Laut sedunia “LAUT UNTUK RAKYAT, LAUT UNTUK GENERASI MASA DEPAN”",WALHI,2022-06-08 07:00:00,https://news.google.com/rss/articles/CBMiqwFBVV95cUxONGlZZ3pzODM1RmRtclJ1elpleU01b3Y0a3h0aloxRGVEeGNlY1ZTS3JkTXd2cGVjSlhodXVRNTVrX0NNYlZpdFlkTWpOS21CQ0VSaVEzMUZYZW9oUWkxTXFvdW91X3lGQ1ZWSzN3M1kzNi1seVQtNm00eWQzNG02NHBtNmNOU2E1N3JoYi1nUHJvMWdleVdCSWw1c2FQSi1iT3d0ak5pZm1VV3c?oc=5,False,di_luar_topik,0,0,E0_sebelum_pp
"Megabiodiversitas di Laut Indonesia Jadi Sumber Inovasi Berkelanjutan, Salah Satunya Farmasi",Media Indonesia,2022-06-16 07:00:00,https://news.google.com/rss/articles/CBMi0AFBVV95cUxNa3dmZE9NOXRMM2puTGZCUk5wVGRncXBqbFkzMklfaXQ2VmpjMXNtVXpXWFQwVGRKY0Q1anhfcEM3TlJsTlhZbU1BV1FGMkVCQ1JIYjFDNE1TQzVVVThVRTB3dU9TTWJlb2JHdmR4XzVUaThKT3I5NXFhZzFpRFcyVzZtS0hMeUdEQ1QtcjJSQUp0X2pMOFlZcnlwQ28xb29hSEJIT2pnYVFGTElFdWZDMzI1c3c3eE90ZXNmbVRIRElCQTFqNnhHelhUQUtPQk5Q?oc=5,False,di_luar_topik,0,0,E0_sebelum_pp
"Bukan kecoak, ini hewan paling tangguh di dunia yang susah mati - Hops ID",Hops ID,2022-06-18 07:00:00,https://news.google.com/rss/articles/CBMiowFBVV95cUxNU2l1WVdHbjdfTU9NUDlkR2tYaXNUaGxYLV9Qb1lNenBhQUxlXy0wR0VQUFhLdTQ2NmtRTnJSWEd3NFUwLUwxaDZ3OEhyTkpZQmhCRGlhTnlPQXZWODlKZ0dJMXM3UTNxaXNuaDZPREhSR3dOOGNxa0Z6TkQybXhjWDRBRzdfOFlValRtZUJ5MlRIdkNKV3RIdWJhU3kxeDdvdUFz0gGoAUFVX3lxTE1xRzhEMDNMWVJGcE5HV0lSVnA3WU8wSzh0WFptUTRLVUtmbnE3YTZlcHdnc0V6V1dST1AwTUJHbzN6STUxX09iblZraFdib1pzWUw2VmRCaDZSTG1tTnJ3UXZHVnc2dHVGdElaVlJGdDJqTkRTcllCRzlvVnVMa3M2NWJtbjJveVNuSDNGMkpkQlpIbm9IX2pPT2VaWW5JRnVtTUlCRkFlTw?oc=5,False,di_luar_topik,0,0,E0_sebelum_pp
Foto: Terapi Pasir Mengobati Stroke di Pantai Syiah Kuala - kumparan.com,Kumparan.com,2022-06-19 07:00:00,https://news.google.com/rss/articles/CBMinwFBVV95cUxPUFkzMGkyeXQwa0RCR3JmUDF3MWpGbWp5Y3ZnTW1aVU5VRWtvQkx6N2RldTRHNkhtMXlWV3B4VHk1ZWtmbWFWT0l4MkJiejVmbDJ2cm8tZHkzS0Z2Q3hxRDZVa3FMdTJSYjZteU02RXFucW1VTVdBTDI4SGh1YW01b0FGREE3WFNsRGFIOG16Q3ZNdTJvdDJVaDZUdmhodzjSAacBQVVfeXFMTWdlTFdMZWhKRWV3TGJfbHFjUzhBZnpfUHRBMUt5Z3BFU1pzejFnVjBYSHRDeWo0ZmVKeDQtT0tSM1JlSDl4bzE0c2o1UGRYWDFibHBncDlPSXBsTl9OY3hGbHlva2YwdmF4WDZ1NkRRUXVsZVFtT2tuamI3ekJ1bkhubGFFV2piNHgwZFRRRGdYdDZtTEc0Ui1Cai1hWU9aMlBLdnZFR00?oc=5,False,di_luar_topik,0,0,E0_sebelum_pp
Warga Desa Adat Intaran Turun ke Jalan Tolak Pembangunan LNG di Mangrove,detikcom,2022-06-19 07:00:00,https://news.google.com/rss/articles/CBMitwFBVV95cUxPUkF2aEloMDlhUnZVMXJkNm45MVFyWlp4OW1vaE5WdlZCZmo5Y2lSOWdjUmU3akppVVJmc0NoUFVvZHhJWGdBU182UXdYRjlMNnRodk1xVVJSLTNNLUxkOW56TWNvN1RMa09SMmltLWRZN2dzTnhId2F5ZjBpZXlFWXpOVlF6MFp5U0JEdFFNNllFWHpxMFVaWjN4QktyQWl3dzF6RHRNNlM0UnUtaGU2VW9Ub2kzVHfSAbwBQVVfeXFMTk1RZVFqVS1xbHRjNGRrdURxMHlNWWZzdHF3TjkxRkRveGlsN2NwV2ZoLWhLQ1FWWFdxcERFVXZKNV9UUk1VdG54Y01SeEloWGdlSTdUUlp6T3hsOFpEc3VHVHVROEhUN0ZURElFMVBWcmc3LWg4ZjJobkh5VTI2dUs1YXdIMzA0ZkpBQlhBRExEejBaaktOSlV0RWQ3Znh3WEpTZ2Zfd3dLQV9yUU90MGN5SURYSERHRGcxUkg?oc=5,False,di_luar_topik,1,0,E0_sebelum_pp
Warga Desa Adat Intaran Ancam Geruduk DPRD Bali Tolak Proyek LNG,detikcom,2022-06-19 07:00:00,https://news.google.com/rss/articles/CBMirAFBVV95cUxNMkFRZjd2dTdLMGxoTG1hU2lpQVBBUEtmMGEzMEJIdi1wQ0k1LU9Ka1c4bzJqbVN3M3lWSHJSc29FNjN6d2pyWnVfRHRJZkNqMkNaTURUQVJVY25lTFdBZGF3THFEdFFSVDZxeUJ0b3kwZVBOU2JkNGh5aWp1T3ZhOU9MZTdxci12cTZrXzlvZlJGbjhxNkkxQ0hUdmxIQzk1Smg4UC1fMTdKbk1L0gGyAUFVX3lxTE9hUjVBNmtFblMxS3RPYlR6MjA3MWM2M3hLV0xRU3AybmJ6Z1lSY3dMYmNFU1dWdXlCOUttOHV1SkxCVl9qczZRb3JVRXZlaTQ0aVUzcFRvSXVkNU5KVVV5ZmpOODJZcklmUkNrbFhXRDNPcWNpbV85QUNJQTViLU5UNGZXdU43YlBfTWc3aFZLaXhoSm1kWmgybXo0akI1WDZlUFdydlA3VUtBSHdSTlV0MEE?oc=5,False,di_luar_topik,2,0,E0_sebelum_pp
"Air Mata Dugong Hanya Mitos, Hentikan Perburuan",Mongabay.co.id,2022-06-20 07:00:00,https://news.google.com/rss/articles/CBMiiAFBVV95cUxON1B3M2NZOWt1RUpqTjJlc0lNM0U3T0trVkduYXdJZE5xUjNEVFNjdWNpWWc4b1k5NkJ3R2xwZlFyRmk2c3B0YUtRVVZ4c2MzVzhoYm90NlpEYzFubEV2YzBsM0VOanB0NjdZU0YzM21ET19RSzJaRUVVOFRCSEFPbnFMNDNIZk1n?oc=5,False,di_luar_topik,0,0,E0_sebelum_pp
Susi Pudjiastuti Bikin Jambore Dirgantara: Indonesia Indahnya Dilihat dari Atas,Tempo.co,2022-06-20 07:00:00,https://news.google.com/rss/articles/CBMitAFBVV95cUxPY1Z3NU5WRVo0UkJBVTZlN3JtZjl5MC1QQ2JzUnlydlZ4QkJTSzlpWFdfVHhWa1NBOEZad2xRV29Fenl2SGFHbTZXUjhwOEN0dVdKbGRXSC1PaHRtOE1oaDY2VFYxYVo5TjB2T3N4LVZpa3BHOFEwa19iWWRPWUVpQmQzUlp1Zzg5eXNjaWM3TVhoMkM1RWdUTnZYLUVpNjVzamktZTZ3RC1aa096ZFdLM1NhYUQ?oc=5,False,di_luar_topik,0,0,E0_sebelum_pp
Terminal Gas di Hutan Mangrove Bali,detikcom,2022-06-24 07:00:00,https://news.google.com/rss/articles/CBMihgFBVV95cUxOU1RVcDN6MDRpMWhZSkRkcF94VnNWenkxUURteVdWTkdvdUUteDBIblJYd3M1ZmtIa1ZYZ1VPdGhhT3JfOUFnaFFRRTdRYVNwakdoLXZwQWlISmxDQnJhUm9feUdjdUxfN19KUVhWM004ZndGV3ZDZV9EdURVbkhuT29sbkg3d9IBiwFBVV95cUxPUUl0bkYtUWUtNTVxc3d0cWw0dmVvWTBUS0JOMk02X2dWejJEcHRiUUtKLXYwLURGQ1F3RW9ESVBiTnlOOVBYc0ktb3ZmeUdPV3Y5ZDBHTUg3RkVhWDc4d0xsVGJ3bjBRejQwTVp3am5sNmpzU2dSdHY0NzlZWFJWWmhGT2dxbDZCaHc0?oc=5,False,di_luar_topik,0,0,E0_sebelum_pp
Cerita Warga yang Rawat Terumbu Karang di Perairan Sanur Kauh,detikcom,2022-07-03 07:00:00,https://news.google.com/rss/articles/CBMiqAFBVV95cUxNMVctcjkzZFhNVWZCVVNGYXc2Wm0wZWgtd0ZNZ0hScldvd3Q2V2k2d2tfTmJiS0M2QVRyX3JjV1EwUzllaHRnTGN6RXVfY3NpY0dVVndfTlZCMUt6eFk0UHdMRll6eHpUSXRqYlVMRXlKWHUzWm15b2tUY0w0ZVZCek5UWFBkd0I4QWhablF0THFJWWdpa01qU0Vrdk1WVFdmQVh1MWN2UVbSAa4BQVVfeXFMT3RjeE5nNnA1dHdybVdzdTliNmVYck14bzZrTTZQc3hkYl9zUTRnQ1U5NlY5TlpMMGg4b0I3cU9TdkRyR1I5cWZLQXdVdUNQWnBpLV91MUtJQThGbUxMMUYyOHlWS3N3R0l5TGkwRE9uRUR5b3B1VV92ZGdMQlRsS1VhLTJ5TVh0T2RPb0VLcC1YWFpoYXJ3dXRLcGhYcTViOEpSbjdlMEUwQmZBMU5B?oc=5,False,di_luar_topik,0,0,E0_sebelum_pp
"Pembangunan Jalan Tol Semarang-Demak Dikebut, Target Rampung Tahun Depan",GridOto.com,2022-07-05 07:00:00,https://news.google.com/rss/articles/CBMirwFBVV95cUxQRl95YXljRjlZSzNxOHRwZHNta3ZsNGhfT01tSXJ5ZmpLclRzVWdVX1R4U0J5MUQ5aVp5SDNXcHFYZ1gxZlJfRENwT1ZqaXJGdTdCaDhqQ1VnVXVvcnZsMzRweUVjd3RQS1M3bTVrTHVEWmhncnBMN3lyTjlZMnJSMEl2bW15Y1IzaXJZTXRLVkVOQnFSa3A2dVNmTkhPa0xPWGlkLTlhMzZwNW9MU2hR0gGuAUFVX3lxTFBFME1qTUQzRi1EQm5oSkdRMWtnUk1qLTg0MWcwWDExbnNZSjdLQ2lqaGI5R0JObWk2dzJ2YVhEOU8xM0xCakRIUThRU1FZa0VDZ1hnRG9ac1NabjRGTUdsLTN5VVI1SUJXOEtPbkJTaEUtcTF5N19RaF9MMzVfZWVOdGdJaWpMUFZGMzh4VXU3MzB5Q1cyQ084MVNzTEVWYVlhRHNrd3BySHNOVGp1Zw?oc=5,False,di_luar_topik,0,0,E0_sebelum_pp
"Belajar Dari Pulau Putri, Abrasi Mengancam Pulau-pulau Terluar Indonesia",Mongabay.co.id,2022-07-05 07:00:00,https://news.google.com/rss/articles/CBMiqgFBVV95cUxPM1Z6aXU2c0R3bHlHZ2wxcElvOHNHRk5ObjNtalZqUF8zVXN5Nmg3TG5PamxxcUdvZHUtUTh6TmtxcGVCVmdVWDdZaXBkcTZjTll2Tnl2dXllVnZ1QkctZDJKOERhVWNRMGptVGdITVZJN0pQX1hza2xabENwUlI5eHBhSTNzQVJDYmpvd216SERKOUUtOFJzS0NYWUFKd1BTR3NrYmxSLUc5QQ?oc=5,False,di_luar_topik,2,0,E0_sebelum_pp
"Tol Semarang-Demak Ditargetkan Operasi 2023, Begini Progresnya - Bisnis.com",Bisnis.com - Ekonomi,2022-07-06 07:00:00,https://news.google.com/rss/articles/CBMiswFBVV95cUxPREo3TnJiRlp5VE1GVlZpY1c0VEJKaGNHNXp0U3U0cmdXX0dvY0lnbGcyUHV1WFNSdmVNQy1KQ0ljSDgxem41b3drQTAyX0tCc3JoMmRJRE43V0ZZTG0xYmpsRGNEaVE5THQ1Q0ZSXzNiZXFSQWJ0QWhKYXp4ZTNMMzdBZ3BlSk5ZVFU4V1BmNFZ3SU1mNHJQWkxBa29HWnA1QUVtR1lHYVcxRjVCaUllTmI4NA?oc=5,False,di_luar_topik,0,0,E0_sebelum_pp
Strategi Perempuan Kodingareng Bertahan dalam Krisis,Mongabay.co.id,2022-07-07 07:00:00,https://news.google.com/rss/articles/CBMikAFBVV95cUxQWlU5QjFOdGdyZjZGZEtadkZZaG1HZDNVQ1hZTlk3YktMRDJHN3dyWmFPMjg3UEFNNF9jeGlqT3ozOW9jZUlDeHl6UkZmd0trMkhmM3B0b2lfbHpDRW1pWENLVld3TmlqOTdLVUlhQ0swckxNNjB0dlZsaHZaVlBSbWswWEE2cUNBMGVmd0ZDdWQ?oc=5,False,di_luar_topik,0,0,E0_sebelum_pp
Imbas Tambang Pasir Besi,Info Negeri,2022-07-09 07:00:00,https://news.google.com/rss/articles/CBMiakFVX3lxTE1tYXo3TDg4TGt1OGtYZFQ4VVdHZk51emdMcVhlb1pURnc5OUlldERIUnFua0stR0wyZldmdzdPbnRmUDNfbDZ4VkljVnpjOF9ScnZZYUV1Q1hmaTl2UE85YXhhY3hjbGhIWUE?oc=5,False,di_luar_topik,0,0,E0_sebelum_pp
YPTB mendesak Australia tinggalkan gugusan Pulau Pasir,ANTARA News,2022-07-14 07:00:00,https://news.google.com/rss/articles/CBMinAFBVV95cUxQUllxZHJ5RHU5WEd0d3hzQThfUXV1YXBOWm5MRG9BMkJWbTducVduWko1c0x0UDZiLVlmWGxGNzEzX0d0Y0lHR3NVcUQ3NzB4bUhZNDBRQmt5MTZiYWtjWWFzOVNwSjZaejlDZ2R4UmIzd2wxTFV3UVlPNmlOZWprSjhXX2twSGg2WUJsVnhpQnhmempBcy05V2tfSHTSAZ8BQVVfeXFMTjR3UWtLU0I2NE1yUWp6dWkySDJIbTNJTEFQdFNIbUpfX09QWmlvMERGS01QUDlDaDB4emliblV2QWZQT3RwSG5zdXV2RXR5cG0yZk80ekl4TnNrT1piNnZxM24yY2hPSllpVHhEeWRFclBWakg4Ynhackwwa0M2R1lnUk9GQ3RRdDRXVF96T0ZGdW51SUJRN1RFQV9lamlJ?oc=5,False,di_luar_topik,1,0,E0_sebelum_pp
"Ekosistem Laut dan Pesisir Terancam, Habituasi Berdayakan Nelayan Pulau Tanah Jampea",Mongabay.co.id,2022-07-20 07:00:00,https://news.google.com/rss/articles/CBMiugFBVV95cUxPZGlKMTFnd24xWGlVa3BnQTlSd0lHN2gwVnJtZkhoakF4ZmtlX0FBQ0RDOFBqOU9maGE1Q0xHNWdXaW5mVlAwUzA3N3dBaFlEbk9yamt3VWFONHVrU0dSQndCZGU0RE9ud21tREVIcWJPQTl1bXhXZ19zalNtY0RaRTgzZ0ZkVk1NbFFfdWlGYVRqVHVmNnhESk9RQU1EMEdQVDJ5WHJxeFpubTljNDVHQ0ZySWRkQWlpR3c?oc=5,False,di_luar_topik,1,0,E0_sebelum_pp
"Dipakai untuk Tol Semarang-Demak, ini Penjelasan Fungsi Bambu Sebagai Bahan Konstruksi",Good News From Indonesia,2022-07-22 07:00:00,https://news.google.com/rss/articles/CBMi1wFBVV95cUxPY0RnaUVlMWozWExTRXcxV1FYakFDY0JTaFFsSDIxRXJmNEYwRFhoTjQtYk5aTllHdm02OTlTV3hxZU03RV9DU216Z0FudU9qbjZkSTVSdGNwdmU2MDg3VlhHQlZGS0MtN09Sb2NZY0RZbGswbzBNUUI5czY3cS05SENNeUotYmtXTXJta01pYWc0WXM2NmdCcUFuemp5UjhQMmg5WXhzU1U3dDl3U29XVWVFM000MVNQWmM3YmZIejd1ZC04bWl6cjI5bzZpZng5X3pMOG5BQQ?oc=5,False,di_luar_topik,0,0,E0_sebelum_pp
KKP-Pemprov Bengkulu sepakat perkuat pengawasan perairan,ANTARA News,2022-07-30 07:00:00,https://news.google.com/rss/articles/CBMinwFBVV95cUxNbGZWc1pWc0tlRDE2UTJ2dUw5Rm9sNy0xcWNTdG9nNTgyVndWdE8tS3lWbEtFUTZrQlpiQ3owNnFXSTM1aDMzNEZRaU84aXhPUTNhT1pJX1R6YmpwdlJaa3BRUTFJM09zOTdXWG5ieXk4MGwwWFdwd25xbVkyQmdSel9LY0Q2OHNfM2hsSXJBUGVDeDhqeHhjeW4xR2IwZ1HSAaIBQVVfeXFMTlNFLXYxRWpKQnFCUm1KZFhzRDl1UVRfNlNSeWtIOFRtMTRtZlpTdHYwaGZXSFRTLUZIUG1hNkljVWJZS19kZVJMVldQN3ktOVlUMjMyWHdQMGwtTmhBUWM1MWZQQmxyRDk3eHNBS1pud3A4U2RQakdacGstM1NqanhJaFZuUTFGeG9LODRPcTJUczZLbHpIOVVPcUdUcXZNYTNB?oc=5,False,di_luar_topik,0,0,E0_sebelum_pp
"PLTU Masih Perawatan, PLN Karimun Tetap Sebar Jadwal Pemadaman, Selasa, 2 Agustus 2022",Lendoot.com,2022-08-02 07:00:00,https://news.google.com/rss/articles/CBMipwFBVV95cUxOX0dtUzBMQzhPbUt5UXJJZnJlY2xHa2xIb2xiU3YwUWRpcVRhQXFjeml0VW1tYnk1MENpdTR5ZmtESlo4VFg1N2NDdkk5dU1NQTVSeXpXNGpkZHhUN3AwYktsYURoSlhRUFJwVHJFVUdaZ0s2b1pQa0I1eGRKZzFKSHV1eGxuUUJoREstUlRpb0RBSUNnQnFiUWxWRmlDT19XMmxsTDhUNNIBrAFBVV95cUxNclVtclRlQkd4aXVVeXJYOENZcUlVa2pBeGo2WllsN1J6NDVMR2g0d2lrdk8wWEREMmpKeW1Db1NUMWFSR0pGTUZ2cC1JeThHdGsteUUxcnhUZE5Sd1BJeDJ5VnlUVjI0NTBtRGhzaHhMZlFZNWRrVlhWZ3JaQmtKT09QWHRhc0JjMUlOeHVJUUVmYWRyTnB4SGs3cVdseWhlRTBBd1BTUUhGRDZl?oc=5,False,di_luar_topik,0,0,E0_sebelum_pp
"Kabar Gembira! Sekarang Parkir Pesawat Gratis, Bebas Pajak",CNBC Indonesia,2022-08-02 07:00:00,https://news.google.com/rss/articles/CBMitgFBVV95cUxQVjdfa2VyOE9IWGlfd1RWUHdNOThHaXdjaDZubUVlSGRSZXVJV1RPS3M0d0dzOURQa1pBdmpFYzVGdHNhc0tIVHpfVjFDWWVxM0VpVTMycVU3UkxMd0dldjZKOEE1enRxR2ExQjFkR0dlUnJ1bWNjS0JfM1M1ZW5kNnRZSlZJWjJwXzBHdEszZnB0bWZTalpEUFFOYl9HU1JVeEJVZk1iMkJMRXF0elE2WE1lZER3Z9IBuwFBVV95cUxPd1VzUHFWd09DNmctclJuZ1ZJT2JCZFhvYm1CTDZQNnJIdGVxczFBNC0wMTl0d2ZsQllnZS1KUUJpZW5vMmhDMnN1QzRlVzAwUi1UWDZjUWdqYWNpVWpTS3k5Y1M2aHJLTHZFVExxUFU0NWw3RXNoaFJ3RHhoMzB5NHY3eGpZeDI2RG9lSHN3U2dJRzNCbFVRckxMZ1lacHhuSC1RUjZVczlEdjhfaTlBd3hUUnhBdHl3bVBZ?oc=5,False,di_luar_topik,0,0,E0_sebelum_pp
"Setoran KUA ke Negara Anjlok, Orang Nikah Makin Sedikit?",CNBC Indonesia,2022-08-04 07:00:00,https://news.google.com/rss/articles/CBMiswFBVV95cUxPZlhLQUpRazEybVh4UTZPSTdHQkpUNWZBZDJMQWk3QjBmaVVzR3RUN3YzNkdRaHlacDU2ZUlCVW9Ceml1MFFHdFVNaDN0WG9fTk9RTXBXanBENjF4clVackVqVzZqQ1BvZWx6V3BmUzZsZ0JEUTNoeGlNdFFkbUpfNmFCSWt0VGFkU1d4QTQzM082NTdvX3V3bGUtZVdnOHFfNXZ4ek9NSmhsNVhtZ0djV1hPVdIBuAFBVV95cUxNaDlxcjNJVnJPbERlb2l6X3h6M3ljN3VfdHdIaXdKRUhGaXhFUktGX3RueFQ2R0g2VFl5V3FmSC1wanI0NU9hbW1qaVhIby1pcUlhcEd0OUFPNUtySzQ3ckppcGplTjAxTUlKYlhlVDhGSjRTcWUxaHgyTnZDYk1MalpNbnhZWnB6RjVObWhqSTFXaFhuMF9NekJqTzlvX25kR1ZLSUtmNkhncWRORWtVNkpQbnFrQW5x?oc=5,False,di_luar_topik,0,0,E0_sebelum_pp
Heboh Maba UGM Bawa Poster \'Wadas Melawan\' di Depan Ganjar Pranowo,Kabar24,2022-08-08 07:00:00,https://news.google.com/rss/articles/CBMitwFBVV95cUxOcjZ2a2UzRnB3UGFVUEpoNVhJRFB1dy1vWGhQdXV1T3FSYmgtZlVoQmVVXzlNaHJnbnVXYmt4NmtqdklOQkxuVWs2aGlCUjF5dG9hdUQ0UndLbTNYTDBJMW1TblZQekZmbjhUaHlteUxFUUhOMlZfNE5iN0F5N3VkTmVMUWxfUC01RDA5OTgzbTJ3NHpzLWg3RVhNZWxYaHVhV2ZvQWJ6OVJJN3JiemVvWk1jTTRkeVk?oc=5,False,di_luar_topik,1,0,E0_sebelum_pp
"WALHI Riau Ingatkan Pemerintah, Suku Akit Dihimpit Kerusakan Alam",BeritaRiau.com,2022-08-18 07:00:00,https://news.google.com/rss/articles/CBMirgFBVV95cUxPaEdlaU05a3pJX2FfQlY2RTlSd29lenEwbEU3bk0tSjFoTDZFZVR6NHRDOGJacUtIV2tNQmQ1NGEzbk1OR0RoOERVN2Fjd1RiTlV3alhNRGtjU3h0WWFtczFlNU9zY1JHR1R0bjhvSDA3WXdQWU1Rd1dlRERqSmlrYkx3UWxJcVV4Z2Z1dFdfZ0kySDFvczdsXzN6NmN5czBjRHVYVk53UmROSEI1eWc?oc=5,False,di_luar_topik,1,0,E0_sebelum_pp
Menjaga Pulau Tak Hanya Menjaga Sumber Kehidupan,Riau Pos,2022-08-21 07:00:00,https://news.google.com/rss/articles/CBMinwFBVV95cUxOTWpLZUU4blI5Z3VVU2tDV3ZIa3FldFhBWXdjZVlHemxXMUxDRFoyU0VhNkdudUFGZGR1UFo1SHJjcGo2V1F4TlRNNTd5MlZTQ3JCWmJVUGpsZ2dHalZOYnZOOXQ3NkJpOUFBOEJycVp6T2NMZHhyZjhOMkM0SGp4azdyWXFvQ2V3Z3FzNWxOeElPUXdLWVRCYU1MWE9ldEHSAaQBQVVfeXFMTzZ6Y1E3ek40V09MY09QSjJic2Q2cVgwOUdaY3Utb0hCOUVnXzc4Q0oxOHNhV3ZYZ3BWXzNhTEQ4dm56OXdnZ0lLZW5GdFVzZmpfZ3A4bVN6dHBzeS1rSlNYNnY3eVNCS2htMFc3WEk5ekZfVndaZlk2Y2JDd3AtYnBjTWVISm1RZGd5UkN5anJhckY3STNReG85SXN1bkpSdERPTlY?oc=5,False,di_luar_topik,0,0,E0_sebelum_pp
"Berlayar Lalui Tanjunguban Tanpa Dokumen, Nahkoda KM Gunung Mas 88 Dipidana 8 Bulan Penjara",ignnews.id,2022-08-25 07:00:00,https://news.google.com/rss/articles/CBMirwFBVV95cUxNM01IZEJrX1M3X2N5anNCdldWeTlHV2hHaWxBODNLa3RRX1dvcU5UMFEwRzVVUnJEdUt2aVhOSFV5bFlRaFNadkF6WlYtM3R5UXVONGFJbGdEZGlOemttREU4T05DMGhsdzVpWHNWbWlIam1hb3R6Rlk5U3Q2YXl1SDZOTDEzSHlFdXVDcldYenNpd1Q1Q2hSbnVOMmIwQ3p0VWljMEtaYnFUaU9FdVZr0gG0AUFVX3lxTE9JNVhCenRVNTRmeU1sUk9aOHhyWHRzNHJMb2tkaWtsWnVsNEx1VHNJYU9DeWYwNUM4b1B4S0RXSlh2THNSY20zcUkzbTEwZ1BnQzctb3gwRU5jUkJyTENVUzNwMVlLMDZrUFBmMHN3WFN5RkNTaFNKT0NITkdaZUdQMVV1d0dHY0hLR3dXaTZYRFBqMFFjUDI4bFNSWTkzdzJHeHRLTFdCaHQwZkx6ZVVHX2lyNw?oc=5,False,di_luar_topik,0,0,E0_sebelum_pp
"Sunset di Lekukan Pesisir Pantai Babah Kuala, Aceh Besar.",BITHE.co,2022-08-26 07:00:00,https://news.google.com/rss/articles/CBMilwFBVV95cUxPYzBuSzgyNlZkd0ZyNERuY2tyYzhQdktIUjRhWjRsdldlOGpFUWQxcUw3MUU4QXFLckI4Z3c3VjMyRjd0VVhpdVRhYzlsR2R2RUliVTZlUXlyeDdDWGV1U09Kdnp1X2l3R0dUVEdKWmFLaW1nWnY4LXF0Rml0MkJtOHFqUmJob3M5WF8wVWhOalM1cFhVWGZV0gGUAUFVX3lxTE16a3JFcEJwMFVPb0xCNTh2elNIa2ZuMTc1a2RmOFg2RXlweWxZX0NYYU1CRmxPWkVrc29HUVFqbDhKc0xxQWVvbWdXWkYyMGpZc1dZSHo2Q0Z2SzdhMktWalRpcEoxTzdfSk5sZl95YkR0c0FXdmJMbXZ4NFY2dzgtNmZfZG5SbGhhWE1YNWUxVFFiNFk?oc=5,False,di_luar_topik,0,0,E0_sebelum_pp
"Jadi Alas Konstruksi, 10 Juta Batang Bambu Membentang 6 Km di Tol Semarang-Demak",Espos.id,2022-08-27 07:00:00,https://news.google.com/rss/articles/CBMiswFBVV95cUxPNWRWRXJld1NaQ3dhR1lIMmlHaHVjRmZWZzFyYU1LS2hMcDdOanpnMFI0dmFsOG40MFVYWmtET3NFdUI2Z2ZqaURCUDhWUTAzbHpJU2dJX2hNbS1GS2d3N0Vrc2QzTWVFOXI5d0NaWGh0MmJlQ284WG40UzNtNzRnZEFtcndUT01RQ3U1QXFSdnFGT3dmVVJyWFBoY0VFRXpHZmF0cWtrQW5paDhzN05DMmNDY9IBuAFBVV95cUxQMHVkcHgxSTcwdkJ0V0pDSzlFMXhnVWkwSzRKS0k5VHVUQV83dmUzcmd6OEV4eFBPSHJCQjgzekRXbm8yVndiTXNUR1VQZ2hZX3BfUnVGeU0yeVZ0cFIxY3lxcVRrT0hBTDQ4aE9OcktIRFJXLTdSeGhTOEpwZTNCUEJuMXFfQnZxaUZSNVVXOFNoNVI3Q1B0RmdjRi1NeGlIRXlNUVRROGNIMXNuZmVOcjBOTjVSSWQ4?oc=5,False,di_luar_topik,0,0,E0_sebelum_pp
Melirik Keindahan Pantai Bayuan Temajuk,sambas times,2022-08-30 07:00:00,https://news.google.com/rss/articles/CBMickFVX3lxTE9xSjkyWlNzaGozaHFrSkN6RmM2Vk9uQ3ZKNmQ2OE4tUi1zaDFYWF90YVM2X0RVdnY3X2JIeDlINVhsVTVydUZlWkIwZkhGZmg3aUVYb0tNWDFER1V1UFdqM1pCeUYwQnA0UURsOTdKUlF4dw?oc=5,False,di_luar_topik,0,0,E0_sebelum_pp
"Pulau Rupat 'Jendela Dunia Luar' yang Pelik, Cerita Nelayan: Lebih Enak Hidup di Malaysia",RiauPagi.com,2022-08-31 07:00:00,https://news.google.com/rss/articles/CBMiwwFBVV95cUxON2llZmxEUmlVamhsbjhTcktDSS1jaXVwZk93LTFUSmlMQjBrcThUak5DbmVib1NfOE1fRHNHdl9Oa2dCUGxNcHhzZW9VbEg4V2JNbGNtTTI0YlpUUjZIWlhHb1ctRHVkT3YwMmdsYkhqdmxoeGozTVNybDBLaEJYMlQwelhJdUJUQVJFSU1kTnNXWXVnOXVsODE1U2RZMUFCNjFlQ19iSy1kYk9TLThWQXdaU3VzQW91ZDFUdVRYUUwtQmc?oc=5,False,di_luar_topik,0,0,E0_sebelum_pp
YPTB Minta KKP Cabut Larangan Nelayan NTT Melaut di Pulau Pasir,VOI.ID,2022-09-15 07:00:00,https://news.google.com/rss/articles/CBMilwFBVV95cUxPS25HUUI5ZVM3empnVkRyZEZENllPb2c2dW5zaGJySGsxQzlqYks3RnV1OU9GT0hfRUZHN3E3NDNnRmw2SUs3QWMwb3lyb3oxTy1lSGlsRzdDZ1I0em1RWUNyaEs4cWh6YU51cndDc0g5ZFlTSlkzZWpYTUlta1hWczNQZ0dtTWlUbm1fY01yeUxLUGJkTXFz0gGTAUFVX3lxTE44S1VIUVlKRDhIaXE4REtBdkdtcEFBNWROZXo2TnM5dy1sanF6MXR2RzMyYzJrQzhpUHJ4SC1qaFNyYTNvYmNzcnNzMVRwejRnU1hsN3lsSTlFanpDczBsRjFKQ0Y2RUJoRUxlY18zM21mVUU3MWd3WmxhYWYxbGlab2V5a3FYWi1hbFJUYVloY3l3dw?oc=5,False,di_luar_topik,0,0,E0_sebelum_pp
Nelayan Rupat Desak Menteri ESDM Cabut Izin Tambang PT LMU,WALHI,2022-09-17 07:00:00,https://news.google.com/rss/articles/CBMiigFBVV95cUxQN3o3VTQ1ZDJrZmx0U2R4V3c3dDNQeGt1MGFOa3IyOFVzcjl1NU9WcGEwYjRzVENiNnkzMi12VkthejJjV2VmcEdCR0Rtb1FkRmNyMWRrcVhhREZaY0wyZWRuRUgzeVpZenJ6cXN2NGNVa2lQZmEzRENob0JLVnRNVmNLS05DeXk2RWc?oc=5,False,di_luar_topik,1,0,E0_sebelum_pp
Revitalisasi SMAN 2 Bayah Bangun Rumdin Guru Sementara Ruang Perpus Terancam Roboh - media,media-dpr.com,2022-09-20 07:00:00,https://news.google.com/rss/articles/CBMihAFBVV95cUxQdFhpSmhIR2kwNVRySG5XUU5aWUdUczljT2lmQ1dkRk9FTkpaSWpIRVgzX25IYWJUa2Q1MmRRX1JWN2Rxd2g3cEd4R0xCZU9KZmFfZ1luWWdYWmoxQjVVaDJuSTc1bFdlazlvWWNTUGJwaXBtOG1aLVJ1ZGNleW5OZDQyT2M?oc=5,False,di_luar_topik,1,0,E0_sebelum_pp
"Warga Pengambengan Lega, Pemukiman Langganan Banjir Dibangun Drainase",detikcom,2022-09-25 07:00:00,https://news.google.com/rss/articles/CBMisgFBVV95cUxPMG9ERnBFSFlJTWdwd3lCSlJvcE9TNG9kNDdvYXBxZHZRMUNBQnlEOG8zS0I0Yzl3ZFNSYW5OLWtxSDdIdjBuRGdBOUZXOWV6ZjRVMmtQa2NCY1FOUnhmd2hSVExJSDdhc3VnVEZWSHpWSHRJMU5pMTE1T25BS1dwX2VWRHJlelBHZmpsZFU1ZHlTeFh4aDRqcEpWQUhhT0tSTms0aXluY1dkVFVtbDZabGZ30gG3AUFVX3lxTE5QYzFVeFVmWTA1TnVHV1JVYnBBU1Ztb0E5WlcyWTFSckNod3dvR0ZweHk1Q2x2Y1FYdVVMNm94TjBwOXFqLVNNeXJ3QlU2dmdBbzlDdk9xRG42cmJVek90Z3FRWTRQLTZ1Z204MURSVHRmZ2MtR1NpbGc2Q0Z3MkFnbmZsaUtJNkZGM3NqVFY4SHF0cENqT1hsYXJZWDJsNmI0cjIzMWZvdUdCRWE5WXRtc01hOTJGWQ?oc=5,False,di_luar_topik,0,0,E0_sebelum_pp
Misi Lestarikan dan Edukasi Ekosistem Laut lewat Lari,Media Indonesia,2022-09-29 07:00:00,https://news.google.com/rss/articles/CBMingFBVV95cUxNN19ubmxyUHpWTU9XNG5HRWUwaUJHUjVZeFpNUVBDSktaYjdqcGJ4Z2hlYjkwb2ZzRzJka0IzdHZvVTNYbUJOSzd2LTRxVXZOcU1QRC1mTWo2a3ZOeXVTSTlMWmJTYjFWRDhoN3RhZ293Ui1vOVJsTUpOV3Q1V2xjTDZ4c2EyZHJPYlBwSGkyYXVnVXJPSFRoTEs3MnFhZw?oc=5,False,di_luar_topik,0,0,E0_sebelum_pp
Bangkitnya Usaha Emping Melinjo Desa Sindanglaya bersama Program Pengabdian kepada Masyarakat Halaman 1,Kompasiana.com,2022-09-29 07:00:00,https://news.google.com/rss/articles/CBMi6gFBVV95cUxOYjZ2U3dYX2JSazlhQl9wR1dZbzY2bm1kWUZPRWJMblpXZzNsM1ZlV2pyeDEzRXQ0MUNzdjBnLUhFY1BZT2htQkJJQ2RhUmtrU3JFWUl4djE3NkE4QUozUHEwMTlQRXRrRW1tRERBbDhYeWxLX3JHLUVua245djNuZWZuQ3QxU2ZTVHZxd0xPQlJyX0ZTZEwwWGlxQ0NWV3FObG1KZl9BcUJRbzhlUVFreERvTkcyTkpfcHVuVTlyZnVCdjUySE96Nkh4amdxSXZmUXNRaXVjR2R5QVliZl9wZ3U3ZjFscUpTamc?oc=5,False,di_luar_topik,0,0,E0_sebelum_pp
"Perempuan Pulau Kodingareng Demo Kantor Gubernur Sulsel, Protes Tambang Pasir",detikcom,2022-10-05 07:00:00,https://news.google.com/rss/articles/CBMivwFBVV95cUxQYjBNNGw2Q1pPVHZ2X21JOGFVZTFFUWZNM01keTBkcllKcHl2aFJEQlktdnA5WjhJMzRWUXk3MXU1UzdPSTJRMGlHTWRralpSOWI1NUZzdU15aEF2WU1tX2VENlFFc1JpUGU3TnJ2Zko2TlpKOUFEZ0J6ck9HZng4RmVlVXZHYTBzSjRyc1R5NWQ3aFQyRXQwaVJqbm1kcFZ5Q1R6dWZWeEJlSU40YXNvV25DQXUyMUs4WDVPVHJaONIBxAFBVV95cUxOalUyNThpbUZmSXNaZGx4ZXNQLXZNTnVTMWRsRzZPNWZVd3ktRVJuTFZ2SzVrckNGdl9oNkRlaE91dVkzZXZpX213RWk0WVJ3Ym5TNkZ0bTNFMkFkSEZvQjY0bGhIVXdSOXNDa3o2eWlpYllZRlNTUGtTVUowVFJ5TnZhUFVGSnR4Z2ZQSmdJdEhiQ3Y3bDViNk5MbFRWTTc3emFITDYwcE9jRUtyYVd6UmtqWEpFT3pwMTdkbmNXUDhqUzdr?oc=5,True,menolak,1,0,E0_sebelum_pp
Haji Rumput Laut,Harian Kepri,2022-10-05 07:00:00,https://news.google.com/rss/articles/CBMiWEFVX3lxTE5PeUJpVjdZQS11RUlCTjlTdndOZTU3QjBGM3lzUHdtUUo3QXZTcHNRQXB4MzZFX08ydV9YbmFjX3g3clpVWGdYMW8wVXotY3VYdjY0RUFhZUg?oc=5,False,di_luar_topik,0,0,E0_sebelum_pp
"Hari Oligarki Nasional, Gurita Raksasa Bercokol di Depan Kantor Gubernur Sulsel",Mongabay.co.id,2022-10-07 07:00:00,https://news.google.com/rss/articles/CBMiswFBVV95cUxNdFlhSWY1cmN2VzJad25SVE5oZFdBOWRXWHNDZ1UtamdDMl9zWWNyREN4X21VajlZcG51R3BPOE9jeE05VG5fYndneFhZNkFsVEJfQ0p1c2xXTloxU3pMLUFXZGw1VE1kTE84TWtFajFKTGZTSWwwOEJtdWlUSkoySFE0X3lkM0ZoOGd1YlU4aVliSTlrbGc0NVZlTXFKNjl1OS1wRGdPUmw1blA2elpKc0xpOA?oc=5,False,di_luar_topik,0,0,E0_sebelum_pp
Maskapai Scoot Airline Tambah Rute Penerbangan di Indonesia,Ulasan.co,2022-10-07 07:00:00,https://news.google.com/rss/articles/CBMihAFBVV95cUxPYWtIcGRoVE13UXYwbzhCeC1wdzBKNEsxVHExSDNNQXZqMzVIMm9yZS1VdERDNTRBQkdROHhHbTNSckZxcFQ1MmJfME1JbVgzM0o1NWFiX2pDZER1a09yVUpzOG1zSWFBQm5weFV0UlNQUUQxQ1pVYTRlLWwxRDZDQThseDDSAYwBQVVfeXFMUEFHekpTUDRlNGV6TFBzSjZkaHhlVTFCUzF1Z0JpbTFSQjcxNHB1Yzljcjh5eC1SM21DUHpleTBiRmh1VUwtbVhlZE1QUWV5NTFTUjNRNlYwV2M5OW5fR3FaUklzTHkzcE5SeVVRS3AtMkNrNVZTYUJwQnJORG1aZ3RMajRvZkUtaVE2bUk?oc=5,False,di_luar_topik,0,0,E0_sebelum_pp
"Laut Biru, Hidden Gem di Lhoek Me Aceh Besar",BITHE.co,2022-10-12 07:00:00,https://news.google.com/rss/articles/CBMihwFBVV95cUxOMDNyX2xKRmhFMGxhLVJmczl2M3VodXQxQVhaSG9MTlZRblJkV1dQcloxeFNVeDVOcmpEZnZsajZiNzZ0RndKNXlfdER5QkJiWVN4YkJPUXVSUGFwVmpaSFFnSE41TlBWcElHUEpsRmVtbkQ3alNNRWh3SVp0a2Z0WV8zMVVIVWvSAYQBQVVfeXFMT2R4UVctY2V3dkR0SmxsT3ZaZFNBNWI0TzlqTHhqcTgwTWd3TlMxUEkwVnNVSWMwYVFQY3JUUjlpUlVUNmFGUVNmbklNd09VWURNU1pfRFY4OVNQb2VDMVlUcGp6SE5wenNHZGxWblBpTWx0SU1tYnd6dnV6ekdkRUk3a2pf?oc=5,False,di_luar_topik,0,0,E0_sebelum_pp
Mencegah Kekurangan Hormon Tiroid Pada Bayi,AJNN.net,2022-10-12 07:00:00,https://news.google.com/rss/articles/CBMihwFBVV95cUxOZnRfNG5sZ05IYmpMcXJPd25TZ2pVUW1jWVdkUVIxLTNNY2xLQ1gwT0FsWldDSmg4QVdIQmdaM25CcEpLRTRNLWVvQTcwdl9jbmNIeklfbFplRXRsS1hFamJRYXQwNlVOdmlOWmxlVUV3UzY1amdDR0VINlBjQXhxSkhMUkJIZEHSAYQBQVVfeXFMUEh4M2VYRENfNkp2eFdGSHd1MWpLUFlQdFVTa2k3V0gzaEtET251NzFsSHRvSlhRVEp3d25aVm1jNGFOZ1BHbnlGbE9ZYzUzWFZkdzkyQ2lSYUNtdFhfcXB0NlQzZGJucnRydHVxOWJEVExKTEFIV3JDVFR6V3F1eTBacG1B?oc=5,False,di_luar_topik,0,0,E0_sebelum_pp
"PT Seven Gates Indonesia Salurkan CSR, Bagikan Ratusan Paket Sembako untuk Nelayan dan Masyarakat Anyer",Faktabanten.co.id,2022-10-19 07:00:00,https://news.google.com/rss/articles/CBMi0gFBVV95cUxPY0ZkY0NJTWk3bW5LWTlYbU1zZXVWRWNveTRGa244Z3A0UVpFNDNJRU1pcW5LRWJ2WEtJRjBnVjVqWVl6SXd2TFZkNzQ4Rk1YcjdQY3JfOXRCV09oMDZNR3o1Y19IWTlJdm9yZ3R1Y1FqcTVrVkZGajFxeHFzcnBtMnF0NXZsQUtDQUtzYXE1RWtDMFpFS0lpcllvOXRsLXFaaUNVdWRMOXBPM2VEam9rN2lUWUZ6WVdKY0VPOHFVUkQ2ei1pX19PaXJMUE5ubm9Mc2fSAdcBQVVfeXFMTWRJT2ZKblZ0TE1XTWpxTVo4QnU2OUlRM21QYVFwYzFnOS15dDN6bGlrZ2I1Wmlwd3FKM0tLZ2VpeWJNX3MtWmlkbGlhQlhxV0dROEd4cGpWREFUejhVbHBSY0YzRmdGX0dfZDlkaV8xSnlqZDNRU1BCaDJyV1RoYXFKc0dBWHF2aWtxdTNjeWNNWFNuVkJRUzF4LTI0RU9qQzI2S1lYc0hwYjhZZk1xYlItRmFCaWJ4ZDNMNkxTZzZ3aUw0dklyZjhpRk9qY1BqenluRW9CM1k?oc=5,False,di_luar_topik,0,0,E0_sebelum_pp
"Tol Atas Laut Semarang Mau Beroperasi Sebentar Lagi, Ini Sejarahnya",finance.detik.com,2022-10-22 07:00:00,https://news.google.com/rss/articles/CBMitwFBVV95cUxOcnpGSkIzUkhnc1VYb3FHNnNhZHIyVE5SWkdwN2tOdzVUdkx1NGY3UXpIaGpHSFd6dHEwOWpVWmlsVU9wSzdjRFZ5RzctM2d1MVFBc3VNRzlTWmlENHQ2WXFTZmM2b21TbHR6SG9lN0JSOXlRSE93YXZsMFpNSFRVWGNZMFVXRUJ1Vkw4a3RsREVHd2dzMWhUZUwxd1RGdjBuaVd1QmVaWlg4dFY3RUR3WDMwb1VBMTDSAbwBQVVfeXFMTXg3OFVBTE5SMHRGaDA5LVFEaXRQRG1FRG5iQVNXal84eXZOd3FoSGtoSmdxUWVtdV84Y2JZX0VGM3paSDlCZm5pcW9qRXI4SkQ2SXNLN09BYkU1c0FzOGZiVDJaR001Yi02WHh6U2xqa1hMeTYzZEg3aHNFUGROd3NsQks3QmpYeVpRTThMZjhpeG0zcks0ZHM1R3AwYWRwZUtqMDdkVzVCN0JvcVlPcmlvWExJekxnRnlKdDY?oc=5,False,di_luar_topik,0,0,E0_sebelum_pp
"Diketahui Material Pasir Bercampur Karang Jari, Kepala Sekolah Langsung Ambil Tindakan",NET88.CO,2022-10-22 07:00:00,https://news.google.com/rss/articles/CBMipgFBVV95cUxQVzh2MjQxYVZyRHNJcm1NeHZUOW5ZMk5kU2JWenFwbG1QQXZhY2tWRHBsOWNvZHpiM3ZJbXI3LVBXOHFtanlVci1ZbTJuZ083c1FXZFJ3OWhtcTZWZHlqeF9oUTlIZzEzUWJNRlhfZzNWUGZENTlxWHF3S0o2Q0ZJZkF1Y29XR3NueXJDcTMwc0M4bS1XbTNDbmstOXB2UlJWdTcwZ0V3?oc=5,False,di_luar_topik,0,0,E0_sebelum_pp
Gubernur Kepri Dukung Natuna dan Kepulauan Anambas Jadi Provinsi,SINDOnews Daerah,2022-10-26 07:00:00,https://news.google.com/rss/articles/CBMivAFBVV95cUxQdlJtOGU2SGRtbkYyVVNKXzNYOW9xT3AzaEJvSFBkRnN5NWNQZ0ZNUGxkTEhwcHU2UVVfVjdRT3J3TDBfM0VZM1FXZjdFYnluTUxPeXJaTDZNOUowVGRVQ1paU0xoMDdpZ1pYVVJYN2RUbkQxdEtnSmk5ZWFHRzNjNnFwZHh4c1lGSU9TNUVzMjlSLWZRNUxidzMyX0ktY1EtVW1wV2w3eHZseFo4dXBfemJRUGVxYkpTajRreNIBwgFBVV95cUxQOHVLcmljQWw3SGxYUzI1QzZxazJjMi1fZHhRN2h1dGVCOGxEdUxsU3dsdmF4cXYxS1laaHlQZHNHMml5NjlPX2V1WkJQMUtMY0JwRGZoTVJFOWlab0VYNmliaS1QYlVhR1ZxOTJxaWFLQjdtU3F1Vm1zWmppQ2ZmaXZlTDR4LTZiemhfVlRUeXY1dmlBaG0yNHZSR0U1bGtBMGZkTk5IbkU5ekhaekFRejZkajZid3JiRVdCMkdDNHphZw?oc=5,False,di_luar_topik,0,1,E0_sebelum_pp
"Lewat Tanah Atlantis, Tol di Ujung Jawa Ini Akhirnya Operasi",CNBC Indonesia,2022-10-27 07:00:00,https://news.google.com/rss/articles/CBMiugFBVV95cUxPbDVnRjBLb0t1VVd5bzRPRmxfMGpmdUQyal9kbER1QTM1TldTa2p1MnNQNktMMFpLRDRGR1BJVDFsSkNveUgzUk9HRzZvc0F0WXZjbDNpMDJHSXNDT2llWU5nRU44VTU3OUtKai1Sbk83eGF1d3U3UnpVN3ZnR2NJeXdHMmJiTTdLanZaVUF4bXhNSWEtOGVMMWRHZ0laRFE2MV9qU2szNjV6a2FuQll4Z2FJNlNvSHRLU3fSAb8BQVVfeXFMT3ZFSVhtREJnSW9LMWRUUEpScWxwaDlDUW9vVWlKekwyZ05qRjhrN1ZydFpCc1I1aG9oRjVaOXFuRzkyYWNaSm1uekdfZ28xdGlQOVdNa1FSekczM1hraTkxWERVRDdySk9ZaThKSmM4bWJzOFFGb213dzVMNUxBMzZ4c2JoaHNyWTNQOWxoWXc3RnltdFFMd3Z1MXZHR1pDTU5YN05CMG9tR1o5aGdwQ2FjLTZTaHF2TWZ0M0s3LW8?oc=5,False,di_luar_topik,0,0,E0_sebelum_pp
2 Tol RI Terunik: Dibangun di Atas Laut dan Berfondasi Campur Bambu,finance.detik.com,2022-10-29 07:00:00,https://news.google.com/rss/articles/CBMitAFBVV95cUxNdDFFOUtYcmpDckhuT2JtaUU2RFBLYlNYc3o0S0RKY2pSSTdVNC1BazFlMWlfcU0tQ3pwWGszb3dsV1FvYV9IbncyUW9XZVpHRXNsbTRRU1ZMbEhrMHZ4a3JGcnZGZV9mVkR3M1h6X0NqdFFXMGh2Y1ZvaG1iazU3NzZ2bE9QWGxvcE1ZSEphS2lXZ0FjRXBUcWlmMWs4bnEwVDRMLTBkam1BMnJwMFpySmt1eTLSAboBQVVfeXFMUFEwbUt4ZWNPMWpuejdudjRKQlVtWlZVU0MycWJrTjBpSWhNaFpTaHRoUkNIMnpLaWpITmhtREpFNm42MENrZmEza0hDdTM3T2RQeEJVbzRLVkJNcWV3Q1JhWFd3UThfZ1pLZDdqTWxDT2l2TFB6Q3NLeDFXbXlNM1h1TllMNk5BSVlrNDhxQ1VHNEhVX203dmVFRGNDOEVuNEtMd1dKQTB4UnYxa2M2ZXZHNkFlM2R3MkZ3?oc=5,False,di_luar_topik,0,0,E0_sebelum_pp
"Terungkap 5 Cara Sederhana Namun Efektif Bikin Perkutut Gacor Rajin Bunyi, No. 4 Loloh Pake Terasi - Suara Merdeka",Suara Merdeka,2022-11-11 08:00:00,https://news.google.com/rss/articles/CBMiekFVX3lxTE8tM19TVngza2tCTmZIcUNoNWg1TlJMNW1vVXFFTkNibkZhckpqV1hDcHBPbEx1My1qTUtVNmpNWDN3cXQ1Q1NKZEYtZ21HQ2NHZTFJV0NwTXRKWGtFQlZfS3dQSHMtck81UGM4NGdLVTlfcG80VVRpWC1n0gHoAUFVX3lxTE1pM2FLN3JJekQwdlNiQms5c1JTQ3hOalV2U0gwREpOVHBYdFdNWHAydXhNVGJTOXBROFJJNGhpUDA4VVJBaDVrNWNnR2djWUM4THVCZGwtNGY2MUdiS3ZhYU5FUDV1dXZPYi05b0QtZzVhOVp0VFQ0emp3bXd6bUViM2JybFdoVjF1bzl5WnNvUE1qbGs0UVVacW1tTVRLQVVyc0VqdkdHVXRSWVNxM0VXN3puQ3RhQlJyaTRHN3plM0lJTjdUWFFFcDVYdGhJNWdCbzNBNjQ3WVZabWZMNkxsSUFNUkYxN3o?oc=5,False,di_luar_topik,0,0,E0_sebelum_pp
Pengembangan Budidaya Udang Vaname Desa Tinjul Dilirik Investor Luar,RRI.co.id,2022-11-12 08:00:00,https://news.google.com/rss/articles/CBMitgFBVV95cUxQUGx1ckd5RjVKb05UcEs3V045b2RfTGYwZXh6VnJUZThrV1Z2aHBxb3VhSXVaQURpb2RoaUgyaWRpTTQtUnh2UHRPM0xUMG1XcUtseV9zck5iSTdselljTzROUTBocUpGLUdPU0NpS1FaVzlJLWl0cS11MjRDTERTaVhDTjlhNkFYWFItbGQ4c1p0LXBkMUNrTTZsZkhYMm5RTlhaWEZwa0IwM3hpVHdZRm10aUFNQQ?oc=5,False,di_luar_topik,0,0,E0_sebelum_pp
Kawasan Mangrove di Bangka Barat Terus Berkurang,Epaper Media Indonesia,2022-11-14 08:00:00,https://news.google.com/rss/articles/CBMikwFBVV95cUxOMC1jbnY2WnRRZXNUQkxTc2Q4SHVWbWp6OTQ4NjFBcFJCYmtBZlhNc05yQjV4NS1YTzBzRERYYk12Um1tNUI0Z0FtbGlTNFM5VWZFMjhJbHhuYy15cFJrX1lvb19DTFpFU2hzMEppQldEenREdzZPaGNRTVV6aGlzSVpEM29CbXA0djlwS3EybExGQ2s?oc=5,False,di_luar_topik,0,0,E0_sebelum_pp
"Pekan Depan, Tol Sayung-Demak Ditargetkan Beroperasi Fungsional",Top Konstruksi,2022-11-14 08:00:00,https://news.google.com/rss/articles/CBMikwFBVV95cUxNNkNQWjN1NzlpS0t3Mnk0SXpCeTQ4VUdJUHd0b1I1Q1Uybnh5WDRxYlUxZC05R0tCUktuYkVETE9Jel9JX2FrTUE2THRvQnNUeHpNUUJrcUVOUnBZWkx6aWZ6U2pkMTI2Q1dDV2J0NzJVaG9CTXI2dHVIUi1aMUxMUHlZRTIyZkRkUExLa084d1dyNlU?oc=5,False,di_luar_topik,0,0,E0_sebelum_pp
"Kabar Baik! Lewat Tol Ini, Semarang-Demak Cuma 45 Menit",CNBC Indonesia,2022-11-14 08:00:00,https://news.google.com/rss/articles/CBMisgFBVV95cUxOc2l5THlpYW4tcHdvZlJWaHVIT2RHc2c3UHdfWkhxMDdKb0hJcF9PZWpnMjViR1B0N3hzU0stcWE1dE1EcWNQWjZxU3hqVjFCUDB6T2pDdnBwYWhqRWJ3c2dTTG10NVc2SE5KLVh6TDF0bHRxM2VtOUFOUkhXZDFnOHd4YmlDTkllUDJMclZzMk1rS0hFajZiY1ByY3lZYjEwVzFBTURPczVkQWdpUUFmeTlR0gG3AUFVX3lxTE1qLUpTNmFaZ2YwYjBjUXBacWdCMUcyZEk1TjhUWW45MkNVMzVRMVpmNlpTVnE0UlpBT21UN05RMThLQlU3em5fTVVmYnBWaGpVM2pWWW9hMU5FTXJQMlVLWmpFelo5MFVaZ0lOQmdrT1NKd2lodFdWbzl3TzVfd3FXYzdDSkpDYUxoNThzXzdQX1M3N3J4cFBwS1NYVE82T1hESmZfSU9lV2xBRlMtTFJJTlhoamNpNA?oc=5,False,di_luar_topik,0,0,E0_sebelum_pp
G20 Diharapkan Tangani Dampak Krisis Iklim di Kawasan Pesisir dan Pulau-pulau Kecil,Mongabay.co.id,2022-11-17 08:00:00,https://news.google.com/rss/articles/CBMiugFBVV95cUxPU3hBaEVnMlZOZmwzeFN6ZnV4LWlfeGxPN0RPMGdVRFdxX28yRC1qa1laLXZMN0tSeVpqWXBnNzhwRGpnZG5LYUxPd3gyUmxXWlpLSDd6dDB2dDlOVnpjNmpGRnp1MENTTXBrQzNueUNBNWlWeXp3VGZLeTRkQW5FMUY0M09jdXdNU0pJaEthUF9wUWdKUjFSZ1d4bGMyejgyTy11cWJFRXEzN2puUm1iLWpzRTNqV1d2Znc?oc=5,False,di_luar_topik,0,0,E0_sebelum_pp
"Disebut Ada Beking Ngeri-Gede, Segini Jumlah Tambang Ilegal di Klaten",detikcom,2022-11-28 08:00:00,https://news.google.com/rss/articles/CBMitAFBVV95cUxPcWxkcGZkX3dDRmVGVXB1MDBVc3pCTzQ2MnhxdkxKVEFQSVI2bEs1dEhtaGlYVzA3eWlTeHlManN3X3RQdzFaZVJKa2xvRXpDU2N2djFoT1Y0emJZOW9lZEdyMDlISWtzY19XVEoyVnpYUWdVTFFmS0h4RjhsUmVDYS1McmJ4Vk9kZzZDazVXaXFwcUNmek80dHZtNmdodERuSnA0SE9pYnNUOEdiNGhhSXBreWfSAboBQVVfeXFMUFZlTGFPMzcxMDJvTy16OXRiM2tQUE9KOTZna1lwTkM4Tmo2bFU3WFNZeVpqSTRJeHU3U2VLVVhwVzZMcHVaanVJZUNvNk5abF9DN19DNDZfUVdXRGl3cjJRSnBpd0NoNWNRMFFZT2syRGdxdGQxSUIwWG1FTFhpN05OQ1NwaE5HTFl5V2otcWFoVU8xdEpEMGNmSHhfbUZYN3ZlU3czemZvaExrVjFqSFpnc1ZPVFA0TG9R?oc=5,False,di_luar_topik,0,0,E0_sebelum_pp
DPRD Klaten soal Geger Tambang Ilegal: UU Minerba-Perda RTRW Tak Sejalan,detikcom,2022-11-29 08:00:00,https://news.google.com/rss/articles/CBMiuAFBVV95cUxORTlZdTVUWkhtWENRNVY4cUhSMmJVZW1LVl9YMXJVcU5ZbW9ONW5DWEhYMW0tSDNzTXpUMkVteWdZcFB1OW03R2lrbTE1LUtFdDE1b3VWdFNqc25HZmc2ZXhES3dnUkU2TUh0cTdPMlh6MlhNTmtaMXZLcFVHdmpOY3Vxd3VTdjBONXdjRWdweU9sTEFjaEQzeW5salFDX1djLUtrWkgyVXpPWEFGSXZBSkZoVGc2X2tB0gG-AUFVX3lxTE5iVHY0UXFWTTkyekN1SXNkZW0xNFMtd0NNQzV1NnpjVXdKeTI5dTgtWHNqMVo1N3dGRmJsUTRTaGJ5YjhXYjFwZnVFdGZuOVJVVlhrVDM1X1lHeUVva1VieGw2RFB6UHNSRnJHTUpmbFlaZklNdlp5Y2RMRjIzUEhFU1Nnc3BPNkhqMThVWnlpYmZsajhJbkZhdnFEWGVjMTV2YjAwWWh6M1ZTY01ZWjZoRFc1ZkFHZTZ5LXF1bVE?oc=5,False,di_luar_topik,0,0,E0_sebelum_pp
"3 Pesona Destinasi Wisata di Lebak, Surga Tersembunyi di Banten Selatan Cocok Quality Time Liburan Akhir Tahun - Kabar Banten",Kabar Banten,2022-12-14 08:00:00,https://news.google.com/rss/articles/CBMijgJBVV95cUxPWnoxU0x2ZnlGZks1bHk5dWVELVEteWdxS0RESW5UdE42T2NHSnYycjVrZnU1VFN2bG1YSWxHdjlNa00yY1V1N1JJODV0Q2VzRXFJcTZzbUpKOGx2cWJBZFpIUHhSR1I5UUsyQXZmcklMdHU4SmJ4Skg4OXNKLUlUVy00eUZHVXM0N1R4VkU3MXlXdWhfWDR2d2E1am9WMmljSENXV0hTWk5hMzZobDVDbTU2SDdFQjVUN09JWE5UTjNQeVdXNHJUSlpJWUNJRGNUNHZjdEhGaEpBOEtWaDA1UFg5LXFweWdUMk1YN1ZhcmZyM3RvbG42SHFQVmxKM2ZwcnAyTWluRjNXUUNleXfSAYcCQVVfeXFMT0ZybVZlQkwzdlRPTVhNS2F1OGZiRDlkWHN6TFc4NGhaOHhoTGhuWVgxQTc4S296ZGtkOVliVHRYdk9yd0d3dG1Yb1lQcFNUWWtMRUpwc1JLWXlxVjlIWlNMOWlRRl8zX1VvU016QkRMMi1rNjJIcnFObE9BNExEeHdfVnBzTG1xQXpsUlJwalJzUTFNU3NqYUJLMjdwc3RwS1VRcHZOZXNpcEhCWVZPTEZSMnVSbXBJQUpRbXF4cVd0bjFkRm5WVkpYUDJSU3BTNjZXNDBIalI0NWV6cU5LdHg4MGxUUXdqTEJIeGJSMUxYSTJVNGpQX0J2b2QxNkNPeEE1WnVyZlE?oc=5,False,di_luar_topik,0,0,E0_sebelum_pp
"Mangrove dan Lamun, Ekosistem Penting di Wilayah Pesisir Laut",Mongabay.co.id,2022-12-16 08:00:00,https://news.google.com/rss/articles/CBMimwFBVV95cUxPc2xVcGgxRTVVZGg4c0ZQdGFmbUNsQ0h6TDJBRElmQTROdG1sb2pLZ2ZiVkRCU2JPX2d6RTUwRS1zZ3VoQlFyX3gzZGJza1lzNklRRFF1SlVuLXVSRms0VEZMOWpGX0c5d2MxLVR3aW81UV9POXY3SnNOZFNpa0hESW1vSGtsaGlhT0NVc0VvVG9Lb0ZCZGhMTFFNUQ?oc=5,False,di_luar_topik,0,0,E0_sebelum_pp
Menteri Pertambangan dan Energi Era Soeharto Wafat di Usia 99 Tahun,VOI.ID,2022-12-20 08:00:00,https://news.google.com/rss/articles/CBMingFBVV95cUxNYTF0bWdwYnJhLXh0S2dnS3NyYXRjajBfYnpuQmkxb0lHMDFFV2Jra1NQSGlmdW9zTlNJUm00RTRZOGp1WnRkaUZ1clVhMEZBWnlaY05JVE9mdGRDZ3Z6SUhEbXBTYUZOMW1zcXllZG5xMFZsY3BhMzRidmstVmpJVHNjekNLU2hwZDRtdnFxVVd1ZkE1VEI1YWFnX3JlZ9IBmAFBVV95cUxPbjkyTUVHaU1XUFhkVE5kZE5rSmpTbF9sSGQyY3liZGZXZVlkN2oxWm1yLTFWcjFSY3NGajUtcmMyM2w0dnFwU0Q1U2I1QUp5NGVuZ3hBX05qYk9aY0xBLWFLYnpYRUtGcmJaNzJpNDV5SWRuSDFKVFF6Z3NHX1BvVG4zYWxRWFlfRmE5ZFFnRy02WVdRVG16cg?oc=5,False,di_luar_topik,0,0,E0_sebelum_pp
Diduga Bangunan Sekolah Lokal Jauh Desa Pangkalan Nyirih Asal Jadi,RiauKarya.com,2022-12-23 08:00:00,https://news.google.com/rss/articles/CBMiqgFBVV95cUxNVHpPemxKSzk3LVg3YXI5VkxaczBiN3hDWlNELV9CYy1abEF5N01QbEtSbWR1Y09WYnljU2VwODdyY0NCMXBCZnE4NXlkcnRsWHI5MzVzdFNSS19PNi0zU19oVXdrOVhIZ2otZlowRHFwR1hwbTloTi1RZmZyWE1jUlVaZHh5UzJZaTJaRGR2U3VUNDcwV3dRaFlLcXc3WEFXNXNoNHJPX3FpZ9IBnwFBVV95cUxQcWZYVzlEbXdMTmpjUmFOcGJjWm90VG1ja1l3S2JzQmJrV0xMbG4zeTdaWjZuZU5nYlVjN0JwSlZ4N0NkalNfMTByb0NPY3FnbEFxeVNoRHJ4MWNHNHJFZnlDamwtQzFQdkY3QWtCcjBYNGFNbnN1Zi01ekRhOVB0dTJ3NXBvaExxekl2c2xrM08xWU9UTGN6VWM1MzlDcTg?oc=5,False,di_luar_topik,0,0,E0_sebelum_pp
WASPADA OMBAK BESAR DI LAUT JAWA,ANTARA Foto,2022-12-27 08:00:00,https://news.google.com/rss/articles/CBMigAFBVV95cUxPcEtzdUtWaFMyVVdvUVlxc191bHJ2S24wVDI1b3RMcVk2YVFIVVBueDM5NUZTVTRlMzZqbG9jVm92SzhQbUpUUV9PcHp0Tkc0SFAtMjJHdU9RdjgzNld4d2MxTGZzdGtKcXpPc1FlcHFxeDN5RlkydHpxbkozTHRDNdIBhgFBVV95cUxOX2xpeUY2QlpnYlRTaDRkLUVPRkdaTXo1THpHNzItMTEydVRFeF9LUkNtNzI0TGQ4RXZELWxHVDZkbDFCTHFLUnhVa1ZWN1lhamdKSC1MZmdwSVYtcGVmdl83MnhBelhXdWphYnIxVVI3NS1TOHhrS3pBUHJVT05NOVFMOXVQUQ?oc=5,False,di_luar_topik,0,0,E0_sebelum_pp
"Abrasi dan Banjir Rob Ancam Pemukiman Warga 2 RT di Desa Wairbleler, Sikka - kumparan.com",Kumparan.com,2022-12-29 08:00:00,https://news.google.com/rss/articles/CBMiugFBVV95cUxQX0ktZzI5NUpTM2VQS3RKUDVlNkk3c01MM25SVjd1UmU5T2xmaHl4TG1Iclp3R3I5ZmJoX1dmTFg3M19ITURNQzcwNkZ6cDBIS2RhM2pZcFZlZ3BLdk03NmVYWExMNjVObHY5YjdmejZGRThpZlV6ZUgzWVEzWEJVcTUzN2Jicy1XMVpocVZwZHUyQ0ppUE5zQktxQXBvMlFTRVl0S0RQTFMzN3V3dE9fNXlLY2J3V0pvaVHSAcIBQVVfeXFMUEJUOTlRRWw4cFhLeEw1OVpHSTBzT3REYmdkNVVXbXl1MmJsN0YtVHMzWE9CVkNHanZjVmU3eVRTWUpkNzNLR3JNTEt0alNkSzJ5MFhsbW5yMnJjdE5Jbm1sSEpFZzVUemJVX2lzOHdpQmNZM0xYUzBzZHc0VUhISGtGMmgzdmlObzh4WXlSRU5Cb0tzLTVvblQyZml6NUlxVXNPWXFhSDJ0WklmZldoX3hfc0ZxS1d0anhPQzJBVkJ2Y3c?oc=5,False,di_luar_topik,2,0,E0_sebelum_pp
"Pagawai Desa Pageralam, Habiskan Uang BLT Rakyat Miskin Bermain Judi Slot - Ayo Tasik",Ayo Tasik,2022-12-29 08:00:00,https://news.google.com/rss/articles/CBMiwAFBVV95cUxPQjNlZE45LXhYYmhLSGM2Q0prS21Tb2ZHblpXTS0xUEgyREhiTVpMYzZuQzh5ZXpGaUR2UF92MENvVE5PNlhPLXJJSTczY292WEtrMXFwamV4NlBGZWlWT3NWRXlzMUt4UmkyMXVTZkJLSktjUVV1R0dnb0QwTXBMWVBUXy00Nzh6Z3FfcWdid0JnUnlqSnkzQnhTWE80MkFwdklSa3hQeHN2dXBkY1BSc1Jwd0VXVUMtYUpld09YSl_SAcYBQVVfeXFMT25Pdm9MN3B3S052QkxtbVh2elpraDNWcEdtMzJwWTZ3dkZkaGhyMGxuUGZCNFk4ZE9MZUMtdkxVMUZvVDJqT1gzdjFFRzFJaDdXOXU4cExxdU1UYjM5RlBOR1k3eU9mbEFsS0I1dm5iVkxCdWJ2TldnZ0tkcWFJclVZZTJlQjRQaGFqd3NLcDI3TTJ2NHJjeVc3a3RrY0dIX0wtTl9Gc0ZXRlozQzBHVktnMVh3VEJvdjZSMktNQmlxN0E3bVR3?oc=5,False,di_luar_topik,0,0,E0_sebelum_pp
"Ekspor Ikan di Tahun 2022 Belum Mencapai Target, Foto 4 #1952629",Tribunnews.com,2022-12-30 08:00:00,https://news.google.com/rss/articles/CBMipwFBVV95cUxONmZoTjJDQlZJSzRfR3h4X3hKaWpUU2dpdFh1Q0RoWFIxbWwtUE9SS0ljd2hEbS1kZWFpSE5JOVV5X09GWWR3YkJtZXRkOHhkWkdxdC1JMFBmeGl2NVZENk5YSjNUWWVhRE8wdjNYQTF6ZGVZY2U4RzNEVmFQeXhIMzZqRWFFQVRwNTQ2TkVhNUJBaUEtQWZrSFRwZlkwdDdHeG96TW02NA?oc=5,False,di_luar_topik,0,0,E0_sebelum_pp
"Kebumen Beach Half Marathon, Pelari Asal Kenya Tercepat di Kategori 21K - Krjogja",Kr Jogja,2022-12-31 08:00:00,https://news.google.com/rss/articles/CBMitAFBVV95cUxPTE43NmhUT0hNZkNSRVRNdkJab0hWYU5zM1dfWEtKNHVOUkFpWVljbTVLU21PMDRjNFVmQld1YWpXcVdmTGtoU20zbnlTcjk5M2F3VGpFYUI5LWlTTWVGdGRnb1g1YWVwT2I0cFI2aURvU3V4WjliV00zQWRNY1pBbHFqemJSTjJxSzUyMlZXYVpTRXpDYlBncVozMUtBYWltamd6MHotQVFZclB5TlJCamRaMlPSAboBQVVfeXFMTUhkVDVFUVU1S1pPWldzd2FNS1hjY0NMblh0Wnc2ZGpRaFFyLVBlQUhnV1hHSThlUWVuRXhEd2Mzakg1ekhOMUNuSjVFMnFXSlJwOHcxM3hWQktDY2FyU2lHenpfQmd2cDJST1Awbm9MVmRyNlZXcXRJOE1fMFBJNkxpWl9ick5nczFFSFVmU3lsTnZzZ1EtSk5QRk9Xb00zdGU4NDJ6S0dZdl9MYm1FaEpYZVN3S1doQ1V3?oc=5,False,di_luar_topik,0,0,E0_sebelum_pp
"Deretan Ikan Terbesar di Dunia, Nomor 1 Mampu Hidup Lebih dari 70 Tahun",iNews.ID,2022-12-31 08:00:00,https://news.google.com/rss/articles/CBMiqgFBVV95cUxNMHl3NWZxYlp6V3dDMjZRWVRJRGRSUGJNb1VmSWd5RXdZZVBuYW5UOGpyOHN4RkVQbmhaYXFIZF9hWVNxRk1HWXZQRkRwVDFUcG9uYUktUXpXNjFNVlhDdDcyR2tJaGpPMnY3ZHctOGtEX3hJM1FXd0djeHpHMXl0T0pvd01QMHdibDRBYXNHUUM3dmt3SnRCeHNISUFGODNEN2V3a01hSUlGQdIBqAFBVV95cUxQZHhYemhvREYyWTcyUUQxM1JCTlpGbTVNYkVId0Z0TEFPX0dDY3U5d2J2QXZoMXF2UGtnbS1xSTFqZFdJRHdlQTdfcmNjM2hGeVVDYmJXZjdLdTVMa0Qta05VSkRRY1FDX0xWY3NnOUptamZZTi1FTElRNmd1d0c2OVVaUUY1cDhlV3dlckM5LTdfbXVZMkI4aG9MZFFfaWo0eXpMay1xaTU?oc=5,False,di_luar_topik,0,0,E0_sebelum_pp
Mencari Kerang di Pesisir Jakarta,Kompas.id,2023-01-04 08:00:00,https://news.google.com/rss/articles/CBMicEFVX3lxTE9BOTF6NlpSQnVwdVdhZlhVWWhiZVBNcnVxWmxtVVE3RUdTMU9NbTlnQmg3YWw2bzhFM0pmb2dXYWhCNmNWMzFKaGs4NzdpUlJyZnJ3cXVxWkc5Z1VlcGNfMDdmR3NrTjNYQW0yb0lWQWg?oc=5,False,di_luar_topik,0,0,E0_sebelum_pp
"Menikmati Suasana Pagi di Selat Lembeh, Surga Tersembunyi di Sulawesi Utara",liputan6.com,2023-01-05 08:00:00,https://news.google.com/rss/articles/CBMivgFBVV95cUxQRVNfbVBxVlhzS1lvZG1UMk5GMnhSOEJfenhVMmhwWXc2YkRmSHprZGEwdW5WdlEyVnNPbllaLWJjbmtCcERPRUdfc2F1UnVQME9YaWkzbTlEcUcxZ0cxc2JSVHMtQ1NFdHVIcXBkSTZJZTB1NlBZcGpWT3B5Slp3Ykhremc5bVpWWVRkR2F6eDRoQ0Rmd2h3S3BkM0FySmhZQm5zWUk2VGRVNDU5TElDNGozbmtGLTZnZHZPaXB30gGwAUFVX3lxTE92Z3hpTXJVcVVXRUluYW1OZlNyTUFOVHQ3MkhnNi1zc2RaNURuVEwwMU5QcWJENHhYdzdZcXZJN05DakJKRUc3OGQzSE4xb19GLUVmMjZJTGJCM2JuNS1ORmh3enE0djNxY3VfYTlWUlV1ek1NWXdtU2daQnRhb0VNRGdrbHdDUnZVWXhsejVkdUVDLU1RWlRKaVZRbGV4b3dMeUo5amZJY01YX1lMTms4?oc=5,False,di_luar_topik,0,0,E0_sebelum_pp
Penambahan lahan reklamasi di Makassar,makassar.antaranews.com,2023-01-15 08:00:00,https://news.google.com/rss/articles/CBMijAFBVV95cUxQWVNpeHloYnpjTUhQZmN0OXJtQ2xGNm9YdHRLNjVDLU1NUVh4T1QtZllkQ0VCbnlaVHVPWjBobUhoSURMeDhqVDE3dzlqNE9FbEtVODI5QXhLbmhkalAwdEVqX3BJZm1seWpBV0p3NHlZOTB6aFE2VTVjTFpGWVl6V1RUem9PaUlXaFN3Yw?oc=5,False,di_luar_topik,0,0,E0_sebelum_pp
8 Tempat Wisata di Kota Sorong yang Paling Hits,Sorong News,2023-01-15 08:00:00,https://news.google.com/rss/articles/CBMie0FVX3lxTE93ZFZDaXhUUFhicjNoOFVOc0I4TXExclhuZ1NpMmRESXd6cE81UTMycUdvZm1CcFBpajI2UjRNZl9EcTd6VFRiclZFZ08tT3RnOFhmbUxMN0hVT0dJYklRejRtM3BrOElIcVNXMy1VZzlLYnh6M3FLM2Vyaw?oc=5,False,di_luar_topik,0,0,E0_sebelum_pp
Mengenang Tragedi 26 Atlet Karate Banyuwangi Tewas Ditelan Ombak,IDN Times Jatim,2023-01-20 08:00:00,https://news.google.com/rss/articles/CBMixwFBVV95cUxNSkFXYmdyUENwYW9LU3RyNVdMWEFnQ3hoZU5aS1l2Y0lZYzhnZjNZMlp3UWl0Vks3a09IeFUtQlpCM01tYWRVNTZWNmZicWhsTDVjT3Vkc2twcUM4TWd6TUVpdGdxQXd5Q0dTdjRKVFhYTE5HS2huUkxRcGg0aHNRZEdacFpkQ29NOTRTeTdFYzcwb05ybkstTXBKZWlDOHVUcWNBYnFPN29keHJDRXJUajRWZmx0ZzA4X2ZOOXNyUUdTZVVpbm1r0gHMAUFVX3lxTE5VN3BqYUszc1d3RV9EZlJLVXRBTXF6Z3lLd2JRNlVVcXF5cDNXVGVGajI3VkJnOHJFTWZERWVja3g3Vm0wY3k4QnJ2N3lLMXkybFRydlQydHNCd0lBdjVmUFZMMnNYM2JmV0VLVnYtd2ZOaWNtb2c3bWVaT2VTaldrbEt3ZGdQY1hhSDcyOU9IZkxiOGtFWkVRYmVvNUN2MGZNU2Q4M0VWcjFXQ3lDUEZ4TGdQWHlPa0ZldWxBU1VNYi1rc0NyOUdGc1kxdw?oc=5,False,di_luar_topik,0,0,E0_sebelum_pp
"Tak Lama Lagi, Kebun Jagung TNI Panen - radarkaur.disway.id",Disway,2023-01-21 08:00:00,https://news.google.com/rss/articles/CBMikwFBVV95cUxPZ0tTNE1ZeE9RRHJHU2U5T2VsTFQzUDNNN3R3aTdsUnRXVTY5bFBmZVRHc1lQS1FMX25rZUxtMFdWMjVCakRuMkl3NU55dWpIQ3QtTU9FbGlDckRtVXVLQ3BfbG5NNGhGb2VBOXk5X0oxR09rZ1Ita3h1d1FMZWpyb1VkcE5jWHZFdkFicGZIYWtSNHPSAYABQVVfeXFMTXh5SlNzSWVhdTdCNjJ4cnBhajVXQmwzVXhua2JZQ0VEYndhX05RZmFraGlXRlB4TE12dEJUVWdwWTdEVFBfNV91QmxyMXhQcWRhbTBIMTV6bC12N0FwRUNfMm5CQWE5Z3lVMEhhZEZVUHEzbnFYYlJHOWpyMVg2VkU?oc=5,False,di_luar_topik,0,0,E0_sebelum_pp
"Panja Bauksit DPR-RI Sebut, PT.BAI Terkendala Produksi Akibat Bahan Baku Bauksit Minim",Presmedia,2023-01-23 08:00:00,https://news.google.com/rss/articles/CBMiqgFBVV95cUxOUXJMZlp3NXBDSHliQ055aTdibFE4QTBFTWNmWThJNDNwcVhiZUExNDdJdzd5X08zQ2ZPY2V4WG9WLWdrc0NnSXM1NzRLMGFfeDFCcjNCX0RsaXdCMEpsVE5jd1lYek8wc0ljTkNiT1RPRXc4RERfblBvcHdwZU52MU1vaDJpbW9yNHhKNHFoZzkyMUppS01zZFVHb1U4VE90bDBmTUc1RFJyZw?oc=5,False,di_luar_topik,0,0,E0_sebelum_pp
Nelayan Lorok Tewas Tenggelam di Pantai Segara Anakan,Radar Madiun,2023-01-24 08:00:00,https://news.google.com/rss/articles/CBMipwFBVV95cUxNYS1BRjhpekZUSThuVlFOeUwybXVnc09iVV9xY3RYU2JPNmlRUy1DTm8yOVNpa19qYnZqY1dnUTJPdUctS1Z0QlpfNVdlanV4b2VEUTZBeEd5LXF0VFkwTVVpZG4wZUV3ME5uS2JXWTR4TjRfSVV3V1M2RWo4cGhhM0dvWng1V3RONDRHWGxZV3l3UFQ4RWE2bzRkTWg2VTFvNzBKUjUta9IBrAFBVV95cUxPODQxYS1KTENOTXdodzlncGlJdlVDUjFkUEF3aGttbXVGV0Y4c3lwZ1B5b3lPd0ctbVN2QjIwRVgybnVwbGtLYzB5X1hRNUlDeklsSzdMWnNyZVdDTVVudXU1MDIyVmRvcmZMcTUyUVV5YmdqNXdPUkc1TGo4UTdRN2ltWU5xY1JKcnhRMTVzOThod05QdElYWGxMLXBMeW00SGxsRjBLNlA2cDdE?oc=5,False,di_luar_topik,1,0,E0_sebelum_pp
"Bangunan Sekolah Ratusan Juta Rupiah, Diduga di Kerjakan Dengan Pengunaan Pasir Pantai",Harian Daerah,2023-01-27 08:00:00,https://news.google.com/rss/articles/CBMisAFBVV95cUxQNTZKTzMyYVBUNTVDWGZVSDdkazY5Tl9DZGR6RERWZHhKMTVrWEYtQjZ5eGl0cEEtdzBaNl8wc0ZQa3M4TldtMV9GM2dsNnlTZWlsbWJBemZkMnVid19pSzZFd0RramplcnFzTW9jWXA0T1lrSlFNVEtaNHVmMmZoOEU4aVlSNHNGemt4clgyZmFXbWp4M1ZZemc4ZC1Yb2VfM25DMkg1dGtJV2QyV0RTTw?oc=5,False,di_luar_topik,0,0,E0_sebelum_pp
"Pantai di Jepara Dipenuhi Sampah, Okupansi Hotel Menurun",Medcom.id,2023-01-30 08:00:00,https://news.google.com/rss/articles/CBMipAFBVV95cUxNdHhDS29MSlJsMDhGTmllbG5NREpoejJQX0lyMTEzNFdCWktpVzUtdEtheE9pQTVFYmdkVU55NDd1QTBlRWFLbVFjSHBBQjI2US1uZmV2OUZKOVFCaC1oRVoxTFdNd05SVlI4T0FBellEVWJhWFlraVRJZDJReHdpX1pzdXh2ZnBtLS1KVjAzdzduVUJJSjdjTm1JVnZfUTdyVm1keA?oc=5,False,di_luar_topik,0,0,E0_sebelum_pp
"Megawati Soekarnoputri Dipanggil Presiden Soeharto karena Mengkritik Orba dalam Sejarah Hari Ini, 5 Februari 1994",VOI.ID,2023-02-05 08:00:00,https://news.google.com/rss/articles/CBMi2AFBVV95cUxORVQwZ1ktdURNUlZUTUwyYmdiZDNiY216SEg5N2hXMkVKSGtVS1JTclFTQ0FFc2tQWFJzYzZzeUpHRDdCd2V6ZTc3bWRtODJsVmpCdWhKTUJaaTZCTEE4akhuQ3paTGowaTZIYzJMcS1lbmUwYi1ycEpyOEhUcE1ZeWVWelRjaldjcHMzR2x3cDRsVkV2TjJ3VWVaWkhpcFI1X2xUMlNsNUQ1VFRyTlNtTXB2WElZX3FEd2lmaUJxcTRWNnp0blBhTFhxVmpPOWk1ZVRlcTlYZ2HSAdQBQVVfeXFMT0RDMnlLSUxSel9xTVMwS0c1ZEFVc2VSY2ZPeUNYVVFadUpsMjdjM0F6dzA2OXp4MmphVzU5Zm0yc0JsdXFrNDhHNlFGcUR0TGctX0xDV2xQcUpnNTdZSXVxb0laRUFsTFVyM2d5aFZRWC1hTDFlQ1o3aFVMYklnMGtyVGl3SEw2QnphTzJTbHAtRGR3aC1NWlgxUmtfZmVUZ0NDajVYZ0R2ZE5YMWttOTRtai11UEpPUEpqaHFOSi0yeHRLZlNlNDBFeWVGbXUxZ0U5aUM?oc=5,False,di_luar_topik,1,0,E0_sebelum_pp
"Minyakita Langka, Disperindag Natuna Minta Bantuan Bulog Ranai",SINDOnews Daerah,2023-02-06 08:00:00,https://news.google.com/rss/articles/CBMiugFBVV95cUxNZVBSMHRUeXRiNjE5cTdWeTUxQWd2ZC0wM0M1LXNEaFA4NlZXNVJ5YlRlUFV5LU5scE1zMXlKQTlFUTMxSENUUEcwZDJKWERKelU1VlBHMzl2SGlkZHFiYkplUXNEQjBNRTY3UzV0UG5VZ2NLS1JBa0pBbXR3M2t3eUhHc1RLaF9Rb2VxQV9iRHBkbm5POXVTTnh3RUJtVHJZQUJIR3otNF9mam80eGlLQ2J6UkE5azdKX0HSAb8BQVVfeXFMT05idEZqZUNid21DaDQweW9ZWmQzcElkRkFhSDMwN1Y5MTVuU2g4SjNtbm1uRWZrbFMzcTFxZ3JuM2hiUmpGaTFkM2lfd2stWWwxVFpTT3lPcDlpTk1CSGZiT3RHVFlFcURKWVd0VVh1Vm1PV3lPZjhBSzFQVGxNTUtGN0tLaF9YNC00OUkwSGJlZDh3OVdPSGE3VEFsNlVPWmhXbFhzX09kZk1PcUF4X3hGQTdRb2tmaWp0NWVIdXM?oc=5,False,di_luar_topik,0,0,E0_sebelum_pp
Tambang batu bara ilegal 'kembali beroperasi' di tengah pernyataan Jokowi bahwa ‘penerimaan negara menjadi sangat berkurang’,BBC,2023-02-10 08:00:00,https://news.google.com/rss/articles/CBMiXEFVX3lxTE9DNlNfUFREZm5qRllaak1QY3h1V19IT2NXaDlJZHdJYTJSOUFiazY3ZG5lS3d2d0tmZTd2N3NiUFNWNnBDNDIwbnkxMnNlQUE2OXBsZmNGWVNTNy0x0gFiQVVfeXFMTVZzS25GZTFmTjJtSFdMbC1IUDQ0TFVoV2o0WFhPcDhNbzdyOXlGT2Y5aTg5N2V5N09kZVNERFVmSm0yYVZmRlNTOGh0czgzWTZxc256Qkg1d1E5ZzRybkZGUmc?oc=5,False,di_luar_topik,0,1,E0_sebelum_pp
Pantai Ujung Kareung Sabang Miliki Keunikan Tersendiri,ACEH BISNIS,2023-02-15 08:00:00,https://news.google.com/rss/articles/CBMingFBVV95cUxNRDB0X051QXBiY1hBSHQxRWVwSG03bXZSYkxMNUlvZ3VMMHJLQUNzajNoa1lEaXJnVnR2d3MxdDJhb2t5Wmh2czlxUlQ2aXhYWXh4UVJiVXY5bzVJcmVocDJ3NlFKWmtCb1lwa0tpZ2laMW5iUnpocExvVFhhYkhRR2IwckNaM1RtYW1IWENEYjhUZXFXdm5xWEt3WnJhZw?oc=5,False,di_luar_topik,0,0,E0_sebelum_pp
"Penurunan Populasi dan Ancaman Kelangkaan, KKP Tetapkan Status Perlindungan Penuh untuk Hiu Berjalan",VOI.ID,2023-02-23 08:00:00,https://news.google.com/rss/articles/CBMixwFBVV95cUxPM05WQTFqUnFNeFhFZFZKV3pYbVAwTGpSWmRsVG9VRzFwUWtTMzZsVzhYdFpIOTNEcnpPWU5QTEdQeWNCYzhSdVNURU9RcjVfWWowWHhmb1JrZnNwdjVzVnRReVU4blBIYWwzdHRSeThnNXBGTUo2NFNGMjNucmYzS2dZZnNkRV8xTHkyV05vdEVFOG1vUlg4THJ1Qlc3XzBIU21iVDZ4QlJJWktUNjhPWTE4a05xQVhIT2I0MTdUOFBZbllvQ2k40gHDAUFVX3lxTE9Gb1RKQ3pmRGZTTElvVjEtbjBTUzJRenUyN21XUlo2Rk9uRzBSSlR2SDJJeHRqNzJyM0Y5cHkwUWlxTkFwdklOSGdRQ2lPZzZLTmVNMzRISTJDWW0wODlKSVlyYzVudnJNSFZkZ1BlRnFzOVM2eHU2eGYtaDFhV1Bod25hbjkwV1BBd05zZjVWbjZ1c05jODFVTi03X19HekVwSGluRUg5eUM2alVZak1ieElKb2FTS0hyWEhNbmlkX19CZw?oc=5,False,di_luar_topik,1,0,E0_sebelum_pp
Eksperimen Kami: Mengunjungi 4 Pantai di Makassar dengan Jalan Kaki,CXO Media,2023-02-27 08:00:00,https://news.google.com/rss/articles/CBMivAFBVV95cUxOQk9ZQkdxczR5aFNsMFdoYWVEd3RwYmRFcFlFRXBGUU9CeTVQbDVJYmpvSUJZQzVWTlRMOUxXbWRJN3VESGhLYXA2WmNmUHdROWxBZm1pWmhTM3Naam1hQmhqakpEVHItcFV5MGpHRFRkQjVXaG5yNzJWR2gwbEtKM0swNUd4dWFlN0puNm9YaElzdVdQWTdtNWlhOGI5VENNWnZZbzR4U2ZuWkRkam5yT2NtM3VuUWVQNlRucA?oc=5,False,di_luar_topik,0,0,E0_sebelum_pp
"Sidang Lanjutan Dugaan Suap BPK, Saksi Sebut Terdakwa Wahid Ikhsan Sering Temukan Kerugian Besar",makassar.terkini.id,2023-03-02 08:00:00,https://news.google.com/rss/articles/CBMiwgFBVV95cUxNRjQ3WndqLUM1bW44Yjg3a1RqYUZMcEVjSDhyUzEydTREQV9fdzRncGVhaHBLV0FVdFhOdXcwTUJoRG5KM25HUWdfNF9jcGZtOU4yd196a3hjbjdrWkFJN210TE9EbVRlTzFpUUVMTHFwUlRPZlY2eko3QlFnTVBrLXV4T0lPSHBrOTdlenBnRTRFMXItYVBWNWVNU3dnSzF3TXN4YVotRGdoUENNeUtlUEFVY3ZPV1Y3QVU1aGQ0cFZsdw?oc=5,False,di_luar_topik,0,0,E0_sebelum_pp
Faizal Assegaf Tegas: KPU Wajib Loloskan Partai Prima!,Warta Ekonomi,2023-03-09 08:00:00,https://news.google.com/rss/articles/CBMilAFBVV95cUxPaGFpRzRBeTFCSnpFdmJkekFrWmE3RDYxQkNoOUVHZnRoOHR0cVBCNDRXV3QtUXRveTVRZlpPc3EwS3dFREVWd09LZ0psY0tzTW1sVzFCUERCS3g2S2g5SzQzcGt3djR0VUI3X19GQlJvZ1ViWVlyT21CN3RzcTdLeVpiWFFDMEZnZGxrcTdZa0FfdGoz0gGaAUFVX3lxTE9qNmFGMmFjLUthcFlZbm9vSEZmdGJDZmM0dmw4dU4xeHNCQkRSWHUxaGwzbnN4MTJRa0tRSXpLSUFSa2Y3ZUVSbWdVWXJSV2hydWxqNHAwaHY1Z29OeURwRldGSTdkN2hXTmpucndEUG5ya1J6NUFxVUJacDdUdm9RcGtLbFdqQlFUMlpNQVEzNTR2d1VyQXNIZnc?oc=5,False,di_luar_topik,0,0,E0_sebelum_pp
Kejati soal Calon Tersangka Dugaan Korupsi Tambang Pasir: Lebih dari Satu,detikcom,2023-03-10 08:00:00,https://news.google.com/rss/articles/CBMitgFBVV95cUxQQ3RNajBGLVFGUVRqNVdEQVJzMjQ4RVc4bDRxUWJzb2steEdqMEZDd1VPVXVRSi1fZG1zM1JyVWxGby12SXR5cks2eklTZ2dsZFZidEtiRnJvczk1UllXbkRMTEJMcm4yYzZYS1NhMDdValZMQzVobnJRbDFwd2JUdVpwNkE4cXQ4b29WQV8tQTJERlp2OVZKaXQyTE4yT2o2YWlBVFFoREhfX1dWUjFXdmNHeHljZ9IBuwFBVV95cUxQWjBBTnE5QmtYdmRubS1zZl82ZVFoSzhPcm42WUtWUzZhWGd0TFZpZ0VEWVhCT1VnVG9RMG1saDdZYmNwa1JKUVBTTWtTdDBYQVY1aGN3R2pwbTdSZklaT3VVQUFOWUd2Nzl1Z21sckxrR05ub3pIMW5MUkZxOV9VSUZFbXVGOHV3MFVaQ3BPODNlZDV1ajdoYkdReERJWll5YXdpMFRjcGZweWxpaHpoQVJSaFhtUU52WXdn?oc=5,True,netral,0,0,E0_sebelum_pp
"PT CLM Dinilai Gagal Jaga Lingkungan, WALHI Sulsel: Setop Aktivitas Tambang",FAJAR,2023-03-14 07:00:00,https://news.google.com/rss/articles/CBMiqAFBVV95cUxQN1VmNEt0M3Bhb1p2QVF3a1pzRTM4X2U3c2R1aWhDVktvdkVoQnUyWUYxcFB4MkxReHZ3QnZta2dmZ3pXeDlVaHN5TFVNTXJJX083Vlhla2RMeDBzV1NnQl9SUnFaLXh0eXg3Tms1MVFEaXg4V0VyTUk3Nzl0eGVLN2M3YVFkbWdaVEFFVm9fOXNwUkc4U2IzVVRFRTZKUVZUUThRaWNfX1g?oc=5,False,di_luar_topik,0,0,E0_sebelum_pp
PT AMG Hanya Beri CSR Tambang Pasir Rp 410 Juta ke Desa Pohgading,detikcom,2023-03-16 07:00:00,https://news.google.com/rss/articles/CBMirAFBVV95cUxNMGVTVDVCMDhWVndSU3JxTWNudGpvaE01cFpDTTMyYXg3RDBVUjhVUFlVSTh1T0dUSlJBeC03aENWajhnMWNRQS0wMEdBU2FnVnhwTjNOdXY0dUlnNnBONWJMc29IeEtKNWVzRzAzUFYzNFdFQkZEazhqTHlCM2Z4RjJOWVNSeFFwS3NyS0xGQ3NHZWMxSHNfWE1wZDJoQTBhVnJqZV9kRWg2Qjhk0gGyAUFVX3lxTE1lNWVWY1dJOUV2X3l6RHNQdk5GajQyRTVrRXE0NjlRTnpLbXJGMHhWczR2aGI1djh5TmRTLVFiamVOLWVya0VFYzl3aUZaZF9VT3JNejJ5bk1aMVJ4UVdkNkpGRl9mdmtwZzZ5U0ZKSVk5eWNFbUNkbnR2TWtkQUZZcG54RmhsZHBZVUFtc0VqeGtFcVZ5NVRUN2Y5VndBRHZzTXBKWlgydFkxV3BTcXI0Rmc?oc=5,True,netral,0,0,E0_sebelum_pp
"Cegah Penambangan Pasir Laut, Polsek Cukuh Balak Lakukan Ini - radarlampung.disway.id",Radar Lampung,2023-03-16 07:00:00,https://news.google.com/rss/articles/CBMisgFBVV95cUxOV0oxWnQyN050ZzFORktlTW1sWHhLUkVQekFVbWJvaDJwTTZGb3FyVzJPakcwM1JjN3hFZUlQMTlsSUFzOFZiZEQ2ZjNGYVU0VXQ0dUFRRmE0djk3ODg0Qm56MWJtMThHNzR3RHRDWmVlYXRheU1RajV6a2hQY0xNWWlXclVlbGJrbzE5LTNHTlBQV2tuV2ZQYmY4OUtQYkF5d2U5TFFHUjZkQU1kX1h4SjJn0gGjAUFVX3lxTE9IaU9fWHA4YmMtME9CVEN1cHlOeWlHOXExbjlVLURHbnNnSTl2cy1vM3BPMEZMVUg3OE1Wc0JSUWhJbDg1eFVNQVE5cTBic0o3THhqZ1VxYlZsVGFqcWJKcW5NRzNnQkhFWEFxNEhrWlF1QWtWTUxDdTIxZjRRSnpUc1B6V2FSR2x2MXJlV3BWVkRWeWRMRndraGNTY1o0X1pIQ0U?oc=5,True,netral,0,0,E0_sebelum_pp
Kelindan Masalah Pengawasan di Wilayah Pengelolaan Perikanan,Mongabay.co.id,2023-03-16 07:00:00,https://news.google.com/rss/articles/CBMimwFBVV95cUxNT3dnRE9xZE1BdTJFQUJ2bVdCZWZyLVItTVM0YUxIUUh6VXU5QjhvVjJWWUJ6NGpmeGhwek5pQ1oxMFh5UVp4bWgxbmJrcEpQaFVQLXVKTld3OEhYeGVIRjFRS1FMeFdfZjliemZLS0pnNm9oaEdzZ2NOU3VEYk5vQ3A1UXhFdHkzeHJJUmMyX1o1ZzJIblBnWmFGMA?oc=5,False,di_luar_topik,0,0,E0_sebelum_pp
"Percepat Reklamasi Pulau di Laut China Selatan, China Bangun Kapal Pengeruk Pasir Super Besar",Jurnal Patroli News,2023-03-17 07:00:00,https://news.google.com/rss/articles/CBMi1gFBVV95cUxOUXVnU3doYjlRZGx4M3ZGS1BjRkozc3pSVXV4RUJob3FjQ3VyLUxWQ0owRDRFWnRPeURYQ3dzWGdPcHgtdEJpQjlmakJlN194M1BZSnJ5R28ybU9kU3lDeU8tSHpSS3NuRUV0V2lWMnFiYTlmczJfYXNCVzhfTFdMZFNUYnhFMDVIQVExZ2NybkROYTJua29pbUZaQkFETGU2NjRpR3pwdi04bmRwdE9remZZaXhrR1p2YUo3UmMxNDJ3OWd0MEtQLURfeUNJM3plUzIwV0JB?oc=5,False,di_luar_topik,0,0,E0_sebelum_pp
Bupati Sleman Nyatakan Tak Ada Tambang Pasir di Sungai Sekitar Merapi,kuasakata.com,2023-03-17 07:00:00,https://news.google.com/rss/articles/CBMirgFBVV95cUxPb2JoZlNJdkR0d091TXJ1M3JKcF9OSjlXR2VNMEkzQVJKS05tZXM0WTJ3OFVtT2c2M20xc1NPRmVTUlYtVUJUSlRZS2ZxQnRpbGpQZkZsMXFVZGtWaDgzaHpaOGpzVVhuYUpLMHV1N2pIeTFRZ2tzMEZPMWQxZE00ZndFY3dDal9DSjBwWUF1OTllM1ZlS0xQZFdJQ1NaNzhCM193QlN2OXowNTZYYWc?oc=5,True,netral,0,0,E0_sebelum_pp
Menteri Kelautan: Produksi tilapia digenjot untuk penuhi pasar dunia,ANTARA News Jateng,2023-03-19 07:00:00,https://news.google.com/rss/articles/CBMisAFBVV95cUxPcGZVVlJMb1FrcnJrdjVXYmlCYmdBcUwxQnY1V2IzRjF1NFIxNmM4S2hYaURNMFNmUXBQU28tWEdCRWVVMTZGOUViZkxTZlpOTnRyeE42dDZpd0lERHd3ci1vREZkWk1sLWlSVkRLR0UxLUYxakhqY3ZmejdSLXA5N01ncWtXXzhhSjJHZldnejNqT1VZa0pmV2hPcGM0aENVQjJWbk11S0NBRi1ncjEwbA?oc=5,False,di_luar_topik,0,0,E0_sebelum_pp
"Susi Pudjiastuti Kasih Jempol Bebasnya Robison Saul dari Pidana, Penolak Tambang Mas Sangihe",Tempo.co,2023-03-29 07:00:00,https://news.google.com/rss/articles/CBMiwwFBVV95cUxNQWl0NVJCSVJ2S1N4YkpGdGdxVUE5RV9aeFJIZDQ1SEpOWTZUS3VkYnFzSmpZUmhuOFFTUEVjaGJSd3RUTlZzY2k2ZkhsTGhwdXFSYTdtLUN6RFVYcF8tSlpaVDNjWExYaGM2SW5WT2cxQm4xUGh3akFxeEJDYkJPeUNieS0zbnpORGtzRzhJWHM4WnJMQ095cGh2UVhlcjNRQmNkTENseWx3bmRGZHFCTVJNVzlpYXVmZDBnaERlSEFFY2s?oc=5,False,di_luar_topik,1,0,E0_sebelum_pp
Daftar Perusahaan Tambang Terbesar di Indonesia,Gramedia,2023-03-29 07:00:00,https://news.google.com/rss/articles/CBMijgFBVV95cUxQSnF6NXVSM0Y5UFpTSHBDRzY3ZW10SnVhS0lWbGtnZmRNbl9WdVRXeGdKMG1CZFhUOVM1aUY1azhLM0VMUkhGMXItUlZhQkhkWnRoQVVRTld0aHh2elA0TTRQUEFsb1RUc1ZicTFJbDk5VHhZT2pkUGRiZko1LTh4R2RZa3JtYzZremVHNElB?oc=5,False,di_luar_topik,0,0,E0_sebelum_pp
"Langsung Ditahan, Eks Kepala BPKAD Takalar Jadi Tersangka Kasus Dugaan Korupsi Tambang Pasir Laut",rakyatsulsel.fajar.co.id,2023-03-30 07:00:00,https://news.google.com/rss/articles/CBMi2AFBVV95cUxQN1hhSF93MGE4Qm96NW1FdGc0ZlN5SDRGazI5NVVVWWg2VlJOOE9uaHBLSVE5aU9jWWFiUzh4d2ptalZWTXFSdFhhdVotd3N1WTk3WkpyR0FDTk52UHJ0aGNVMlJ5TTI5X2VCMHB3N21EVmotX0FKQjZZVnJEbV8yR3ozdE44ZmhKTTlhZXZZajg5MnlnVVRxdWd4MTNUUElBNDE2enJ0UW14enJ4ZUdRRXI2MzdNZUt6eHZtak1FeF9aMVRTYlpYWWcwYjVhYmN6aGNza210TnA?oc=5,True,netral,0,0,E0_sebelum_pp
BREAKING NEWS : Kejati Sulsel Tetapkan Tersangka Kasus Korupsi Tambang Pasir Laut Takalar,Topik Terkini,2023-03-30 07:00:00,https://news.google.com/rss/articles/CBMiwgFBVV95cUxPNnhlczV5MHdFTVAzT3JEbUhBdjR3V19rTGlrRFU1VzZhdW5lR3pxWEhockJ5S3RJUEhrVEZMcXEyeDlmVTBYYW45cGl1b3M5VmdUd2hPVjBuSXJpUFU3N3BsQWxiWW5YSDZXb25UYzBYZGFhdHIxdEY5RlhVLXd1djNic0IydnRtM1JBbmNQaEptU0hWNm9sUEVZLXRoeVZpYkRuemktRlJMQUZRb3k3RGl4QTdjVlc2X0toQ1hFVFNkUQ?oc=5,True,netral,0,0,E0_sebelum_pp
"Di Inhu, 24 Tahun Kebun Plasma PT Teso Indah Tak Kunjung Dikonversi",Kabar Riau,2023-04-01 07:00:00,https://news.google.com/rss/articles/CBMipwFBVV95cUxPU0RBcGhBYTVSd2NLTXFlS3dGT0ZYaXBOdUlxYWRlcE5wODRkSDNEeGlIMjJLNWlSTXE0UDJ3VERKVV9pYWtRWUZnQ2pyZnFsdlBwZTVnQUdleThQVHZHc1lvTGEtdVlsYkNSNWFZTUJjMnNOb2puV3JiZU1vTDd6bTFrMmlsc1Y0LXc2N3RTUnp6SXNDbmpRUS0yUzR2eUxkSjRBQmlySQ?oc=5,False,di_luar_topik,0,0,E0_sebelum_pp
Menjajal Undur-Undur Goreng di Pesisir Gunungkidul,Tirto.id,2023-04-04 07:00:00,https://news.google.com/rss/articles/CBMifEFVX3lxTE1mX2g5SU5IeDNNVWNwZVFHc21JTGF2NkZuM0lzTjIxdG40X0pOdjIwTDhNakVOZms0TGFiRmJyZUhHc2xwVmpPRzFWdjFwVFZiMnlvc3dQYXhwM0hhQUtucFFRazliQ2VWaEpjSzFjZHVyZzJacXNXbFdIbDg?oc=5,False,di_luar_topik,0,0,E0_sebelum_pp
Nelayan Tradisional di Tengah Eksploitasi Pesisir dan Pulau-pulau Kecil,Mongabay.co.id,2023-04-09 07:00:00,https://news.google.com/rss/articles/CBMiqgFBVV95cUxPdUMzaTJidVdJcndPb0UzYUFESmdVVEQyLXN2dGRuUEwzYXNXREtEZEdqbFZ6RnBsRk0wMmwxS0RrQkRRc2hpeG4zZkFrYUUzTEoxdC1pelpSc3NVUjlSMzlfeDFOZFZ2VkNjWnFYaHVqOHVkOEp4NTRSWVBkUEFqU05LQ3BjVXYyVGpKTV8xcEdLVVdhVEh6cUVycTQtUFFMb2hESzZJSTEyQQ?oc=5,False,di_luar_topik,0,0,E0_sebelum_pp
"Mahasiswa STMIK Tasikmalaya Kembali Berunjuk Rasa, Desak Janji Pihak Kampus - Ayo Tasik",Ayo Tasik,2023-04-10 07:00:00,https://news.google.com/rss/articles/CBMivwFBVV95cUxOZ1pUY0U2MEU2TnJxalFuOWllT1FIbXNGMTU5bU5PRjN6N3Y0cldVN0dwOWl0NEY5c1RSS3ozNXhrZV9DenhpekFwTlRielE2UjBNVFh4NHAxbGhwTEh2V25oaldGUkE3NW9TWTBRMWVmMXM4aHhPdzRxcTI4eTJBVkNMQU5RZDlza3BkenJsSkt1d3VNbXRqN1FNa1J3RUxOalh0T0x3Nm5SekIxV3ZBUFFucGVPMFc4OGhtazU3MNIBxAFBVV95cUxNWllHNzBFdHRjeS0xeEI3R1o5NUZ6VDZ5NFlMLWhFTnJFVVNxMjVnYXJzLVJUbFY0X19aM2Nvd0QyMXFsQVhxWHliXzRJdTB5REd6SDJmankxMmNhMnUtLVRSUE5NQl9vNGptV0xWaGsxZGR3ZHphUXY2T2pLYU9ONExEc2VyM243Q0ZLbjhBVEFoUlkyWnJWY0dhaVFNUE9HNnVPazJpZ185T2hxSDZwTGxQU2toeGJkRHZoRkUwUTBMOTR6?oc=5,False,di_luar_topik,1,0,E0_sebelum_pp
"Ditetapkan Tersangka, Eks Mantan Dirut PDAM Makassar Ditahan",Mitra Sulawesi,2023-04-11 07:00:00,https://news.google.com/rss/articles/CBMinAFBVV95cUxPRTJZN0JvaFh5ZTBuYXhFQ3ZQSG1OYnQ1Z3VzN1VzU3hfZk95c1BaWFRSVjhhT2VpX3VqTjBKM3ZHLWhVRGRuWWRyS3RpRmxCSmdjTHhHM3otVGlWRi1RNF94enFOM05zaGRETW9mcTNDYUVQS0F4N1NtVGhtakwzYnVzSzZWWmstM0pxUm9jbHM0dE9zNlpkTjRaeXg?oc=5,False,di_luar_topik,0,0,E0_sebelum_pp
"Berburu PAD Melalui Pertambangan Pasir Kuarsa di Laut Kepri, 'yang Lebih Dinilai Realistis'",RiauPagi.com,2023-04-11 07:00:00,https://news.google.com/rss/articles/CBMixwFBVV95cUxNb0JMTk1RMXd5QzY2bG5YYnRRZVFYdTQxWldnT3VZMDRuVDRFSDRkZ2RvT3VGcW9ab1MxWUJtMzhoeXl5blpyZVh4dy11cHRsdmprdnNMZ0k5RXRhbUFFaWhyYnVzblpSRDFGM01IdUMyQmJTUUk0ekNISVo1MXhXdnhNN3BwbG9kdWljeUQ4VHlnSndmUTlsWG1EdTZDbzc5LS1VTWZ6VldZbFdfNGhvLWhQSVg5Nm42d0FDaUViekJSa2FQZFJr?oc=5,False,di_luar_topik,0,0,E0_sebelum_pp
"Kasus Tambang Pasir Laut, Mantan Kepala Badan Pengelolaan Keuangan Takalar Jadi Tersangka",Mongabay.co.id,2023-04-15 07:00:00,https://news.google.com/rss/articles/CBMi4gFBVV95cUxOQ3ZXUTcyRG5NelRNNFFZcW0zRlNfME1SRnV4VG5vaWc1LUxPalpjZjdRcDB3NXlKc2RQeWd5dFZBRG1LN3BrOFJVOXVUcl9RVlRONDM1YnBOYm5oR01FOTVxZXZkSFFjdDVURmsyOVJwQ2dvR0Q1UmdQVmJLMVBCc3dZOUtuS1Rtd3FGd3hPT2VsRWlURlhMclRvRGJBdml4U2ltX2FUUkx0Nk9SOWdzalkxZjVEeGRmZFg5Q3c0Vm82eGRUNVZQS0l5YWUxZW5vRkRHdTFUS0d6U1NjcTdNOFFB?oc=5,True,netral,0,0,E0_sebelum_pp
Bhabinkamtibmas Desa Resang Ajak Warga Tingkatkan Kewaspadaan Saat Melaut,RRI.co.id,2023-04-20 07:00:00,https://news.google.com/rss/articles/CBMivgFBVV95cUxNNnhCeWdFdWljWjBZY3JYb0YtOHE1ZFQyNXdHbkdvZ2xqZkRmV19zVDR1LXJvcDFCN2JjRTBYeW94NGZvYmRIY1R6NVk4cDlWQVl3VVJ4VGRlWHF3SFJPeEtaSkxnTUh5VXdPSEVVVXExdTAtTW54TEJOdzhTUkY1dk12U1lkQVVoX0tWTFkxYTNhc05nYndlS0MwTXVKRExNTnF0YlFJb0tOaFZacEROWjZ0WlEzZ25naFhLdHZ3?oc=5,False,di_luar_topik,0,0,E0_sebelum_pp
Wahana Pasir Laut Ternyata Ada Juga di Bogor,Poskotaonline,2023-04-24 07:00:00,https://news.google.com/rss/articles/CBMiggFBVV95cUxOLWlHVUVTVXlQT1d2WEtuR1lCdExUVm8zTHJCQ2s2RElselpvQmJLcU02Zm9MWkZhNWRXRUlzM29kUGNEbzJqTWtCYXdFTTk4dl93Z3dDeXlvTHMwanZkWnBzMThWSGcyMWotWGYzd0Yzbkw0al9nVXV0YTNjdEc4eG93?oc=5,True,netral,0,0,E0_sebelum_pp
"Kasus BTS 4G Kominfo, Kejagung Periksa Dirut PT Aplikanusa Lintasarta",Berita Observer,2023-04-27 07:00:00,https://news.google.com/rss/articles/CBMiqwFBVV95cUxPOUdLRTNsSlFGd1RIUUxTNGkxamJzMXVJd1ZVR0x2N0RaNTVVV2NkN1Rka3ZvOENBMTZFamFMUW9aUGNFeVBnYXVrWkxPQlhpNWlWakZFQk9UYWxpeEdHNGl2c25LemFxdjEyZWFSaksxcC1FS2E2ZWluSE5WOHRhbFZNTTNTcFNwMUFFaWZRU3U4NTNaaHJrM2dVdmptZ1poRnM3UG1hcWxvVUHSAbMBQVVfeXFMTTlxcGJjLVdIbm0wbkF3SlJtWmpSZlYtakRzdU1ZZ2lWZU10UkwxcXc0aml4RGRoV2d2UWpKM1V3bmJhRS1aVGJVc2pZTms5V0pSVlhOZWxwVnUzMjFFREFDUldPWDI3RjNoY1hhLW9peXp4bC1nbUhiUjZlUEFOdnM2Y2VCTWV1aHJ6bkdCVklnV0xRWkk3Mmo5SFNvd19WNVhPMDNhM21SU00xWnhScUFPWXM?oc=5,False,di_luar_topik,0,0,E0_sebelum_pp
Nelayan di Aceh Timur Minta Pemerintah Atasi Bibir Kuala Idi Cut yang Dangkal,beritakini.co,2023-05-01 07:00:00,https://news.google.com/rss/articles/CBMitgFBVV95cUxNRFVzMXZKNWMzQ1ltUjZ5RmZCMEd2RGtCWGxaV0ZobGpPLXNpUmhUcVZvb0ZaOUVUZHoyNDFqd0JzX1NfbTAtOE8zSGVjYnRWNnNyTXFnaUV5bVdyWWkyZy15OWdLakFIOWJZYWJ1TWJkOG42cmZpUFBnckdOUElLVkJSblZ0SlNiLVg5R2Q5UmRmdkxvSmJWajY3Q0JLdzJLRlhpaDduVXJQMzlNXzhmM1FpMndEdw?oc=5,False,di_luar_topik,0,0,E0_sebelum_pp
Kejati Sulsel Kembali Tetapkan 2 Tersangka Kasus Korupsi Tambang Pasir Laut Takalar,Kompas.com,2023-05-09 07:00:00,https://news.google.com/rss/articles/CBMiyAFBVV95cUxPQjFtMDRBTTNVMkN0U1dITnVDdnhnSG1yT3dGLWgtOWlHOVZheGZXSFZLR3BMQUNwYmtwUmwzR3ZnQi1qMVFNSDdxTzBfRU5taTJQTTF5bXVFb2w0eVpMLXRJRnlLdXhRV1UzbXktUjZoakxVam9WUzhUMmdsSGNHT3VDUjRydWhueERTY24zSEkyOEdnYjhzTEo1dzBGX0xIdVBsWDZhc3pYNGNBZlBJeHVwOE9pVzNoeVVmRlFVOUhPT0oyOG9BZQ?oc=5,True,netral,0,0,E0_sebelum_pp
"Diperiksa Kejati Dugaan Korupsi Tambang Pasir, Intip Kekayaan Syamsari Kitta Eks Bupati Takalar - Tribun",Tribun-timur.com,2023-05-12 07:00:00,https://news.google.com/rss/articles/CBMi0wFBVV95cUxPekVDUUg2cGxfaWlTYzhQMjVRbHdZbmdXUHlzVlQ0MS0wUDNuRE1YYm85Ylc5QVM1MWZwU29xb1ltZ0NWYXBJQ3dIbTNQOEFCN1ZfdmpUbDRwMEUzcnZGdmttQlp0bThZWjdRS1VLWDVRVFBtcjg1UUtLNUw1ajBHcjVVRTZOTTBEZXU3LXhDYU92dTJJcHpqc1c2MXVYR05PT3lkV2dyTlJNZEd6V0lwTkllZ2gzUG8zYk1tZjg5YVllMms1aFNIUmc4YlpLRXVSRmlr?oc=5,True,netral,0,0,E0_sebelum_pp
"Jangan Kaget! Jokowi Restui Ekspor Pasir, Begini Aturannya",CNBC Indonesia,2023-05-24 07:00:00,https://news.google.com/rss/articles/CBMitgFBVV95cUxPSVV2b1ZCVWhTeURobFAzb3htSGswQmI0YWszdnpZMEpqXzd3Tjlpekw0QmI0N052M011SlY2ZDJmQWo2UkdLVVZSeGF4OEszQ2oxQmlkc1ZEaVVSZXQybW1rM2RucGJsMk9PM1preHlhaUxieXlfY3ltN1JGOUhGMDdQVGlUclpNekMzRnR5VVFDVGpOcllhVl9oUVZoMFl6N1hiNWxOMHJzcldTeW11b290VFI4Z9IBuwFBVV95cUxOUS1paWp2RU9JTEw1czZCelFEaDVxdXRwY0FSTkdIeDNiTmZhY09qU182WUltWkZEay1jSExOYXB1R3RDZUxRaENXaXhxbklnN3o4c2g5azA1N3pWNjBYeGVJLXdUR1BGRmdDVzBmcHZkZnFVa2VsMmdvVUpZelQxVjZKNkl6UTdIVDFFYVlzU09MSHhEazdrb2Q5TFZWaFZJNGhmRnh1U0FjTDNmaDhqMzNja3lWWXhPSzlB?oc=5,True,netral,0,0,E1_pp_disahkan
Pemerintah Buka Lagi Keran Penambangan dan Ekspor Pasir Laut,Batam Pos,2023-05-25 07:00:00,https://news.google.com/rss/articles/CBMikwFBVV95cUxNWWJ5dUxNdGU0Tl90ZnViS3lEWFktT1kxMDJtTVdhQVJUdXBzSU1wM0E5aklvazMyNnVoR1JmOGI2eGwwMXExdUVTM05XX1JQdEl3T0NScDMzY3BTSkhzR0Z2cThFaXdyQS1VWjFKMmo2WXloenlFMVZPUVdrYk5Ic01tdi1Pdm1vX2hEZU4zSTg0VFE?oc=5,True,netral,0,0,E1_pp_disahkan
"Studi Buka Efek Pengerukan Pasir Laut: Air Kian Keruh, Ikan Berkurang",CNN Indonesia,2023-05-29 07:00:00,https://news.google.com/rss/articles/CBMizAFBVV95cUxORHJUeVdtUEI2dFgyZFREbEt3VXR6ZDVYelNBTWZDQXhpUFc1XzA3Z0doOFB1M202VWpSZEQ1emZzVFZRcVBrMlViRHVETk5WSnNDR3B1WFl5dmxlU3dhSjYxUlhZQWdObnItWHFXbjg1V293NGxrNHlpb3pMbU5hZTBpYmppejBVUkFicF9GdGpmTmstc21uUDUyUWtSZklJeGFzWFpJZHJiVmxQTnNmdTFCSUhEdWtPRnJLNWtDc2dzZVZlMmNTLTVLQTTSAdIBQVVfeXFMUHZtd1V3RkhxbldXRHFIbktYTjBXMzdUTHplQXV3UWoxcjN6WGNVRmlEcWxuRWpqS3FsS2g4eEtRRUJTZkVkYWZSd2p5dnJCNVllWmJCWFpQSHFqUDQ3T29aX0pQZHlJMTFpTWlpdXY0UndfcFJsaU9XYTlZTG9jdm5ZWjZ2Ri04R1NKdnRwbnpXT3c4TFJrVGk5RHVGa296dEtkWGV6M18xVXdzbnN3TGxrSU84bFA0TUtEMERpV09BbERoZ0t2VE1EWnZxcTFpV0V3?oc=5,True,netral,0,0,E1_pp_disahkan
"Selain Berdampak ke Lingkungan, Ekspor Pasir Laut Ganggu Kedaulatan Negara",Kompas.com,2023-05-29 07:00:00,https://news.google.com/rss/articles/CBMi0AFBVV95cUxPVmgyUW1xTUlUOXhVWThfcGlEdTZ2ampJTEFDcWlwOWRxUFNQZG94a2tfaEhSZFI2aXA5cHpnUUx0MVUxLUx2M3FoWDM0RzBYNktnMHRNRm1Qclczb3RubGdCYXB2Z2FSVmxZQWZzSnBvS3UxcUE3LWhIV3dpVlVxU0VUN1V3MzRTMHpWQnZWYVlsVWJTemFiQ0xvdGFsWm1GaUhYYjRRZ2FjSktCMS1VNnZPbTBvV1JLRHVfTFRwVmRXaENVaXZuS0VvYlFIS1hm?oc=5,True,netral,0,0,E1_pp_disahkan
Sejarah Ekspor Pasir Indonesia yang Bikin Daratan Singapura Makin Luas,Kompas.com,2023-05-29 07:00:00,https://news.google.com/rss/articles/CBMiygFBVV95cUxQX3dtcGNIZkJ5RWRiaUVlN241ZVNVbW1RVm5hSnB3Vl9WSDJhVm1ZOVZmUnV5Tm5FMWI4THFGT2IzYTNQREh0M2N4SnF1OFc1ZUd6TXczakJzSFFubmMxc1ZBRXBCalRFX21QMjUyNjFhdkZ6ZmZRM2htQ2IzWGZrOUFRT1h5ZkRldk9uZW9MZ0ZOVU5SWTlVWlhhdkRwOEtOc0xKLVB4aVRycDZ1OEFzc3ZKRU9ydUZNYmhtcFBzYWVvODNwa1FwZDJR?oc=5,True,netral,0,0,E1_pp_disahkan
Bahaya Dampak Ekspor Pasir Laut,Tempo.co,2023-05-29 07:00:00,https://news.google.com/rss/articles/CBMiekFVX3lxTE13RHBkUkJUbVdYS0U0dGhhcTQxTThRSGsxY1FRQTJsR245bVRwTWpDSkhrS1ZfNnRWaWQyWjlXMmpCamtXd3ZVbjNRWmFOVEVOclNpbGhsWkZjS2lsN1l6R2cxb0lraThjY21FeURPdXBKcU43ZDZ5SGdB?oc=5,True,menolak,1,0,E1_pp_disahkan
"Dilarang Sejak 2007, Jokowi Terbitkan PP Izinkan Ekspor Pasir Laut",Kupas Tuntas,2023-05-29 07:00:00,https://news.google.com/rss/articles/CBMioAFBVV95cUxPaUc4NFpmeS00SHg5b2trN3JVNW9JN1dvZHd5bU5DeVJweUpFMTN3WC1tREtNSW1XQ24zeENiWXMxNGdpemdkbTdJczdReUp1TF9Vc041ckJjZzdIRExUTnl3S1RWMXViSGFBdjIzZWV5RXY3alNfVldoQUFpbG96MEQ3dFNfMjk1VGlldUpiVi11WnJ2V2ZaQ0pyMW0ycWpD?oc=5,True,netral,0,0,E1_pp_disahkan
Pemda Karimun Belum Terima Informasi Dibukanya Keran Ekspor Pasir Laut,Batamnews,2023-05-29 07:00:00,https://news.google.com/rss/articles/CBMitwFBVV95cUxPQlVHcWVuU1dkYVQ4ZE92a3FUcVQ0ZGVXdUN1WW9TeUkxaHBCOG5zXzdwLVBCTnVyMXNxRmVvZ2RldXRqb05vbkYzYnNtelM2N2x0VmlLd0lpX1JNaUtoZkpXUmRHUWpIQUJvSFZlbHhPdC1icERBSnQxazlPUEpEUWgxR2pDdHB0dC1OVWNqbm1rQkwxUk93NGsyV1BiY2tRVV8yMUtNT2RVbFU1WGZzRDA1Ui12SUU?oc=5,True,netral,0,0,E1_pp_disahkan
Ini Syarat Ekspor Pasir Laut RI,economy.okezone.com,2023-05-29 07:00:00,https://news.google.com/rss/articles/CBMikAFBVV95cUxON1hKZFBLWWoxR0s2dEkwZU1RdDFrS1RGMW1qa05PaUl0Z1l5NDEtLUJUZVotVnBtNFRvSEhxeExuN3dnaWVhUG9iR0VReC1WTW1nMGRKVVZiNXE0dko2SHVEeERyczJnekNxVXFhcjNQNXZxUW9VclNldjBRcXNfWGJnU2RGN2tLTU55dUo1cmTSAY8BQVVfeXFMT2RlQS1icE10ZVV5dnM3Q3ZwVWgwYWlDdzRfRlMtVE41Q0N5LTgySzRWWnZvU3cwNWtwa24zMXB2MFJia1pCMjl2LU5HTGhOT0s0bEU2UjhmYlZUQ0lDcWFSSzF3cUJzR3V4eEEybWx6SnUzdXRBSklLREtyd3diMVJaY2E2dWcxam5fM19kRWs?oc=5,True,netral,0,0,E1_pp_disahkan
"20 Tahun Dilarang, Kini Jokowi Izinkan Ekspor Pasir Laut",finance.detik.com,2023-05-29 07:00:00,https://news.google.com/rss/articles/CBMiswFBVV95cUxQamlOekFSSk5seVQ2enJUREs4Wkp5Nm9Nb1JkZ09pTUxYN1VBRklpLWh6V1phZkVKc09jYzdGMzRlVEd1eGkyVFdBWkZyakJVRmVkU1RwNk95Unk0dHBUUFg1cmNCa29EZEpBSnhxR093cjhqMUNPUmdzSUZSeE5NMDdUclRPZUNBWXUyalNIQ3ByOHg1MDZZVDJqbnlQeHhsZjluaFRucU04ektEYmRVZHFhWdIBuAFBVV95cUxQV1B2MHppbDJyUE1oX0xURUVNcTBfd09idHFPQkxRZ0M2Y2tJZGpfeEFlRFgtaUs3MzVnSi1PczB4bThMUkRDOHRGTE5FVmtJVHFtSlp4bXo0WTZaNFRSSndqYTFDMzRHdUpQV1RaU2tERm1MRVQ2RnlDNUhGS25XRFNPSTRTMDV0Z0tSeXpXZjA2bFBJT0VEUzFwbzhLUzJiU3FBQ003U2RnSVAzMkxPTHRLXzN4UFNl?oc=5,True,netral,0,0,E1_pp_disahkan
Langkah Jokowi Buka Ekspor Pasir Laut Dinilai Dapat Timbulkan Abrasi Besar,Tribunnews.com,2023-05-29 07:00:00,https://news.google.com/rss/articles/CBMiuwFBVV95cUxOR3M0MGlreTkwWVFYLWdtSWlyQzZQMHBkLTdtTnp0a0pvY0RKRVBwLXh3R1c4UDIzQzNRZHFHT1gyY3VuVWRWNzJ2WFBwUXZLaGhvTGRGb2d2SGpiaUo3OWNHbkxNQVhDZ2xQZl9QMS1QcXNWNk9NeFlXaEZIU0U3OTU3U0VjRjJHUGhEWFNlNEFrdFMzYzlHSmZBdWZMWDQxT29ST3luZVg5TjhBUWoxQVFuZy1nOWpfaThB?oc=5,True,menolak,1,0,E1_pp_disahkan
Jokowi Buka Keran Ekspor Tambang Pasir Laut Setelah 20 Tahun Dilarang,Mongabay.co.id,2023-05-29 07:00:00,https://news.google.com/rss/articles/CBMipwFBVV95cUxPV1V2Y2RnVU1MWFAzc1lndXNsa3BWNktvcVJmM1hmclpkaU9uT180YTZlRm92Q2JsR19mYUxVNDlhM0N4MjNLenRFUGRRZ28wOXRfcnl4d3lYMFZlLTRlR2tpT0VGSC12RFg2VDZHY0N1N2praWZqYXRDalRLSU81dFFkS3JGMFF6SGVPUEMxc0FFbmZNWVRTREdxaHJFc0Zyd2NvZUhGRQ?oc=5,True,netral,0,0,E1_pp_disahkan
"Ekspor Pasir Laut Diizinkan Setelah 20 Tahun Dilarang, Greenpeace: “Greenwashing Ala Pemerintah”",Greenpeace,2023-05-29 07:00:00,https://news.google.com/rss/articles/CBMibkFVX3lxTE0zV25BbVNFVndXRWR1Z2ZONEtodTlPd3ZFYTZwd002QUpPa215aUN1WkU4S0dMOTBjTTRFd2REdXI3SjRoajBORkRXTXU5ZE5XUk81ZV95U3ViOEt1ZUI2QXAzQzdYYVV4VE11aEJB?oc=5,True,menolak,1,0,E1_pp_disahkan
Rencana Ekspor Pasir Laut Rawan Mengulang Mimpi Buruk Nelayan Kepri,Kompas.id,2023-05-29 07:00:00,https://news.google.com/rss/articles/CBMijgFBVV95cUxPYXk0UFNFcU0zU0N2ejY1SHpuTHFlejY2dXBuOS1RRld0dlNYWTlyR2FfYmR0OGNKc2l0MkN6bno4MkRpR1dpa3hZTndvQW1LVS1jQ1RwVGp5NEs2RGhwT0R0dTlCdmE2d1JVVTl5T0x0Yy1adlF1ME55R29HZkVWSXFxcExXODBIenlrUDNB?oc=5,True,menolak,1,0,E1_pp_disahkan
"Jokowi Buka Ekspor Pasir Laut, Bahayanya Bisa Terjadi Ini",CNBC Indonesia,2023-05-29 07:00:00,https://news.google.com/rss/articles/CBMitgFBVV95cUxPREVoNnRNcUxBcjJxaE00eHV6M0h5bzZYWGw0QWpZQTdSbW1IUUhwNjZYYjBUYXI0UlZVdkpKeGZyYzJrT2NHQWtqNHJyU2hIcnZfRmVrLUdhNlBhbXdacG9BMzROY29NYW1SMlVPNXA0YUZmaXR3M1ZpYTduVFROVzNHWHI3bkpIY2p3XzRzX2dtLXFNbzhtNi03bTdwQjF0eHZ4ZFdjSGRDNVBpQzRTUzhFeTlpQdIBuwFBVV95cUxQb2tzdDcyb190TGYwS3BVOVRVVGlzZENQZnA2My1JVlI1QmxnY3R4cDhod3R0RkswblVMUHdWbl9hQk1fQVR0eTdCNmpHUFlUREVRd3RhdDc1cE00RFdVMENkcmhxeVBOT3IzVFVVSjRZZTB0cFBUS0w3MF80eVFRalJXT0NqcjloMVJHQWpicDhJTkRMTkRHcmlkNnhodERCNkJzNkp5WS1Od1BBMzYxdExhaTZfUXFzMUNJ?oc=5,True,menolak,1,0,E1_pp_disahkan
"20 Tahun Ekspor Pasir Laut Disetop, Dibuka Lagi Jokowi",CNBC Indonesia,2023-05-29 07:00:00,https://news.google.com/rss/articles/CBMisgFBVV95cUxPRVo1MXNjWkZvV2R3Q2RTUjZmY0hRNGtBdTlzTHBKamY5MVN4R2w0WXFWcUJEWmFEYlN1aG84SGlIaXgyRnUxZUhyN05wMlVYMEdETW90XzEyQkMzLTByVEl6MGcwaU9GZ0FESUttc2dEOFZfNUV4d1pDYTktYWFyalRjUWwxZ21NeW5IUll1MFBjSVBZZUVLTWZZMjk3aTFFbEhOQmozc3VncUc2TVVkcjRB0gG3AUFVX3lxTFA0M19lYjRvcWhGd2FmZHlDM2V4c01lenRjbTdZWXRfZWQ3QW44ZUtudElGdEpZSDNFUjJWeGw1SUZJcnlsNnBwU2xIM1d3LVp5azQ0YTRhWVlkS2dFRVk3NmZTeUxKMGp4QzhzVnVZd0tLbUdLR0tQV2NVMFVSYzZvLUlFX19OMzNiZy1nWmlOOUthTTFaOFBzQ0k5dUxrT1d0NTM3MDlCS2RtUGpONW4tREJkSk02dw?oc=5,True,netral,0,0,E1_pp_disahkan
"Mantan Menteri Kelautan dan Perikanan, Susi Pudjiastuti Melawan Izin Ekspor Pasir Laut, Berikut Informasinya - Harian Haluan",harianhaluan.com,2023-05-29 07:00:00,https://news.google.com/rss/articles/CBMi5AFBVV95cUxNbnl1Qkw4OG5zckhOcTVwV1F0VUozMUxnLW9fOWtWMkljXzIxTEVYUkJZY2M2OExwUVFwVUV5aDNZY2UtejNrRm1UeE5XeW9QUFAwNUNXMmZ6dVo5Yk5jaHpJTW82MmI0M3BsZGdtaHdDZl8wVllqTThHb21PbmlMZzA1cl9vcTFaTWc0bi1vVHIybUhGejlvaHBnYW5ScGpEdGczc2lBSl9wOU94QWxGUXF4LThEeEtWaTVkZ0tlcm81UzYtTjlJcEl0bDJBNC1Yb1pFRFZicDVVSFdTS2VHdnBJeDbSAeoBQVVfeXFMTS1uZWNZY0pzclgteTZXdXM4a3lQZkhBeTdEMEx0SzZYRUhWWV9Bd19GYzF4ckRwS1dMNGNXNEhOREEwYi1ucm1MdzdVOUhzNURYZTZTaWVRV1pWUGF3WW9HUzdLSXZ3UDg1NXRHa2ZneHlSZEhHdFA1Y1hqSVFQRU9JcHE3VVpOYXRZSjV5dWx6NlNuMTBVMC1iM3hKVkZVZllHTEpXMGxTMnpmWFcyRndMa2tpMUpEa0VVbmtDWWpLV2JjX2drY253Q0xOSHdpck54Y3lLUnhUdnpabXlmc0VUenplSlBWejJn?oc=5,True,menolak,1,0,E1_pp_disahkan
"20 Tahun Ditutup Ekspor Pasir Laut Kembali Dibuka, Sejarah Kelam Masa Lalu Bakal Terulang?",Tribunnews.com,2023-05-30 07:00:00,https://news.google.com/rss/articles/CBMizgFBVV95cUxOcHNjRzI5bUlQM0FldV9mSWdGUUVFWmpkazRfdGI4UHhSWGd1c3hkWkR2WUtRREphTnlGVDl0ZmYzajJZVzE0YXUxZmxQaXItelIzRVZfaG1tX01kYjlsV21oRDFoa3Y3cEdCUlR5cU5ZejZIQklPVGtFcVo0REZTMmlQbTg1VFViUHdIb2dlcWUtZ1gwYzhaS1FBSDZMMDV5X01JRl9sMmxuRXNLRGUwamtOQ2tLU2J1dmFvbTdkd1Z6eEpJUTd6WXZkcV9XUQ?oc=5,True,netral,0,0,E1_pp_disahkan
"Dampak Ekspor Pasir Laut Dibuka: Terumbu Karang Rusak, Nelayan Rugi",liputan6.com,2023-05-30 07:00:00,https://news.google.com/rss/articles/CBMirwFBVV95cUxNVTlmamllMGJxaTR2SGFXeS1FTElXTUNEbWo3LXRiVXpJS1JPUnpoeE1oeHdJSFlia3E2RVRBZ3JaSGlCLU9DT0VPSWtmUGxjSmFYNlVDU0pIaHl3NG9xaEQ2MFVoSnZPMG5kVFNDb3Q2ejZMY3R4bENsLTN5UHRiYmN6dGdZZm5aZG9hWk5aeV9udTRLNUxUMllwUHY0RHpYTFdYTHlYZ3hyMlEwekFF0gGkAUFVX3lxTE1ZUVFPRDZPTm02UEhqMWtlekVSTGFHQzJHYjN3VUxCSUd1elNuMTNISElaRkg2NE84U2F2RDdsb2NKdXJQYUxvcXNZcUpUSmUtMEwzT3Bubk5mWWpaZnJfUThvR3lnd2dlS3JSMllfWFAyOXVKRVhSdDllbWdfeXdkcWNtaXNCQ3J4Q2xtRjZ6YWMySGJaeTdHVTdZeUlaQ1NXWm9v?oc=5,True,menolak,2,0,E1_pp_disahkan
Eksportir Pasir Laut Gembira Sambut “Lampu Hijau” Eksport Pasir ke Singapura,Terasbatam,2023-05-30 07:00:00,https://news.google.com/rss/articles/CBMiowFBVV95cUxOaUt1alRaNFdnaW9XVzl4ckhNak9nd2JCWFV4SDMyenFKejNibzluRG1aeXJQWloyaS1XeXFVSnhjdzJXQVZFNE9pUWUzY0hZTDctRXdrdkpfM3dHN1Y4cW91dzgxVUw0NXFTelpTUHZBRmwwN2FKekpTNFZLaXZHOUZ4OWlQbzFxNm9FaURRRUlZdzBDcGlvRWFKYXZtN3BvZm530gGoAUFVX3lxTFBqMTQzTGU2ZWZYV0c5UEJvd0psVnJDQ1c2RjUxdUdCOEEzdXdFZUZrdl96OEswZnZ2LXdURXZ2OXcyeERtaG5ZNTVYMi0tMnc0N05IdFZ6WHliOGU4ckdFMHhqd1ZGWFR3OXZ2UVI5MUZaNXI5cGQ1eGdGVXF1Rk9lUktLcHhIaGR4TGtYSGZ0SmpHYXRmVGMtWk9fdmI4Rld2R0t1QlR6dQ?oc=5,True,netral,0,0,E1_pp_disahkan
"Daftar Empat Wilayah Tambang Pasir Laut di Kepri, Kabupaten Karimun Terbanyak",Batamnews,2023-05-30 07:00:00,https://news.google.com/rss/articles/CBMivwFBVV95cUxOUjlPdEpTSU0yMmZma1JTWWd6WkR4cjNVX3BpYlJRNmlFcmtkSGFmdVQyMGNMTmtlanVXRi1Cc0VQMTVqNW9JUFBrR0NnTXBaT1VFZnVZVTV6cTcyZkVLTG9VODJXZ1ZnNWNSQjl3aGllQjhjMUpkN2NyOHdzc1k2cG1EbndFamNQdVBkRjhCM0hiQnk5VjF2RkZFM0t2d2ZJRzJFVE9mOEZuWU15RmpkM0JZSFZFYVpnaDlfVGNJMA?oc=5,True,netral,0,0,E1_pp_disahkan
Jokowi Tugaskan 3 Menteri Ini Jual 'Tanah Air' Pasir Laut,CNBC Indonesia,2023-05-30 07:00:00,https://news.google.com/rss/articles/CBMitAFBVV95cUxQbXgyYlhUN1l1X3pwc0pTdVA1Tld3MERTUjJqZTlOelhxS1ZyVWUtX3V2d21LYnJuZHRKeEVUT0d0Sll5N3ZXQ3U1cmtadmF0WXBHSjBvcHJDQjlBTWVhdl9vZ2c5bTl3R0VZdUU0NFBXOHlNYjZTMFN4X3hsSE4wOGo3MWI5ODdCbDFRcE00ZnFzbTJxZmk4S0ZkOXU2SXZ6bHFfS3RnejV4Z1ZVell2ZlpJbi3SAboBQVVfeXFMTnVMR3dGQUR4REVPVjRqbmNfMGdQaUpMU29KLWNMUUtLejZoaEp2LUtlRE1QRk5FUXhxLUs5Y2U1QzE4bGNMNkVuYUFCWFVIdVVHRkZrdS1Qa0JVZkJHck5ROXJPWEJmWlhPYnZFVVdLR2F6RXVCS0xUWHFRM2JPTW5LR04wMy0zVXFNeFZXMkRpNUstY0VVdDZLYnVtS1lHWG9GdnRsdGRCZXVMSWlhWmswT2FHSElLN1RR?oc=5,True,menolak,1,0,E1_pp_disahkan
Apa Itu Pasir Laut dan Dampaknya jika Dikeruk dan Diekspor?,Kompas.com,2023-05-30 07:00:00,https://news.google.com/rss/articles/CBMivwFBVV95cUxPV3pOZ3h2ZnQyZEtaYXdNQWQ1VkFBNGJoTDIybHM1b00ySUxBQzZvV2ZablBWTVA3RUNoZzdTcXJtd2p6WGtGZndyMHpYSXM4Uk0yUDBsdWs3elFDcVdXZHBqX2JjX1QyZ2tKWXJTUkx2clNQY1pOb1Jfd3phOGJIX3RlZnhKS2w4RUk2UHVNVE9Ec0ExN1RFTXlXWHA5VXczSnJJVk92dTE2WHpCM1lEb01LWFA0VkpJblpLaU11SdIBswFBVV95cUxNQzM5aGUwYjNVWW9iWlNSVTdPUElBdzFmd1lsOEFoamlXMExhWHJZU2Z1bWgzRkdzYXRhOTg2bEp6NzdLbGVRSVdOZnpqeHN5T05ZU25XYzVWVS1OVnhfMnU2bUNqcGlGTURBWEQzUGJ3aGJXeUdjbm9NX2pnN2c5X0UwbURrSWRILW5HU21MOW1EUlVPY0hrb3VIM0xwWHBiY0xfaWNKSjlFOXk0U0Z3SU1Fbw?oc=5,True,netral,0,0,E1_pp_disahkan
Jokowi Izinkan Ekspor Pasir Laut,Tempo.co,2023-05-30 07:00:00,https://news.google.com/rss/articles/CBMiigFBVV95cUxNNVQzUEd5QVYyd2RBcEQ0MWNZdThycTFwUldjcGlZS3pSaHJZQ1hDbWtWTUd1UG5qVTZidVpoRk1LVmc5YW1sb2MyTGVBRklWeVloQzc5QVo3c2EwWE5NTFU2STV1VXZaMHMwOWh2S0pHM0xmX0g4Y0xSQi1vNjFyZzZMbEgxTHlZcEE?oc=5,True,netral,0,0,E1_pp_disahkan
Distamben Kepri: Penambangan Pasir Laut merupakan Pengelolaan Sedimentasi di Laut,Batamnews,2023-05-30 07:00:00,https://news.google.com/rss/articles/CBMixAFBVV95cUxOM2J6cUhabXNHbUJQdlhJcEJwd0RwRmdud0loMTgxckw2cEp4TjVCUF9YYng0OGJTaU95amRqUF9Ddkpuc0c4ZGFFdDloZ2tfbXJReWdldzVndW5PNnBZeUhfOEh6ZFREWUN0WkxtZ3ZFYmhUVU9aSGZ5SHBqal9SOF9XWlR4emdwVkxPLTdRVUE1U2ZBV3kxdjNIWnVITlJwdjgzWlVlR1lDOWlBd2hfSTZjblpKVVN4aUtNVDZrdGJDTUZ1?oc=5,True,netral,0,0,E1_pp_disahkan
Nelayan Khawatir Dampak Lingkungan Tambang Pasir Laut,Kompas.id,2023-05-30 07:00:00,https://news.google.com/rss/articles/CBMiiwFBVV95cUxPUmRVNVNORTlTeF81U19HUG1JMThiTUwxSmdKaTBjWVFaLTFhekI3aFgxOHJzbGRpVFdsWmdSSVg3NV9Cekc0cExwSHFGRHVEeUMwT21XenlaQkwzdk1XNVhSZzNialpPZGFGZmNNaVYxRXp5NTFVS0p6dDRJbFE1dXRpTWpScmVydHlN?oc=5,True,menolak,1,0,E1_pp_disahkan
Daftar 3 Menteri di Pusaran Izin Keruk dan Ekspor Pasir Laut,CNN Indonesia,2023-05-30 07:00:00,https://news.google.com/rss/articles/CBMivwFBVV95cUxOcHhfYkpVOU5jY1cwZ1JsYkxHVGhZMXB5WnFFWHVzUmNYLUVseXBRaTVMZU1Ca0Nac2tJYXRwNDdaZzgyV3Mtc0tvY21ZSXQyYlhDNUsybG5PNDJTTlZYTzNGMmFoM0pCQ2xBVU15TnMxbjYxYVdMWXRLWUJBbHl3TzBweThJYmRjUFpKS2J3STdtc1ZwTzZYZHVHT2stMDRqX2Fzdkgza1FqRGg1c0loVWlrLTZSMDItbW5MUDJ3VdIBxAFBVV95cUxQVXNkYkVOWGhTNGNfZW1jdmt4cF9RT1ZzWkJGRlhIYWxFdWRrcFdHOXdYeVJ2UGJ0ZFhrbXdtRl8yS2Q5aVNXQjRiSG1YV2xTbmMxdDlHdTB2dkZ4cS1FaUE0TmlGTFRuNGlidkFQZjd5STdOaUNCVnI2YmFNd2EydGJGNVh3b1l3LUt3VWwtcEhmTlMyRlQzQ3RaNG0yOEtVNWJ3a21ITERuN2p2ODl0NDFhTzdhNFlKMFpjcXBFRkh5bklO?oc=5,True,menolak,1,0,E1_pp_disahkan
"Jual 'Tanah Air' Pasir Laut, Jokowi Diserang Habis-habisan",CNBC Indonesia,2023-05-30 07:00:00,https://news.google.com/rss/articles/CBMitAFBVV95cUxNY3FMNjNycXRvMGctS19KMlFVR00zcW9fRHVQRm16UUdLWEgySUZEVjNIc0pmZ0R2cXk2d2FRVXgyZ3Aza0UxN09LYjVCdkI3YUI4MlU4Y21MUUpFeHVVRnFUUnNDRDNwbW1hVUJTR3YweXpjcTRoYllhdnltZVdVY1Bkd3lOb29MUHJjN0tWM3c4RTZUdkpzQ0pOYXhPTHRNdlA0MXUzeWtYMWRQRjkwckIzcG_SAboBQVVfeXFMTXhkdk5ZZEg0WnV6QVhLYUtxZC01U3E5RGxXM0ROQmkzbUJXTEtTckdiYmRfUmFGVDlZa1A0ZDhkd1JCX29YME9OcDBqM0hfbTZINUFQcGxhOEJabVg1cW45Z0JTOVdQazBHa2NPa3JqLWszMEt6T0VWUlA1SnVTMXpoV0JCdjVuYnJBMnd0cGh4RDdqWXNFbkVlR1RjbkF1RWRGNHB4dUxqb2hiRTdVYk84a3gyTWp6SVpB?oc=5,True,menolak,1,0,E1_pp_disahkan
"Jokowi Jual 'Tanah Air' Pasir Laut, Singapura yang Beli?",CNBC Indonesia,2023-05-30 07:00:00,https://news.google.com/rss/articles/CBMisAFBVV95cUxObkdWcXk3bWpJdTl4ZWtoVHBSTmxnY3NjOVlOQjNxTGNyRTBLZTRiWDhadGVCY2lXUGE2Qk9XZ1ZJSUtUREt1Y044d1VfLVUzYlZ1OVlGTFZ5N0hLUlVidHV5bjVUb096UkdQZU1kSEo3dUtSNGhtek41M1hpRW1FZHdnMktSVV9iTjZPc28xS2Y4alZyUS1SYXBqbXZQeXhLay1Wb0gtWmU5UEwzYVNWcdIBtgFBVV95cUxNNFV3R2RLYmxhaTh4RG55UUR4amZQRW55UDhqT3FCX2RKQkYzZW5JalhtcmhJd2dHZzU5UEZycHpzc0w1aUo2cFF2R0Etc3FDakFnNFotX19pOHdSMmNibkRSNzBndTFaTFFzZTZCUGNtTXVzUjVIaHVCVkFhTmpaUFcwZ29RMlR6TzlJOXJDa2xNR240c3VmcDVSRWxRVnBFeXUwRXB1a3oxRXhNbUhyRk5Bb2RTUQ?oc=5,True,menolak,1,0,E1_pp_disahkan
"MAJELIS HAKIM TIPIKOR PN MAKASSAR MENOLAK SEMUA KEBERATAN / EKSEPSI TERDAKWA GAZALI MACHMUD, S.T., M.A.P DALAM PERKARA DUGAAN KORUPSI PENYIMPANGAN PENETAPAN HARGA JUAL PASIR LAUT TAKALAR TA. 2020 - kejati",kejati-jatim.go.id,2023-05-30 07:00:00,https://news.google.com/rss/articles/CBMivgJBVV95cUxNcWlSazQwWF9qMjZWYnVpTUZyX2xrQXQ3bkNaZjlITml0NlRWaDlDZkp1OWtmbmtnV3Fkc3FRQU5KclRNYXBydGNGXy05MTR4T0JqMkpJMmQ3WmVkOTF3b1ItN0kwYm9tYkxTdDlvWVgzNDJmMkZPTl9IOWRPS1Q2Zi1ZbGQ2Vm02cV95X2N5aUxVSGpEVXR4RkJhMjBDT2xpUWpWTlJZTXlrVUViU0ZJV2hoem9Ec01JZldCVlU4dWFiOHRvcEpwYVA0Wldld19iMmF3QkF0OUlhTFZMbjNSZGl5LWhyYnRCZmppVjMwMGlNdXg4a095eW9BUkN3YVFPZk9fZHZrMTZxV3kxcEZqVV9WTDVSdnlhSk8xWDBpZzRQcnBVRmNhWUtKYU9mVEN0VkZHb3F6Q2o5UFVqUFE?oc=5,True,netral,0,0,E1_pp_disahkan
"Jokowi Jual 'Tanah Air' Pasir Laut, Pulau RI Bisa Tenggelam!",CNBC Indonesia,2023-05-30 07:00:00,https://news.google.com/rss/articles/CBMitgFBVV95cUxNZTJXTHF0cXBIbXEzWWhtbmtyOUFZd0c4dTlUbk9KQTdKQ3JZZ2otMGVWMjVmRWplQnp4WGpta1JXeTN6M3M2WEpkV0dObEJDcGNkNE5zS05OeUdlVlVxVkc2MFFvNG16RGszT2FCTE1xLWVCSnlxTk5iR1ZKX041RWdaZFppMnlTeVlqeVlxVWR6R0VNZmJlTno2YkdUM1A3MFVldDk5UUx1NTFNYUNjSmFMempkQdIBuwFBVV95cUxPWl9ua3ZfYjdOR3B4ZzVGMXFMY1JXNk8tNDN1ZGgxRHBEdVhxSXBfTlNrSzFOel9uZFBVRXNfQ0hYWTNGbHFoQnV3bWM4WTVESkYxWkV3RUpuU1dPZFVjYXN4WHA3Zld0R3lEODFZdU1HNlVVN2FzYW1URlY2bkZzLWVDdnVYQlNTQVFzRXZydUY3bjRNZ3BpdWpkVnhsRm0wTWJBel9wOWtxbTd1eWNUdnU2RWRQQi1CYjFB?oc=5,True,menolak,2,0,E1_pp_disahkan
PKS Nilai PP 26 Tahun 2023 Merusak Laut dan Rugikan Nelayan - PKS,PKS - Partai Keadilan Sejahtera,2023-05-30 07:00:00,https://news.google.com/rss/articles/CBMiigFBVV95cUxQNVFXemJlRGhMYUdoRjVzTmg4NmVSeFh3M1RDaFotOWpoZG5HOGdIWFZua3JIN29fTFJsYzJtR28weFdNYzl2ZHRWSmRpMW0xRkhraTR6ZU5KRXg2QWlrZ1hXQ3VfenlFMnZKalBCN2dWTzJYNS1KaldpMnNmY2FVQjJhVHV0dHZBRmc?oc=5,False,di_luar_topik,2,0,E1_pp_disahkan
Pemerintah dan Pengusaha Harus Duduk Bareng soal Ekspor Pasir Laut,economy.okezone.com,2023-05-31 07:00:00,https://news.google.com/rss/articles/CBMivwFBVV95cUxPRkt0aWh1MmxSVzFlY0tiOWNGTkNwYlpTZTd0cUlqWXgyT3dTeHUtVmEtaVViRjlfRHFROTZNYkJ4aGpNNTN6SzlyVzMwLVVqTW1kSUNOczA3N2w0eE43MjF0UDI2VmY3Y3RHc1pIVDRGdVdPWE54ZWNJckJnUkR3V3d2MXNtSS1Pc0Z0RV9GTEpOaWNiOTZSQm44UlVGb1NBMDhTaVg0X0dKaXBPS3ZiYzZhTGdkRS1iMExRdnl5VdIBvgFBVV95cUxOcVQyTDRSdzM0dk96cTZ5U0JXem4xRGpxV0ljQTJwV0tqeWlhcE5RckU0ek42bm1YdVFCYTQ1TEo0VEpoc0JkOVVDb3ozaUFvUTRreFVpaVFhNWdSTDhDQ0ctdE1TMndScng0SlJJOVk1aENYLWdZczlTTWpFSWtjRXItdVQwampBdFJRa0cwWF9IY1NXM21TXzZTMGFTSVlqSS1xd1VNN0lIOFRta1QzSDBVeW9sTVQ5a3pIYWdn?oc=5,True,netral,0,0,E1_pp_disahkan
"Jokowi Legalkan Pengerukan Pasir Laut, Walhi: 20 Pulau Hilang, 115 Terancam",Inilah.com,2023-05-31 07:00:00,https://news.google.com/rss/articles/CBMilAFBVV95cUxNZE14Sk9EYmI2d2ViS1FUSjJEUFpWb3hNNkRaNlJ2NjBMVjAyaTdJMTEwX0JSd0pPMHgyY0V2TllBTzhXS1BzMWk0TXhBSHNOLXp0X3Q0eWgzY3VqM01UQUZOSDRDYnVQUWNNNHYzVkV2YU51V1pUdEtfdl9QYU53aXhHVEI4dE9wN3RhTWZhQjNoQjNz?oc=5,True,menolak,1,0,E1_pp_disahkan
"Jokowi Buka Keran Ekspor Pasir, Awas RI Bakal Rugi Banyak",CNBC Indonesia,2023-05-31 07:00:00,https://news.google.com/rss/articles/CBMivgFBVV95cUxNdXE4eEpfT0sxOFZvb3NpQmphbEVEY0pKUG1MSWZCWk1KR2NaOGZKNVJFd0puSzVtS19mZVZZaXdjbnUwd0dzZ0JxNEk5cjlmMjN0Z2NkS29GdjZtTzMtdHZRb0FmQmQ2TnZxMTVFWERWVHVkU3hiSnYyTExkRXdjMDhDOFBVSEpvTEJodjVwNXRjcGh5WWxzcy0zRG1hbXJKOGh6RmFEVF9wR3RBeU1YbjN0LXY1MUhJZWh0Zk1R?oc=5,True,menolak,1,0,E1_pp_disahkan
"Sedimentasi Pasir di Laut RI Numpuk, Setahun Angkanya Segini",CNBC Indonesia,2023-05-31 07:00:00,https://news.google.com/rss/articles/CBMiugFBVV95cUxNVlRsSUxQYXpuMjR0THJySGZnWDRMSldyYkdzeXZQeWdvdzVQWWtEWjlCZWYxbElLdkpWam9XbEUtU29HRVVVNWp0WGlxUUFkMWp3dzkxMWVaeC1UaUZaVHFiZUlGYzhtRGlLVmtoWDB4Nk4wYVZTV3VJWlJ3Slh2d1dqQXpVdUN0a1hFS0VzT1YxRGtiN3E1VGVpendvMmlHNThNZm9iQkhYaXdvSnpmenM1SU16akR3b0HSAb8BQVVfeXFMTkYza2xwZ09SRnFwaEVOWGRhTUt3RllJU3NjLWE2RXRKTDNndWZ1MWhQcHUxUDBoT05VekM1Q25KOHlSZVB4U1dfVDA0a01NM01GeWZXWEhIbGRUWWVHdFVOUko4enJ4TDh0WDl2SUNpSVRpTlMzVmo1ZnpnWktnUy13c2RlT0xyNXhpSDBsT2thWmRCeGMyck5Za1hLbmxGUmF5elBMZjhIUW0xMy0xLUNwQlAyaEdzay13MTE0M28?oc=5,False,di_luar_topik,0,0,E1_pp_disahkan
Apakah Mengeruk Pasir Laut Dapat Merusak Lingkungan? Begini Dampaknya,Tempo.co,2023-05-31 07:00:00,https://news.google.com/rss/articles/CBMipgFBVV95cUxOd3V0UVZiZ2FoeE9MbVJZOE5CYTF5bEFDM2xsWjlnMzNOWUxTWV8yNGF2Mkt2RC1yOEZlTnRvRUJldGNUVWdIajRMOUZUbUFLRnctZldwTDhiN0h0Nlh6Z25TNnVmaENma3NjX3JuMTRYeFdiQzlvSVRkOUw0QjV0WGtIWnIyemwyVWhXa0I2VTA3OHhVZVVYVy1QR0hDNkN6cUhwbGdB?oc=5,True,menolak,1,0,E1_pp_disahkan
Seruan 28 Eksekutif Daerah WALHI Se-Indonesia kepada Presiden Republik Indonesia,WALHI,2023-05-31 07:00:00,https://news.google.com/rss/articles/CBMipwFBVV95cUxQMUs4YkVaSllObTVFMW5YNWJNSkZLSFRUNXlpUWFibWRxNzJ2RTl3NFV6dmg4THFLUDhnOUFkb3Ezbk9GWGE5SVlHemRPeGMxZzA4NUxmck9sbEVydG94VVp0LUREV0hHN28tejB5akZabU14Qy1CUXR3bm42Yk12aEFXM0J6Q1hTV1o0c2ZYWkhYYjFRQ3JWV2tWVWlLcDZJc2ZKNjk0OA?oc=5,False,di_luar_topik,0,0,E1_pp_disahkan
10 Dampak Penambangan Pasir Laut terhadap Lingkungan,CNN Indonesia,2023-05-31 07:00:00,https://news.google.com/rss/articles/CBMitgFBVV95cUxPQUFDY0gxUHFnTzJhV1c1d2FFVnVfdHl2M2FSWDl2TFh0clJfQ2RIdGJzQ3l0TzFIZUZfTUZxWHU4YnJBUFZseEZfb0NONkZhU0dWUkxKZ2pVUUs5YjRyX0d0UTh6bm9oWTFLZXBvOXI1cXRVRE9oemJjT040QjUxdlZJVXptNGI0alpleUNCcHg3Vmk5WHBpWjN3ZzRGbjhUeXRWSlJ3Tmh2eDEtUTQ5WUdhVEY4d9IBuwFBVV95cUxPZHhtb0kzUW1udTMxZ3hwMXEwOUlmTW4zaUZ1SHdBZEdHODlCWmpCRVNISDRpTkMwdXczTnlqNF9SNWJucG5wbTFMbFZLRkl4WlFVMGxGY29ZaWRCaGFjOVBYdzB3dUQ1Rl9jZllwcmdsankyZU12czRfbHF3Z28yMEwzVGtFdGZUaVU5VzlyMm96bWpvVWZLdVI2VVlPNnJ0RlFfaG1qVGo0ZHlwT0ZwV1BuVVkyeUt5WXYw?oc=5,True,netral,0,0,E1_pp_disahkan
Nelayan Sebut Aturan Ekspor Pasir Laut Jokowi Lebih Buruk dari Mega,CNN Indonesia,2023-05-31 07:00:00,https://news.google.com/rss/articles/CBMiyAFBVV95cUxPekQ2R200MmF3SUVmUzJOZHlMRGhqeFNtaUdscURzQlRBZS1rZkJUS1ZfZVFSQzdkek84NlhQdmhtUHg5SGR5T2Y0c3ZuSzlDRFFacldSaC10SnQ4Um5UMzdvVWZFYVRiUGVIeUk2RWZ4VUFqa3BOekU0R1RRVmFYZzRrYVNOcnhRankyZk9tRkVDWk1DWG5aZ0t0VGlDd0hVZ0ZtSTNKbWprZDVGaWU5ZHBiZ2xka29iOFliblJvSmJsWTVqWEc5StIBzgFBVV95cUxNWUxaTnZxYjBYcjhqM0l2dktnWWw0M3QydDNRUGktalBMSGpKN2NBTzZpVFFUV2t5UDhCblhhck02U3o0NDByMHM1a3Zldmg3ZTlOZHdicHgwbDJ6VUx5eTBydWJ3QmxVeGh6bWJublM2bk9pcElNaE9OWm4taS1kUWtVWHUyMWtUVXRwOFpuYTd4cHhfTzM5RXFDcDFOdkpiY0hWWjJXclp0OXVvZWdadS16TnZtaW1WdDJVTm85S0ZFbC1LNVhjNV95cVBRUQ?oc=5,True,menolak,1,0,E1_pp_disahkan
"Soal Ekspor Pasir Laut, Sri Mulyani Cs Buka Fakta Miris",CNBC Indonesia,2023-05-31 07:00:00,https://news.google.com/rss/articles/CBMiswFBVV95cUxPR2syV01zN2JwbkNSc01CeGFGMlRPdVRsZWk1LTRobkRTcmlaZVZ5b2YtTE5fMVEtblJKeW9PaHBoM25KT1ZKRVE3V1NGZjR0SW1zYjJQbVJINjM0R0NoMXVXNktreURKZVVZSnVmc2tiQjJ3U0pFOFhGcmJsTjN5T3EzWk1ob3JXdzdUMGZSdl92ZFBHeXBneG1PYjZucV9QV2xVU0lsZlRwZngzcWl1d19nUdIBuAFBVV95cUxPS2ttYml5MjJjWWZYbTFnX1hjLWxveW05ekNKazdzaFEyNGMtRXZvTzF1aVpLTFZ0VFJjbFVnbVkxVnFoQmlDMGRWSnU5NVNQcmJVV21LWkVUZVRqdHNLYjhtTkVnY0ZrZ0U0UEUwRkV2dHIyXy1VUnIzT2NIT3NmUGJ6WFFLd3RkUjdRbnpKazhsYzlmT2dwQkZFUWJZaG5QLVlERVhzR2YzelVUcmJ2VEtHdzM2dzBO?oc=5,True,netral,0,0,E1_pp_disahkan
Menteri Kelautan Sebut Sedimentasi Pasir Laut untuk Reklamasi di IKN,20detik,2023-05-31 07:00:00,https://news.google.com/rss/articles/CBMivAFBVV95cUxPWFBJMWVLUzAtU0doNUF6ZkJYS0xGSjd3T3FuN25GRzhRYzIxNTI2dUhnTUlzNFJ0N1pWTzc5QlB5Sm9qX2tDeG1hUnZhVFI3aFhBZWdIN0gwLUtpWTIwRkx1TkU3RDdLT2xDRDFKYjZycnVLOGdaRGFWdTNFNTd0Y1cwTi1ORVNiN1I5YnMzUWUxQUhUX240eC11aFNsWmk3ZEpDMnE0VS1hdGNBU2wwb3l1S2tDb000Ti1jZQ?oc=5,True,netral,0,0,E1_pp_disahkan
"Pasir Laut RI Boleh Diekspor ke Singapura hingga Jepang, Asal...",finance.detik.com,2023-05-31 07:00:00,https://news.google.com/rss/articles/CBMiugFBVV95cUxPbV9iaUpGdE11ZWJsQUt0aFJLN0xZX2t2alY5WWgzUWFWbFpUWVczN1BuLTFndjVBdHRMRmZHVE54bEpsSjJVb21iemNZdDhQUlJ1bnBPUFV5aWlzTk1ZbTljeGtVRGFjN09WN2xhZllwU05TUlV0WXlNcGNwQ01XQVdkSHNQUTVVT1hQQU1rRE1EYkF0RWpXdGQ3Z0cyNTBVcmNHNGxDTWxLbTI1bzJ0dU1ITVB0Wmc1Y3fSAb8BQVVfeXFMUHNEYkM5S05lbm1wNnJIZVVJM1FZUGJtazVHRUlfdXRZbVdkOFNCOF9YdGwwbmh2akI2SWpTTy1xNVpTYzRiVkFGLXE1TS0zWEJJdlV1bThQOXI0QW0tNXhTVGFWajYxTEJUMnluOC1pSmhFZVhWS3BTZDViZTNNMHh5RVdWeHJmdUhRNnZTU1FNV2ZiVFlUTlFySWxHRmFXd0lrbTJJa2R5cThJR1FWbWZFaFUtQ3BPNld6TkJqN2s?oc=5,True,netral,0,0,E1_pp_disahkan
Indonesia buka keran ekspor pasir laut: Mengapa pegiat lingkungan menolak dan negara mana yang diuntungkan?,BBC,2023-05-31 07:00:00,https://news.google.com/rss/articles/CBMiYEFVX3lxTE1pVkhSSE1qQXMydUN2Q2Fib0tCRlRNYlZWVUQ2blpNSTJfenpWaFJrU25LaGg3S3pBS1Z1SDdkcXkxcnlSUWlJdHFLcl9JdGVCT3p2UXhrOWZzektZX2FZWtIBZkFVX3lxTE5MVjFjUzhkSTVNLUxqTm1aVXpNVXg5WkVXLUdqZW9iVWhOdjgtdER3WUhlXzhlVTl1dGJGNHFMY2RWN1lpX3F6blk4YWcwMllBS3NpSlVwODZqd2k3Y1dESll3T0Y1QQ?oc=5,True,menolak,1,0,E1_pp_disahkan
Kemenkeu Klaim Penerimaan Negara dari Ekspor Pasir Laut Sangat Kecil,kontan.co.id,2023-05-31 07:00:00,https://news.google.com/rss/articles/CBMipgFBVV95cUxNUlpSa3dhQ3dvTkhMS2JvRF8ydnViSVo1ZFNpbjVTNEhvZlJPVjZsdE1jcXU2My00M2JJSkVaX2ZTTEc1aEVTbi1pUmV1a3pBdGR4UzhXclppWHVvTVN6bDl5bWp6bGxTTVVXSlVFeDVvOGhvcGxzSGRxT2oyQ29UX1JEa3k2czhxTElwUlpxTW1fR19UbjB5QnpUNEZhVlNoX0VyUWpB0gGfAUFVX3lxTE5RU3o3Y01FNHlfSS01S1o0WFhkWWx2c2ZKdW02RHdsYjVQd2EtOGV2OUxBS3JTeEVkb0o5SUdEYTRSb3Q5clN5THRoXzlUR1hfbWZqa05OODc4MW90X1J5a01USjl4SmVwd1pSQzlERlpIbXg3a1YzQWduQmxPaWl6Si1SNlFfZnpvRzIyMDI1cDB2RDg3VkFrNXdlaTdwOA?oc=5,True,netral,0,0,E1_pp_disahkan
"Soal Ekspor Pasir Laut, Menteri Trenggono Sebut Izinnya Tak Mudah Harus Lewatin Beberapa Kementerian",Tribunnews.com,2023-05-31 07:00:00,https://news.google.com/rss/articles/CBMi3AFBVV95cUxOOVhmazhFQVFRLV9iRXVFMUR6Z2swQ1FhSEdjZFBNbVFhckxWT2NCc1FyQlpKbUhwM0RWc0k4dW5pYzFEUk5OOUR1YWJyTXpTSlo1UGQ3X19lZmcwTGlvQVZSd3J0UlBRTlBpQUlIVkVGM25fTU9rVE9SNnZ0WEhBREI4NzFaV2RBeVNNM3ZmSm1uUDNtcDU1WVFDU2FMenREN2M3amhfTHRtRldfb2RDd1JOY3IwN3VzTkdOZWNPcFlBSWJMRWZRNDhlOF9DdnJUQ1B1TnZHX1llcWNl?oc=5,True,netral,0,0,E1_pp_disahkan
Menteri ESDM: Ekspor Pasir Laut Demi Keamanan Kapal Besar,liputan6.com,2023-05-31 07:00:00,https://news.google.com/rss/articles/CBMiowFBVV95cUxQdzVqQ2l3TWV3WTZSM1BucmNSc1JfTmUyNEtuQnJVaVA4S0xnYWQzTk5udUlRZU1oV09IUHhvbml1VTlpa3dpcE00ZW1IZ015elQ2LTBEYXE5T3NUMXpGNEhJQzc0ZW90LVFjbWo3OXlkbFMxa2Y3VUdqX3lLX2NSdnFRTkNSejZPbjRvendTaHNiODVhV1V6cmV5dWxMQ1JZUXVv0gGYAUFVX3lxTE1mb1prYXBfcnA3alhKV1BSbTdwRzNWNzh4WC1NV2V5LXQ0YmRiMl95VWNQNGdEMkVCdGxTb0hiREd2b3JfR0lvNE9lamkxXzBiVGR5T3FmQVNlUEF0U1JuMGs0cHVBLURwZHNJekF0a1hfaTI5ZDNQTXIyaXlEeFluejBKdU9iRUt1TlFad0dUX0Q0OWkyWWJz?oc=5,True,netral,0,0,E1_pp_disahkan
Dampak Global Penambangan Pasir Laut dan Langkah yang Diperlukan,Tempo.co,2023-05-31 07:00:00,https://news.google.com/rss/articles/CBMinwFBVV95cUxNNFNOLWZZQlRKb3h2Umc1cEw0OFEyUGgySUxqak01RlJnV0ZUU2RLSnNpU216WEtVNTV1YWNCdENrOS04c1hkeVUtWUVaaTJPbXJ3UHBsUEpzekFqbjB2bGoxY2NRQm14UThGZmJqUEYyMXBjNnR0aFFScjRnVnB3azdVSXZES2d3aVAtYnc3WUpSNmN6YW1RQlZPdklMLUE?oc=5,True,netral,0,0,E1_pp_disahkan
PP soal Izin Ekspor Pasir Laut Tuai Polemik,MetroTVNews.com,2023-05-31 07:00:00,https://news.google.com/rss/articles/CBMijgFBVV95cUxNU2ExV1ZuWlFDOEhpbEVwRW9fX2FLLVhOMEdtRzZQTFV2NmJTMldJMmh2akNlMlhvTHVVLXZST1ZkQkpOSjR5ZEhEQ0lCd1JXT1VPdmxYdnQ4ODlOWUYtSDEyRURmZ1FEY240ckZFOWFTUjVsQkV3NjEycXFBVUVCT3hqMVRMRHVMNTY5NDJR?oc=5,True,netral,0,0,E1_pp_disahkan
"Ekspor Pasir Laut Dibuka, Anak Buah Sri Mulyani Bongkar Berapa Didapat Indonesia",liputan6.com,2023-05-31 07:00:00,https://news.google.com/rss/articles/CBMiwgFBVV95cUxOLUZHZndUaC1OTE1vYzdpcnlsU0VqM0VLSVNTcFFjVFdOV0c5TXhCeEVVN0RoTV9yNTlMN1VZX3BpVURNeE1TeXVvSnhfd3J6NTktN24yc1lwaC1JZ1RPbm5FbHFvMnJWZnUzcllzOXlGR05BOE9ULTVNWWRHVEdXY2lrMm9Ob2FNY3lVSmRwTC1sdmk0eFU5bktHOWhLOWZLU0NuM0JCOUVpRVVGc1dCMldvTEtGRjRTdk5leFF0bFJ6Z9IBtwFBVV95cUxNTlRpbTRXZmFjUUFaR2p6b01WTkJybGljYU1TTkM5V0hPb0tSbHRCS1ZRc19aaWNCMm04TS1KTkxwWFNlQkFOeDlhbFFSa1oxNGY3MS1xUEM4SDMxN1c0MVEyWHFPbThhbFRuZUdpaFZqUV9jcHhuSnhDRVd3SkMwQmxDQjN3dGhmRmtpZGdpVEtDVU1KLUtFT2tIdHZVcGN1eGs5V0J0SlNHRjFBcEhtb0ZtakRQUjA?oc=5,True,netral,0,0,E1_pp_disahkan
CAKAP RAKYAT: Tambang Pasir Laut dan Reklamasi Daratan Singapura,CAKAPLAH.com,2023-05-31 07:00:00,https://news.google.com/rss/articles/CBMipwFBVV95cUxQMm0yQlJEUEZZNHBUbXFaR0UwcXJuNERYUXA2ZXlTZU9McjFua2pTZmZqVUdXODVqcW9NTEZ4ajFFOGlZbFhFX0NQR0dIdjZrSHJhSFMtSUhWSkpfWnFQbGcyYlBJZDhZSE1xYkpxckQtYkRXSTczWHNfYVpFMVJwSDBwZmg5VzBPWDdEa2E2cEFRN1dFeERtcEVIQk5VSEZjTllrZTVrWQ?oc=5,True,netral,0,0,E1_pp_disahkan
"Soal Penambangan Pasir Laut, Berikut Sederet Perusahaan Tambang Ilegal yang Sudah Dihentikan tapi...",Tempo.co,2023-05-31 07:00:00,https://news.google.com/rss/articles/CBMizgFBVV95cUxPTW9GMl9HTTFhajJDTkp2RWlOMlV4SzVfV1dRWFpudzZrZkpXTVduYnpOd19vNDd0dkVKUnM0MlcwNnk1NDh6dG40VkJXYnBsY0xzemhac3VvSG9fdVl0b2t1TGZwcl9vNFV5M1c2S3lLVDBlTERBZU4wcy1JQ0Z5b1ZDZUVfakxBWVl1ZmFoRGtjSlZWSXJNTVVDdkFmdV9PanBCU0xyOEtjeFFnNjA5b2NVZ05Bem5FZnE0SDR4SzFDNHhyS2Z4OW5HNVMyZw?oc=5,True,netral,0,0,E1_pp_disahkan
Kemenkeu Sebut Penerimaan Negara dari Pasir Laut Sangat Kecil - kumparan.com,Kumparan.com,2023-05-31 07:00:00,https://news.google.com/rss/articles/CBMirgFBVV95cUxNSHJ3NEV3WmtPdkdwTzBWYjhDRzdvTkdPaW84d2NfTDU1UDJDV0xXc0pQZ0d3YVR4SEZCSDFTaEpBVVJjNXJWc1c5MUxLRHBTMVowaUJQUm9vUDZxZXhXanBLc3pvN2NBbkNzNXpLR0J2MXFBQnNtR0tUZUFNQzVJdnlQTUROMDFuMDBXVl9PNEgzdTVxZjkyWnEtNk9KRW1VTi1BblhwQjhKWVhPMEHSAbYBQVVfeXFMTjR0UTc3Vzc1Y3Z2TW81dXA1VFc5VG1JZXF3dWRNbkhCZnUxb1Y2R25hYmJUakFxbmtPaFVzODY0RlllRXU1U2tlQW1NSFNTSWpMQVlUbHZTUlFrZHBWTFZwVUxIYVM5ODFjOXRXc3pDNE1aRkFtMU1BQ0FXTkUtOW9YMWpfdXlwaER0NzhFSmwtcXp4SlY2Ti1QRktKTzk2NFB3S1lWRE05Tnh0anVLUjdsMU5HbkE?oc=5,True,netral,0,0,E1_pp_disahkan
"Jokowi Buka Keran Ekspor Pasir Laut, Pengusaha: Cuannya Gede - kumparan.com",Kumparan.com,2023-05-31 07:00:00,https://news.google.com/rss/articles/CBMiqgFBVV95cUxOeUtkU1ZjVENGVzhMU3Jybi1SV3QwYVFIQWNwOHowSldtVkdhNXo2X212MEZ3cGgyU3FqVEZ2dTgtVGJQMmp1NmNWamwwMmZ2SHdRSU1OTnd5RVJBbFhGbkFkNGhKNEhuTVhSTDZmUmd4bDd3T1ZDZFJrTGE0RTVzOHczWjEwckI0akFTNEpkcVVOOU5FUzdQSDZ4THRoWlB0ZlZ5MzlPeHZSUdIBsgFBVV95cUxQTHh4OUx6MVV2SDYyVWR6SmhZYnJBbjA3VWpfSkZ4dEtMLUdyalBRclpURndiSzVXYk5hMmdmOGRZUE5BTDZyZzdIdnAzTTU0Q09GZ3NqVXhLRE9CTG93c0JEbF9acjZyQ2JGc1BrcHVERW05V0tNYnlWekdKTXBZOG56NUJIcnVjYWNUTy0zNzVWRm5ELWg0ZU45WGJYcjlUczdiZjVsYlAzY3JkN09VV2ZB?oc=5,True,netral,0,0,E1_pp_disahkan
"Kontroversi Ekspor Pasir Laut; NGO Soroti Alasan Sedimentasi, Akal-akalan Pemerintah Berbisnis dengan Alam?",Batamnews,2023-05-31 07:00:00,https://news.google.com/rss/articles/CBMi5AFBVV95cUxPSjZOdHYxTjlXRWtScl9DYnM0OHp2R1ZWbGJPSnlzRjdGTW5QNnN1UkNzbkQyR0xMcXB4ZjJ4WU9xamxkRFpPTVRZdmJRbDdobWJLZlB2SmwwT3pzSXpoRGNkTGhyODFPb2E1SEFkaWEwYUtudEdjOExERGNEcG92c3RmNXlJeWRJWFVMZ3RJVVg0Z1lBeHBOUkZxTnYyQU94bkkwVWtIbTFuTDQ2RlkzRUZwVkJxX19RQy02Tk94NGowX2JmbHJnRWRDZ21nQkJQcVI0ZjlwekZBcG1aNGN3WkR2MGo?oc=5,True,menolak,1,0,E1_pp_disahkan
Sinyal Bahaya Menjarah Pasir Laut,Tempo.co,2023-05-31 07:00:00,https://news.google.com/rss/articles/CBMidkFVX3lxTFB6TkxZeXFWa2lJUjJyWlFSaXZ2TFRUcy0xcVRNb3hYSk5hQmIxY05xTm4tXzV2YlRhemlJSXBCWUoweUVzV1JsckF6M053aWxzdWtqQjREdk04VGlGZ2MwckxjeEpYSGtSdWRtdXVodE5ySEVTTGc?oc=5,True,menolak,2,0,E1_pp_disahkan
"Sejarah Kelam Ekspor Pasir Laut RI, Pulau Hilang Demi Singapura",CNN Indonesia,2023-06-01 07:00:00,https://news.google.com/rss/articles/CBMiwgFBVV95cUxNeXBlZmhuVUxxSFlZTTBwdy1KVGF1M2VySmtYdFRmTzBtblRkRFpneExaS2RfODNqTmVpZ0laN0hhUzBhR2VpbU1ZdEIxcThNVnF2Rk5lVmlLd0lncm11RnBqR3VRWlR0UGVOb3hwTUVCc2pxeEFUdXl4MHpZeDBGcDZuNnBsRUJOb252eGdWRkdBLU80cXAzMHE3R1UxcWlWT0pKQmU2aGhna0VBSGJzNzVvYlhIYkNIUkh0bmpSVGt6QdIBxwFBVV95cUxOT25ka0NydE5MUWh0SXVoU2t1cThxcnZSUWZEbm9kVHZuQmNXRTlHcUYzVzhtMlZ0YlNYLWJhd1pjM2kySDlUSWxzRjczUkxmaVdUVElTaW4xQzZDRXUxQ2tweUlsMzMyLTM3bElyUVg2WjlPOFYxTDcwODkxRnVEYzhsZEJDTHVDN3hqaFlRcU5aV2JsYUpyMFlEVUtmMHRYWEhJbDdFQjE1Sll0c2dpbnoxVVJiaTlpVHRoUk9JQXZYUXlEUGVr?oc=5,True,netral,0,0,E1_pp_disahkan
5 Alasan Walhi dan Greenpeace Tolak PP Soal Sedimentasi Pasir Laut,CNN Indonesia,2023-06-01 07:00:00,https://news.google.com/rss/articles/CBMiyAFBVV95cUxOc0lpQ0FxRDhyTWFwUEFkWHJqbWRNUFhnUmxseHZBWnZ6bFd1MjdVa0F1a05DMWxOXy1VWVloMVlfWmZnOFp6THp0ZEZjVUpWcXEtNVpuUmRaN2pid19DQlpkV096a2dsNVE4ejBHdy0zdEx3NWpjV2VWMVhLV1BxT2JoMmdfaS1BWW9TSmVsa1JhdHl2SDZXdFM0d2Z6ZUw5YkVZWFBpWk42Sk1pSWpJdTRDWFBxcU1JTnFWT2FQQnF3Nms0V1hNQtIBzgFBVV95cUxNcVhQaTFSNlJLTDJ2VVRHeW4wYkdHNzU2a0VaSlZGM1FKT1diSUpEWnBwbE1qVm8yUEpZSEpYak9NdEktblRTZ1hZU092SGlsWVAzdEdaQmt1dXV5WGs1SUstRWt4cGl2YmNxZHJQa2dJNm5QQThSRTJrenl2dGtTRV95eWNJNTJyMkNRalJqRHF2cFYweEpLWEdyOHozaXNJZ1VyNktTcEdaVlJBMUNOZUdvbmdYSkF5RVFuUmNuclZPQWFfV013VkdFZDdQQQ?oc=5,True,menolak,1,0,E1_pp_disahkan
"Daftar 15 Negara Ekspor Pasir Laut Terbanyak di Dunia, Amerika Serikat Tertinggi, Ada Malaysia dan Vietnam",Tempo.co,2023-06-01 07:00:00,https://news.google.com/rss/articles/CBMi1wFBVV95cUxPR1UxdzZQcUNCYi1WSUdpclR4Y1ZlODI0bE4xQ1V3UEVRcnhQYkM3emtaRUNwWllOeV8tNG1aT21WSXUzS0UxZUxwY0JhemNYWi1GUzdHeTA4M0xsWDlZSE9SZGROVndleGlWbkpWY3hUaWQ5eEZPS1JVVjlsVzh4aVpreXdXMXAxSnFiSllBM1Bra1hPMFIwS2RfS00wU01KYXRYMUVORWJJVjBUUG53ZThpVEJpVFJRTjgwLXQxZFkwLWZHU0N0VmR2OEMwRWpmQXlOT1F1VQ?oc=5,True,netral,0,0,E1_pp_disahkan
Pembukaan Keran Ekspor Pasir Laut Dinilai Untungkan Singapura,gokepri,2023-06-01 07:00:00,https://news.google.com/rss/articles/CBMiigFBVV95cUxNVFNfbmEtWFlMbTZpX0VkQUhPQW9WQnQwVjdPc19MVW9qQ1k1a0VJOGJMZ2RCOW5wa0t2anlITTZIbUJRZklvVlFoZVl3MlpEc0xtbmc4YXVTTUpoeVVMUUhFeFFDcXlNMTQtX1pHZnJBSHozdGlJNC1fNDh3aFFQN1lmdFdPX000OGc?oc=5,True,netral,0,0,E1_pp_disahkan
"Media Asing Soroti RI Buka Ekspor Pasir Laut, Singapura Bisa Untung",CNN Indonesia,2023-06-01 07:00:00,https://news.google.com/rss/articles/CBMi0AFBVV95cUxPZzJXa1hnWGdZVnA3Z0hpd1lxYTB1Y1lId0dYUER3elZyWXZIT3VZSTgyanpoVFRJc1I2VXVFc0FmdnRhZVdGSk5USkROY0l2NzVZWS1SX2JoeF9tTHhlOTBLUVBFR0hYMTQyWGJURHpMalVZUEg1TENNa1hGLWNfSktrclNaQm4tUG43dG1HeGhUV1czUWZuVnN6c3Q3S1A1bWtXRWMtU1E2X2h1MXhIeVQxWGd6VzdzMUtvSTE0ZzhmZWxNV0dhQ3R6ODhHNG000gHWAUFVX3lxTE9tUmR5NENJU041cjgwX0JNdm11N0wxUDhpTlhHcTYtbTdDRTg2WExxTHR1N0lvM2JXRjlSZ1g4MUc1cHB5N0VTUzVxVUExajVsLWxCLURKa0k1eThvUnl2c1lKT19tN0xFejR6VldwNHVFeHVlN0NfTXlralZoNVNWUXRieEZhQUE1RHRzdmFRZ3R1aURSYS1SNmlQYlN6R0UwcjQ5OTZJT0dscFo5WXBaNFNMVmtfV1g4MlFVNWxUa3JfNjFYbDFCZjc1V1AxeEFKMjM4b1E?oc=5,True,menolak,1,0,E1_pp_disahkan
Populer: Singapura Happy RI Bisa Ekspor Pasir Laut; Garuda Bantah Mesin Mati - kumparan.com,Kumparan.com,2023-06-01 07:00:00,https://news.google.com/rss/articles/CBMivwFBVV95cUxONzZ5V2pZQ1MwU3ZLSHJsMWk0NVBrUG5xTzRJcUQybXZBWkNJXzk1bUxlNERMWDB6bHljbnFsdGoyTjQteUVKdm5QZ3RUTFV4U1VCTUNHQzYzUDY1V0hjQ1B0ZlE0SEszMnh2eXhfcnlkcURvSWh3bVJnM1BHd29iLWxIZlpUV2VTcFdvcFIwYTk0dTJ3dzFKYjBhdmk2UENYU3lfUzFCNTVJcEhLOEw3ZTZWU2NQWXZhZUd0blJDVdIBxwFBVV95cUxNUnUtUnE3enZBTGdpLVhSSG4zbFJyLXpzLVdJblZrM215cGFNbmpHNUNmWmJEcGpWMUxLM0JITDNDMndJVU1aeWtMVG5lMnlYVHBuN0U2S19aTTVNY3FJNDFOVUstdlM5ZG5XX1dnTHJzdU0wcHlsN3VMZlEyaHJCSldvNlRHdldOVHZIb09ES3pCc2lZcDFnbUFoWmdZRWJ4c1gyTUw4c2RMVG1GX2hKSzA3Y0l3YlY4eE1zZngyY0xaVHhOaF9B?oc=5,True,netral,0,0,E1_pp_disahkan
"Heboh Ekspor Pasir Laut, Deretan Perusahaan Ini Pernah Lakukan Penambangan Ilegal",Suara.com,2023-06-01 07:00:00,https://news.google.com/rss/articles/CBMiwwFBVV95cUxPak9kbW5nTzZWSnVlNFlETDR5eGR5VExucWNMNFp6MG5pWExNQ1lXWXRUb2xFY2FaUVpRcVJ5clNBbTBCYjc0Mk9fSlFQNkRtYy1FTUU2eV9FQ3pET3oxZHl5OXZLTGtJOHB4elEtMHFRSldYUG44YlJpYTBrMjMxQzRmR3F2di1qd2VjLVEya2tfU0VyQ1R5WW1DaUFPUlQ5QXJoMjMxaGpSMVF3Ul9zS3ZBU1dYNy1WVzU5UnJxNEFoSHPSAcMBQVVfeXFMT05IczN6SF94V3BncnVta3VMSWJnejM5N29qSDNISDJlQk1NSmNoVmtQcjRPU3BYWUFLb3cwelkzVE00MklDYVR2MXAtdTlnX2laekJ6QjhScWtjU2VDTXNjellENklCRFdPSEo1eXI1ODRqbG9YLVY1NG1INFEzampYMmZQeFBjN0RyTHg5MGlkZ2w1ZFpjZ2hURHRpcjNNV281cVNYYmRjOXViSXlQbFMtdzhyQzl2SHZ0YW5tREVJRW1Z?oc=5,True,netral,0,0,E1_pp_disahkan
Ekspor Pasir Laut Dinilai Hanya Untungkan Pebisnis,Kompas.com,2023-06-01 07:00:00,https://news.google.com/rss/articles/CBMiowFBVV95cUxOc2I1MEV1RE1RS3JJOWs1Q2JBWFBnbW50S2JHcUpWNGItVXdMcmVSNVNjYUFRMzdoOWZlUGxaWlJZa3dsTDhBbllBbE9rQlB5OGtCYlJsa1pXcm5hVkhhRTJiNmk5MXo2TVVNUU9lMmZ2dy1nSzZvQlJvLVJXMTNEVEYydi0zMzJlTFJRVXVjQ0MtTWNBYUY5ZVI5LTBBUlJlQWpn?oc=5,True,netral,0,0,E1_pp_disahkan
"Ekspor Pasir Laut Jadi Sorotan, Ini Isi Lengkap Aturan dari Jokowi",economy.okezone.com,2023-06-01 07:00:00,https://news.google.com/rss/articles/CBMivgFBVV95cUxOVDdHWDYyem12TTZQSWVCMmZnT25TYzhKRTRHdkdiUW5DeVItdVNyaWMybHdhZ2lpU2U3T3V4U2t4MzJZN1RQS1MzRnlWM1FjLUIyUzZ4S1hLejlCQ1FiZWN1TGVWdElEbWFFcFZkejBhWl91Sk5OdDJVXzV3aXFZcS1PcHU4ajZ1eHpRcUVCY29uLW5TajVhcFFnd0dQVzA0VUVKWmVLQzB0SEZCQWhTSkl2Z3BnWGhWck1UdzZR0gG8AUFVX3lxTE1tVGM2cFZFOEJBMnFZR09Ec0lxNUU5d3dxcDE2X1NuTjlUWnhQeUctN0V3RHBUU0xSX2gxQnBrd19IMFVxTjZTc3BEVEJHWHdGVjVoS1VUMEVqV1p2TC05bkFKaUpiWTZPR3FncExndTZEYjBNNmstY3otSDZ0MHBsTmpRWndmYjdYMVpEYnFiUFRyMDFJNGRqRl9wMnl5eU84Njd3VnZjZTlJenBKY0ZNSFVjSmJ4dmpzM2FO?oc=5,True,menolak,1,0,E1_pp_disahkan
Singapura Paling Diuntungkan dengan Ekspor Pasir Laut RI,Kompas.com,2023-06-01 07:00:00,https://news.google.com/rss/articles/CBMiqwFBVV95cUxOemtGb0tWVDItVjh1VzNQbVdVRkE0X1A1WndWOW1ZakJUeFUtMGw4NWhMMkJJT0liZEpoRm1aMjhCSVpXZngwZjlhWjJBNU1YZTFkckRwd3M2eWI3UEV4aEh3ancyZzBKV3J4Vk9MaFFZTHo4RFlmMVZIMnpXZHV2NGdILUw4MVFGSXQycmVMZGJDWndhd3ljQUdzZWREYkJDcHY4TjVrc2xDTlE?oc=5,True,netral,0,0,E1_pp_disahkan
Pengusaha Ungkap Ekspor Pasir Laut Sudah Dilakukan Sebelum Diizinkan Jokowi,Kompas.com,2023-06-01 07:00:00,https://news.google.com/rss/articles/CBMixAFBVV95cUxQN2xmelIwdkNVQnc3Z05HVTd4TWVUaWJqWU5EWWEtczVpbkstNHEwVDdYeURfYkRHSUlaUk0zVWZlUi1RQkFuVmNnZVJ0UTlMdEtKOTZNdGJPWTVuTWVpbmdIbXVqZlRuanhvZGVHT0ZHVG5kdGp5X2RPS2lOMkZiQnFURXNrbVEtQjA5R0NjUVlZeGZXdGZQWTZpbEZPLUtfNWRRbzZ2Vm9OWnJCbV9DZlgwWDljVC0tZWdWc0o4c25hSndT?oc=5,True,netral,0,0,E1_pp_disahkan
"Negara Perluas Wilayah via Reklamasi, Benarkah Geser Batas Teritorial?",CNN Indonesia,2023-06-01 07:00:00,https://news.google.com/rss/articles/CBMi0wFBVV95cUxPajRRcnFObTlZS2NBUzRyYVZxeXdWWFFrTmZ1VmxPSnN1bEhISnZDdV9MSjFnZVFudmJveUJnTlpkU2s5S3MtOHlUMXRwc0RSeGs5NXRrSms1SDU2b0VpNXpSbE5FNUdqeXpTOUVVV2VrYXBHaU41a1hfVjgwaTVQS2V3Z3dzRXpkNzJ0eTNTS0dfQjZNb2RXZWdtdnZYdTVuWmZ3SW1hd2R6bGZrS3p6VjZ3MHJSUlpBeHJvdk1IcjB3RjVzdU5kSWE4U3ZfcjRkQVlR0gHYAUFVX3lxTE1HSl9CNEV0ekcyLUpnaGtmcEF6QkF2OU02NWV5N1pyVEgxZ2g5SnFnSFB4bmZaX1BvTE92V01RN1V1dHk2aWdKVUNndDZXM2tPVlhuMXRJcHNEaFpSYXZxdU4tMC1Rdy1zTUQtUHBvUjR2Q3BSZXg5WnQycUlGZ2RkMi1Sb05OSVRLNkFaZmNoQkt2OXZWLWZGSENranVIUDhjSTBTR3dzeXRZcml4VHJGcXFpTXVoOUhMa29mV2tGa0NCY0FGRE9lQUZ0dEdvWG9UWEtjX3BsQw?oc=5,False,di_luar_topik,0,0,E1_pp_disahkan
"Jokowi Didesak Batalkan Izin Ekspor Pasir Laut, Keuntungan Tak Setimpal dengan Kerusakan Lingkungan",Tribunnews.com,2023-06-01 07:00:00,https://news.google.com/rss/articles/CBMi3gFBVV95cUxQX1B5eEl4UTJINXo4SWUwUXZpWFIxN05McWJ2RWZFRnNOcFVvQXI2RmFSTkZxR0dEYTRnVEVfcWJkZzdxdDJtUEFKNFZPRFE4NVFUNUt6aUF5RDVmVGRYTWtudVg0dEMzS1V3Qm4xTjVwakNIa3M5alVXNE1QZTRwSFh5b3JSQjF6akI2aDNCTmxEQUtsX2w0RXowM21Bc0RVZzUtSTF4WTdEUVVFQUsyeXNIN2RrcHduNHhDYXpJd1R3U1g2NE90TERDa1BNYnMwZi13Z015ZWZTcU8xSkE?oc=5,True,campuran,2,1,E1_pp_disahkan
5 Kegunaan Pasir Laut: Jadi Sumber Energi hingga Bahan Peranti Elektronik,Tempo.co,2023-06-01 07:00:00,https://news.google.com/rss/articles/CBMiqgFBVV95cUxPc3VKSUJyWV9EN05VaW51cURfYTVIczg5ajNSd29NRmVLQWQxZHBFWEpUN0pLVFFWeGt0dTdLTzhJSDBuN2FweXFHVlExclNtQ0ducTVMbVl1TnRvSmg0bUctdXVmR3ptOFJLUGF0N293aU1lYjJ4dzB0RVhUaTVWU05yQy1aNjBMWDNOZ2kxRXFVSW5FemhzZUxqV1N0VjY0YTRlX1ZocmR3Zw?oc=5,True,netral,0,0,E1_pp_disahkan
"Jokowi Izinkan Ekspor Pasir Laut, KKP: Akan Ada Harga Pokok Penjualan",Kompas.com,2023-06-01 07:00:00,https://news.google.com/rss/articles/CBMiuwFBVV95cUxOMWlfOVhrcDN6RjYza2RnSU91WmpFQ3VVQUxNaF9Wa0dYcmZWam0xZjQ1R2QwdGJHT0hrQlBnbDE4SkQ5LWZHRVhqdHNOVGg1M2ZmUFB2SjJKY2JkNUtMWlVwaHliN0pweEZWYkhaR2tmeWtkcFJST3EySVJmNUhwYXk3LXh0VHBhQWZUZ3VaTnZUd2dhY3lwY1l5NFIwSWtvLUpnOVFlZ2FocmNNYk1vcE54SWdBRjJGREpJ?oc=5,True,netral,0,0,E1_pp_disahkan
"Tuas Port, Mega Proyek Singapura yang Bisa Manfaatkan Pasir Laut RI",Tempo.co,2023-06-01 07:00:00,https://news.google.com/rss/articles/CBMirAFBVV95cUxNVWU2WC1EakRWU1JFcDNtaF93SzNMMlVlcHh3MW04VWFLd0FfdDVfX3FwWFF0Wmg2RjFmVnVkSDhLVjJyM00xbVJUYnBXT3d0dzJkT1c2aUVNQ2U5S0FUTHg1ck9RNmRLSk9WRmpyMDFMNUcxcGZoUzNNNTl0Mk5NV09mVEo3Mk1qTkxqa3VaLS1xUDNTNlVCRGVjaHFsVGd0Z2xiOGdfYjVYQURQ?oc=5,True,netral,0,0,E1_pp_disahkan
HNSI Karimun Minta Kebijakan Ekspor Pasir Laut Kaji Alih Teknologi Nelayan,kepripedia.com,2023-06-01 07:00:00,https://news.google.com/rss/articles/CBMinwFBVV95cUxQNnVLRHh1WDlSdFBLZkdkU29iMjVWMjBaa1Q5WlRrMEE5ZlkzSW5pa1RCdjlISWZ4TTBfZ3FPUTZhY2ptclVDTmpfSUlDX3dRZGE4SW1Jb1gzSzB6b2M2MkkzZ2ZucDJxeFZzdTRzcXRvbEloNVVNWkxVSFZsc1JvRkJFeFptbWxWLWtIU1VLanhlT0lUYUMwNmhzZGZQbmc?oc=5,True,netral,0,0,E1_pp_disahkan
Walhi Siap Gugat PP Jokowi soal Sedimentasi Pasir Laut,CNN Indonesia,2023-06-01 07:00:00,https://news.google.com/rss/articles/CBMiuAFBVV95cUxNbTZkU3NLa3lXTmlTMkdYTHBhaXFsMFkzUjkwYi0tQTNQNEV4RW1oVXlzUW45QXpMN3dxMTFyR0dnY2xuOEZMZ3FNWE9NaVV1ajBPVS1fXy1PbE5CMDMteHhUaWpuZUJGaGUtZk5LMEZxSWxCWGZHV0psX053S0NiS0lCWGJxMERhbV9fM0p0UlhCUm9rdHU5V1dBSEsxeDY5RkkwTlppeWw3bEhDWjNwYWlnWDQzLWhW0gG-AUFVX3lxTE02VzFOMGJIakw4RVhCY2kyRTZuTFgzeGs5TTVyRlJvbnp3cERxb0lCUERvb1JIMlZiUW4wcEJuWHJGSGtpMXM5MHZnTE5pWGlxVjA0T3AyakpOUjAzZmZKUnZUcFlqaXAtWDY4cVM3SjZXcmlTY180elc2bXl5N0xGR21XbzNRVDFGa2V6TmJ3cEw3UGt5UEtkc2RWS0s4R3RjeDVNdXc5VlIyMndrazFsQlVqTjBaRjExZXZzRHc?oc=5,True,menolak,1,0,E1_pp_disahkan
"Greenpeace Tolak Masuk Tim Kajian Ekspor Pasir Laut, Kukuh Minta PP 26/2023 Dibatalkan",Kompas.com,2023-06-02 07:00:00,https://news.google.com/rss/articles/CBMiwwFBVV95cUxOWl90RnktX3RBc3NaekdBdExzbXFSUXFORm0xZDlzVmZfWjJ4cjBMaVF4djM5eFBBQjVUM2RuQkdPcHhwT1ZiVWRra1pzaHotZkNDUkpfVmZfa1JnemVDaGRoZjVjOUVCTEVYckF4Szhod2dfZnRoUndSaUliMTl3OC0tSkRxTEQxT0tLSDV1bnZia1NyN2VSR2FXa2Zkc2lMemp4ZTdoaXBZMXJDT2dfeDF3a3hGaDJvNEptMDJ6LWpxX1k?oc=5,True,menolak,1,0,E1_pp_disahkan
"Soal Ekspor Pasir Laut, WALHI: Ladang Bisnis Berkedok Scientific",Tribunnews.com,2023-06-02 07:00:00,https://news.google.com/rss/articles/CBMiqwFBVV95cUxOUmdhTm9pLV9VUGhvaFplZWNETll2T3JONTJ1ZFRLWGpmZlNPNGxZaWlxbl9OM1FpbF9pVTZjUDNBaWdUTEhFUmw0ZS1xWjkzeEdvUUtUNzFGa3JZRTVSM3daOEVkcGN5T0hVMzdxbFpNQXNRU3MzVDZucGlySXN2cjh4Y2Zmb3NTZXRVN2tGSjhXaW9DNGIySnJfRy05OFNuNGI5NWptaENQbms?oc=5,True,menolak,1,0,E1_pp_disahkan
Ekspor Pasir untuk Singapura?,PinterPolitik.com,2023-06-02 07:00:00,https://news.google.com/rss/articles/CBMiekFVX3lxTE04WVJFYmhOLWdrblRzVHJCN1pia20tUkRkWDV0MUcxcWZrUXJNVVV1cERscFJMSHJHN1RtTFBsc2RLOFJRZzc5dHdSanhOVnloaTBWY2xnVEhnSDQwUzNDWEhfRjVNcWVyRFMxcGJDMU96c1pvbUtVN1Z30gF_QVVfeXFMT0x0WkFhQVAyX25Yb1FJcHlxN3lzc3lYWnYtVEd5OVVDWWtwdU01MGZQa2x4TWdPblFtdERIRVQyX1M2bTdmS0dQMmdqdVo1T1hMcnhfN3k0NW0xaV9iSU51RjM4aGNxeFd6U29aM1BrNWYwcnJpWllwLWp5ZWpLTQ?oc=5,True,netral,0,0,E1_pp_disahkan
Ramai-Ramai Tolak Pemanfaatan Hasil Sedimentasi Laut,betahita.id,2023-06-02 07:00:00,https://news.google.com/rss/articles/CBMikgFBVV95cUxQN1QwZTlxX0FqUDNUdFNReEFjWlFuYmdYVkF3d0JaV3F5WmJTck1IdlRzUUZ4Q1JQQmh5d1A4V1M4YzVvTXdTYVlxUWRqZER6bnU3ZzRJOVM3aXJVN3hwZnZBMlBwMWR5VkthYVpiMjYtWlNJV21qdTA5UGc1bDBkRGJiSC1mbEZEV1htcktIeVhoZw?oc=5,True,menolak,1,0,E1_pp_disahkan
Pakar Sebut Pengelolaan Sedimentasi Laut Harus Utamakan Nilai Ekologi,finance.detik.com,2023-06-02 07:00:00,https://news.google.com/rss/articles/CBMixgFBVV95cUxNNmQxSllmbi11Q1VVbE1QcDJ3OHJmZVdTb0hkVHRYWUlST01fM0xmMno4WHlaSGZwZTE1ZHUyMFJwRGJJaVByMUcybzVJMGJEVnQ0LUdsSHZEMkpOcGlNN0tYN0FtZXVIbVg2TGtHWUVRdjRxZVB4MG9VQVlwOEtEVEZ0SENsaE1ZTnRSdU1fYVRQbnhiTjVublByM3p1Ym5ncFNucE9nSzhJVWdlMFBJSzI2TnZzdEhSSjNhdUJWNnNIVWtUTEHSAcsBQVVfeXFMUFZWeHJnOUMtZVBrQTdGaVVqN0VRaGw0TjEtOU5xNHRvdzZ2Nk1PM29ta3lLejBxSy1iOVVMQUt2WUNxTE5WSk1DWG4tTGs1dmF4ZVVjbW5iWFg1Wm80aU5XUnl3UTExV2dqQklBQzYtMDBVa3UxLW94UVhUYTRBdWVTZi00UkNwUGFYZ3ZWTTlKbXZPQVpNMEtQMmVsQW1kMkMwb2xqN0UxVTEtemlldHR4VWFTWGVyeFR6ZGx3MUhWM2M4YmR4TjYtckk?oc=5,True,netral,0,0,E1_pp_disahkan
Investigasi Global ERC: Pengerukan dan Ekspor Pasir Laut Terbukti Merusak Lingkungan dan Melanggar HAM,MODUS ACEH,2023-06-02 07:00:00,https://news.google.com/rss/articles/CBMi1AFBVV95cUxNNWNvd09ubDRhRFpDQ3VvZlcyWWVQMWRaWUx1UURnTTJuTUVURTZXQjF5WFU3dURSVDByMS0tVVktdVVlN2cxLTM0NzVVc3VXZmZRcVJXSnpKUGlYQzZMcGxiUzlNd1FlT2NrT0JaN3Z1eDZQamxpX0ZHTFd2RjctNjZiWUgtV0Z4WklUbklxMlljdkxMLVdCeHlobVUtZTg0TWQwSGR1LVZoODk1LWJmT3ZFd3V0bVhsTVBRZ25DanR3R3c1NEJ1LW1aa3pYZkh6Ml9Wdg?oc=5,True,menolak,1,0,E1_pp_disahkan
"Soal Ekspor Pasir Laut, KKP: Kalau Tak Dikeruk Keburu Dicolongin Orang",liputan6.com,2023-06-02 07:00:00,https://news.google.com/rss/articles/CBMiswFBVV95cUxNZk9rSHJvUXBnLUVpX2ROTkZ2anFhLTlsSlVkVVZ6ZXhrUkR0MmFqYjZISURMV09sWTJKQ044TUJObWVyNHBYTl9kTmF5T1BVNzlPZlNiZjBsSFBYSWFSZmczeEJITXlCT3JVaDdHUkRTT1BaU1U1UGxmZWEyRVR6dWZPYzNFaGZPeFFTV0R1OF9QdVBmS1hfM2lIMzNzWWVOQ3p2Wm90UXZ2YWN3ZXZ2Sk40VdIBqAFBVV95cUxNU2NPRTQ0eXRrU1VFSFAwNGdQQ0FxUWxjOGVHeUlwOHl3OGtkUEREWjZSOV9sM2F5RThjcE5zQ2hPN2VkemlwOGhGZ1UzdFBxVHV0SzZOd2xxRUZ5YWxFZEViTUNXelhva192VUlZQzBSb3Zja1ROWXFpVG1uOWt2MVY4WmloamhFVGJaNEo2c0o0anp3WHBJNkRsVlN1OHVGYTFkS2JyS1Y?oc=5,True,netral,0,0,E1_pp_disahkan
Ekspor Pasir dan Proyek-Proyek di Rempang |,Republika.id,2023-06-02 07:00:00,https://news.google.com/rss/articles/CBMihAFBVV95cUxNSkxxZ0l0dnhkQUItNk9hQlhVVXpWWWZSbWh0bDZtdFVfM2pRTllrbFdyMzRLcWY2dE9rM1ZaaXROOUxKaUhaRmNKdjNIaHZ5ZFJWS2hUbGw3V1FQZG5sMFhIU19oYnFiNm9oRUtBb2x0YXY3TkstN3VuVFdmRGlySDhkbjA?oc=5,True,netral,0,0,E1_pp_disahkan
"Walhi Nilai Keuntungan Ekspor Pasir Laut Kecil, tapi Kerusakannya Jangka Panjang - kumparan.com",Kumparan.com,2023-06-02 07:00:00,https://news.google.com/rss/articles/CBMixgFBVV95cUxQTjBMOHoyR2V4RTBpN3N4UF9BbGRDMVRfdWNBQTZUS1lkWHVhTXE5RmgxRmlCR3ZXbFRIaThxaDNPOXVOSDMyNlU4M1RIZGZ1NXlJZEFjQThlNm80NVN1ckI0cGJpVGpDN3JsVzh4X2dVV1hfa1plQ1lUbUFjcFhXby03OFZqc28wT0NZTzByRVF1YUliYnQ1TEwwRnR1M1daRVBMRlJTM0ZERHhBRkhmNXV4NS1BMWNtMWFaN0JHT25uSjRKVVHSAc4BQVVfeXFMUFYwYVdVMHJBTlMzRU1xMWZTYUdrTUVad3FGZlowd3RKZXk5azZfYjVLWEdxR2wtSHVJVVdqZm15YUZyWlpXQTdHaTcwc1J5cGZqTkNUSVloczN1SW5jZ3I0WnV0UExJWDFXRWxpVmJJTlkyTlcwZklWZTFtNG03bl9LVUxHd2hOeUpHMi1sQXhLT3NvWnNQbUF6ZkVsV2I3QmtRT0o3Vkl0b05Qakg2Y0QtaG54RGxDSDl6OUdQOTVUWnZLalZWMmFFNWEwZkE?oc=5,True,campuran,1,1,E1_pp_disahkan
"Benarkah Demi Kesehatan Laut, Pemanfaatan Sedimentasi Laut Dilakukan?",Mongabay.co.id,2023-06-02 07:00:00,https://news.google.com/rss/articles/CBMipAFBVV95cUxQRHpWbUNOX2dZQzRHV2lnRTV6alFjOGlYZjcwVkZjLUpyTzZ4MHVYV2M4Z1FfWV91TEhYb1pXYzhEb2p2M3JWVnZJbUR4TWxHbjhMeEdmbHExOTZrU05RMXo1WTh2cUpGR3Z2dzZEOWNNQ2RzcHM0QWp5enRsV2d0RXhkVVhuTDVaMmM1OVo0WDZIMW83eGgyZ1Y5THgyOFYxMURtaw?oc=5,True,netral,0,0,E1_pp_disahkan
"Pemerintah izinkan ekspor pasir laut, Guru Besar Unhas: menurunkan harkat dan martabat bangsa",PELAKITA.ID,2023-06-02 07:00:00,https://news.google.com/rss/articles/CBMiwAFBVV95cUxPR0ExSmhJQnJPZmM2cDdfalBWZkhHZFpETDJzbjZuVEY3VHlSMU95UFh0aGR1Z3JFWV80czVqdzlBa2hsMjZmVHBkM3ZBUVhmVDRyX0R3TVg1TXpzcEREOHJ2ck9fN3loVWVwSGtDbWp2MHZVdURBaS1QcW9rY01NU0RxYkVrTTIyMUZXemotUEJfcjRiVnMzQUNSZkhoRzhyZndZNERoa09xOXQtbW1kUmhyWExSYktlYnNHaHNmMHE?oc=5,True,netral,0,0,E1_pp_disahkan
KKP Tentukan Harga Patokan Pasir Laut Setelah Terbitnya PP 26 Tahun 2023,Batamnews,2023-06-02 07:00:00,https://news.google.com/rss/articles/CBMiugFBVV95cUxNMlVLMWZsR1lfcU8td3o2c2NtbUEwUkp6QklxS3ZXd2dCbnExVEhMZV83emh0MDEyMzFPcUpnLWc3TlZ4S2xYZjJlRlowUFZYeDhVSFh4WkZEUzVZQjVTR0ItejJrWF9JQmI1S0pKTWdjMW9XamQwNnd3SUFZQkVCcEVyaVo2cnJmSm9qV25EZ3Vsa195czZ4cmc2dEo5V0ZlLU9hWjF5bFVnbGRKekpBZThoQlNrTllJakE?oc=5,True,netral,0,0,E1_pp_disahkan
"3 Menteri era Megawati Hentikan Ekspor Pasir Laut, Kini Dibuka Jokowi - kumparan.com",Kumparan.com,2023-06-02 07:00:00,https://news.google.com/rss/articles/CBMitwFBVV95cUxPRFczUVN0cEdscVllVF9xOEVYY0IyNjBzMWVlZGhHNkpUZVRnVjVYSzNTTGtYci1WNl9HVjZSNzBqRkNCendpZlN5US1jdndZVXBHTXQyUUVNUWFKN2RIdDRtUWFsODVTcXlwTkJRdDlkRklVRUN5RTNSVmdJQTFoSWwtRVZfakJTYmF4aVZiRlRNVXRVVUdvNDZscnFUdVQwTXB2cU1tSkROelVBQTl0RVJ0QXF3VTTSAb8BQVVfeXFMUDYzaFFGWFhlUWZDaUhzLWxxYlVfMFlIS3dxTERTbE4zWWNGSHYxUUhpV3ViZ2l2eE5UbmRtazVUUHBrWFAzcE9WU0piazhMRE9XaDhTTmhtVU5rSnN2UkdobUZSOVF4WFYwTXRwZkJLS29SbkI2VktDa3lmbFl5VkEtQ3Fsb25kaUZ3dWh1Z3NpSnFpYUVEbDNiTU5mdFZqbXRXSklwWDVDRF94TDRZdEVqcVNvX2JfdFpIMkh3cTg?oc=5,True,netral,0,0,E1_pp_disahkan
"Investigasi Global: Ekspor Pasir Laut Merusak Lingkungan, Sarang Mafia",National Geographic Indonesia,2023-06-03 07:00:00,https://news.google.com/rss/articles/CBMixgFBVV95cUxNYUJEUjZiN3JadzJzYkZwanNqb2c0Q05tdXBuX0lJWmVRSDVhN0xBcmF1dGJHX2hJa3l1NXlXTVMwOHVWZUQwYzgwdDVWM1QxRWcxdWN2eVJYWjBBV3RPNEpRWmVsblFpQUdGQjBEWkFJS2VEZEdtRXRpMGEzWHZVdzE2dEVoZVltV0hNR3RMRmVodEdtY0drNnpsNnZrb1l4VVgwbzFYOGpoZFRVeUJhM1hwczh5aFYwZXBuSFZvRzZ2U0VUcnfSAcQBQVVfeXFMUFQ1Z0o1dVBhS1Vhd294Smo3LWlRMTA5b0kzeG5uaUJwNVA1dmFkeUxOTEpMOGtDN0FHLUJmQW1Ub3BSOW1lLUpnZEFQenM1cWFQS25mOGVUdHhiYmR6akxrd1VrMTVKYTF5Z1ZGX1ZpbmlqR3Fhb2VzNlRrbTF2VWIxckhMTm5NM2NHRmtIZVlsN0FLR2F1WHI3dWVHdHBlY250TWZaTnBqeTM3eGV2Sk1wSktGOWZvWkVFWG0td2s0QndpSg?oc=5,True,menolak,1,0,E1_pp_disahkan
Kebutuhan Pasir Laut Untuk Infrastruktur dan Reklamasi Dalam Negeri Tak Tergantung PP Nomor 26 Tahun 2023,Cerinews.id,2023-06-03 07:00:00,https://news.google.com/rss/articles/CBMi2AFBVV95cUxQM29PMk9IZEY1Z2Ytc2swMDBJbG0xend4T3JMLXk2OWhnOXRDMnVWR3RFX01xRGhnRHlMNVJJQTFsMmo2WnRxTFlsX1k1UHFlbVlveXVTWExlQWFBUk1ZWEJUT21Lb3Jpc25rc1kyMTlVRmhNMVFLbm9uMUltYzhVSnQyNjU0TWhRY1VCY292bHVtSVlndEFfRDhucTFidkIzSkYySXdzMlNEcnR5XzJsY2NoaHJNVGtCODc0NEdiZTN1YTFRZWljM2VyaHZWSWJ6X3I4Y3F0aVA?oc=5,True,netral,0,0,E1_pp_disahkan
"Proyek Reklamasi Singapura Butuh Pasir Laut Negara Tetangga, Nasib RI Bagaimana? - kumparan.com",Kumparan.com,2023-06-03 07:00:00,https://news.google.com/rss/articles/CBMixAFBVV95cUxPX0xxT0VzVy1uZ1JvNGFMU0pBU2JsSmtZenQ5b3ppZ2lka3lOVnp4OEhRNUJ2Qi00UUNWb0dpclhLcjlGQzJZelBDd3EzblJHVjBlblBTMEI4WDNnRDNoWnJmaTE5TEQ2Q0tINURjRVc1blFOMmVSOHBabEQ2dEhwNG8yX040a2FiV2VQU2VwTGJFZ1FuclpBMlluNFM0d2kzcm1PS1hpVmluOHhCbG96T2IxcEdGbGMwVjBDNDE2OHlBcEtk0gHMAUFVX3lxTE9yZV9oaG1SMEFYX29yOHF3eG1CTmUxZWZGbGUxZ1VKRHJJS1hvN3I0aUtCcDNNQlpjNWFoZ0NDQlZOUjBWSDdLVXBKRVpxZXZudW5LR01vYzY0MUVFVkdGMjZ3Tl9JUzNMM01nTkRIODNqUVhjOE9UbUVYNXFQaDR3Y2RObGw0Y3Ryd1Q4Y1ptWlFtQ2R1S2taZkNwSnY0dlZLa0ItX1dXMXRWekVGR05rcUh3TVNkazVVWWdRaWRRdzBrNWNNS3J1VnJGNg?oc=5,True,netral,0,0,E1_pp_disahkan
Pengusaha Konstruksi Ungkap Bangunan yang Pakai Pasir Laut Umurnya Pendek - kumparan.com,Kumparan.com,2023-06-03 07:00:00,https://news.google.com/rss/articles/CBMivgFBVV95cUxPT1NUMkdKVGthVWxlbS1IMmFtbEdYWXhDczRJWncxa2tqR1kzN29ZQUVpZGIyUExFdi14NzFxbGhoNms0UUtiSUpvVVl5ZnhFeXNsUlRnMERkazVfQ2ttS2cyaE1pemtqaFRyV21sQ1F2NzJreUVIWUZ4aEcwbkYwSUthTjB5Zm8tRzRHQWZGdEJnUFVHcFliV0hTZmtIUWRHWGNLVVZOeDZla2l6ZU9nTUlfamQ0N1NDdjE4MDBn0gHGAUFVX3lxTE9JNWNZaTV1SWc5X2NxUHd3TkxpQzF0NHNiUjE5aDZDSGE3dzByYmI5Q0lucjFMVXJyd252Q1Fmcl9KSWVORFhJMnIweHFqYVQ5SnRTMF8tN3NpVXpkbGR5TGZOWVduM3BsWHBxYXYtZF9YZjhrblRYal8tMDNoWWtJMHNVVnl3cElIUFQyanJrZURONkZiVTk5SC1CUnN6NzRrRjFjd2RVOVBQLUNDd1hkak1zS25scGdyN0ZzaEN6a3J4RGxjUQ?oc=5,True,netral,0,0,E1_pp_disahkan
Pengamat Energi Ungkap Keganjilan Izin Ekspor Pasir Laut,Inilah.com,2023-06-04 07:00:00,https://news.google.com/rss/articles/CBMihgFBVV95cUxOQUN4cDJwV08wOWVSaEVqamp0NDdmdWVTNWlfQ2NWVk4yYmU2LUdEX3paeXUyeDVrNHhya0F4WWpmRzd4THZaVktQMEpIRVc3b2xDV2ZWeTJ6SE5JT3BZeFBxUm1tUUdjcTFYSjBmdm9HMFRLRUVJRlF5ZDRJcHpZVGllTTZTUQ?oc=5,True,netral,0,0,E1_pp_disahkan
"Ekspor Pasir Laut Dibuka Jokowi, Mimpi Buruk Nelayan Kepri Terjadi Lagi",Mongabay.co.id,2023-06-04 07:00:00,https://news.google.com/rss/articles/CBMiqAFBVV95cUxOcjRDYnJmMC1xNDlFQnhSeEo4dzVLdjdPclUySzRJR1FVZ1ZJVTlrdlZNSmx3Y3ZrdHlGWVQ2STBlTTVLVm1UVk82Z210aTNmZzBIajRVVFlRd0VPZ19kUzAwWVp0VjgxODZ4ZTVxeWFfN3dzcDIzNjl5Y0wwRE5xN25hVEoteVNaVmVFR29uUmQ5V01kUmRyVXFXTDlsNDBzVUY3Q0FaM0c?oc=5,True,menolak,1,0,E1_pp_disahkan
"Presiden Restui Tambang Pasir Laut, DPRD Kepri: Harus Menguntungkan Daerah",Batam Pos – Kepri,2023-06-04 07:00:00,https://news.google.com/rss/articles/CBMipAFBVV95cUxPTEZPaVA1VThKdWJuSWxyZFk4WHZVU1NFNjFHS1Q3azRPUjlWdnBSOWNPNFNJQ2ZoaFRuNUV2LUp2SUk2TWprSHFTT3VwQnJuY0dRaHZMb1ZlZnV2eTdWM3BZNjdRVTNpYzFSNTZvTmNvM2d0N0FhbVdWWFNhVnNYRFdvVVNzZHZPR043M3h1aXBaOVBHTWFFcEt2MGhXOGZtZ2k1bw?oc=5,True,mendukung,0,1,E1_pp_disahkan
"Pasir Laut, Senjata Pamungkas Jokowi?",PinterPolitik.com,2023-06-04 07:00:00,https://news.google.com/rss/articles/CBMigAFBVV95cUxQSkloaG51SURjTUlUaHZabWZyY1BCTUFTZERQZlZpM0gyaHhJSzdxVld5ZEhUOEJkbUZXTll0OUVHYTdzZWVtLVpHemNSZm9SNUdicGlFNTFISVFEbFRWVWdLZVk2cWNRVzRyT29QRU9aUU1XbzM4S2szN25UdzVrRdIBhgFBVV95cUxNd0p4Qk16TkJWU3RiaTFqVk9tYV8wWmQya3QyS1dCampqeloza0lfREN5ZmhtWXA4V25UcFhRM2lzOXoyMXdoLTVBV2JqcGF6aVN5RXQybWJkNUNwOGY5NTNoOWJTWWxVUGNXTkZlWXNkMjM1TmMxQ1NfM0dEc1VsVnd6Z0UtZw?oc=5,True,netral,0,0,E1_pp_disahkan
"Ekspor Pasir Laut Kembali Dibuka, Pulau-pulau Kecil di RI Terancam Tenggelam - kumparan.com",Kumparan.com,2023-06-04 07:00:00,https://news.google.com/rss/articles/CBMiwAFBVV95cUxNcEQ3S2xfc2RsXzZxSWMzaHRTMmd4NzNFUWF0ZHRObGtsVkx2TWxxZDdqTUtYTnNtb0xNS0dYLXhyLXk1dFNpMW9CTkJmTHVaSHBMdUhTcjkybE9iY0k5UWRhd3d6dm5KcENYUmpfMlRWQlBUUlN5YWRBc3BVQ3ZvT0FtdkdXYzJGc1AzMEU0cXJJbG42QW1ZTmx6REc5NzNPLWcycW5veXR0a3g4MTdXWGVOc2h1NEU3V0hvN2FDbEnSAcgBQVVfeXFMTmVJZ2o3X2dzU1Z1b3VLcDJ0NTVONWlodkxvY0gzRC10aVR5Q0Rjd1RSZUJob0M0Zld1NFRST2Q3bXp5RE8xLUlKd1JyNXpRd2dWRzRVVVVjYVR4MDgwZXpJZG5mb194MnpjTjh5S2h1RDhfUEI4elI3RElKaHhyZDFuOGpRblBNX3ktdEotWnBzZ3Y1TVE0amxJYldkcTh3WmlEM1oydDltbk45Z1lyMUNUS3VpYVFTem9nRVh4bl94SlBNOVc0MUE?oc=5,True,menolak,2,0,E1_pp_disahkan
Kemelut Ekspor Pasir Laut (1) - kumparan.com,Kumparan.com,2023-06-05 07:00:00,https://news.google.com/rss/articles/CBMifkFVX3lxTE41a3FLMXM3YTVtWm9ld0lMWE9ONjlRR1hJS0txVlZCNVRKVFV3bm42UEJNN1IzOEhqRU01M3owRTZTTDAyQzBqTjlHRE1kVVdDXzV1VGdYNmtJcGNoQTlhYVN1SG9aZmgzUzRPOVNuSEdhbXBuU0dVRGowblcxUdIBhgFBVV95cUxQNEpSZW8tZmxlOVVZUjN1cGdiUnhhMDhjbm80WkJZWWY0RWFlOUJpOEZzZ2xTVlFxNmMxb3hUazVUaV9TdVNqVHB6S1dQM3RNa2JpaGtiaXdxYkVWdkhFR3c4MGNDc0djbG5sZHlxRm01ZkVkY3VJNHQ4aG1qVmtqc3gxR1dtdw?oc=5,True,netral,0,0,E1_pp_disahkan
Keran Ekspor Dibuka: Pasir Laut Mengalir Sampai Jauh,Voice of America Indonesia,2023-06-05 07:00:00,https://news.google.com/rss/articles/CBMimwFBVV95cUxPcVhnczNsNVlTM2huM19xcE5PWDRvRWUxbXczc3NvNVVRVGV5RW9LU3ZkVlpyWURrVkZjRGk5TUg4U2xzWDl3NVIxclo3dHVMYXhiMnBPVDVMMWtGT2wtYXRYWkVIT3ctTURUUWxZSzgwR08xSmpLTTJDSHFiQkJpQmxJNkFBbkNFRFFKQ1Zjbk1URVlUOEZwakNIY9IBngFBVV95cUxQdEQ0cC1NSE43OVFVaGs4SENjRl9UYV9BdWtmSjRuSzZrak9aU1NXakpmcGVqQlFINXBydU96bFFOaFdKNWo3MVprMVpmWnNsSW5fYktCWGRTMTAwa1RTUVYzYlMtQ3BScGkwWmFBaEJDX09LSXNrQlpIUnBHNFVqVkZZNDc5dndQSldfSEQ0VGljSk9GWFdXUko1ZUxJQQ?oc=5,True,netral,0,0,E1_pp_disahkan
"Buka Kran Ekspor Pasir Laut: Jokowi Dicaci, Megawati Dipuji",Kabar24,2023-06-05 07:00:00,https://news.google.com/rss/articles/CBMirgFBVV95cUxNRXVPb2pQbEZEaWFhSnpYSUFVQmEzb0lDM0Nta1k0N0ttd2FXUFhYd3pLS0pMNlAtN3JMaDUtNFlveF9ULTV1dVhVcEg4REQyUGRJWDhGekJ3Q19aUU1EYVBDTG5SQm5BWTZDZDM1b0g0SXNLWFFoc1hPZGVsbnU3RGNRVE9wSV90TWdsYm0xektHWXJqQjlBLWRjQmsyMmhGeUQ0YTBWZlE1eWgwYXc?oc=5,True,campuran,1,1,E1_pp_disahkan
Investigasi Global Buktikan Ekspor Pasir Laut Merusak Lingkungan,betahita.id,2023-06-05 07:00:00,https://news.google.com/rss/articles/CBMiogFBVV95cUxQU2RkWVV1UDJYanJHZTdIWXhMdUc1RS1GZjV1aUdJSjliOFhZcDh6blhqMU1melBRU2hHWnV3TzljVkVWNWJnaUhnTVdySUJQbzZ5djB4bGNpRmlOcHN6Q19XdFZ2dXVObTVibHNJVnJJSDZXZG5SZkhCdTlQZVBfTUhMYU41MU41a3RNc0ZCVTVRX0hhbFJ2OXJBZjk0OF8wRGc?oc=5,True,menolak,1,0,E1_pp_disahkan
"10 Lokasi Tambang Pasir Laut di Provinsi Kepri, di Karimun Jadi Wilayah Terbesar",Batam Pos – Kepri,2023-06-05 07:00:00,https://news.google.com/rss/articles/CBMirgFBVV95cUxOSWFDSmFXMVZYT3oyODJNaFpENEs3SEJxNm9TVHFpdEhuXzhrYTl1SFBjaDVWeDVJckRveGFGODFPUEZ6Q2NXdDhNVUxGbkpuTVM0UkFyNjNwT1BINlVod0dkQXY4Y0ZJWi1qb01TalVJRVIyWXU5TFhLajlZSkd6V0VDM29yRl9OMlJwYnM0cTNVMGZQTlpmQmpNLUtPclIwUDk4Q2VfSU5kV21ZaUE?oc=5,True,netral,0,0,E1_pp_disahkan
Emangnya Jual Pasir Laut Nguntungin?,PinterPolitik.com,2023-06-05 07:00:00,https://news.google.com/rss/articles/CBMigwFBVV95cUxQbWl1LW8xUVVzMXEwc0ZaUFJyT3dNVkUxZ2RUUVVYU1I4aXlGLXM2UW1FbUpJVVpaN0RqWWFZdUxMbXIyeGthM21VM25HTEVBZlVjUmZiSzVadnZVS1d3Y0laa0V0clQweDFUYUZMYlZBYy11U0s4V2VoWjZyMk9QbVNwZ9IBiAFBVV95cUxPbkY0aHFiSDVTbE9zSzZtYTJPZllvUUJqQmxNNjg0LXIxalA1M011OURGejgzZXYzazB3ZmFnNmNETnJOYWJsVy05bVM4MGxuSnhwaWRDbW9uaV83Wmo4cWdwUTlBcVlfclF1NDIyajRtX012TGxpRXdBZHJpLUxQajloVThxeTc2?oc=5,True,netral,0,0,E1_pp_disahkan
PP 26/2023 Diharap Jamin Perlindungan Ekosistem Pesisir & Laut,detikNews,2023-06-05 07:00:00,https://news.google.com/rss/articles/CBMiogFBVV95cUxON0ZYMVkzcUItdHV2cXJuMEtNdEIwcm5jUkEzWldnX1BBeFBkSXlZMUkzLUpsV3FNUjhfN0JMbHhDS0xTZUVnbEVaZWhxaWJfbThGSnJObEV5UHNxNmt1YXlBcktNMTJtWEpKcDl4YXBnRm1TbTZjdFZXbDlhOUdMcmw3cVpRNDlVTlFFdTZBX0NrbVRxZXptcVJkNGdrcDNlanfSAacBQVVfeXFMTVVabHlDcVRvdU5HTWNlLXUybTVtNkZOdmJDRTVUUnZodGxNeHNVYWcwdHBvcTMzZW1uR3doSzctbGRaUUtRWUl1ZTV3UFNEbXNQRnpvZFloWTJWc21vdHRjMnk0STk3a1pFWERhQ3htUks4Nkl5eFo5Z3lTV1hsMGpCQndSV3F4bFpRbGxreWIwdjZESkN2MC1aY3BxSVYxNHV3WmQ5ZGs?oc=5,False,di_luar_topik,0,1,E1_pp_disahkan
"Ini Profil Lengkap, Usia, Agama dan Rekam Jejak Susi Pudjiastuti Mantan Menteri Kelautan dan Perikanan - Kilat",Kilat,2023-06-05 07:00:00,https://news.google.com/rss/articles/CBMi2gFBVV95cUxOcFJSbV9fS2c3RHNqa3hoUllHb1JjeU1aVUNuME1JbElBQVVtdXlTOFVpNGVwa3ZkU1oySnlZZ20tbmxJQ054VGdhSTZoWUNBTjJsQVViOTJrRmczVFlwZEdHRF9uNHo1RW5pNEg1RmR0dm9HdGJPb0JLdTA0NTk3MHRNanFiNm9MM3cwUFhFZW45NHVzMWdOYWRCTy1lbnJYa1VrQ3hzOTBaTzEtTTJZeWhSNUg1ODVlTWhpb2lLeXZ6SUQ2ZFpEZVpLYU1KWTlrclpvQzJYZEpQd9IB3wFBVV95cUxNQ0JjSWtvU0g2SUVMeHIyTFlTcldVNDdjUFU0X1VhQnNqRHVmeHVLdW9Cd0EwR1A4MlJWa1IyZmw4WWRVUUtOdGdOOEpwSjRaSlktdzdtR3FIOFNRNjdBV3NtU3FhRzU5NzZhMXB5a1NRYlVkVGhlMVUwYjZkZHhsSHluTFdIT21kNVg4OWVPTDV1b2gydFdsSUItLWJHQTdfNzNtajg3WXlMMVpXcUpVMTVZZlBMeU1ackt0Zzh6dWkwUk93cDIxQlFndm9Ja056enV5VDU3OHNobFo1MFNr?oc=5,False,di_luar_topik,0,0,E1_pp_disahkan
Cerita Sedih 3 Pulau di Perbatasan Indonesia-Singapura,liputan6.com,2023-06-05 07:00:00,https://news.google.com/rss/articles/CBMiowFBVV95cUxOV25lSkdza25qR3RUdnNFM2FxTWlidm5URzhZYkFRM0JsRkNyTFZWbUhqbm8ydW5ROHp4cUVPUFNUc2l0MEhucTdQbnNzNzF5ZG4xS3JlY3VnUjJnSE50MGJsN0RLY3ROUjdlM19Ua0tNWVVyMzQxUGFNSUhhc0NMd0t1MVo0dHFQMml5X2FzM05RYTduMC11LUlMUnBxZEg1NHVz0gGWAUFVX3lxTE5fS1NHMGxMXzgyRUxYcjdSUFo5d1dwMVB3VWpiZ1gtWkJISW1aUXB2VTdsZ01hbkhPNjkwTWhsRjdTRnR5OG1WVWZva1hvZW5kX3pWWXRGLW9Ec2EyaDJnbXdoTU4xMTBIaEEzQXVjTHlJNmp5OUtldkJQcl9lMUlqYlBkV1hEZlJIX21haER3blV2SkEzZw?oc=5,False,di_luar_topik,0,0,E1_pp_disahkan
Ekspor Pasir Laut: Potensi Ekonomi dan Kerusakan Lingkungan Jangka Panjang,identitasunhas.com,2023-06-06 07:00:00,https://news.google.com/rss/articles/CBMiowFBVV95cUxQR0NVeU5BNnRrdmhVLXpDTThKRWJuTUU3SEo3MnppQ2MwVXlWNmFqWENyc1VreGN0aDhzYU5RdEJaa2h4Nk96S2ZEOFNLVmdGRFpKOEdIblZuTUItQzlXdkNQbnlBaGpvOFVVUEg2cWJXanFVcWxQM2RKYnl4MlhUM000a2pCSXRib09rclZ4aWM2eEVzanBKdFlqRjhWMml1VTdj?oc=5,True,campuran,1,1,E1_pp_disahkan
"Ekspor Pasir, Reklamasi dan Ancaman Batas Maritim",Kompas.id,2023-06-06 07:00:00,https://news.google.com/rss/articles/CBMihAFBVV95cUxONkh6aDk2SThfMlFZZHdycUZGSk85TFM1bEJncVJ4elJSMjZ1dWZsWDlkTkN2NlhpVW1SZEpVbTVnT2pRV3lOX2V6MWdrOWRvV3M3cFlycF9OSXdxNXEzTzNoV0VBTHFTUVNyc1dJU1RpMmN3dWo1UmxkVEtoYm1IaTNNb2c?oc=5,True,menolak,1,0,E1_pp_disahkan
"Zulhas soal Ekspor Pasir Laut: Saya Enggak Ikut, Itu Inisiatif KKP",CNN Indonesia,2023-06-06 07:00:00,https://news.google.com/rss/articles/CBMixAFBVV95cUxQZ2M0Mm9SRldQX2dUZi1HcDdBUHlvYmUxMk5UcnFfR21lUlNLTjNvekZqal9Ed1E2LUNBNEItR3poN2R5NWQxWkhOYnJXUjF6TEpXMnZlXzVWZkNfc3RUZ3ExZ08zcm5BRHJIUjJ4TW9TbUVVT1RqU0pvcUVqQXA2WXpEME9TZEQtYXd4R1BqRTk3VFh0bk5NU1RPRVhHYjhJbUcxcjc2MFVkZU1yS2ZLUmRvN0JNU0NZYUpRbHBDTEYzMXRI0gHKAUFVX3lxTE1TcDlmRmZ2VHdSNjdld2duQjJtRzR5Uk1EVV9IQ0NnRnQ2d1pLNlFpYWdBUHBfZ1F5bTNsSmJqYXdaM0hOWWFiZFlwME5oZDZ1MEY0TlZtTXd1bUNvNjJsejNJMU9ueUc5S1VwMmNlcVJleGlyMG9yelZ0NWNTekNKd0Vjajg1YVZqMjlSOHcxSk5hYTNUVTJhdkctdUdPU0tYeXJhcEdWR181a09iREFOaHlpZUpRU2JXZ2Vfb2REdmRVaTBleHYyNFE?oc=5,True,netral,0,0,E1_pp_disahkan
Dampak Perubahan Iklim dan Tangis Susi Pudjiastuti - Pikiran-Rakyat.com - Pikiran,Pikiran-Rakyat.com,2023-06-06 07:00:00,https://news.google.com/rss/articles/CBMipgFBVV95cUxQSUhSbloyZGtMbHU5bnFZTFY0S3NZOGVMSVBKNFBNekZFanllZ09XMkZlY1BBOXJjdzF4cGFOUWw4el9QSkJ4VTlQTG9yTWRuQTZzN2VOa2xudkRWY0ozcXltWklKYjN0WjRpdXNXZE9XeVoxczRLb2ZtZnlxNmZuUlFkek54M21CbUoxR1hiQWQ3RzV3LUlQdnZza0JncS1TU1FwTHBB0gGrAUFVX3lxTE5BUmNJWEkyVDNXOTIxNGM0Rzh5TkNmUEx6ZC1Sakxkdk9VTUYwVUVzcWs2M01vU1pQakI1eHh0Tld6WEs1QmNwbFlIWVh2S085ejBCM0wtZ0VpZG1aczlaMy1TUi1HT2d3TDdDZDQ2ZmdDZk9VVUxiNXJYSGZhaWphSjFaUE1ZU2k0akh6S0szOUpNV2VfSEluMzVwbF82Q3dQaWNFdmRqeVhaVQ?oc=5,False,di_luar_topik,0,0,E1_pp_disahkan
"Penambangan Pasir, Untung atau Buntung?",Media Indonesia,2023-06-06 07:00:00,https://news.google.com/rss/articles/CBMihgFBVV95cUxNM05WSEFKNGdpQnVxNHdLUTk2QWVtdEZleC11MUROVDVuV3paemRQT21kOEZOUjlyOTAyZ2Z1eDlSY243MW00T2l4T1ZyYnZkTFRvSXFwM1NzX3B1MkJyNi1HV0ptcTFEek5SdG11SlhzREU2T0xtV0M1ektEQ1l1Xzd1X2xpUQ?oc=5,True,netral,0,0,E1_pp_disahkan
Aktivis Korupsi Desak Kejati Sulsel Seret Pihak Kontraktor di Kasus Tambang Pasir Laut Takalar,rakyatsulsel.fajar.co.id,2023-06-06 07:00:00,https://news.google.com/rss/articles/CBMi1gFBVV95cUxQU1ZNT3lmNWFKSGl3Tm8tV2tqc2E5LVk3NFlKLUhpRWlwUHRyalVzeHhRUlBvT3JDX3hGVF9QdUF3dF9LYy0tekNYR1c2MXB5MTZ5TzVlSEFwT180TDJBc05zbjhPYk1BSHNlTTdXNTRRNzJ4bHcybUYyeFFpREtVWW9meDVJci14VGxQd20tSDd2UFgzTnhaNUQ2amhHUHpSdm1qVkJpVmRvM0c1M2R3OXNkUEFYQk1ZZHBSTWFQVEh0dkpneG1tQ2N4YThMUzRfczZic0RB?oc=5,True,menolak,1,0,E1_pp_disahkan
6 bahaya mengintai di balik aturan baru ekspor pasir laut Indonesia,The Conversation,2023-06-06 07:00:00,https://news.google.com/rss/articles/CBMipAFBVV95cUxOZGlJcWhXLXlGZWI2QU1oLVpJbkM2Y0c2RnN6Y0VQcXR4bTBybTBYMHhac29vRF94WWllUl9hSkJkVkVzZ25yRDlLTmEtT2dkb2MtMzlYY2haYVdubWJ4QzdJWlZPS01PUVFnRkVCa3A3WDBZWlRQSy1QQ3FycUk5QktkWmpLeDhOWW52MUdqc3ZITXhXX3piQzR5aU9TTnpXQ0xSeA?oc=5,True,menolak,1,0,E1_pp_disahkan
"Kemelut Ekspor Pasir Laut, Herry Tousa: Kita Ribut, Kapal Asing Leluasa Curi Kekayaan Alam Kita",Cerinews.id,2023-06-06 07:00:00,https://news.google.com/rss/articles/CBMixwFBVV95cUxNWjl2azhHZ2IxQVUwTDhHV0JwMTJybUNPdDFYQ250MDRfb2dSMlZpdXFHVUhURUNkUjVTLUJpX1V2VGZxVi1XOE1Mb1dYTHdJcXVDU201S2dpQnNiWVZaemI4b0Q4YTFVbDZKOU42R0phYzdKbm5rQkNGcjJmY3BFSmpwUmJuY0VDSEsyZ3dzV1Rpdi0yMUk1anpqWWJGOFdWWG1jbHZpZXNsM0hOMlVFcDNHcGNxNTZ3NkdJVm85cy1lSUg5THpN?oc=5,True,netral,0,0,E1_pp_disahkan
"Kritik Pemerintah soal Ekspor Pasir Laut, Susi Pudjiastuti: Saya Berdoa Laut akan Marah",Tribunnews.com,2023-06-06 07:00:00,https://news.google.com/rss/articles/CBMiygFBVV95cUxNZlRRcUg1bWNRWjcyOFVwY3RQcnJpZnVGbUVReHdCU0lkTFI2QmNaTThaLS1DTmhRUG92dTJYOVpVSGtEQ0J2VE5lWmhlX0xoMDcxejkwRF91N2JZa0t4MldGZkQ4d2syc05jMTNUdWtVRzZrck5uanJHZThxWDdiN0hqR01QSUs1STROVmlnQ0FjNWo4SFM1NnQ0Ti1HNEN6VTNJclVPRG81aFlCSjFWZWxDbVRXWjF5NjRySjNPMkZZUUd6eUxCOGp3?oc=5,True,menolak,1,0,E1_pp_disahkan
"Jokowi Dikritik Buka Ekspor Pasir Laut, Istana Bilang Ini",CNBC Indonesia,2023-06-07 07:00:00,https://news.google.com/rss/articles/CBMitgFBVV95cUxObFdRcHVIcmJncjJGcm1Ja0lZcUZLQ1dubVM0WlZPd1RLTndCb0NOaS1uM1Q2V2JCeUpmS01GMzFQOEVoQVhueHl4QjlqVHZsTlRiT21xZmxYN3lTeDhvRmdZbDdwUElSdnBCeWVWeXpkVXVacnk2eTduT2dPRXY1aDVteHA5RmFoY3NWXzdGalZ4SFdjNjAtR2R6RWU3YUJVcXhGLTdEVEFIN1E0X2ZDenNYYnJjQdIBuwFBVV95cUxOT3p5RDdxTUt4LTBOSnU3SFAyNFhSUlc1MTdueWNqRXBBMlh5NmtNNE5SY1NDM21ZdDE2dUFmMnE5TTBZVmx1Um14dzhNaWF3anRuMVJOMFNxSmY0UjZLQWhkV0xHdzFUTW9uQXlrWGJ1eFByTXBWM1I0bEd2azNjb250cXBFaF9QVDBoYXFxX0JhUE92SzZWYnoyZ1pLbTdWR0dJMnJQaGxMb3pmbHk5QURMV3VKUFVVeTJJ?oc=5,True,menolak,1,0,E1_pp_disahkan
"Polemik Rencana Ekspor Pasir Laut, Herry Tousa: Kami Mendukung Asalkan dengan Kajian Matang dan Tidak Buru-buru Cabut Moratorium",Energy World Indonesia,2023-06-07 07:00:00,https://news.google.com/rss/articles/CBMi9wFBVV95cUxPMkFrWVlvS1BtbGEzQ1BDUV85WWgxdHJmUmZqNnJjWjdKY3R4SkFBcTBMTkJJSGtjUHF5TEdCRmNUT1pXemQ1a09Va1BxbG1sS19Ud3NBV3ZNdzNJdW1URFZmZ0xaOG9oVU9pcm04TUJ6N3UzREJuWFVmWG5JeFhYeU9lU1VzeXlfLUlpSl82OGx4Z0EwT1lWNmNFOVVrd25KU21XUkdmLU9TRFRrQXJab1VNREJ3c2hfTjNEVEV3WkpaZXN2QXdaYUVCVzJqWU1MYzZGTEY4c0ZtRHRibmhiUGttdVNpUU1GbHJiOUp1YUxHRkI3VlVv0gH8AUFVX3lxTE5LdUg5ajI4R3JoRHBqb0RQR0h1REl0ck9yZUdoeDBIdWV0V2FwS3ZqMUNRQmtCdlc2QmdURUVyUUd5OWtxQWY3SjRNUk0zVU1MRVpuUzZzR3BwU1EzaEpIdVdPdjBKbXBMWHQzQ1BUNUtDbmZXVnkwY2RDMjBTdGJWb2k3STJuU3dzVkNacC1wUEM1OUFiT2oyTzdGRUhNTG5SSTNELUFrMG9xS013Q21SNWpQT1Rtcmt4WFBUcVI4bF8wcGxqT2lsR0h4U1RLenkxRW9iQUVyQW9uRUpnTWQxUW5wemZ2NGc5bG5jdDZGNE1BZ0JFd2JmOGlUTg?oc=5,True,campuran,1,1,E1_pp_disahkan
"Catat, Tak Semua Daerah Boleh Ekspor Pasir Laut",liputan6.com,2023-06-07 07:00:00,https://news.google.com/rss/articles/CBMilgFBVV95cUxQanFBSXJjMUdHNUx4NHBvaC1IeC1uUWZ3SXNFVG5xb1NNQU1oazBLcHE5M0w1NEVrZ0s2dEFRWEFBb2lUNzVfOTlSa29YZFJROXdQT2xaanlSQjZ2eU8wa1ZmYjJSd3dMV2NhN09aWTFKTmxlcXZKallwOXlnbVJBVnRzR2plMXpEc1l2YU1ZS0Jiejh6YUHSAYsBQVVfeXFMTnRtTTJZbE1OTWJEQVFROVVhTTRkRWlZTm9YalhCdjlRc0NCMnBweEpIYXI1ajV3WHVBaFptaXNfS2VIQkgzSms1ZGE2ZDlJeDVOXzBsWDJoaE5Ld2FCaG96dWpNc2hjSjNpSDNreVMxemZkem1lUUsxMHM3Nk1xWFpTMDNSRmVoSEQtNA?oc=5,True,netral,0,0,E1_pp_disahkan
PP Sedimentasi Lindungi Pasir Laut dari Eksploitasi,KKP | Kementerian Kelautan dan Perikanan,2023-06-07 07:00:00,https://news.google.com/rss/articles/CBMiowFBVV95cUxPT3BuX25tVk9MdDN0ODg2a29lUVBnVXZqTnlqWm5VYVZ6Zmt6dEx1ZV9RSDZaOW9SSXdPWkZyWGxZc200LVFDZnM5SjRQN19Qc09YOVpSajlyR2tRWFZxVm8xMGwyNGZzZDNPMWZ0V1ZDbDVEY09tT3hqSk9ScFlGRUctQTY3cGlITEpNWS02XzRRaVF4TkZ1NnhsN090X1VWUUJn?oc=5,True,netral,0,0,E1_pp_disahkan
"Hanura dan Tokoh Pemimpin Partai Itu, Wiranto, OSO",Tempo.co,2023-06-07 07:00:00,https://news.google.com/rss/articles/CBMiiwFBVV95cUxOb2FiOUswdXY0VXN5NUoxSGotRExVbUgzY25aM0lhWjlHLUNXZTRoZjJMd0FlM2ZBaG02ODhUaEZYVzBMT05oZEdNSHRoTnFCWUxjZlI1ZUtXV2prMHVkRDBxS2FuSUJ4WTVaOWtWRUxWZWphWWF1QzdNNXRsMGh2OXU2d24taC1xanJV?oc=5,False,di_luar_topik,0,0,E1_pp_disahkan
PP Hima Persis Soroti Izin Ekspor Pasir Laut Setelah 20 Tahun Dilarang,RM.ID,2023-06-07 07:00:00,https://news.google.com/rss/articles/CBMisgFBVV95cUxOWDBTZlNJWjBud0xQdnp5U2t6Z0FZMkdVSXoxbWFGcHR3ei02RXRBN1ZhbWlvSDVjWFptaVpNNllHQldZVkhOTDIyR1dyeGZCLXdZY1VaZmRMR3JyQzRtVzZZNGY5cU00NFA4RHBpN08wMTFkTXRVQUZYM0lTeklPTmJMX0NkUFAtVmU2cmtGR21wMi1MZThxRW84d0JkaG44dF9jYjlzRWtkN2Z5NjUxNVB3?oc=5,True,menolak,1,0,E1_pp_disahkan
"Buka Ekspor Pasir Laut, Pemerintah Perlu Perhatikan Hal Ini",finance.detik.com,2023-06-07 07:00:00,https://news.google.com/rss/articles/CBMitwFBVV95cUxNeE50YVdLdGhDM04xWWlDNVVjRlFsUHNKQ1VyanJPc2dGcm1DLXF6YTJVSEwtcVpSTU5PMEs5VzhlaEFFWXZlNzA0dVp5a3hwTVM3Z3JJREZ4V0RSdEhwQnRwRUtpZnRfXzk0bnlNbS15OWFfNEE5cVRNelR2Ni1RaUpkTHBuVGozTVMtUUFieHFLYUxJLWllZXVWTjVpTlpZLXM4WWZCWl9YdTVFS1IycTZCX2hESmfSAbwBQVVfeXFMTUVHWTV0X0NwX3ZYbWRZLWdmYzh3RzNVVlFBUUJHZXVnV05XNlFnWldCUU4xazBhNWJCdVV6VjFWazlyMGFBQnFlZzVTOW1wRUp1MkJiVGRHV2p1UVhEdHVaLVVRbUdtVE91U3V0Y1pWdmg1V3RYNUhaY0JfeUJBdXhGMmN0cEh1Rl9ueWI0WE00QWhnZTFnb2V4TndsNVRud1RLUVh6bXNJbXNsUmZpSHMybDkyWDY1aGZsVmU?oc=5,True,netral,0,0,E1_pp_disahkan
Konsep APPL Lebih Matang Dibanding KKP Untuk Pemanfaatan Sedimentasi Pasir Laut,Cerinews.id,2023-06-07 07:00:00,https://news.google.com/rss/articles/CBMitgFBVV95cUxOTk52X0dXTFJuZnBOOE5jNFhHS3F6THFBNGVMRnJCcG1mVGlxS0hONm9YNlN0VTAySFFXWVFfTUJvSnVhckdfekhEQV82VmE4VzN3VmNCWE1YSW9SRzNpMmU5MjhqTVB5NjdFTmlpQkRjNjZpTzV6ekJGNHBlb1hEMXBVa1UtamRxVjBJRExxOFFhcGVoMGo0QktSVnZwak5XT0hiS2ZoQXZGUU5wdW9jaGdENnhxZw?oc=5,True,netral,0,0,E1_pp_disahkan
"Herry Tousa: Kami Mendukung Rencana Ekspor Pasir Laut, Asal dengan Kajian Matang dan Tidak Buru-buru Cabut Moratorium",jakartasatu.com,2023-06-07 07:00:00,https://news.google.com/rss/articles/CBMi5gFBVV95cUxPQXR6WUtidWVWLW96c2lIdVhSZE9faVlmQXJnNDU1QjFzbFdxSEFuYWNsajZNM01ZaDh3RlgweXFyWHV6eHZiVW9pYlJPZzhwMmlFb1lLNXJOUlBUbU43X0I4cmZnR1BJMlBBMzNaSzVSemhYVDA1NkpYRV9FeUZ1N1FEWGRkWFlMZ28zelFCemdtVm1LWEd3YTd3UEwzOHZOODhsVEFTaFNqQXMzRTJVN3FDWEpzZktUcG9odGExelBUZGpaUzBEQ0ZGX1hmUUZHWWNYbk1CRVFJSXBPMTBHQ3dtSEoyQQ?oc=5,True,campuran,1,1,E1_pp_disahkan
Trenggono: PP 26/2023 dibuat untuk kepentingan bangsa dan negara,ANTARA News,2023-06-07 07:00:00,https://news.google.com/rss/articles/CBMiqAFBVV95cUxOSFIxZEZzTnVveE95TFpfYzg4ektzNFRLWGVNbk5JQ3JGcFJJalhSN19GbmRmWWxiZEo0VTRPYjZsQUhvQnpkMXdGM1JpMkhuM19lN2tuNGY5QUJMQWdZdkpRSS1PM3NTZFlVRFp6MUQwZzhldUIyY3JXV2s5Ym1oQ0YtVkZwNHFvSHRRQTNzTzMxT2FySW01cFpZUHVPd2xUa0xlMGludC3SAasBQVVfeXFMTmFDUmJVclVWWDN5aFhrRXFRbDBwWXlKYTRhOTVlMmE5VVNLY3l3WXBzZ2dfWF91VnNlUXFKa0wxa3Vpd2NUZWZ4Z3RzNnk2WFlvQjhPejVtcGJNMjh3bmw0eFRaTGo0b3JRODZqMFd1NV9LYUJIMGhScWRrbWZDOUkwdWhUVUVpOGwwcGZpUjZGTGJWMlhzNy1iUzJ1c0hGTDNTcmtGa1B2RmRr?oc=5,False,di_luar_topik,0,0,E1_pp_disahkan
"Punya Pengalaman Buruk, Warga Pesisir Tasikmalaya Tolak Ekspor Pasir",Kompas.com,2023-06-08 07:00:00,https://news.google.com/rss/articles/CBMiyAFBVV95cUxQbTQtUE5BSWtFSWJVYTdJdmZmeXdKZHBfM3VnSkpZSEhubklxdDBOZ3kxaVMwdnZWM0kwX0d1OWZyRlVpVEJvMWd6RXliOWhScXhjdm9PMFdxLUxYaF9yY3JXaGQzZXlVTno3TjQzVVVWTHJNR0pIT3oyamh6aVlEQ0JGaHdfc1VjZHBrRHpvZTZOcVNrN0JLcy1mR01GSjIzQ2JHMGpmOGR3bGJZaEl3aXhFWFE4aE9vLWl5ckQzZzQ5cDhRNFFyYQ?oc=5,True,menolak,2,0,E1_pp_disahkan
"Dari Jerman, WALHI dan Masyarakat Pulau Pari Serukan Penyelamatan Laut dan Keadilan Iklim",WALHI,2023-06-08 07:00:00,https://news.google.com/rss/articles/CBMisgFBVV95cUxPREFRLTFoUzBXNGVVZmJjN0NoSjFtQm5aWmZOV004QTdoVFV0cVlORjkzN1lleE85cGdqaUJiQ2UxN2tubnI1Qm51Rmt3NU5XNVR2cE5MY3lKQlBDTnNwY251dThzQmlBTXJXLW42RkdwVEU4SzlpejlXRmc1SDhRMDJVVzVoeU11SGhUbVFlcmxrQ1pFZktlY1l1RXBVUTJPRWxQd3A0dDE5bXRqOFNGUjJn?oc=5,False,di_luar_topik,0,0,E1_pp_disahkan
"Ekspor Pasir Laut Cuma Bikin Alam Bangka Belitung Makin Rusak, Pj Gubernur Baiknya Urus Kolong Besar",Bangkapos.com,2023-06-08 07:00:00,https://news.google.com/rss/articles/CBMi1wFBVV95cUxOZVlPUnAzMTdNcm9LU0Q1RkpqaWJ1YVM2cXZUeW5EbFoxaThlLVFoLW9PWEZ4Zkd6VTIxTlg2d0M4clY5dzUycjlYSEtoTWQ4dGlGdnRtUS1ieUlwTHdSLVM2Mi1INGw1VTZXcXlQU3hHbnpYZHVKVnh5dTRqR3FxdmxFOG94SGI3cllJWmVqdGkycjZ2NnBUYjQxaDEzZE9JSTJ2NVMxSy1MRlNfZ1RQX2s4ckRua1BmVHJrdEFabFhlbE9UcEtpOFY2dEw0MHd6WTdhMzRoSQ?oc=5,True,menolak,1,0,E1_pp_disahkan
Regulasi Sedimentasi Melindungi Pengambilan Pasir Laut Secara Ilegal,darilaut.id,2023-06-08 07:00:00,https://news.google.com/rss/articles/CBMimwFBVV95cUxQNk9NMnUzNDdrdF90SG5ILXN2NVhTZ0U1ZzhhNlhPaHJFQ1hiYnBTeFQ3SXlaLXBtUF9kaGNJeUFZVUxfY29uc0c0LWE4eWVzd21DNkROQ251TzBhTl9nYW9MOU1TN3dxbnBpYm1CVE1lRG9rdVByblFUQkY0OG5zVFE2ZE15WGNJU1FNUUhQbWt2Tlc3Yko4RTZMUdIBoAFBVV95cUxQemhRZUVaTjJVOVZnVlUxMnVYb1Z6clFnSnRURENTa0Z2ZGdiRXcyTERIbU5aV2YyNlR0XzBrSUlCaXdXRVpFY1JmbVF6ckZQUEJaS1IzMGkzY0ZLeDBYeGk4c0RJYzZDdXBNUTNMUklZa0pWUTVnUUJyc2ZOM0M3SWpQU25tM3gwckdRMWtWcVhYZDg1cUdJUTZJZXpzNldh?oc=5,True,netral,0,0,E1_pp_disahkan
"Eksploitasi Pasir Laut, Kekeruhan Penyebab Kiamat Ekosistem",Kompasiana.com,2023-06-08 07:00:00,https://news.google.com/rss/articles/CBMivgFBVV95cUxOMW5abFVUSkxLMUdiLU9QOXphci1TNkJ2UW5BT2M3ek9TMHlXbTkwcTNnRGx4NmR6TmJheS1DaWlzYlMtUzNOQmNoZ2hCRVQ2czQ5TllRaERNVnVuYnVjWmVhN282MEwzUTUwckxfWHViZGVUMVNvRU1ocjktRlBZZ1h6M3Q4Y3JidEd1MkpOQk5QZllzOENGSlp2TGlGek14RHd2MElzSnlONnRPQWVIWm9yS2dpdUpkaDNMTElR?oc=5,True,netral,0,0,E1_pp_disahkan
Pari Manta Hingga Hiu Berjalan Terancam Pengerukan Pasir Laut,CNN Indonesia,2023-06-08 07:00:00,https://news.google.com/rss/articles/CBMixAFBVV95cUxNOElBSkF6aEtSanJvbnVSS3c0OW1ZTEhQbkdPdkI5S1pMcXhqS0VLVy1sOW9Ib2JGQXUzNHM1bGxIU3M0S1NoMzJfdDY5dDV6M3BhR25mZlNnLUdPdTFlN29Jb3B5SnNkU0l6UmNNZlBVenV1cWgyRVBPVGJUNkota25YNGZIOUdYYml0cHpOU0RyUjF1NEpnSFJLdHZRQnRQT3VjV2dWSXN5S1dudVBLQVJBYlA5Tko1eW91dUtGT3dBYzVT0gHKAUFVX3lxTE1uaE5DY25vOWd6MmFYWTBpbHk3R2FMQUhxV1NDbDdXUEJ3T2lVcHNhclh6VExqNGE4bGlRc2dRUjRUMXBueFFVRXhDNmdYcVBvb1MzU1VoeWQzM19xSHN4b2VCRVN4LWhyVHM4czNaeTFmRjVaanF6SGRLQ016cUlHc3I2ZHBlaFprXzcyLUt3NXlidjVMSmprOEpCYldWY0hQaDVQVDNIbjk1UVZ2WThKeGRiWWZnOTdlZnl6WE5Ob1NHbDg4cWVLZ2c?oc=5,True,menolak,1,0,E1_pp_disahkan
Kebijakan Ekspor Pasir Laut Harus Selaras dengan Revisi UU KSDAHE,Hukumonline,2023-06-08 07:00:00,https://news.google.com/rss/articles/CBMiuwFBVV95cUxOdDE4RDNqaExJalQyazhNcUxpQUxrUHFXS3d2amowbksyZFZ6M2tQbjFTdHFlWTdoRXRQaTJha0UzbXdqVzRQTDdmbjM2M0tXLVBpbXV6UDRiYjVYX0dZXy1McFFBVFpMZDdmWmEwYUlRaXhnd29tbU1maEdabUVPNjZCcVVpSGw1elNCQk5HV2F5RXgzRkZzYm1pd1N0dVYxNll4UFZKUWliU2c0a1ZLd0E1UDRsVkxxZ05z?oc=5,True,netral,0,0,E1_pp_disahkan
Habitat hiu berjalan dan pari manta terancam,ANTARA News Sumsel,2023-06-08 07:00:00,https://news.google.com/rss/articles/CBMikgFBVV95cUxQUjNfanFqbEYzUkl0TmlVY1FoNjhsekRNY0VINmhVWlFrb1BzN3JPazJmOHZoNHJ6OHkya2wwOXROYWFxdXBHdWVLWDhZeXBaeXNzeC1RNGRJUDN3MHhfU2ppV3FWMklmdHYyRG10OEF5T3JUSE9IZFNwS0VXaEFCN0U1Nk4yZ1V0Zl9NLTVOTElrUQ?oc=5,False,di_luar_topik,1,0,E1_pp_disahkan
Penambangan Pasir Laut Ancam Habitat Dilindungi Hiu Berjalan dan Pari Manta,VOI.ID,2023-06-08 07:00:00,https://news.google.com/rss/articles/CBMipwFBVV95cUxQaEt6SVgwOHh4YnZfUFQ1VWc5Qlc1VmZjV0xULXlIUXJqOEQ0Z3RmWndtdFMtT3FULV90Y0xGUUhDTG5UWWNsWG5KQVVYVWN1REZyODl4SmlTRDFhaWRoa0NrejZCNGloTklBNjA3ekVyOTRTOEdMdjAwa05janNUUnN5TVN3N3FNc0haMm9iN0R6VWRobTExVVEzR1A2TkxSd3ZuNEVrONIBowFBVV95cUxOOWVqYUhoS0xtWGViSVQtMWhxSHREUU9RTVE4WG9XbzYzTl9panFBdGpoSWsxUVVvaDlmMnhIb3d6dHNGOFUzc1NYc3kxWnBiMS1TVFBEZ2p4UVUweGhPUWZOaEEtUUNGM25EamhlX1pZVThUc0l2RWJLaGZxWFVSSWpnM0JjbHRSQmtzMHRCUkVFY3V6aVQyMTZBME1kcmtCZ0l3?oc=5,True,menolak,1,0,E1_pp_disahkan
"Dari Plastik Sampai Ekspor Pasir, Bom Waktu di Laut Kita",Greenpeace,2023-06-08 07:00:00,https://news.google.com/rss/articles/CBMiqgFBVV95cUxQOVU4MjdhQ25xSnRDZ0dBX0JhaXNpSnFPeTZWaXBPZzhFT2x0N1RDU2RkOGpEVVpRUUVTbjV6N1NfT2M2dUpaRU5tbnl2RXNFS3lfaFQzS1lnZ1o5NllKTU5uczZKVmFQcVBRcG56UG81Wk0zZ09Ib3NRYzY5eWtPU1B5Q1h2T19NQ3AyMlVpOVdfeW53S2VOZk1CaUlSZmxoWXNtZEZwcWM2dw?oc=5,True,netral,0,0,E1_pp_disahkan
Greenwashing dalam Kebijakan PP Nomor 26 Tahun 2023: Perlindungan Lingkungan atau Eksploitasi?,Kompasiana.com,2023-06-08 07:00:00,https://news.google.com/rss/articles/CBMi9AFBVV95cUxOZHc3ME1ZLTdmeW5NeEY1eGZ3cW04Z3dfcmNFdWNlajczdTlyZ0paaDlicTZvWGpneGM3YkoxQ050NlRybnlVc205MjZKYkJsZ2pWMUlTWHRIOEgzVHVhWHk5YWZYT3BCWWtWQU1ud0M5UFFtV1BIRzFIYmZudXVvdzV4TUd1a1hvWUdDVUdvSXVOQy1CN1NhRDRUM204WVVJTmVUMVc1VlFHdTMwV0lJUmdjb0xVQzc1ZENzZ0FzeExnbGVwVjVzTXpRRWRXX3Ewa0JhcVpyOFZhUU5UYk5HQWhrUElmdXc5aFFta2FGWl9SeWdr?oc=5,False,di_luar_topik,1,0,E1_pp_disahkan
Ajakan Bergabung Tim Kajian Sedimentasi Laut Ditanggapi Dingin,betahita.id,2023-06-08 07:00:00,https://news.google.com/rss/articles/CBMinwFBVV95cUxPaDFQNzVnNS1XVDJpVHRKNGw1M2t1NkpiRXc4cHV6d0x5UFNsY2FyZVVVVXZPcXMxeU15RlBPRnhWWFZ2VmN4T0pFT2xKZUFaa00wMGotSkJpSkFWRU9IZ1VhbVhnWEJCeFk3Q2h5bXJncUJoNDlrcUkta0FidE5kQVFWUEVraC00RWhWNEtQamlYSkhKMGxBT0w4bFR0b2M?oc=5,True,netral,0,0,E1_pp_disahkan
"Lewat PP Pasir laut, Moro Demak Bisa Bebas Sedimentasi",RRI.co.id,2023-06-09 07:00:00,https://news.google.com/rss/articles/CBMimAFBVV95cUxPanB2VmRRb2hKd2xoQ0hDT01SRzhqUUs1dnVWUGs2SnoyYVRObVZrcmpKSXZJeGhsdHhQUjhlYUlBLVI1NDJjWDFkTVhSZmEzbk1LLU56di1oZGluYkYyM0s5NUxuT3FYOWxoSkl1VzdWRVE5bXZiRDY5VHlCN1RMM3RVU1FUV2k3WElyRV9PVXZfUVFOdVh0bA?oc=5,True,netral,0,0,E1_pp_disahkan
Potensi Bencana dari Ekspor Pasir Laut,Katadata.co.id,2023-06-09 07:00:00,https://news.google.com/rss/articles/CBMijwFBVV95cUxOdkR0ZWQycE9qRnN0OEFRVTFINENMQTYzczkwNWdqZHF6Ukx4TEt2dTBJSEVkd1huaWV2b2VENl9BUDduT2l1QU5DeXFVMmhzbWE2VVlYT1pTeTZHMXdGMU1jR0hJc2NMRG1BTWpuMmQ2WkJDSG0ycXdpV1dSUTlqRU1wVWtKaHl5UkU1dVp6a9IBlAFBVV95cUxQM1VTY2gwT1N2ZEVLbF9zWTU1X2VzbkpMc044SnZYTXBLWUdnUy1DQW5ndlVNRXRuOS1uNmUzMkNvaU5DZ3FLV2tLaGJIWUlqTUZZWm5BOGh4Vmx6VkpHSm9HTlNZTUtVbUd6OUNLMUZEMmZhM0w4T1R5emJLTDFoRjhKRzVTc1dULXg3QWNESW81Mk9j?oc=5,True,menolak,1,0,E1_pp_disahkan
"Sebut Menentang Ekspor Pasir Laut sejak Jaman Megawati, Zulhas tak Ikut Bahas PP yang Diteken Jokowi",Tribunkaltim.co,2023-06-09 07:00:00,https://news.google.com/rss/articles/CBMi1wFBVV95cUxQVDFOUnYtbXlXT1lzY2hWSjh4TXlFV3VoY2dYRmFMQUVja3ZzQ3ZRSXVzc1BTbVBPaUFfWjRzVkVPdGNkaFdWSUxhcUxDZGRpRzFsb0xNX2ttS3BUazJKX1VZQTB3dXpZdUpjQ2s4Mm1BZENWVWl6MG8xc05aZzFHWWJtR0pYT1dMb2J5MVhyMTNkTG1ZRllaLXFIOVYxRmJaZDNPcGliSGFmbkY4aXZaaHlKQzl2U0Rzczl0ZjRKOFY4dE9lQThodko0VDlZRlFLRnF5eXpJOA?oc=5,True,menolak,1,0,E1_pp_disahkan
PP Sedimentasi Amanatkan Perlindungan dan Rehabilitasi Ekosistem Bukan Sebatas Pemanfaatan,KKP | Kementerian Kelautan dan Perikanan,2023-06-09 07:00:00,https://news.google.com/rss/articles/CBMi4AFBVV95cUxPUHVEaUtNdXQtR2Vxb0JvYW1WRGRpZks3Mm1mN3Y3MEU3SUFrcGdTSWZ6YUlaYkMwZGF3b0xYc2ozeUlYRTcxOTA2OWM1RjhzaEJMWE5vVG91Zi1hWG9wOUpLeW13ZGxJZmxrTFphNHBCbDRSSFdFbzNHdW8zengxR2NDZWVJY0QtdC1TZFBReGQ3UFNNZ3pXbFlteU1TZy1UQ3NuVHlsclA4UnFxMDFRSlRVVmxpeVFxTXotQkVJUHp2b1NLUlhQbHBTSGlTWWtUb2JrM3dxOXBNc3JHRm11Yw?oc=5,False,di_luar_topik,0,0,E1_pp_disahkan
Butir Pasir di Laut yang Menggiurkan,Kompasiana.com,2023-06-09 07:00:00,https://news.google.com/rss/articles/CBMinAFBVV95cUxNSnByOFQzN21nNU5DeklmQmQwN3pSaXo2dEZWV2dMV0JIbkFUazIxcjhXZzY5YTZ6Snp2a2ZuMnZHUzlpd0RRcUN4VjJGSWR4a1RMYWhsVUVKelNZWEg1cndER1AzVTYyT2hON1M0NFVNbU5SRGgtOW5KeWtlZm5sN3R6S2VPbkUtVzhVVjc1ak9XWlRMb3JHQmRVLXc?oc=5,False,di_luar_topik,0,0,E1_pp_disahkan
"Soal Ekspor Pasir Laut, Daerah Minta KKP Jamin Kelestarian Laut",Kompas.id,2023-06-09 07:00:00,https://news.google.com/rss/articles/CBMilwFBVV95cUxQdUt3TmFvWmVZM2ZxX1V0MFpOTUl2Sjl2WTl6cDAwS0dJTTFwdVZNLXJCRVN0eFpHdUZLS19Wc1Zfb0dvYXNiUnFQaEZrdkZsbXVHdkxRUWd2c3duc1lqLUVKZDI1TnQ0cWRMc3ZkM0VsZXUya3F3MUZPNGRhSGFlZV9OTDNFcUVEb2NUQ3cxYXM3RWl4Rm9R?oc=5,True,mendukung,0,1,E1_pp_disahkan
Menteri Kelautan: Ekspor pasir laut jadi opsi terakhir pada PP 26/2023,megapolitan.antaranews.com,2023-06-09 07:00:00,https://news.google.com/rss/articles/CBMiugFBVV95cUxQbHhoOExmNi1QSlJEekIyRFJkYWxRdV9oTGhSaUlQUGhvSDNJTzFiZ2ZxREZBVmUxSTJybmFlN1JnOTZfSVhRSW9mRVV0TVBfYmhIZ2VNR1NKMXVYQjd5UmZWWUNJRnJnRURSU0xoOWF6S0lQaVlsUzhsNW9ZOWVOODBhWWVuMjdjREhjZ0IyMEhrbGN2UHZXWk1xMzA5b1dLUng0Rl91QjlCT085dVFKUlEySzlOTmp2ckHSAb8BQVVfeXFMTVpQcnpGU1owVGkyLW82UmRxcUxubGx5N21WZnA1aUhPX1VyNXZCWVAweXNOUEJpU0VBVVo2d0ZWc3VBZWpZR3dZeGZjcXI4V0kwYWlfWU50blQ2LTlrc1B4NW9BbGhVZmpsa0ZPR21rb2NjSUliYm9UVkdXS2dZVHhQQXZsTG04eXdBaXE1OC1YVzhyM1JrdlZaNFJnZUpYUmZjTzN3ZXQteFRjZmo5TzB4Q0dpOHZhZ0Z1XzQtRHc?oc=5,True,netral,0,0,E1_pp_disahkan
KKP Patok Harga Pasir Laut 2 Tahun Sebelum Izin Ekspor Jokowi Terbit,CNN Indonesia,2023-06-09 07:00:00,https://news.google.com/rss/articles/CBMiygFBVV95cUxNQzc1WklaV2NIdlJFSm0ycXp5S05hS3VER0FTb0txZUtBZDR1MzRETjRNRG9IV19KQmplcnVKQVZIVzRGOGg0S1ZZZkZJOHNhQk9CTFlvYnQ0MGxnMzJrV29laVIyWWlqMnRjdTNBeEYtQ3RzT2JGT2FvX3l5UXBkZ1FqQmRmeGZjNmtWY0pKbkE1d1ZGenFfTXRJRWtYTzhqNV8tWWtpaVBtNVU0bHhaWDZhTllIR1Q0R1BXcmZlUjFKT1BmdXRncTBB0gHPAUFVX3lxTE8yamtiZXo1UFg3S3Y2eWlzcUIzaTRldGxuV3h1TWgyRGh4SHJXZi1ldnM3VVlYM08wNzlPYUZnM2dkbTdSalpxZElOVEJlTFVOSUJGR2I1d2s0YlFFc0tDNm45VDV1ODhWS0IxZlNfSndNelkzTmtiYWQ2UWhOZUtTSmtOYWlnamJkdVpoRGF2c2RtV0lDem8wMDFubk42b1ZUQkhpb21wOUtGNHFRNTRuS2hYWXBFVUQ4UFpjMVUwSmQ1bzhZdVNKNHdoVGNndw?oc=5,True,netral,0,0,E1_pp_disahkan
"Ekspor Pasir Laut di Mata Ahli & Pebisnis, Apa Kata Mereka?",CNBC Indonesia,2023-06-09 07:00:00,https://news.google.com/rss/articles/CBMitAFBVV95cUxNSFlUTlFCelNKdzNKZmUwaWROVHJyZmVNQ2VNNFoxQlM5M09YcUVYVHh3QUZYM1lERUdGaE9XR3I4ekVuaUZabnhHZjFYVUVaRzlkOUFPVGhDcWM5N1V3empXeG5jeTh1YkpEWGVFTGdRM2E4UFlmRGs3aG9Oel9rVkt1aHhTS0d4Q0tGLXJObzlmT3NRdnY0enAtUUp4Q29hT3ZyVkxVdU1XM0xQS2hMRDRLeUTSAboBQVVfeXFMTk4yd0w3SkJMY3h5aV9IYTBjSm4wSkZqakJRTVVJa2xfSVhKWXlpVGN3VWJNWm9sR2RjNllEZU56bzR0M19TS1dHcmlWRWdnYUtQdDhQekhseEMycEdIOWJJRGs5LUVxZzVwMjdCS1lKNFNaREtjMnI4OVp3aTFCT2tkS2xRaXl6Vk1TSV8tb3NWVHhmdE1STGpPbXVBZjdXUE5WZHRzeVNlOHh1MWN4QktuLWNVUHdnNVl3?oc=5,True,netral,0,0,E1_pp_disahkan
KKP Jelaskan soal Harga Pasir Laut yang Dipatok Sebelum Ekspor Dibuka,CNN Indonesia,2023-06-10 07:00:00,https://news.google.com/rss/articles/CBMiywFBVV95cUxNMF9qUk1neXdNbWZYMEFhbDY5QjMxdkRNRmo5eFhkbWl4YzR2ck10MGpfNERMckNIamYxZ0RFUmptZ2pSYlhqOXc0eVFpUTYtZXZILUItUFo3TEcxckdNV0FGSDMzX3FlOEtzYnZZU21wZmtIcXp1ZmpRR29TMDNzbmVHZG1iRVRHZ1FrNGNTelJjWklsQjFDbkFwY2N5X0ZleVkyODhuOEdzcHhQZy1ub090SmZTaDRXYWNDMHlET0pubzhySUJQTENJWdIB0AFBVV95cUxNcUhOTkFDOGR2VzJDUE5wZ1BKTk5ZeHpZN1V0bmJNM3JFWld2QlJ4Z0wyUkdZOHlBMjJlVW5CckhiM3JIQlFhMFVKNXdURS0tYkxQTW0xNDM5SjZKQ09IVmZBMU04cDB1OXd1RjhMSXBjUWRzLVBZd0g5Sy1ZYm9BMUFJR1JiMGt2WTJfZHpMZEs5RkR3bmFHcGdqWDZBSG40aWdlZm0tSi1OeXowbXZOMXRhRm1yRU5iSTN5c0I3aE13WXo3ZTNTcURZalE1a2NX?oc=5,True,netral,0,0,E1_pp_disahkan
Pengusaha Akui Tersenyum Bahagia Jokowi Buka Ekspor Pasir Laut | BTALK,Kompas.tv,2023-06-10 07:00:00,https://news.google.com/rss/articles/CBMiqgFBVV95cUxQN1hCVmdXTGlPRnNpTVhrYjZueGlGZWpIeGVsNXRtV2drUDdkai12Z2s5bHE2eW1kT1gxUlo1cnRkVnc1Y3ZjR042MXdiTGpObUFvN194TG1qRXB0YUk0V255YkloaTBySk5pRkgxSGZhX0NoUEx1eWVwQnMydUxwTzZGTk1Ld29leFFkQTE2Q0hDRGhzTmdIOU1TVGVHRHdBTlkyS0liRmxLUdIBrwFBVV95cUxPSENzX0pfWWVuRkZIOGd2S2ltR0tyRXR2VHBmRTJzRXBKRXhOZGxfYVFMRUpjTklVeWpBNnRGUmFSNHRBT3ZBSnRfY201YzdOZHM4ZUZteVEzQXRMUFYyUVZreldkRXMxeGkwRFVBdmRPM3FhZ1AtRG8yQzdMSkFkZUpvWHYwZm5MdGlwUEtkWDUta3FXeHZjYTVDRFZmSEl3dkRWVXhxcmY2ajJlV0tr?oc=5,True,netral,0,0,E1_pp_disahkan
Mengenal Sedimentasi dan Dampak Pengerukan Pasir bagi Eksosistem Laut,liputan6.com,2023-06-10 07:00:00,https://news.google.com/rss/articles/CBMitAFBVV95cUxQREF6UTRDLXIzcXNQVXZlbDVlWmJ0RWtPY3U3U0lIUzhGNEJuV3BMcXdmQTFueWFCZ25fN3FnbFpCdFRGaEo4RFBsemtsXzhUdnROOU5aWUtibWMwd1Voa09HdjFqYkNXU3I1YWtnVkVTZkN6Ri1ManlXUXJlMC1yV3dISHhHQ0xybzhCbUp3LXU1QUYycmxqNzJHYnllZ2FwTFd3Y3Etam9PUWs1SmRoQnlUMTLSAaoBQVVfeXFMT3Y0OFhpOTNMZlFuYmNobjdicUJOcVozVFNSRDRUQ2t4ODY0MW1Tc3BMS1gtZmtrVUhNS2NEbUhiM3kzdVZHczdCVWYwMUt6OGZSQkpmQjlhTVhoLXkwT3U2S09tcHJkdnJNbDVxUjJDVk1UZXVBdkliMUlMbG0wYnE1STBkM0lKMUxUaWR1M19ZMEd1ZWR0aVJGRW1OdF9wdHFlU2lyQjl1cWc?oc=5,True,netral,0,0,E1_pp_disahkan
"Hasilkan 1000 triliun dari ekspor pasir laut, Susi Pudjiastuti tetap tolak keputusan Jokowi - Hops ID",Hops ID,2023-06-10 07:00:00,https://news.google.com/rss/articles/CBMiygFBVV95cUxNX2pBRk1fYmhwT0VuS09pVklVQVQ0UmxWT0hOVnN6NzZPZFpnLWlXMkQyUDJ6anphcmh0QmY4cF9VM3hMam1SeVhzXzF5aHpEZjhySjc4WlYxbUltLW5OZk9OQWlsQlJoMlhNbjY5TFM2LVMwWlRhQmRkOFNyd1IxRzBOY3RWNFRJN1VELTF6TkJYckdVcVd5S09mUHZScXdyOW5ocnZCNE9tMmhEODU3ZVg1LUpUOGhlcWxHM1ZCVVluTWxTM1NZX2pn0gHPAUFVX3lxTE9heTNYcWhjU2dWUVdYR3YxR2VDRE9wWTJJb05qVGdGUExZeGV4bU54eFlJYzFJaEFZRUFIVWd1ejlHTWhaNTE0Q2o4QXZibUdoSl9lVzJQTmM5VVQ5clZ2TWRmM2lRY1FBVFNZSGZ3U0ZHcy1fNXA5Y29FLXZSbnlmYUE2NldHSy0xZUpxWkgzUG1PN0UzRE03d0VtOFBJdXppSGFYcGlIN0xyRVpySEVUbjdOcVY3eHU4T3hZTS01Y0p3Wm1NSXpoOEZ0MDAyQQ?oc=5,True,menolak,1,0,E1_pp_disahkan
"Polemik Kebijakan Ekspor Pasir Laut, Beleid di Balik Kepentingan Oligarki",DataRiau.com,2023-06-10 07:00:00,https://news.google.com/rss/articles/CBMisAFBVV95cUxPNDN6VE1ycV9zZTV6NEw0UXRubXBDWlRISHQ3di1wdXhpTXU5N3ZoR2Q2QkdiNEtrLVdHS2NOYU1zUHdTNG11OFprc2pTSHZacjBHYmpScS1nTlNLcXlFWXhhejRJbTJDQ0E3NVdIME1sdFV0cG53dXQycS1ubU4zc2Fabl8xRFNtbnV0QTVXeWl6a1ZRM2JEcVZlbUgxZjVodkFJN1dqQTRJa0FVZlVqTA?oc=5,True,netral,0,0,E1_pp_disahkan
Jika Daratan Singapura Menyatu dengan Daratan Batam Halaman 2,Kompasiana.com,2023-06-10 07:00:00,https://news.google.com/rss/articles/CBMiyAFBVV95cUxOdzI3S05KcWFMWjBfYWxEZnZtZDVVc1gwMk1PZFExQU5RYTdIYTktQWNQelowTDEyLWFxV3lucUU4MzA4Zi1wNTJOQ1djSWlLa2UzV3VLSURhMjdoWE94LUxlTFNVSWFQQ1hjaEtidDFSVG1QYTdrOG1fekY1akpBWVg4Q1RKUHhoMFlEZVdna1k3blFReGRvY0FJVkFxUVVyTWljamMtWnZ4a081b0V6aGtaRUVvYUFvSVFkdS1CX3ZZbHdNejNQZA?oc=5,False,di_luar_topik,0,0,E1_pp_disahkan
INFOGRAFIS: Keuntungan dan Kerugian Ekspor Pasir Laut Indonesia,Inilah.com,2023-06-11 07:00:00,https://news.google.com/rss/articles/CBMijgFBVV95cUxQdkRPTTVfcWRYQXZXRF9fZ0JRVnFpcEFpdWw3b1N6LXoyTWJCZGloeDhzUktNa251Nk0wRDROeHJKU3JYWFFLN3dFVzlNbmFRendYUjVNYzZnTW85c09pRC1qVi0zdWVnRWR4WlUwYU54ZEVMelplVHpyMzZwdTJBOVd6TEI0RG9BbW5UYTd3?oc=5,True,campuran,1,1,E1_pp_disahkan
"Kesesatan Regulasi PP 26 Tahun 2023, KKP Kini Jadi Sakti",ombudsman.go.id,2023-06-11 07:00:00,https://news.google.com/rss/articles/CBMikwFBVV95cUxQdVdfNGtsV0xYem5Kd19LM0ZIOG1SM0lnNVFYZ1JFckJYRUU5aTNaRDc4RURIcnpfdUpXTTZaZDZUcFZ2UkI4MU81N2RBVGhVc3pCUXd0em1kZVgyUHJpTl9mSldDakhNSE9abUJwcXktMUN1aWdfTmJTTGV4enVMV2ZJYjJIXzJBNjVEZEFXTmF1OTA?oc=5,False,di_luar_topik,1,0,E1_pp_disahkan
KKP Setop Pengerukan Muara Sungai Tulang Bawang oleh PT STTP,Kompas.com,2023-06-11 07:00:00,https://news.google.com/rss/articles/CBMisAFBVV95cUxNRC12aHJNNzJ0amxCaWFJbW5PbWtUZG44SFFwcFFjNlAwZmJ5SGRVSW1ybjBVRkdHRmw1ZlRFRVc1VUI4clpkT1VuZVdBUHhxTm1tVHVHdWgtNkZ0R1B5bFhMMklVWjFPSlprN0pLQ0VRR3hmSXFMVzUta0VENkg2Z2dPWnRUcHNkN0NReVlEdFdpVlh1cWc1TzhCLTlxaUlhV3RvbzNWUWpIczRHVnpBTw?oc=5,False,di_luar_topik,0,0,E1_pp_disahkan
Pakar Sebut Keruk dan Ekspor Pasir Laut Untungkan Kapitalis,CNN Indonesia,2023-06-11 07:00:00,https://news.google.com/rss/articles/CBMivgFBVV95cUxOcE9jclVuZ0hJYnhnS1dZYUtjR1RweWIzQXpPdl9Kd2Jhc1llZWhZRmR5VW5na3Y4Vmh6YjEyV0ZXZzk0VE8xbWVKc2RGTTdodDI0bjlWSllWLTZOcjhpdGpqLXFzeWtabzNVbTZLckJEYm5Da2M3YzRJU25xNlRZVng5X3FmU3BtRWZVQ0pGX1A1TmpTMmRpdWY3dXJKdkJjWDB4RnpiZ1RKME9qT1hkN05WaVVoUC1nLXlMb2pn0gHDAUFVX3lxTE9RZEs3clYxbkNyWG8zUmhYSm9wcldxZU1ZQ2ZJWG5iQ0xndFNkSnh6dkFCR2RNcV90TVM0a3JxWVdxRTZQcUY2VWRpN2dxTzFQT0xwTzdZT0p6SW5lMF85aXdZWEhCcmRoRnNlQ3FJUVlZYlBIVE41WU54dlV1UHdJY0FQUk1PMmY3aGY0MjlRdmNzeVBuMDZaYmx3b3o4S1ZLSWh1VERTUzdyTHV3UUcxMEx6UnZHcEdyaVJadU8xT1Y4RQ?oc=5,True,netral,0,0,E1_pp_disahkan
"Kebijakan Ekspor Pasir Laut, KKP Jangan Sensi dan Galau Terhadap Kritik",Cerinews.id,2023-06-11 07:00:00,https://news.google.com/rss/articles/CBMiqgFBVV95cUxPX1BCZTFFQjc5RUJiaU1Kc01rMDhHeUk4ZVBpNVdTZDVYeXBEV3ZzR05SNDdlYmw0YjZBQ0tzV2J6Nnc2QXlBa3otRGV5Z1JsaDdpWnJpZlVRRGxsZTFMZmM0OE51Sl9hZjVTR0pZb0dVam9oZmI5Q2hCZXlYN3RmYy02U0ZHS0d6azZ4OWFUSTJ6bEIwUjdHTjNhdU5SMHhHWWp2QU5nZUlLZw?oc=5,True,menolak,1,0,E1_pp_disahkan
Pakar Ungkap Kerugian Fatal RI Jika Izinkan Keruk Pasir Laut,CNN Indonesia,2023-06-11 07:00:00,https://news.google.com/rss/articles/CBMivwFBVV95cUxNTGx1bS00aVZsOW92Tk9pME51UmhlM2JHZDZVbm9CVTlGLS1LR0g1NGFEdE1TdktKWnFXOGVqQkNncTZTaFVlVTlsdDBjMl9JS1FTVElKUkYwd05WWWVYR2hwZlpub01aSEZnd3RvRHRyVzhnT0tZWEFwSTg5cEVCejRlUTVva3ctYVVfSkhEelllSG80WTZ5S19KeHF6a2hkTFUxQWE5T2RWTG9PcFA0RlRoTEZuMUg3NzdfNDloMNIBxAFBVV95cUxOTUFVdzRvanZwaVlpaXhkcmJORVp2Tk5QQmdGODZSX0hwNjhvMmg5cXkyV2E4OVpyZEZwN3RfOXp0TFFnbG82eWduMlRpd3g1LW9Na0pPTUhnVlN3ZHJyQUJjYXVWUk5xd2xDMGtRTGN4RldYMDAweVZZTmZ0YkUwdnZjTXo1Y1RuY01BT19yOWdzWUZNMVRDcVNNLWlwMk1zV1NJSzdLUi15YlF6TzlVRlo5TUNYQWl6X0cxSUV5Ri1GMHBI?oc=5,True,menolak,1,0,E1_pp_disahkan
Siapa Pemain Besar Pengisap Pasir Laut,Tempo.co,2023-06-11 07:00:00,https://news.google.com/rss/articles/CBMiY0FVX3lxTFByeVJINUtydTNFRS0xLWVQbWdLbE5xamZvV3pGU3dHQ2ZNSmZsUE9NTjUwOHQwUlhaYXJBSU9sQ2dZZGVHN0RZRW8wc0pKWTBYS3hfVXJ4Q2FybmhieG9ZNTFDcw?oc=5,True,netral,0,0,E1_pp_disahkan
Mengurai Pemicu Penambangan Pasir Ilegal Marak di Pulau Sabu,Katong NTT,2023-06-11 07:19:17,https://news.google.com/rss/articles/CBMif0FVX3lxTE1oU25rNTVJN0MzVmVVcVk0Q2pVcHRHT3RxYklRLUFyc1l5TnpJdjRWTG9iSjFVUGJyQ191cGdTbmhVWGd3NEgtaWtON1VuQWtiLVJLR0g2WHd4QWh2cE5SbkRhRzdpM0tBd2p0YVdMazdYWjlrNnVlbnlhZjlYWGM?oc=5,True,netral,0,0,E1_pp_disahkan
ESDM Ungkap Lokasi Pasir Laut Untuk Ekspor Diatur Kepmen KKP,CNN Indonesia,2023-06-12 07:00:00,https://news.google.com/rss/articles/CBMivwFBVV95cUxNNGVUSlBuRkVJbmFQZ18tU1dzaURoRWlSLXB6aVktWUFtWEtRdmJqcnJHTzlXNUpkR3E1UzVMREdBUnFweGk4TlZGWkRSa1k1OVpIeklUblZkNEJ4QXA2TmVnU3JOWnk2djVmeWNnVjE5eXBTOUtyRDZVQ2M4T1RteGNJWFAxYlFUYlA1N3VvcEV1SjdlbEhiTTRKdTZyaDBNRTRHdkVlMjI5WWxlMFlZY2pCRE4tQk5XNFp6dU9kTdIBxAFBVV95cUxNbmZsZFYtYTkyZjZuTUw1dEMyVi1rODNkMWo1bWlUejRiNm0ySzROOTU5RjRSeWwzR3hZeWVBWGRBZnhzSG5QVThOcE40TDFCamNhQXFfMGdPaUFObjZIS25GeGlhSFl5aEtIckpUbkh6RHNjRWVNa3JraVR1ZmVzcl9NSjdjSVJZR1k2QkFRNm84YUN2dG5NTTYxV2VtU2FlS3c2X2pmOVVvVU1na25DNGVaWGFzdWdmVTlZTGMzWHBkQnBq?oc=5,True,netral,0,0,E1_pp_disahkan
Nelayan Kritik Izin Ekspor Pasir Laut: Barbar dan Sangat Purba,CNN Indonesia,2023-06-12 07:00:00,https://news.google.com/rss/articles/CBMiwAFBVV95cUxOY3ZDcFBwOERzTjRzdEpzSTNnQVBMS3BoMnVWVGI3a3dNREl3OGZVcFBSaTdEUzE3bW5lN3EwMEZIaVVFajR2Vms3UTlJa2VTWkRoZkw1NFYyZTcxMmMwV3JWX3JMUkFTZVVtUUVyMDkzV09vMHRlNHhQYm1pb3BvY2VBQy1semVoM1BfU3ZYSG5sQnhZMVNFMjEtc2RjcUNmR01LUXV2aTJXWmhHMU9KVmlWS1FueExVaERkZFJTUELSAcYBQVVfeXFMUEc3OS1VSHNIdEc4NjZBdjg1WTZXMWtSU21hdTFBRy1pU0J1S0xyU0tWelZvVVJYOFpiZ2piVHpMb2c2TGJMbktyaG55OFJaakE2NjRjLXMtaHNGbks0QlNpMlh2SU1kM3E0dElDd0RTWFgxUzlPOV9GcFNhcTFTU2Y4MG9JUXZUMWNBRnhVRFV6Z09hN2pHdTl4NjRtdVlzY29od3hxNmJrSE82WVNxUk5BYlFhUVVmYjlUQW9ySU9pYzNxV1lR?oc=5,True,menolak,1,0,E1_pp_disahkan
Menggaruk Pasir Mendulang Emas,Ngopibareng.id,2023-06-12 07:00:00,https://news.google.com/rss/articles/CBMib0FVX3lxTE9IanJaQ083czZEaExqd2NmZFNUVVk5b1VLeURWSi05S3NCUklEMXJFcjhFQWZXd1pKVzVKN1I3bW9SZjNyaXVsTlhZeU1Ca0xBeVlkQ1FHbmZ4RXc4ZGh5TE54ZE5EVVRELWF1WjFOVQ?oc=5,False,di_luar_topik,0,0,E1_pp_disahkan
Ingat! Tak Sembarangan Pasir Laut Boleh Diekspor,CNBC Indonesia,2023-06-12 07:00:00,https://news.google.com/rss/articles/CBMiqgFBVV95cUxON1JxeHRmc0RRUFVSbzFiVTdQR0poVkVtTFdGbEtaa3R3TFJTQ1RwNkVqWmh1MXk2NDMtTmdtUmFITlF6eFpjd0JDQUF6VU1Cb2F5QVVUMG9YajlUX0lYRm1BeWdwd0NfM2xGWmJpd29UWlIwcmpLblcyZjlrXzZ1c09SNGRQdHJ4MEp6eTVOb2V5TnRVRXA4akxrdjNVcTVEc29qai1Vbk1Kd9IBrwFBVV95cUxNMnBBTHNjcHpoVW1XMm1FYjBFRmtYUkJRQ3hHVXk2Ykl1OTcyRy1oaEUwcl8tc1V2MmJBZXlPRVFNZV9CaWVZMUVuOUY2MUJUcW56UWZ3WTJJQTdOeno5T2pYWTJNRE5FOENnY0xtQWJESmxneS1PRzVuOVF2U083SDVPbmY5NGNIQmVQTGpfTVJHcXVuaTllcER0eW14TllYUEl4b3NRT3pVeTVSRF8w?oc=5,True,netral,0,0,E1_pp_disahkan
Diduga Adiah Penambang Pasir Laut Di sei jap Terkul Rupat Belum Mengantongi izin,RiauKarya.com,2023-06-12 07:00:00,https://news.google.com/rss/articles/CBMixAFBVV95cUxNZGV6cTlxQXFfVjlUcGJFanJJbE1GNDBHeUhCZjRiQzEzOVBzZVBwaWl1QTNyT2p4d3g1NkZKVk42UGh1bWN6dFd6LTF3LURkOWtJRUhDZF9rU01nOFBLYl94ekNoelEybVYxTHdwUzhPNWlpMUFXZUx5RUR2LTIwenQ0Y2tiaTFWTmtyTmVQLTY5X0dsMmdqSXJZWE53azRhYy1yVGNWbG1nSTEyNVUwS2c3NmluY3FIOEFBdHNLNjU1UW1r0gG6AUFVX3lxTE53M25WRW9BRmVvLTN3SVJmTEVSLVNpMGRXa1lEcHg0Sjlqb2VjYXJvbUduTUVadnZxVUFYdUMwNzBrZHptRWpXa1oza1NtS2RVUVhqZko4S2sxMkFSTk1xU0tlWjZYV01uU3RqV0ViNUNNMk9kOVl1UWZhNWpCakR2N2w0dU9kU3NMOTN5czNwTHo3eHJjTXhIN3hHNFZtZHMzZlc0ZF93R1hjWlNnVmZxeUQ0SWNyQ09Ydw?oc=5,True,netral,0,0,E1_pp_disahkan
"Webinar Sedimentasi Laut ISKINDO, Alan Koropitan: Perlu Clear tentang Tata Ruang Laut",PELAKITA.ID,2023-06-12 07:00:00,https://news.google.com/rss/articles/CBMitgFBVV95cUxNdURnbXlJZVJmVEdDTk1CMk80Ti0zZDgwUFpZSncxc1h0TEoxc01rRXFqRHZkMDhxRDFuMkJNSlBBa1hmTVhoTjFQR3NqZEVBNVVLa0J1UGlhbThhckFiOHJsX3NyNDljYmJScVl1eTJ1Z09VNERnMzIwOUsxMWhIelAyakNUU1k2LVZZYWc5WDZPdjFiRTJRYmRBeGowNTk4RUJwT2FpZmxKRk9pZVFITVJmR2VPZw?oc=5,True,netral,0,0,E1_pp_disahkan
"Aturan Main Proyek Reklamasi Diubah, Wajib Lakukan Ini",CNBC Indonesia,2023-06-12 07:00:00,https://news.google.com/rss/articles/CBMisgFBVV95cUxQeHdldXdHZUExVDVOYmdvV216VTZ5d2lMd0JFLUZEVC0zeDBITjN6ZmEzcEUtZHlENVRiU1R1d2lSMkc1WDZ5aGFqY0VOSmo0dFdwem1JVVVvSXg0M052Q3FEb2xlNENac0NKRWVfbkJKX0g3dHhoZ1BtLXpFX093bk9SVGhsdGF2OWJzUkFPUmxuNFo0cFpQWlVCTGxic2stelZmLXpDbVlQcjktUEVXbkRR0gG3AUFVX3lxTE8yQ096MDJnX1BYS2RhS3premVhb1ZyQ21HdmFodjFVLW16aURmQVJjQjEwYkRsZnNpbjJSal83V25BaXlOVEdjSEFOVHppTlEyblY2MzVwSUkwQU5YVXNkRGZpZmg5R3JxYmxtUXlEWGxqZ2R4MFdFbWprcl9tbUx6S184MFRkQzN5VHB6cjNmWW5hT2xuUERvVWJHMmFreXdJTXhrODJOdW4tWUVTZEpReFBQTHNYYw?oc=5,False,di_luar_topik,0,0,E1_pp_disahkan
"Pengusaha Pelanggar Aturan Pengerukan Pasir Laut Hanya Kena Sanksi Administratif, DPR: Negara Terlalu Lemah",Tempo.co,2023-06-12 07:00:00,https://news.google.com/rss/articles/CBMi2AFBVV95cUxNOW1NaFdsQUQ5VVNkNE9QWjZ1bndwY0lvcEppaEIzV3cydTZZaDB6WThSaFVMWmlaR0VFM1Q3c0tEMS01VURoclRxVjUtN2xkWnkwb0tZY0p0UXItbGY3eEZwbVYteFFFOWhoMnlZNkIxME5jNTZ1Nkk1M0pRQWh3UDlaZnpSMWJFOUVBNUlMd09RcUNxeFVqdERQN3d4c2tnaG5wd1lRYy04MWFIMTBtQmZVRlAyLU9DcVpVUDU3dk9qRlVRSTI2aEdBbldhX1BNWHVMenBXOEQ?oc=5,True,menolak,1,0,E1_pp_disahkan
Menteri KP Sebut Sudah Minta Masukan ke Pengusaha Terkait Ekspor Pasir Laut - kumparan.com,Kumparan.com,2023-06-12 07:00:00,https://news.google.com/rss/articles/CBMiwAFBVV95cUxNSWpaNzBUZG9MYzRKaDUwWDlOTGw1Rks2TG5Ua1hDZ1JuQk9CN3IyY1diZHMxQ3EwUXlwWHgtdC0wOU1KV0FYSW5WZlQ4bThMTEk1ZlpfNzhrc0NmQ0pTcFUwMXk5V0RQZDR2UUhOZzNBV3FJYWtFSkUyZXlWX2dqWDlEWkhNU015SlI1N2tZdlFmejUwRTFIMlFQNG16SmdoTllxVGx3OGJkUE5JV3FBR1ZrUW9NeVBYRDFaTlBqVDPSAcgBQVVfeXFMTU9mRW9MQ2lNTjRXOUZnSnk3Nzdjd3hZUnZINFNacGVzVXp5YUluc1E3U3pydTRHQ2JaZF9pUVZWRUZ6S294Mkd2cmVwVGZRRHAxR3E3OXVkTGRXYlFYZ2prNy04MEVyZFIySGNET29tM3JaY29tZzl2Vmt0VUt0TDJkUjI0NmFkR3JYY1lwRUsyd1pBNGphTTBjbmRnRFFZMkNQZXBRV3Nud3lEUTFHbnh2UlhqcGpORS1xaVNwSktjb1BndXdqa04?oc=5,True,netral,0,0,E1_pp_disahkan
Tambang Pasir Laut Tulang Bawang Disetop KKP,kirka.co,2023-06-12 07:00:00,https://news.google.com/rss/articles/CBMib0FVX3lxTFBRcmdFUERRWUd3YW1HaXpwNVVfOFIwRmNPbW9TSmxnV2thank2cUNqRE1FMDdiNHl5WkdyQ2Y4TjNYV3FFVjB3TlVRNU04THVJS1NJNWgtem1pcnhhQUlXWGR4WTFkc1ZudXFLMU1SVdIBdEFVX3lxTE9UUXoyWEZCUmJqVmN3SWh6dGROWXg5aGRpZWRXNzZFZjJYejdLbzBoem8zQlhlbTREMEw4cUszbnE0Q3NOcTFtTjlDbHJMVnlGNFFJZTczMDEySVViRFNVUlNQV05vM1lYQWgwc0RVV29nNkh4?oc=5,True,netral,0,0,E1_pp_disahkan
KOMIK STRIP: Polemik Ekspor Pasir Laut Indonesia,Katadata.co.id,2023-06-13 07:00:00,https://news.google.com/rss/articles/CBMimwFBVV95cUxPTDhHWFRSZHFuN0xIazB6NjNIbDVaOWE5bE5VQmlSbEZnUF9Cc1pwVzczR1JsZS1rS0pKSmNxdno3SUhUUUFEMWxaV21NWXdCdXFGYnQ3c1JPQ255ZGJvRFNtWW5ZYjVjRWJQUm5ZLXZuZVBqUjN3d1g2X0c5Mld1SjU5RU1taEMwcVhZX2RaRjEzNjMzTkxwMVRtWdIBoAFBVV95cUxQNXA5Y3BUQzQwWkhocThGN1RqMlNJb3pSWHNwalJPaHRjVS1MVnNsSUFjbHdPMFRib0d6eEllWlY3cjFqTGtQUUN0VEpSLWdXd2ZjX0cycVFDbWJlSTNzMEd2UXF1NU93UFhYMlBsRjZjek41Y253cnBsTzNibW1CWnhYR0ZaNVYwc1BXTWRHSHhUWHZiaTFzOFZ4UVRoSWxN?oc=5,True,netral,0,0,E1_pp_disahkan
Relasi Singapura - Indonesia dalam Sejarah Ekspor Pasir Laut,Katadata.co.id,2023-06-13 07:00:00,https://news.google.com/rss/articles/CBMisAFBVV95cUxQOXZ5VU5MTXZVTVluTWtPRVh3T3NnUEVKLS1fdFpScGFHaHBSalZtQXBPbkFCOHNOT2pScThCVGlwTzVCSlZ3cUFXd1ZFSGZtNnRLaXpab1BicDhSaFBRaTJfZ3FsY2t4bXJSZmI0THlwaE96YUwxTzNIbXJSYlEwS2FMRTdlVVNVbVNQdFc1ZU5EdTl4NTBLOFBHcTJ4Uy0zVElZeW03azdFQjRkRUpxVdIBtgFBVV95cUxQemZxa2w4OFdoY2RXMEdFZVN1R21KUXlubXliSjZpWDBOX2FlN25LTjdYVUtKX1ZtQk54Q0hub25fZXROQ1p1X3RXbC04UnpQSGQ0OHpaUElDai1LQmF6Zm8wMzZGVG5IanYwUEx5UU54cXN3SktYMjV5RnB4UXV2eGNkWlIxWjJtUU5QdmZIYmJPSGs3eGV1X3FQLVhpdHRzTlFDbEZGeEF5Y3FCSGN3dHRUMDFiUQ?oc=5,True,netral,0,0,E1_pp_disahkan
Hari Laut Sedunia: Ancaman Kerusakan Laut Semakin Sulit Dihindari,Mongabay.co.id,2023-06-13 07:00:00,https://news.google.com/rss/articles/CBMioAFBVV95cUxOQV95WVFQck00YVlnMjNkM0FuTjBVeVgyMDlpYVJZNFo0NGNsTkl0elJZWUl3WDBlOWsydncwVDh1MGx1WG4yMVZGNXY2d21jZEZQMXpaNTZzVDA4YjF4MUFUVUVVS20tR05qMjB4Mkd2N1RlSmlqOVgwSnNlQXFYc25IU1JYVWpLbG1PUXVhRlZZQS1ST2xMX0VveEQzaHRQ?oc=5,False,di_luar_topik,2,0,E1_pp_disahkan
Aktivis Lingkungan Bitung Beber Multi Efek Tambang Pasir Laut Ancam Nelayan,BeritaManado.com,2023-06-13 07:00:00,https://news.google.com/rss/articles/CBMiowFBVV95cUxNSU5JTkJiOUt1WmF0Z3hwcXM4c3Zfdm5aLWFVV1R3SDRuV2R5bV9LaEtsQUptUkU0VXhPM2llZVRXelBPMldjdlh3M1BncXZ2QkJTZzNQMXhHcFNPWGNiRDBRNnQ4b0hSYVRHNl8zTmdiakp1SWtkTkk1Zkp4X2NrS0YyYjhRT0ZlNkJmWGxzaWgzNWlpb0NndUR0b0pMc1JMaVZF?oc=5,True,menolak,1,0,E1_pp_disahkan
Menteri KP Jawab Protes Ekspor Pasir Laut yang Datang Bertubi-tubi,Kompas.com,2023-06-13 07:00:00,https://news.google.com/rss/articles/CBMiuAFBVV95cUxNbDZXRGtyTGEtTlo0ZXFVOWhyU1M5RlpfZno4a25aX2FuV1M5OFhzU2NkNFF0cEJXNjY1WF8zN1ZxUDN3cS1fdG53cExHMFdiVU9kNVIzaXVjSUNFVWdheUljOGNDcjZWV3Vhclp6akNJZnc2NzhiOFRhMTk0Yk84bmJ2UEFBb1BtRW40SWRaVTBkcEwtckMzN1JNU0paUjlhRktYaGlPOS1odHBuWENsYXRHdEpaU08z?oc=5,True,menolak,1,0,E1_pp_disahkan
"Ahli Ekologi Beberkan Dampak Pengerukan Pasir Laut, dari Terumbu Karang Mati hingga Biota Laut Punah",Tempo.co,2023-06-13 07:00:00,https://news.google.com/rss/articles/CBMi0AFBVV95cUxQYVZPQkRiR1U2M1p3cUxSM1dQS1A1cF8wQlRzTzJPNWxPUVRqc2pOalBDTnQ3NFRHT0thYkpMNGxHbDZCWjFXeDhfREVlZWV2c3lwVE96Z3B1SmtiaWpfb19ZTDJLV1lwQjI0c1VaT3VWVHdxSDk3dV9MZFZYUUpsS3VOX18wd0Z6ZXg5VndhYUE2Y1ZEUGFLY3FneDZmVlp5Uk5pOF9QWlhWQnVFdldqMXJWcUlDVWhaWGtDRDgwMzliT043eDdIUENZZ2dDbU5U?oc=5,True,menolak,1,0,E1_pp_disahkan
Sederet Dampak Buruk Penambangan Pasir Laut Terhadap Lingkungan - Sukabumi Update,Sukabumi Update,2023-06-14 07:00:00,https://news.google.com/rss/articles/CBMirgFBVV95cUxQV3NOMWlUa2dkVFVSbUU4TFFZSUZmT2x6UWpUM3JLNk9hSXAzVVRrR3ZMQ3ltcGxpZzFMVXl3SkdDeTVsR0k0VTFpX0JxX085WW9DMzRTa1BVdU50VF9vWGl2cUlianNPaVFYMVNGLXNhbG04T1NqSWN0MndtQlhFdGVFT0VFWlZGMExtU0J6Ul9ucFlaSTdrN0hIdWZCazl5U09WV1JVRnVjQXE2bkHSAa4BQVVfeXFMTTIyMk5OT0VjYkhLRHBwbWVjNm5DTFpUZ3p6RUxTcHM0XzU5MXhMZFZOWHZaTlNmaUZiYXNjZzFSMHFYMm1IQkQ1TXNKSEN5UjVqOVF2V2V6NjhLendXYmE1SE5yVXdCQUphMHl2UWVWNGlwY2hzekFqSUZNUDdadTZXMVR4TmNoc0VfdlhBMGd1YXdmUFFDaUo0VXFJRWtVdFNnUHBmdl9jOGNKVGRn?oc=5,True,menolak,2,0,E1_pp_disahkan
Sampai Kapan Lubang Bekas Tambang di Bangka Belitung Dibiarkan?,Mongabay.co.id,2023-06-14 07:00:00,https://news.google.com/rss/articles/CBMingFBVV95cUxNUmZTWW8yTWlvd2hQOURFR00zNGc3WTI0bXBub1FTV043bDRLVktzRHVhUTFVdkFvWUl6QnVjYkg0dTUtOFRuOE1kSzItSzZmS3V5bTJvYlhOaDE2MHZYV0x2bGNQNFBnSHZhaUZXT014d2dYd2VtclR2UkhxVzFtaGVSNUNLZnRRb1BqNTlpZ1plZk9mdml3QThFU01qZw?oc=5,False,di_luar_topik,0,0,E1_pp_disahkan
Jokowi Bantah Tudingan Izin Ekspor Laut Muluskan Investasi Singapura,republika.co.id,2023-06-14 07:00:00,https://news.google.com/rss/articles/CBMitAFBVV95cUxNU29MXzFTWVdMOFNjcWJFZ0p1cEE5NlZzZFkzVWRORW11VnNrOU9DUU11UVZlS0hBS2hZTVpyVGh4MUVpTWs4emlYYU82Y0owV2NobjJKTENqWGF2d3NNMjhtb3BUZ1JfRklxUmVlRUw1M013U0NGTGpKVjZPTGt1TE5BdFYxS2R6cG5VVVFEcWVIYkJWUzBkVG8zSWdXMDJ3Tng0NmhqbTVta0Z1QnRlNlNRNm4?oc=5,False,di_luar_topik,0,0,E1_pp_disahkan
Aktivitas Penambangan Pasir Hasil Sedimentasi Laut Diklaim Tak Rusak Ekosistem,Aktual.com,2023-06-14 07:00:00,https://news.google.com/rss/articles/CBMinwFBVV95cUxQbDNaTElvMFQtMVlXNlBqVlZqSGhlOFhUNVRwUzFPTi11ck55QkZYMHRzM0N5NERRUWlHTVowYjNCS2lwZlRReVRGbUt6VTRzc2g3QXVabHBxY29OVTFVT0kyRklGTzdIamVQYWRZUWQ0Y2dVdHVUcGcwd21IWHZSLVJSZGE1ZlRwY3B4TlMyNWE3NFdZQ2h6cUpndkt3Rjg?oc=5,True,mendukung,0,1,E1_pp_disahkan
"Bisnis Seksi Ekspor Pasir Laut, Singapura Sudah Siap Anggaran Jumbo?",SWA.co.id,2023-06-14 07:00:00,https://news.google.com/rss/articles/CBMinAFBVV95cUxPdHFKdTlRV2UweW5pWE5ra1VtWmE2LUJOamF2M0VuWHNhSjBtU3pTQUpiQWIwd2NaaE83NHpVYktQcjVwYWI1RFd4RlBrcjZLTEc3WWdDSHBpY25mckt1V2ZXdDQ0ZFRrLTFtTVhsaV9yYXNyWDRVU1IxZFZZa1NCUVlrUkVNUXdxakpLUkEwTGp0cEFHQUhDMFZVSk8?oc=5,True,netral,0,0,E1_pp_disahkan
"Penambangan Pasir Laut Dibilang Pemanfaatan Sedimentasi, Greenwashing ala Pemerintah?",liputan6.com,2023-06-14 07:00:00,https://news.google.com/rss/articles/CBMiygFBVV95cUxNdEk1MkRxdmpOUFJxNUplUGw1VGhqNFhSeXpPMGNFQTVULTRkLUF6ZXM5ZTI3UmhaWGcyR0xxeTZfM0xNWHFHMHctQmpiNndNSi0tbEZFWWVUTG8zM0JrbzdnZDVxUHhOTVFlV0s4dnRVRERJUHZScmg5b0wyLUxuQXlpdUNmcm56OWhfRHJVSEpzMEwxSC1VVE5ibTJUbHdHVnpwb3R4Vjd3SWdXcS1SM0JoWkg4UWs1OW5EQTl4U0IzVWtDNnZoa1JB0gG8AUFVX3lxTFB2b0pkRGVRaG9aZ3BmWFNVR3B3LXVhdndQNDhJbkNxN240R1lMTzA1aVk3VVpIVVNHRjBGdnNybThHNk9ZUm9IWlRYbWFMd0Z4bDNUTHFhUFFPTkQ3U2k4YUNiazRkZGR1VjhNNU16RFpBMTVqM2tSVGZJQ1MyNGhDYWs5dGdtbXlVY0NveU0xcVA0Yl9iZXU0eWVOR0M1UjFnX2pzMmFYWDlrRDBvSkptUWtGOENuZVQ3bFJT?oc=5,True,menolak,1,0,E1_pp_disahkan
"Soal Ekspor Pasir Laut, Jokowi: Itu Pasir Hasil Sedimentasi yang Ganggu Pelayaran dan Terumbu Karang",Kompas.tv,2023-06-14 07:00:00,https://news.google.com/rss/articles/CBMi3gFBVV95cUxPY3pqMEZlMlh4cTQwWUc0NTFib1RrbUUtVGNGcnk1YmRsVEVUOW1IaEdkMC1oeWNyZkZqaW4wdnlMUk1CejJjb3Nuank1ekU4QWNvM1ZfbVNHSmZQQkZTQURhcWFfbVRxWG5JcUFJVUlmRFBtbTNXTlhRNWhQN2FvZ1ZIRm5iMzItNFVKaG1paDV6UkYwcHNXYzRHU2czdnBvb09mRFZ3UzhScmVVLWFudDNSWW5JenZ4Z1owVlp3OTFzeGZqZEJCd0J4R2xIenp1WUNaSFNkLU9CZTdXVVHSAdcBQVVfeXFMUFpOT2p0N0RrSEtpX3B6TnVVQlItU2d5aXdEUXMwdzY1VDJYcDdTakFaT1lDVmhneGNXN2ZpOVh1d1Z6dWhDbTJPMVd6UHQzenY3MmlxV2NRRlZSNy1iU3JiR0w0bWZoa2p2bjRsaldUTkxseEcwREg1eDR2TUhfRmtldzNTTndJUmFDYlBVeEtRakU0b1ZMMFVTVmVTODhJcXFSck9EakQwRVJFS0doMW1tR1BhanVCYnhuSGxlSjBzVF9QT0hOYXZsZHRCUW5DMDBnSFB6d28?oc=5,True,netral,0,0,E1_pp_disahkan
"Cegah Ekspor Pasir Laut, ESDM Dilarang Terbitkan IUP Penjualan",Bloomberg Technoz,2023-06-14 07:00:00,https://news.google.com/rss/articles/CBMisAFBVV95cUxPMnduUVd3d2RENEgtVWJPanMwUm4yR1NvZGhqQ1dSS244d0ZrUFRmSHc5UURwR245bzlYenpoOUxLR084MEJYTEppdi15V2ZpNkRrdWpjSk40ckI3RC1JTDcySTQtaUpGYzJjbFJaR1VEaXFmWThvNERKNVVhcjdnNEpKd0Y5ZUNNWWhGcHZHV1lzckZhWXd3bUIyNTBsb3pMMXpDWFZZTkQ0cUNneVJvZw?oc=5,True,netral,0,0,E1_pp_disahkan
Ini Alasan Utama Presiden Jokowi Membuka Ekspor Pasir Sedimen ke Singapura,Kabar SDGs,2023-06-14 07:00:00,https://news.google.com/rss/articles/CBMi0wFBVV95cUxNenBOeFpPX2MzSjR0Y1p6QWJ3RFNNMFgzQzMtaGNqcUlmOHpmR1VObUVBYjEwd1ZQUnNEem9WdElQbFZxRFIyQ2FDSXMzOHNIcUpNdTR2anFrdHQyTFF1SUM1NDdFUFIxR2JsRDk5T2pOOFY1U185WVB4T3d3MDZZNjZJSW1VZnRFTUJmQUZoS1Zva2NNeFNwVkFrZnBxMHh2blZZdFU3YjlwOUFyMWFoRGtTQ3FnMXRBZTRhTDNiR1FNc3VXQXFrUGhfOVEtQTY0Vmp3?oc=5,True,netral,0,0,E1_pp_disahkan
"PP Tumpang Tindih, DPR Tolak Ekspor Pasir Laut",Epaper Media Indonesia,2023-06-14 07:00:00,https://news.google.com/rss/articles/CBMinAFBVV95cUxPNnF6YmRlaFM2UGgwVGJ3NzhuckdGdGhvTzhHNjVyOWVwRVJ5T25iaFJNamgtMGVSQTUxSHRpSjhCUzhMUmFUVWEtQ0kyYWcwYmx6UWRuQktjYUpIUGt1YlZYYUowNGpDX1c3VGx5SDFDSExTVlRpMjJtNWlZeldoOTl5bTlkS3loV3JWb2NWVzdRUHpuRTNnbEd5eXc?oc=5,True,menolak,1,0,E1_pp_disahkan
Jokowi Bantah Isu Ekspor Pasir Laut Demi Muluskan Investasi Singapura di IKN,Kompas.tv,2023-06-15 07:00:00,https://news.google.com/rss/articles/CBMisAFBVV95cUxPUktGTzFnTjZmTXFvYWFEYnFzREl5TVUwVkJmdC10VGdTQW1JNWtCMlAzZzJja3hOVDFCaC1iWVk0LUpLNVRETVk3YWRaZHdTVUxpbjFGNUxnVHFfalpmTG1RYU5rdUU3R25PRDFyMU00cl8xLXZncFZpa1QtbmZiNVYtSDMwZFdjTTFYblhCVy1qYnppdGVrZFhaNVRrZlRBM09EbHFickVkRjRMbWlMUtIBtgFBVV95cUxNbm9rYUEwWHZUMVVtM1dobHZyOEZ5VEZ5M0p4bDJjQTlVSkx3VkdwU2FFV29nQm5oaThIMW9SNzYxWXVVbjZhU0ZzVFJiT2Y3eUJ5UTlfQU9lR3QyR29xd3hPRmM3RUNabzNMQ2NrZ1FTaFQyTkdaTUJxaHprWXAtazRtcm5zaVJULVluMGo2cDZobHd2RFNJM2pGSHliSmw2LVpzNHAycGFPOF8xeGZtX01tYUlCQQ?oc=5,True,netral,0,0,E1_pp_disahkan
"Jokowi Buka Keran Ekspor Pasir Laut, Sudah Ada yang Minat?",finance.detik.com,2023-06-15 07:00:00,https://news.google.com/rss/articles/CBMitAFBVV95cUxNanQ0eVNTQ3NyTlozb0tVOTdDbUZsUDkzeTlNRWk5U0NSZjh4TkQzWFJJRUduZjFJb3hVcmJPcGNDSlRlVnJwS21ZREk1WVh4UkVhOWJPR0tUZFNxMEFZNFgzSlppM2h5YzJrVk5abmhvdUVTUXM3N3FGVlVxNGFLQ2VaUTdKeTZ3aElBUjBuYmxGWUMzbEd3RHpSZklpT09Tcm9JRGljMWxWblc4b1pxdFlERi3SAboBQVVfeXFMUDNFTGhOTlNRZUtVZ2xDV1pIaG1WblhDRWNMOVV4b1hnSzFHOUlodFRxcDFzM040RkpZTjBBbl8tNUYtRUxkdzlGalp5UXFNS3hWTjg2R1JibDBzUV9oRkZ6S0RWNDdRMlhZRk1PUk53NmJaQW1KenNkdFFSVnROVXZ2cGtGdTJMalVlNFRJRGhYNXM0eHZTY2haWG83WDg0RXlIUmNVbVhuMmc4WnNVS19YSUtLWjdhQjRR?oc=5,True,netral,0,0,E1_pp_disahkan
Tambang Pasir Laut dan Reklamasi Daratan Singapura,betahita.id,2023-06-15 07:00:00,https://news.google.com/rss/articles/CBMijgFBVV95cUxQdFJMbE9qbzRVcEhUakJoaVFlRkJwUzNCWEhRTDhiekJMb0ZpQnVMV1V6bzJtemRHdGdGVHNYQlZwYkh4SnpHaGJwSWVfUjVEVk5qRXhLSVltMk9lbzJFNWpZZ3dUX0Z6RlhCOFpRTHg0MHZqdWhMWmtSbkNzZ1k4RXNhM1lDYU01dG1VZ2lB?oc=5,True,netral,0,0,E1_pp_disahkan
Alasan Kebijakan Ekspor Pasir Laut Diduga Demi Kepentingan Investor Singapura,Tempo.co,2023-06-15 07:00:00,https://news.google.com/rss/articles/CBMiswFBVV95cUxNVlM0R29RdmxjSmZTSnRmZkppbmFLbGsxRXpJdk9pRWlrblE2WEUzMXNFMEFKbmZoTm4tY2tCUVZwSDFTZHdzS0pKWHFNSUkzR3VwR1JDcnNNX3NFS2dkSEd2ME95QUNGanBiZlVnaGxYZFNSbXNBSVN5NzJFZHFDM1o2NnJZWlV4c1FJN1NiR2g0YWkxWk8xZlM0anRibUU3MkFEcDdVZXhkak9ZbTMzYnRoQQ?oc=5,True,menolak,1,0,E1_pp_disahkan
BPS Belum Catat Adanya Ekspor Pasir Laut sejak Mei 2023,Kompas.com,2023-06-15 07:00:00,https://news.google.com/rss/articles/CBMiqgFBVV95cUxQbXVhaVNyQjIyemdYRTNnbVN0RjNkUUd0T3dfaHV4cEMybkMxUTFCLUlmZ0FwN24yOEpla2VIOHNac3BfRDRQOHZYZHBPTThJNl9wa012OWFmajltZXJYcE95R3plLTV3RXhwOFBPcEFpS0xRQUVYQUw2X0ZTay0yU1E4NGN3dVFMRHpMcUdjWHVvOWtFei0yUlR0RnBFVC1EUUpvRk9URGNGZw?oc=5,True,netral,0,0,E1_pp_disahkan
Rektor Universitas Teuku Umar: 3 Syarat Pengerukan Pasir Laut,Aspek.id,2023-06-16 07:00:00,https://news.google.com/rss/articles/CBMihAFBVV95cUxOZTdmM1hLcWk2anFKWk1IeXk1U1FscktSNTFKWjRSR1hhOXpueVU3VUx1Q0Y5VkZJTEdxVWhaTkdJOTlRVHdHclhLdkROWGxPdUEzYTBLTDdibU81aGhlUWFGR1hoRWIyTjdQenJKeE5YYXdRek1hNHkyYVZLTWdTdzB1WHg?oc=5,True,netral,0,0,E1_pp_disahkan
Pakar: Sedimentasi Laut Perlu Dikeruk agar Tak Ganggu Pelayaran,finance.detik.com,2023-06-16 07:00:00,https://news.google.com/rss/articles/CBMivAFBVV95cUxPZE1PazFoNWQtaW9JSkJKVTBzUjdoQmpjQnRHN1hsRE01VDVkQ3lCaWpWcjFVVk0wVWtWaXB4WjFCS0JXT2V1Nk9SOTRBS3pTRVA1RC1Cd3F1bmh0M3YzVXpPTjQ1N01DZjhSZ3pTbWp1YlViOUFsVF83RFJ0a2Z1bVhLanpVQURBcVp3YnFDNVl6Z2ZiaXFVaU5JNW14SmFhb1FLVExqTk5lOUlIQkdOcjNlMHFLNklFRXdlVNIBwgFBVV95cUxQUFMyLTVKVHNPLWJIOXVDX2J1VHFzb2xlLWRjemdmSzM5RnZZNVNGaHc4UWw5VzdhR1JaZUdjVDFIWlZObGdmRFJoV3V5R3B1eWNkOGUtQkNTWjl1bnE3VGhWWU44OGtVbUdaeXRNczhqT0haTlpYTV9oUHRyVlB1Vy1xTjg1Tm95Zm9GZGhYWmV4THVoWGJoOU9pTV9sTmhPMTVWRzZZaUk5YjVRM2ZZN1ZIbGpBaE5lS2JqOVItNGtmdw?oc=5,True,mendukung,0,1,E1_pp_disahkan
Tolak PP 26/2023 dan Cabut IUP PT LMU: Nelayan Tradisional Serukan Selamatkan Pulau Rupat,WALHI,2023-06-16 07:00:00,https://news.google.com/rss/articles/CBMisgFBVV95cUxNYmlla0dkX3NOM0kxakR3VmQ2UUFFNlp2OTJWdVhzcVpJekZRc3FtME40bDM3SkN4RUxUNlVRdTBrcnFEWlpZWlB5a0RGV0NwYUJNQkwxNnk0bnlfQUMxbThDQklRUFhzTXNISVpTY2FtTHBVR1MyWEJ1ZHB0UlppUzA2M1N1V2l1X0NnSlFRVnNabUdMencwN2ktcWFIOVJ0UWp4T2s5S0RiS3VCRGdiWEt3?oc=5,False,di_luar_topik,1,0,E1_pp_disahkan
Pakar: Sedimentasi di Laut Perlu Dikeruk Agar tak Ganggu Pelayaran,republika.co.id,2023-06-16 07:00:00,https://news.google.com/rss/articles/CBMitAFBVV95cUxQRzRRWVF4ZHcyM05SckotMnU1ZjdzNjc2SVJMdi1XU2xxNE90ZmZHNlpEUzhRb1FPM3laeVprWGNzM2laSjlnMHNVR1k2ZllwZHdrLUlMQmpqcXl6UkprZ3huYVpJZWVjeWloRmZiTElkaVgtWFJCWFYwRElxV2xjVm40eXlhQ3l3bDJXaGJSaDFNRFBPYXFUczYyaUFNSDdvWnZoNkxkcHhCSDlBc0tLaFhSazY?oc=5,False,di_luar_topik,0,1,E1_pp_disahkan
"Didukung Susi Pudjiastuti, Nelayan Pulau Rupat Riau Bentangkan Spanduk Tolak Kegiatan Tambang Pasir Laut - Harian Haluan",harianhaluan.com,2023-06-18 07:00:00,https://news.google.com/rss/articles/CBMi4AFBVV95cUxOSEhSTC1tT2tnU3FxZFpNX2I2ZUlaLURqYW9EcXJOQllOU1FmdU5oWm9yS29CaVA3RnJuU1JKSzl2aGtfdzBoLWt6eUVOZzJ4Y1h3SUtuTjFKVEVWQTU2MWk4REo3bjQ3cXo4T3V4dndQMXV2bGthaWQ4SU96N3RXcU0yNU9OMk9Jamc5UVp0TlBGUWhXNlk4Rlh2bFBpZm4tdTJhb1JBN0VPWTB0cXNxbHlXUDZLWnB3VW9hU2FBTlZIWi1VRk9DLU8taTVLamItNjc2NGlJOHp4bFRrSDhZUdIB5gFBVV95cUxOXzN4T2NrR0NNR1ItX3dmQWNET212aW5hbE5ETkVYQzlJWlJUM2h3QTVRNzhVQmwyYmV6THJ6dEViTVdhMkxfdDNFRUdPYkE0NnR5ODB6d0c3THBRSFNacnYxcHFZbkFkN0lpS3JvdzQ5b2ZyR3VrRnBqVjc3d0J4NC01M3JrRDZHTDZuaVlPNjhzRGpnMnhsdWxmVG9HbDY3MXFLbkJMZkZGM29LTFFYQVJEWWZScEV3MGJYWnY2bUtweTBIX3g1eWp0S3JmUU0zekhfbDdGUkliS1FhazhNUXRfYXIzUQ?oc=5,True,campuran,1,1,E1_pp_disahkan
"Unjuk Rasa di Laut, Nelayan Pulau Rupat Tolak Ekspor Pasir Laut",BeritaRiau.com,2023-06-18 07:00:00,https://news.google.com/rss/articles/CBMi0wFBVV95cUxNRnNmQnFITHNIM2NGeXR5T2RMNnhXMjRtQWkzYVFMWGFoa3QtYW5iY1JONjRjUV82akJlcV9mOVJnd0xXeXNaRlp4R21nTFk1VElUemJaUFVNZDdBTktRMnZhVXJRU2VZOENpMlRVaXBIckx5THptTzEtU0tHSHFKZ1E0UXdzREx5NDhGdUhyZTBrY3JieGlwUGUzcGE2OFlfV0NDZWZlX2kwZi1uRHBJVmRWQy1Kc1pIc1JVOTlPaFlPY0tRVWxabXI1N0FYb1RkU2k0?oc=5,True,menolak,1,0,E1_pp_disahkan
Menyoal Aturan Buka Keran Ekspor Pasir Laut Indonesia,Mongabay.co.id,2023-06-20 07:00:00,https://news.google.com/rss/articles/CBMikgFBVV95cUxQQ01XMWZSQUxNVHRhcUJ2NzhpZUJnNzZSOEJGS0UwM0dfQVhsazYtLTFnQWJmVjhFQVFjaW9KS3RYWmlwdnkwYVNubGo5a1pJQlc5cUxMamt4ajdxWjNKSkc3UWREN3UxV3IwQ1BjYjF5ajdlMmtsbDJvZXNub2JfWGM4WEdIZDBjSlV2T1FyZUFnUQ?oc=5,True,netral,0,0,E1_pp_disahkan
Pengusaha Pelayaran Buka Suara Soal Ekspor Pasir Laut - Bisnis.com,Bisnis.com - Ekonomi,2023-06-21 07:00:00,https://news.google.com/rss/articles/CBMiqAFBVV95cUxNTk5rbFVaalNSbEZiWG9rcENFd0ZNUXJoQWdLWTBPajdGR0dVeGJFZ2YzTWFSbHdoMFd6d25ZSmc2YVJKQzJKYjZldXoyLVVRWmlzOXlGMXFqSWlXVEpfOUdQVlU4ZWRlVGhEdGZLME9DNFBKU1pRdTNxdTltZjZNc09sb3Y1QU80aXlBdS1MX0pLMGVtTV9ESzAzWWZvYXVtUWNQcDZIelk?oc=5,True,netral,0,0,E1_pp_disahkan
KKP Setop Permanen Penambangan Pasir di Pulau Rupat,Kompas.com,2023-06-21 07:00:00,https://news.google.com/rss/articles/CBMipAFBVV95cUxNdEdfQ0d4aWk2MnJQZDZLRGVYOU05MFI2QnRMWVJsUzZiRC1EZFBrLURfSXNmTm5WZzlxNWpZNFpkSVR5TmplLWM3QTlhSGVIVThWYzJVUFZ5dEdBTWdtTUI1dVVZcHU5WXIzZUF4bkF4OE9RV3pQajFWTnMxcXZCaGswcnpScDg0R3BCMzZWdGgxNURROHBLQ3dUNGZNT1p6Y1Z3SQ?oc=5,True,netral,0,0,E1_pp_disahkan
KKP Stop Permanen Penambangan Pasir Pulau Rupat,KKP | Kementerian Kelautan dan Perikanan,2023-06-21 07:00:00,https://news.google.com/rss/articles/CBMipwFBVV95cUxNc3dPSVRqZVFQSVhGNjdtZWlNdDFFVE91SUstdFVfV1hSVkdJOTBaZG41Y0NVM01mcUNlbWlJaDV6a0xpUVF5QV9RMmFsMG94Sk9WN1VOUzFlVkIzR003VzE4UGxMUzlldnZWaVdZQUQtbnl6dktFaFEyNVZZRjd0YkI0cXFjbTc3bS1wckZQZG5YaWVGY0o3UlZCUnlWQ3A3Qmg5aUdnVQ?oc=5,True,menolak,1,0,E1_pp_disahkan
"Respons Nelayan, KKP Setop Permanen Penambangan Pasir di Pulau Rupat",CNN Indonesia,2023-06-21 07:00:00,https://news.google.com/rss/articles/CBMiyAFBVV95cUxQYTAxQVBFOHFYTkVQX3ZtUGdwY09lZ2RqWGRlS2hKeV9ULXFUc2VGd0tmYXR0eG5lblQzR0FtS2VrQjNqRVdYZlYycnpfZWxVelY0VmM4cTROVXFBdXBhSDhYQ0NISGh3YkdlSEk3SEpjSGZ3RlhKLU41SmlxLXBHRnVwLWVYTEdoS3ZPclpLaDZVLWs4MkxwczBJXzZHMDZRQ3RVMnBJUzk0c2NfUjZvSVZwZXRlWFFIOWFoUWVJUWllR0xHNDJQWdIBzgFBVV95cUxQLVl6Wl93SWwtVVNDckUtb3FoLVVTZ0pZbFp0dlkyZ3FTa0s2VTl2SkxCemNaZmFCUXA0aExmSlRrYUZubVJTTzZtdnM1RXBKQlMySElkZ3lGaDFDc1NDV1d0cUV4M0U5UVNWalR1eDFlQllfUE8wcnVMWFRkdzloejI1a0NxOVdibWt3N1VUUGRUUTN3UVZHUGFEb3JKSGlrZzc4WnNIcVBEdFlWR1QzdF82c1JEUWttM2EzOUd2LWFBdkFfMUdnYmY0U05PUQ?oc=5,True,netral,0,0,E1_pp_disahkan
KKP Hentikan Penambangan Pasir Laut Ilegal di Pulau Rupat,SINDOnews Ekbis,2023-06-21 07:00:00,https://news.google.com/rss/articles/CBMisgFBVV95cUxPaVpwMGZDS254bUJ5U29EWmRiVlJuOUdrVFVaU1pTcE80N0tkM2gwcFBGbVdaTEpnMzZISkRSOTNWb0xIMzlzODhoZXc5dVIzZnBIUWtKRTVsWGFPMFB5UWJHTGtjUDBjZ1NiTjNOc3FpMzZfYk5oNWxjQTVWczFQSmFqdTBlbjVtRjZUcERrckFvOE1wbnZad04tTFROTk9PTVg0OWt2ZGhlRm9UMV9LQUNR0gG3AUFVX3lxTE9TRWR4SHA4RFVaOXg1bjJCVXJPUmRORXpjdmtIWTlCaFVfeUZhMGZYaDFsS3RwUGF3WlhzeThjUTVwanBDYzR6OWJUWDdad21uUG81QjQ1aUs0aTJ6dUxYcHJOOHVsVFotaDlTVW0xZTZ4U1A0NnQydmRtZjJFSTF2WDN0eXptM1Z5ZUxLQzdwdzQ0NDBnWFc5MWd6ZzlqdUNNTzBOX2Y3aFBPbVY5VUFUaThHTUpHWQ?oc=5,True,netral,0,0,E1_pp_disahkan
"Izin Ekspor Dibuka, DPMPTSP Kabupaten Serang Prediksi akan Ada Investor Tambang Pasir Laut",Tribunbanten.com,2023-06-23 07:00:00,https://news.google.com/rss/articles/CBMiygFBVV95cUxPTDJoV0RZRTV0QVJRZW1CUkhTWFVKbWtjODRSd0ZLM2g3VDRJdnBNVnUxaFZxdTcydGxBbERocHJibVlqZnUwY1lObVBkRzBQN00wblpoLVVrSXdsZ0tua0c1enFHM1pRRmFMTEk5YTJfazVDVFBvLURRc3EtTUVEUU1XbTlCU0YycldLSDRpYjVEUDVIVHNPMjhvSTBGQmFKa1k1eWtRaVA3LUxWRXFKZjRSc1NhQnRTVFNEWEVlTV9CNmxMemY5QkZn?oc=5,True,netral,0,0,E1_pp_disahkan
Walhi Riau Sebut Penghentian Tambang Pasir Laut PT Logo Mas Utama Cuma Kemenangan Kecil: 61 Persen Pulau Rupat Dikuasai Korporasi!,Sabang Merauke NEWS,2023-06-23 07:00:00,https://news.google.com/rss/articles/CBMi8wFBVV95cUxOVVVyV2lFVnNqc25tc3haLWZ2SS05WUJuSjQtbGh2Y3hGY29ic1JEZGRsR1lXY3BrWnpxZXl5eGhiQUN0dEhNdU0ySHBCa1ctNEN0WHo0LUZOUHFTQ3M3aXJfaTJyZzRSUy1vZkVvTTFrWng5MkRrNnhQYkpwMG94SFM0UjBxMVI5bHFycjk1YmxIOG53Wl94UGgxRWszNmtoczBfWVBfdWtoQlAwNjVqV3ktemVrQU5rcXNjcWFDdnN4SktzUS1BM1N6NXBWLXVLR2hxbExucVd1U0FReEFzOVFWTmZ0VXNKX2NwMTY2V1pPTUk?oc=5,True,netral,0,0,E1_pp_disahkan
"Ekspor Pasir Laut Dibuka, Nelayan di Serang Khawatir Sejarah Kelam di Masa Lalu Terulang",Tribunbanten.com,2023-06-23 07:00:00,https://news.google.com/rss/articles/CBMixwFBVV95cUxOWHFyOXZQN3VmcWNOU3JyalFZd3V5RmR2c0EwdmZ0cTNOb0pQMmw5SE05WlRRWW5ma2FQNm15d1dRY25NeDU1S2dXY1NGTV84d0NtSTJmUzF4cnVZMUdrUFh5ZFlvVlRmSUZtRnFTcjJ5SzRidncyclNnNHdhMHlnZlVFeFIxNEtlb0JIT0FvSWdibld5WjFQMm45NzlmYVgxbkhKc1pYUUQ1NDYzV0Z4ME4yc3cySk1uUlNFYmRhRmdBWWhwc0dB?oc=5,True,menolak,1,0,E1_pp_disahkan
"Berakhir Sudah, Kegiatan Tambang Pasir di Perairan Pulau Rupat",Mongabay.co.id,2023-06-23 07:00:00,https://news.google.com/rss/articles/CBMinAFBVV95cUxNRWw4MWhsQVJsQnA1aGxxVTc2S0ZnV3dLV0gya09aTG0wLVlNbjRpWUw1dm1JaE9IM0pQdGkyTWZIMEdQdW05MjFXUW1DU0lFa0JYMnlFSUFUdzExWkxfYk5veGJBX1dqMXNaU1RMZTFWOTRhdm5KN0RHOVhGZ1JFUk10R2I4YkxCekVTZk9mRGktRnFMeWdIZVBnbHM?oc=5,True,netral,0,0,E1_pp_disahkan
Pakar: Penambangan Pasir Laut Lebih Besar “Mudarat” Ketimbang Manfaatnya,Voice of America Indonesia,2023-06-24 07:00:00,https://news.google.com/rss/articles/CBMitAFBVV95cUxNOE93RF9EYkhjVDRpSjJPclgtQThGYzZWQzNIemEzZVlNb3k2SkYzMnh4TExDSXN2am10Q2JrZUw3QldzRzAwWWpNd1NDbEw2UE5jTEVnZ2hSbS1WQkpmYWxabmc0MjVGbG9NeUFfdnc4SFJnMkQyU2doOVhIYkNYRU95aVVFaGtfVmp1aC1GR0s0ZTlEQjB4MXU5NTc2ZDRYNjZzRkVZRzFwbGF1Y2c3NllRaUrSAbcBQVVfeXFMTUFkMVFEX0ZDeV9NdGRnSWJ2OW9Ea2V0WXVoRTdJUXEtSEpaSzhxZmlTY09NTHJpMjlKM0U1TEJsejVBTXV6anA4LWtyX2ZkLTJCWGhLMGZPY0ljOHJqaWRsanhYQk8tVGFOS0V1SmhiNE55ZzNIeW5SVklFY1hqUlQzZmI1NEdRUHJsSHF2bjlzZThfUjN5dlZGdHNlZDl1ZDgxUVVIX01EbnhtSUlOa2owVGtYRURz?oc=5,True,menolak,1,0,E1_pp_disahkan
Luhut Pandjaitan : Ekspor pasir laut belum dilakukan,makassar.antaranews.com,2023-06-24 07:00:00,https://news.google.com/rss/articles/CBMingFBVV95cUxQMkFoalQ5OWthZkN6Wk9FaFBhYUxZNWJ6M2U2TGc3NXBFREFadE5HdjFpb2tDRVRPZ0NhRW9jd2lOM1N0amZVYmJwTFVkSkQ5SXFSNDZlR2JFdXNlbF8tQjFYQ3FWR3JNbjJkcDd2YllqR3lZdDBSSVNFUGdOSWJfNWU4aFJZNXFzTU5OVkNjZzdYQm93LVFRODhsNTFzZw?oc=5,True,netral,0,0,E1_pp_disahkan
Anies Bicara soal Izin Ekspor Pasir Laut: Kami Perlu Kebijakan yang Konsisten! - kumparan.com,Kumparan.com,2023-06-24 07:00:00,https://news.google.com/rss/articles/CBMiwgFBVV95cUxQZWRVTHVFcVVsVHM2a2cwbU9pcFptZ1dJTER1ZGcwRjg5RURmSi1laUtkeGlpTFJvTnk2QXRnQ0ZkTDhkaGhubW8zWUZnMHlRamRWRWYyWkx3YkhPZzJCek1Zd1A3M2xqLWVTUGpSRFFtMXh0LVIwMFhtMzROMDQxNFFhWjV1dlBJYnNZenJma0gwckhGbGo3UW1HMUloNHNyLVdXb3Z2ZlZkb3ZIN1RJRTJMZy1oUmlwUkp2MGk5bHpLZ9IBygFBVV95cUxPZ20yQ2toR1RXNzZLd2ljTnpFYVRXVWFENzlyMU5BcGRBQ2pqQVZtajBXUzFWdnNtaGdpbE4wdWdJWk1YeEgxUDJJejBLV1RuVE1EVzhyaGd4R3E0X0pxdGw1Qno3b0xrSlFVMENTbUNCNkVOdGZBcVF1cjRYcXJzMnZia3lVYTlSTC14TFowUkJFQUc3R3BHVVZkaWRCTDhPVHlyR2ZzWkdZUTN6S1A2aG5meWtuOUpSRXJyZ0VjVTdCeEdkX1llUVJ3?oc=5,True,netral,0,0,E1_pp_disahkan
Cerita Nelayan di Serang Diintimidasi hingga Ditinggal Kekasih Gara-gara Tolak Tambang Pasir Laut,Tribunbanten.com,2023-06-25 07:00:00,https://news.google.com/rss/articles/CBMi1AFBVV95cUxNNEZOYVY2ZkwxcGxCUTBiT1hVQ0t1dXFadXlQd2tBMV8yZHNBZWtBaHN3a0s5MHJHak9kdDVZb0ROcFhTWEQ3akNseElEcnBnbGt5MlZUMGZoM1cwUmpnR3JzbVp4azl3SURGX09ock5fN1J3NmxTeG5UWi1FdEkxTU9jN2NwSGk1cFBNY2dNR1htcjNRRnBJRl96cjNmZHByQnVhaHBHcTNnaEszQjdueFVaSWlxQ0kybE1zc0tIWXVpSzBYZm5ySndkZXBwRkpRTGphYQ?oc=5,True,menolak,1,0,E1_pp_disahkan
Kiara: Cabut dan Batalkan Aturan Sedimentasi Laut!,betahita.id,2023-06-27 07:00:00,https://news.google.com/rss/articles/CBMijAFBVV95cUxPVFg4Um9sLXNlWGZ6bm5SWHFhZk1xVnNzNFJLbkZ4WU9aMEY3UlByOVl4NktrMkhCWWR5bVVFLU54M3REWEJTOHBBUTF3TTlaWmRYUEpoWGllUm5sSzVlV1FUSG5vTTVudlg5M2VhSlBlQ2Z2VC00c01SWWdwSEZoS2JhQjIzY21RTXU4NA?oc=5,True,menolak,1,0,E1_pp_disahkan
"Nelayan Tak Khawatir, Ekspor Pasir Laut Hanya Ambil Sedimentasi",RRI.co.id,2023-06-27 07:00:00,https://news.google.com/rss/articles/CBMipAFBVV95cUxPbEItNnNQejdKSDU5UmxuQm9mLTU2U09nLU5jY0tQVFF2NVlldnY0a3ZWYzNBbC12aEVocUxuNkh1ZG5idHRrYlhHTmtUbXc5WUpmMHFPc2VpTVBhWGFyY0xDLVVFWU9ZaWNuaW1PbXVqSWRPay1rOGJnZDg5eG1TSTNnLTVXOTBTWVA4a19GNW4yV0ktMnppZUJ1eEt4TkJqblY4eA?oc=5,True,menolak,1,0,E1_pp_disahkan
"Masyarakat Pesisir Demak Tolak Penambangan Pasir Laut di Morodemak: Banyak Desa Tenggelam, Warga Terpaksa Pindah",Tempo.co,2023-06-27 07:00:00,https://news.google.com/rss/articles/CBMi3wFBVV95cUxQaTBLMl84cmdidEFwNjJ4bU4xSGFIYlFUc3BremFveTdHQ3hMX0w5Uml5bGVua3BfWWlTOGdFX2hwRzNTbTBsSVlXc2hLN1ZaX0N5bFFZQkFDQkRGajRyOFprMVpySTBsblk1THl5a1o0VEpEVi1VdENDTE50bGRrbk12Q1ZsV3hicC1SZGtqRFhBX3ZhMm9mMlVSbjFNTWRXdVZ2LUtlMXVLZDlqWXQzREJtUE9ReERoRlNVdjh3anNtQXh2aXlHcldyODE5TWtuM1VGMGhmQm9TNW9zejJj?oc=5,True,menolak,2,0,E1_pp_disahkan
"Warga Pesisir Morodemak Demak Tolak Penambangan Pasir Laut, Khawatir Banyak Desa Tenggelam",kuasakata.com,2023-06-28 07:00:00,https://news.google.com/rss/articles/CBMiyAFBVV95cUxQYVhYNDkxcDVjWFF2MUx1c1RsX2xyZmRFakxvMzBQVGp3UXFjMmVoMkpXdVhaakdabTR5Yms5bElnaXVSUFZqR0VSaWdzaFpqZ25hblBCb2JObE8tYTlpS0F3V1JSelUweER2ZVhVbUotU3R4eUxSYnFkdHVieVhGTkZVM0lSU25EOGM0WjRHRHU5cTNkTlBQQ1FJWUVoMmFRalFJNDJCVkxxOE83Tm10Q2FlaHFwMDJ4cFpFWnVZOEF1Qzgzc2ZlYw?oc=5,True,menolak,3,0,E1_pp_disahkan
Jerih Perempuan Menolak Tambang Pasir - Interaktif,Interaktif - Tempo.co,2023-06-30 07:00:00,https://news.google.com/rss/articles/CBMifkFVX3lxTFAwbWViYU01OTRwREp4WlJZUXJaMGJ2ZnZGZzhpdU5oQXZqVHFWbDBHQzRtNlZiTjhsV3RCYVR4WGdkU2p6TkxhZmNrQWVUZGF0dlpMblVOQXNxdHg0aTBuQVZuNjZwRV9rSGNYQmd3UFdGZFhqRFJLVlhweTdqQQ?oc=5,True,menolak,1,0,E1_pp_disahkan
"Khawatir Wilayah Kian Tenggelam, Warga Tolak Pengerukan Pasir Laut di Demak",Kompas.id,2023-07-03 07:00:00,https://news.google.com/rss/articles/CBMipwFBVV95cUxQYjBSeEtIbHFwVy1HdjRVcUxiRURMRzZ1dXZGYTdrVEhhd0RiM1N6YVFFOXJkMUZBdTdrbzVRMHpkLS1RS1IzODc0UzFnNDc5N1EtWDBHYUVQRGt5ejZPZEtadGx4ZVY5bzVnVWJ2ZGctMWJrYnY3d2VnbGI3S2dGSGlGd3hFSGM0UEgydk9ua3lsX0I5dFhWaEZCTEZ0ZHVna2s2NUZxZw?oc=5,True,menolak,3,0,E1_pp_disahkan
"Mata-mata KKB Egianus Kogoya Ditangkap, Sempat Diwarnai Penembakan kepada Petugas - Harian Haluan",harianhaluan.com,2023-07-03 07:00:00,https://news.google.com/rss/articles/CBMiwgFBVV95cUxPSExrWHpnQzFiWnFEcWNRSUdGMTlRanRWNWZ1QlFHUzVJSFM4X21SN183TGZkcjJUb1VFRTZCR0gzOXQ2SXhpR193S2FNd29IVnlDa1VmUTdvWDNrRmFxN1VDeFNCdHF2bWVNcDZFY2d3R2VuRG1Va2I2VHp2M3JvMDVpZnlzMUhQNTdjaVAzNjRSeFhJS1Y0bFh2bkcwTURXdmFWa3FiUkZjaVBmcmh3YmJmTDF2VWJLQks4MktYck81UdIBxwFBVV95cUxPRG5sTExXOWxFYlg2TGg0Sng2SlRQd0hmeUtEY0E2U3o1VVcxcVVKQXd0MEpfYVFqUFNERVpOaDVJeWNDdWoxYmVZajQzLTlNcWVLOS1oSHR0MVVyc3pna1JaaFpZajd2UFJXdjIyTHc4dktrUTc5YWVDbVMtaXhJSFVDY2gtQ3QxOG1PTnBxLThVNU5WdUpTNC1Yc1RTSXp6a0U3d3E4QXR4YnR6M1dva1U0VzZ2cG92SkhpX1RJZ2dXNFlmOUJ3?oc=5,False,di_luar_topik,0,0,E1_pp_disahkan
"Perjanjian BBNJ, Upaya Dorong Perlindungan dan Pemanfaatan Laut Global",Hukumonline,2023-07-04 07:00:00,https://news.google.com/rss/articles/CBMiwgFBVV95cUxQNENNN3BCLVdvN2tpTlU4bXhlQXljX1FTRnNVLXMwT3pFTjB0dTVucElhclo3VGlsc2xudWFsc3Y4WDVkXzJJY01yZ2RrUUVjZUJWYzg1REJwOFRiXzBINFBQeHlEcE5LbHhKLUVfbTZMSGZKX21qT3J4NnNlU2ZZQVhSdl8xRUVzSGFOQ05xdDBaTXRxVkxCWl9FY01Qdkp3MFVHVUc2ZEdCOTNKVEUwbUx3TXVXYXVLWktDQmJnb2ZNUQ?oc=5,False,di_luar_topik,0,0,E1_pp_disahkan
Bangka Belitung Dalam Ancaman PP Pengelolaan Sedimentasi Laut,betahita.id,2023-07-04 07:00:00,https://news.google.com/rss/articles/CBMingFBVV95cUxQU3VFcjMyV3dFNXBiSzFNQUoyTHRrWlpQNWlJNm0tLWZRdldiS280cWphcGhMdjEzeXB3MXdHV0dlWFBXSG1URktjWEp1MjIzOWNybTVYY04zRG1rUjlwUVlhaFFxSlFvQjkyRWQ1d0IxdHZ3ejVvZzRTTTlWRVBvUHVvYzdoNVBBQzJZWnV3VDFudVFWbnMwcGtKaDBRUQ?oc=5,True,menolak,1,0,E1_pp_disahkan
"Kebijakan Ekspor Pasir: Keuntungan Singkat, Kerusakan Lingkungan Abadi",Greenpeace,2023-07-05 07:00:00,https://news.google.com/rss/articles/CBMiuwFBVV95cUxQUENDbFdkVUcxeHgwRElBN04xNkFPMjFHZ2tBVUU1WFY2LWxOVVFoMnJCWWpBZmFNS0JIOWNobHA2ZElNekdkc3BvYXRpQUNSTm9adlNzRUpJMnJqYzJqcmkzOXRGakJiZUVYYTNkV21EQjh2X0Q0TGpIQUZhdDRWUnBRcGJkb1pjdG1VMi1VaEdEcW9lczFFRTJyb25jMVpqbnlOZEE3Vjl5VXdlaWloSW9JN1UwQlR5am1z?oc=5,True,campuran,1,1,E1_pp_disahkan
"Alun Alun Keraton Solo akan Ditimbun Pasir Laut Selatan, Begini Tanggapan Pemerhati Sejarah",Tribunnews.com,2023-07-05 07:00:00,https://news.google.com/rss/articles/CBMi0wFBVV95cUxOdGRObTB4RFJlbWltc0VPa0toZnlOc2JVSHVVNTdDU2szT3dXSE9mM0lhX0xxMXhyNUdsajgyX0xZaXdXTUV3VmdROU01ZGtZRFpUN2JtSWduWWtjcjRBSmdUTnBfVlhUQ3VSSTFNSUUxVC1vNkxoU2xMakIyQkVnQXlkX3VkMzIyazI0Qmo0TnJkVVc4MF9hYUZRbHI2M3l3ZFdDMjc0bllYZkh6R1BGR1UwY0FuWlNZbGdCYmxBS1JqTFlYdnd1bEI4SHdfYlRsVFhV?oc=5,True,netral,0,0,E1_pp_disahkan
"Alun-Alun Keraton Solo Bakal Dikembalikan Seperti Awal Abad ke-19, Ditimbun Pasir Laut Selatan",Tribunjateng.com,2023-07-05 07:00:00,https://news.google.com/rss/articles/CBMizwFBVV95cUxQNUZtWG1CUjF3aVJHMzBLaEt0ZmdRMkRRbHR2b2N0eTRQcElmSlZ6MkxqSTdMUWFKZVhTbGU0RE1WbU0yMzZNdkNjNFc5elJWdzkxQnMwaUtfaGF5SXNYR2ZqNEpab25KVnRPYkpCeXpkZjNtdGlaTC1yUGVncG8wbFI2bU9XVUEwWHlGNFVtcEphakx4Njl2b0s2QWNLdVdhb3M1dWlkNWxIalZ4cGdkLU4xaUs3bGt1MDYxTW1RcjlBNXprcHlaZDNGemNrSWc?oc=5,True,netral,0,0,E1_pp_disahkan
"Ekspor Pasir Laut, Warganet Bilang Seperti Jual Negara",Inilah.com,2023-07-05 07:00:00,https://news.google.com/rss/articles/CBMiggFBVV95cUxOSk9lOGZTX2h1SkMtVlVjR1R0YVFlZ2xYS0VrY0w2MUpsS3p3TGF0NVoxRjV5SE9wYVoxb1hlT3llRlZXaHM5emxaQjVnTHJwc0xzTjBsdUxXNGZMTU5ZUzUzb1V3T0Y1TU1qTnFrU3E1eElEazBvZmt2Q1pFXzZoazlR?oc=5,True,menolak,1,0,E1_pp_disahkan
PP Ekspor Pasir Laut Disebut Bertentangan dengan Undang Undang - Market,Bloomberg Technoz,2023-07-05 07:00:00,https://news.google.com/rss/articles/CBMitAFBVV95cUxPRjB5bUZqWkF6eDVvSXM4WVVSd3p3ODNJbEZrdkk5UGFaVVlnQ291andWRGJSMjlZWEJhSjB3RzNRRjh5b3ZtYi1md0JSU1d2aDNaVC13QmtrS1lVb3BxbktwN2FsOTIxWkhvak1BYmFzQ255NFdHQm1IbWpTT3RTZXdlUmxVUEVkaE5wLTM0bFNjLVRybERNQjJVOFQ1akkwckxDWlNhVGkwenRGRnVBQzExbjg?oc=5,True,netral,0,0,E1_pp_disahkan
Potensi Pendapatan Negara dari Ekspor Pasir Laut Cuma Rp 74 Miliar,liputan6.com,2023-07-05 07:00:00,https://news.google.com/rss/articles/CBMisAFBVV95cUxNZzJ0Z3hHbWdPVExHeEJudlYxQVVWOGxpZlZXVGlfUjFDdzh4SGlMTzViMnI4M1JaVW52bHhOQkN3b20yT0FKUEhWamJFdTBfS0cyU1FCRGlLZkoyNzFoeGhvNWlsS0UzRXB0ZHhaOVFnQUZOelZteFpfM3VHM1ozR3Q0Sk4zTnlkX3puMFJLekRZV29pcmQzYnozNEFVYWI0MkRCVmZvYVZFaWhZclJ0VdIBpgFBVV95cUxPaWlOTFg2c2d5dXFZaUx1M09lLUplbmM2ZDBUTWl6QWd1Y1B5RG96RWduYjQ4TVFwNUtTM1NQdV94a0tHa0RDZVphOUs1cGJVT0dYQ09mUENJeTM0UERPXzVIeGdsMWRkNVdVNjhMWHZ2OG1UOFNzVl90YzBNY01HRk11S2ttZnBmdi1OSGUyVVVrX3BDcnlSbWF5VWZqcElsQXUtVWFn?oc=5,True,netral,0,0,E1_pp_disahkan
Ekspor Pasir Laut Masih Belum Diizinkan,liputan6.com,2023-07-06 07:00:00,https://news.google.com/rss/articles/CBMijAFBVV95cUxOUHdpSUd4UzhKM1MxYS1qdUszVHItSWVYMF9SNkR3NHRoZjhxbnMyT3JqV2dlb0c5bjRYMUJpUDVkYVhfdDdCNkpEV2I0dGJERjdzZUUwY3R2U2xaSzJLSktLMlQxUWthY3NINURpM3J0c1JJRkNUbG45YTR0cERSUVNibmVxVWR5YzFkdNIBggFBVV95cUxPS1pjdVFBTkJkNkRyN0c4MW5oQzJ0OHlzUWVNby0tSGtkd1dQVXdhNU1ncWNQWF96cGN2OU5aTHluUDlzdmVJMHlLd09PM080aEVXaUZvZVNTaFc1TzRzQzhJVFZyNXkxNkt5cGFCTGtwXzJhNFlna1Z0M05fSlpsb1ln?oc=5,True,netral,0,0,E1_pp_disahkan
Begini Pengaturan Tentang Pengelolaan Pasir Laut yang Baru,Hukumonline,2023-07-06 07:00:00,https://news.google.com/rss/articles/CBMisgFBVV95cUxNQXFjQ2pjTXJkeGozQlY1S1NmdGlWWERUdVBob2VPOGNTYV9MMmxwdFhFVGJMOTJoOTEzUUloVzRKUUUzT3ZfbU03RkE0LUZibHMwZmlkMVh5LWl6bC1kUEJuVXRERHpnV0FNeUFqNnU1UjRsakVFdDllTVQyYXJORS1BbF9XVWlGSGFYMGlNWG51OWhtYTF3dzR2Y0laYWVsVERwdVJYQlJncWIzckRLeFBB?oc=5,True,netral,0,0,E1_pp_disahkan
"Heboh RI Buka Ekspor Pasir Laut, Pengusaha Bisa Cuan Rp 733 M",CNBC Indonesia,2023-07-06 07:00:00,https://news.google.com/rss/articles/CBMiuwFBVV95cUxPVkxINWFJa1IyR19xNjd5d204dmhPTEVGTTIzMTFXZlMxc09WajVaYW5IWWZkRUxteVlGTnRZSTR1X0NFWll2WFU5OEJPV1dRU0RXZzFBWmxuNDkxWDhCZkZFZFJnT3F6U2NHbTFrYl9OLWFoTmVPcGxpUHVDZ3l4dF9VdzlOTGljNjF6U0huRHhvalhJN0wtMnFvdnpzZWwycEVfcm9fem1UVXhFME5kb01fNVlMc3ZFR3dR0gHAAUFVX3lxTE16NUdIcWFSLXBQVnNHUE92cVljSmN0aXhGMUNTOVZsdWlKMlYtYmpuZWF4VF81LXlxSjBxWVlYOFo1LW9fZEljZTFXU0RNQTdLRk5XUHNtRTdocDJLRnBDZVNzdTAyNGhlV1hZVndsd1FvX2ZPNklFV0JnZm5YR3NzZ0J3OW1Cb3lrZ0pMalMxWjRiYW9KU1NlVjFQQTdQOVFCQjRqRzhUMjAtVTdqYXFfdk55NUV4LXZFMGE0NDd4Ng?oc=5,True,netral,0,0,E1_pp_disahkan
"Foto : Soal Ekspor Pasir Laut, Kemendag: Sampai Sekarang Masih Dilarang! Halaman 1",Kompas.com,2023-07-06 07:00:00,https://news.google.com/rss/articles/CBMiwAFBVV95cUxPczFnYnhLbWRlX2VJN3N2cERLSkZ4TFVYZ3dESGxxR3p0eV9Lekt6X25LRlhaSGZvRXhQXzkzZEpXSDlPaHhPY1ZtLWtVaC1JN3E1eDhIdUl2ZUdzb3Z5YTN6YVhUd3VwLTRrOXY3RVpJSVVVeWdYNVZuMWUxSjgyLWZ6NG91VG9HT3R3NWpFREJ5WmlrQVVQaGd6T2NyOHZBYXVRdEE4Y3YxQnk4UGhEUFc1NnpWTmt0NzA5T1FWek8?oc=5,True,netral,0,0,E1_pp_disahkan
"Terbitnya PP 26 Tahun 2023, Walhi Babel: Bencana Ekologis di Bangka Belitung Berlanjut",Mongabay.co.id,2023-07-07 07:00:00,https://news.google.com/rss/articles/CBMiuwFBVV95cUxPUFFPb215cGFvMWpyQmZjNmY0MWZsM2FwOWpvSGRhTlBoWmZqSE8xSlVxRnAycmdmM0dGR2d6bWRwSWthV3VLb2w3NkVyM2dkQkoxaUNSVEVLTm4wWVAzcndSSVYxM0x3dzVIVFdvS2ZCam0xcktJZEJKQTU4V2trQUdpOEU1ZF9IOHBacV9zMTFQZ256eExubFdZeG51Wk1tM0c4aTRwRzdEcTNtdWEtSjNGUkVIbnBFakhn?oc=5,False,di_luar_topik,0,0,E1_pp_disahkan
"Ekspor pasir kembali dibuka, bagaimana nasib masyarakat rentan di daerah pesisir?",The Conversation,2023-07-10 07:00:00,https://news.google.com/rss/articles/CBMitAFBVV95cUxNdnp6aTdoVW05dmJlaVUxaVFrNlhMV1JiOGJmM3RVXzhVUWtpTTAxdkhicjRWam5Wak5RRXRKVkptQlFuaTRTWDhkMFNXbEpkcTU4ZzBOVEVFWlZiN0xlWXN1SmE4X2l5NTMzWHhuV0JDSnRHeng4V3d6MGlwYzNtUzlvWi1md3k5a0ladXc0eGVMNzJDaE16b3hXU1hRSEs5dWhZVlhMX1BsOXdhSHhERkNGQXA?oc=5,True,netral,0,0,E1_pp_disahkan
Nelayan Lontar Terancam Kehilangan Mata Pencaharian Gara-gara Jokowi,radarbanten.co.id,2023-07-12 07:00:00,https://news.google.com/rss/articles/CBMirwFBVV95cUxOVnFpdmxXbC1YZVVoMVZla3plSEFPaExJMFVrS25iVncwU2diU2hNekpCbk9WVThWdlFWMEwyMGNTdmJSZXV1eFJVV2VydHNKUUNWSjduTlJOeGJVV0VmTVlJNmtmTUMzZFdOTlV6SkZOYkxYcHJKbHJhMDUxOWlUYVVyeHJ6MkI1VXA1MkV1R1NuSnhFX1hUeDhod3ctNXJ4OWxrT0wxTDdVQmhvSFRF?oc=5,False,di_luar_topik,1,0,E1_pp_disahkan
"Sedimentasi di Pelabuhan Bangka Ciptakan Gunung Pasir, Nelayan Terhambat",Kompas.com,2023-07-14 07:00:00,https://news.google.com/rss/articles/CBMiwgFBVV95cUxNd21IT2xscmE3REI0WkY1dWhWQ3BsemFjODRueVNFbEQzbFBrZFhlTHFyYldtbk1nODEzUkdHSVIyMGpoV0RCUUFNeFdKMU9lVC0yN0NfVnhnWW5hcnZpX2xFZHZWX0kydHVmbUVGQ3p1UjA3RkEtYXFnMm4tUXJKMG9rZmtkUG82QUtwSkdST2hLeWVMTWxXdTlmOGctWnR0SnIwd0tfdHNXTUZkZk9JT2xBNnRmQVNpWVB5ZkowZ0gwQQ?oc=5,False,di_luar_topik,0,0,E1_pp_disahkan
Now! Menteri KKP Bicara Perikanan Sampai Pasir Laut Terkini,CNBC Indonesia,2023-07-14 07:00:00,https://news.google.com/rss/articles/CBMiuAFBVV95cUxPNWZsMlF4YjZUQ2tfR0EydWY3OUYxNmIxcU9qLTU4dmdmNWpJVXhoZHlaXzdEanVaLVhNZU5kMnFFWkg4N3ZLdzJUWXVibmEzVG9JY2wwN0cxaURLOUppQ3V2RTdrUUFvNE5oRmFOQnhaLW5uVk9wcUNLLXZfUWU5ZjhPX3J4VHhDQVRHUVZqOGdoTDAta1I1aEE1MjU1WHdrWVJRSmk5OVM0c29XZHZaNjJmUUJPenJk0gG-AUFVX3lxTE9HZ2ZEUnVQRXVsdVkxVWtEc1h6cnA5ODlmQkQ3NGc5QlhVS0hqSHBHbkRZcVdrUndxODFPUE1KTXJQbE9ha1pTanF3UnBvdjl3T05yMTN0OGp6c0w0Q08zbGhZRjFCN21WRE1JSXBxOTU5VE1pNTY3TGlzYmQ5RV9OeGZWbnNkTm9Jd240ZGhkWG1GTmY1Q0c3Z0FvQ0xRTDh2c1FuTjNlZmd3TkZnZWZMajBIQmYtZ2tWZVZsamc?oc=5,True,netral,0,0,E1_pp_disahkan
"Ekspor Pasir Laut RI Mau Dibuka Lagi, Singapura Happy?",finance.detik.com,2023-07-15 07:00:00,https://news.google.com/rss/articles/CBMirwFBVV95cUxOQW55UzdBWU5Ib19KM0tvUkdJSGZ3OEIzaFdHLWlIa295RlJFV2tZcDloZ19Zd0JuNU5yRGhOR0hnWmE3R19YUno5VFVoSUcyVWtsZWluSHlYVE5HSVl3NVE1cEZBalFhdUo2X21oUUxTWS0td3FUYVFXUktwMV9aNURBRlZwWmp0TENVWFVPZlBNZVlWN0kzclV6RlQ0UkxiMUdQRzQ5LW5td2lCMUxV0gG0AUFVX3lxTE44cnN5azd3WElGWjQzbHgyRG53UmV0Y1NJYTlKOVFMeTlRMWhYYXU1RWhNREc1MmtQSmZjOXF6aEpnalJuS1RTZ0hzZDZaQ3c2azh0N3NSV25OcVdNbTk2S2JVeTZfaWMwYmZxRThzOUx3RXI1UEl5M3NfZndvZ01WRXhmZTYxTEFiWHktam5ZY3BPcG9zUUxtNlpyc0k4ZmdlWmFXSjRXWTQ4amFYb3JNLVJpeg?oc=5,True,netral,0,0,E1_pp_disahkan
"Angkat Polemik Ekspor Pasir Laut, Berikut Jadwal Bahtsul Masail LBMNU Jabar",NU Online Jabar,2023-07-17 07:00:00,https://news.google.com/rss/articles/CBMitgFBVV95cUxOX043cjgwcE1scHhDcDRVX1Nhem84MVVHSjZuMEZzQzl4bVhtVXl6RTZkVTJUNVpmRFlsdjRRcXVWVVZGSEFDUUVCZER0T1VZYnpaZ2J3VF9XSnJvRTdLaXRCYzRNUG9IZFFnOWgzWDVfNVlyeG5EdzlqRUhEUTdDZzRwMHJQenJvMm5WN0RtZ0ZKUjRqcUhiQ3Q0clR0b3JMdkRrM3pPVFJWQ0hhZlRPSGRqdWJKQdIBuwFBVV95cUxNVl80emtIN1pfMlpMWmI2UXBWdlNmb29mcHNhdFZTcHl0a2NnbDhHbzBTYU1zUElMbFVTdWxrWUhiNjRCWG5FZjEyclA4RzNYaTh5amdFWm94SUM4MC0zeXpXSEJ2TlFnRjVIWlVEbzlNWEZlUDRGOUlxSWlrZk9Cc3ZrRHo5WEoxR2xjMVJ3NGxjNC1jY0R2RUlKU1pWbXZmTi11YVB2ZC1rcVVFTUFpR2xNaXhxb1VMU0Q4?oc=5,True,netral,0,0,E1_pp_disahkan
Eksploitasi Pasir Laut Ancam Nelayan,labirin.id,2023-07-17 07:00:00,https://news.google.com/rss/articles/CBMidEFVX3lxTE9IdTVxaUxvZjByT19oZEV0WmlRTUVrQ3dIN3FjN0tWSzZBZ29wUjdncmV3X1BXY3QxeUJPc0lia19oYTNLLVg0aU9OUndScEVYckVVYXdpZEZXS1VhUm5wNGNQMU1oWUFQTGhOWmZPcUlIZTNp?oc=5,True,menolak,1,0,E1_pp_disahkan
"Tolak Tambang Pasir Laut untuk Bangun Tanggul Semarang, Warga Pesisir Demak Gelar Aksi Diam",Tempo.co,2023-07-19 07:00:00,https://news.google.com/rss/articles/CBMixAFBVV95cUxPUGd3MjYwT3hXaDZBdG5wYWd2Z3pOamxaTlBRZVZ3YTA4cDhpcm92NmNfbk5KMmRLeGoyclAxT25yWWVEc3U3ak5NbTlqNVNzRkM5dUZzbVdnaW1qWXc4dE1Id01jVDgxbFhjT3V5cm9udjVmaDhLZTBNTWxlaGdqYzlCbHZFTWk4OGdEU2RobHMtc1FKVWZtNjN1ckg2Sjd0VHljQmtVRGdBaVlqaGxnWDI0N2NScWh5MTE3c0E3R01hRHI4?oc=5,True,menolak,1,0,E1_pp_disahkan
Dampak Tambang Pasir Laut dan Perubahan Iklim yang Mengancam Nelayan Pulau Kodingareng,Mongabay.co.id,2023-07-20 07:00:00,https://news.google.com/rss/articles/CBMivgFBVV95cUxPWm1BUy1SU1BWTHhGNTdzdU9nWk5nYlNibnJKVG8zc0ZZR3E1aUVleExHVm1MZmdvdUVsUU1DZ1lIMlpjX1ctaTN2ZlNYZlY5N3Nod0hqZ1RGSnc2Z0cyMXVvU1NlV1E0Nzh4VTRZbUcxQmZBZHotX0h2eVpLMnRPUUZaYmVDZTJ5cG1PXzNObGlwODQ2cC05Z2xzMUo2OVpLMEV1NTVGd25zOTRwWm5NVmI1eHAyeUJ2bzdEZk9n?oc=5,True,menolak,1,0,E1_pp_disahkan
"Kasus Korupsi Pasir Laut, Kejati Sulsel Tetapkan 2 Tersangka",news.okezone.com,2023-07-20 07:00:00,https://news.google.com/rss/articles/CBMisgFBVV95cUxNcGk2YTFMQ05qSGtobTNJSWlNNGJPVF95aFkyOGNfY1luOFdxZlRDTnVYR3lDQzRiRTExb1JlTzNnckd0aGlsRk1tbFlLamk0a0dEUHd6cjJXbFFreDNES0tPY2NQTkJ4c1ZGQmpSdnRpa1czTWNGYTB0SHZ6ZjJQUDMwSngtVEJlVUVHVlRXS1N2cGtyZkw1WWNVb2FDc201ZjAtZi1fSGhhMG9vMjMzb0ZB0gGwAUFVX3lxTFBGRWdZUEhrdVhWd19VcVpLQm5BcGFWZjdNcHVSYWV3M3J3QUxFMTdkNGxqV2xnajljYVZuS040eEEzME4ydWV1SklsdVBxYlBEalgtb2hUNzFLTUFhNmNJUVFsaGw5RzJ5ek5nMjBJajFVZEpDbVJVeDlWQlZpc1R6UHFwU19ablBRRXU3RW9mc08tbmNudTFvM3Y3QlNrcm05MXd3Z2FNSDhMaTU3WUg4?oc=5,True,netral,0,0,E1_pp_disahkan
2 Bos Perusahaan Jadi Tersangka Dugaan Korupsi Tambang Pasir Laut di Takalar,liputan6.com,2023-07-20 07:00:00,https://news.google.com/rss/articles/CBMiwAFBVV95cUxOamdfVmhkZmhFVFRjWWJKbEIxRGxsUnZkX1kzWVNWeUN3WDZSaVpScG9qbzBXaWV0aGZWYzlyN3VYS2xSZkhwZ0xQalRMNDVZajZiSlZQRFZoOWtiOE5Ba3gtOWNwRmtoSzhYX0ZLMVpiZlpodE1FZzNRTjFtb3FObXJBTDM2bGdNemtLWDhodHVtTzhudFctYXk4dDNsMWZfaUg2QUZxZ0x0b0hZd2dZYU9xbkl4S3NxM3dnck04a2_SAbMBQVVfeXFMTmp3M19vUVZOQzFLdDRFZlFpQmwydEp4ckNYX0ZGZ2JTSU9uQ2dwRTBydmMzRUVaWHVicFdJQmdUbXpzNGY4U3hwcWwzUjhKYW9Dd0Fsc24xUDE2WFlYT25jOXRmMjVHcXpxUU00X0pWLTZMUWRpQ3RIN3c4NDViSXd0TF9GWEhwT1N3MllQYnhjc21HSnZQSkEyNVJ2RXNudEFFMk5HZ1o1R09wVFYtR0JOOXM?oc=5,True,netral,0,0,E1_pp_disahkan
"Kolega NA Turut Jadi Tersangka Kasus Korupsi Tambang Pasir Laut Takalar, Ini Perannya - Laman 2",rakyatsulsel.fajar.co.id,2023-07-21 07:00:00,https://news.google.com/rss/articles/CBMiywFBVV95cUxNV1l5aVotQmptSFBBNTRRLXJ0VTRCeVc5R25GUl9YaUlycjluZVB2aVl5eGltN0pmV0NaaUpDTXRHOXVmcG44LU5KaE8tQzRjemd1SjZ0SVFYMExkdGNRTk8zdHgwTDNwaDJXdmJNS0N0MnFGNk8za2pQazJEcXhwSUdUV1BjQzV3c3hKTkl6MFQ4U25CREl2ajlTMEQ3bC04RHc1eF82X0U1cDdDb1FUQVBoUG5hVzhmbUZQTFNGeF9CWHhHVEMtM05maw?oc=5,True,netral,0,0,E1_pp_disahkan
"Rugikan Rp 7 M, 2 Eks Direktur Jadi Tersangka Korupsi Pasir Laut Kabupaten Takalar",lampuhijau.co.id,2023-07-21 07:00:00,https://news.google.com/rss/articles/CBMi0wFBVV95cUxQT1hEWDluRWp4bTBpRlNBN2FsZGlVRDU5dVVzX09wemYwZ1U0REt1b3BHazM5UTZEMmZBcWtyMVEwdTRfd05TNVdUOUhxUldMeVR2Y2tTX1duRDFvR1JXLUZRd18wTGpqd3VPaEF1bE5EdVNodHh2Y1lmbUhwUEh4TTJpLW1NTUphMUlKanNmaWlVcWpOcDJ1amJVVHVCVHVMcXI1OGxUTUg0anZxbzJhbENZVVdYUWlWMFJTWFRwYXYtWFdGTlJ5cmFBRmpmdFgtMzJN?oc=5,True,menolak,1,0,E1_pp_disahkan
Kejati Sulsel Tetapkan 2 Tersangka Kasus Korupsi Pasir Laut di Takalar,SINDOnews Daerah,2023-07-21 07:00:00,https://news.google.com/rss/articles/CBMixgFBVV95cUxNWUF3TTFoYUNJb3VaVGlidjcwSXpUam1kN3pqSkxzYUxBVXNVTHpaZG5aQlZENnZEWDU5UDlyV2dLS0tGYmNYaTJUSWJFQ2dldUlmcVZKN0I0dnpMU3BCTTExQlNObU54b2JHZXdxZUtLcVZYUGVKUFF3OUdPeUpnUENPbEpESTNzLXNObUZ3bXZuenVvYjg5QkMwSzFKRmI4ajYwdzA5SXBrMWlFRGtKZVNCTlNVNFpmZHpOaUxvdTZBSWpJcHfSAcsBQVVfeXFMTUNRd0lVNFduQ3JDaDRxaHdNMUVrYWZ2d0pxV2NJYnFwWEVFdnNaTVB4bTJSbWlZTEFsWkhEdFk4OHd4XzNQRTQ5N2FEOTBBMWFxS0FsZ1NVVEVKUVUtcWNEUkRRYzdmQnhTVm5vZWFCZFFDc29SLURUUmE2ZVNGTW9EYW1pYTd2ajdDTzNza1RkOTR1eXV6VnFSeUo4U3V4NXNqTzNoM092cEdpemJYQjRxWWJCZEtzUlluSVVsVTU1ZjJjcC1nZXRfZzA?oc=5,True,netral,0,0,E1_pp_disahkan
"KKP Undang Pelaku Usaha Sampai NGO ke Hotel di Batam, CERI Duga Hal Ini yang Bakal Terjadi",Aktual.com,2023-07-24 07:00:00,https://news.google.com/rss/articles/CBMirgFBVV95cUxQXzRHcHlMYlk0SEg4cnRxTXgyTV9sVzFTRzRYZ2dScGc0Y2t3dmpFMzhRYVhmVmozVlVJTWxTbUNSVGJYTGN4ekd4Y2lkNlo4UDhleEJGSTRvSC01U2x2UlJSYVBzZmVWZ0xrVEZMTkF6MUV3dUlPeXBDWlQ4akEzY2RPUWZKQTRVQ3I0NGF5ekVnTTVvTW9uUGplWFAxSDhBY0k5b0ZQSG5STkgwMGc?oc=5,False,di_luar_topik,0,0,E1_pp_disahkan
"KKP Diam-diam Undang Pelaku Usaha Sampai NGO ke Hotel Bintang Lima di Batam, CERI: Akal-akalan Untuk Muluskan Ekspor Pasir Laut Lagi?",Cerinews.id,2023-07-24 07:00:00,https://news.google.com/rss/articles/CBMi-gFBVV95cUxQdnp0TkZ3Rl9rZWY0RV85NVU5VnFya0tKbC0yN21EQXMyY0pKUjFiaGk2b2JsMHdpc0xVQl9CU25fN2pYZGc3ZW55c2dFTXpwOWFVM2hDRndVMkx1eTY4V1hXV09TWUhRc2xPX21OZ3pra3p3dXVudUlVaVFEWnpJaDlDNkx0YkV5Nm5BaGlaYk1YcDRobkt2a05panpJZXVQV0QtLVNlZmRMcEs0WW5uTlhnd1EwQXVoY1ZNaFpHZWo3TjRJLXFlbWZkN1BvNUJab3hLOEVIcVVnNExJaWRHNmh5WFdXeW9kMUxobWFoak9PeHJUNHNxTWR3?oc=5,True,netral,0,0,E1_pp_disahkan
KKP yakinkan sedimentasi laut tak rusak ekosistem,kalbar.antaranews.com,2023-07-26 07:00:00,https://news.google.com/rss/articles/CBMilwFBVV95cUxOY0c2R0VlWDNLSTNOal96Wkp2M0JxckhNbGRRRGhoQ2JZY3E1aW1NV01JWGdnRkpFdElBeWVKX1hUSjQ2QTBpTWk0NVFPbmZVZGRQN0tGaVUyN2pWNmxOZXd6ZTlBajlRQWRQQnN5ZklKSV9vYUFSUXpUM3hVcUs3WTZsc3hBMHdfN0RudFVibV9vdnM3UF9R?oc=5,True,mendukung,0,2,E1_pp_disahkan
Ini Pemanfaatan Hasil Sedimentasi Laut yang Diatur di PP 26/2023,kontan.co.id,2023-07-26 07:00:00,https://news.google.com/rss/articles/CBMinwFBVV95cUxQTEtCWjFFZE9tSXlSNjA5MWp3ZHVqb0dBSHliY2lwVXBWNnJwdFVRVVl6cHJtMHd0LWpuV096MDhfaXFKekpOVnk3MFg4NW5ObDZrZl80UThGLXhpckt3NXRESXY4cWJ2Z2RsWUxBOVBMS0dQSmdQUlAtcEhONWQ1eEM5Vmp5c0ZDSXc3bTdjOFV3ajhvV1Y1VTByRVRDOGfSAZgBQVVfeXFMUFZNTGg1b2tlVnNGRDlMcElNdEk2XzE4VHhGQjc5c3ZiZDI4dkhTSW0xN211T2xTaDkwWmJ3dWt6TGpJNXg2QlZmS0VoSy1xTGdZN0ZGS283Z2dISUxXcHItZkZUSDk4M1hsdnhaR0kyRjhxZXFBX0lYRFdsNHFTcTNRT3VNX3BiczdkVVFwVEVrRXdxX2FzcjY?oc=5,True,netral,0,0,E1_pp_disahkan
Tim Kajian Pasir Laut Belum Terbentuk,Kompas.id,2023-07-26 07:00:00,https://news.google.com/rss/articles/CBMidkFVX3lxTE1ENGFQaHNiZVVBRkVKY1dKMzhQVGcwWnVLUFQ3SEJWTTI1MW8yY0h3YlA2X19sOHlJZll4V2hZR1lmRC00ejcwX19EVG8yS0J0aXVhYTJ4dGdETS14X0RNLTVWNXktQm9fVjhZdFRVNUtPME5xaWc?oc=5,True,netral,0,0,E1_pp_disahkan
"Tambang Pasir Laut di Jepara, Begini Kondisi Perizinannya - Bisnis.com",Bisnis.com - Semarang,2023-07-26 07:00:00,https://news.google.com/rss/articles/CBMirwFBVV95cUxQOE9wZXZvUEtqV203cGh6RFpCRF9QaW5BYXJDcDE4NG9OaGthajZIclBxSjlsMVMzTDZnQnRvbHlnekJuUTZvaHRORHlIUEYtSV9CcEd2S3AxNmpXUU00OEt6S1pXaGNkWlY3ZkZCc0d2Z3hzRGxLSWdrT3RQcGt3REFIUVJRMzB5Ukd5YUc3UHJoUWE5LW51NjJxNjg0SEJuOGhLY2t2S0w2NW1ydEpv?oc=5,True,netral,0,0,E1_pp_disahkan
"Lindungi Ekosistem Laut, Kepri Sosialisasi PP Nomor 26 Tahun 2023",Kompas.com,2023-07-28 07:00:00,https://news.google.com/rss/articles/CBMiuAFBVV95cUxPQ0hyclIyLW5nUUZoMktJenpKZGM2Q2VTc0ZsTXp2SjR3ZjVFeXY5OThqc0tSRjlRTlczc3U3ZjNHZ0lDdXBudWZYWWpuM21VSzVBeEU5cmJnS2NjSFZPcENwcHJxakgwbHJlc05tU2cyZk9qeXZaSWFsdzFQX3I0MGpvWmpqOEM1enpYRHl2aFNxSU1WMEE0cXVUTkRVTWNOemV1Smt4dXVGVV8yTzkzR3BDRUNnRjRo?oc=5,False,di_luar_topik,0,0,E1_pp_disahkan
Eks Plh Kepala BPKAD Takalar Jadi Tersangka Korupsi Pasir Laut Rp 7 M,detikcom,2023-07-28 07:00:00,https://news.google.com/rss/articles/CBMixgFBVV95cUxOa3p0U1Q1SWRYR3UwOF8wcUNwamtKcFhXT210N3ZQQzRVYVN6eTR3bWQtdVBlUEFqcWk0QW1maFdJNVlrRzQzU3NFOWNkM2gzdVRudVBUd1QtYU5iSWViTDdtSkhpdndENEpjdl9pRzB5c3BBWUxVX3ZuU2t1T3JkY3FIWGVMYkc2ZUNGalkyTlVWZl8weGJjdTFWQzlJUDVoN0xFdG9QUEwzWG5yV2Nrd1o5TDFzd0dTT2VOSUJWQVZYNHNPZUHSAcsBQVVfeXFMTkRwa2ppZjdRR0hSZ213U2Q1UXpneHQ3THRJT29SbnEtOG94azBUaXN1c1RKUkt2ZThrWFQxYWx5NVpOWUlBMk9FQWxMWDdvYmZSdmdUYm1pMmx6QWJyN3ZjQzdGcnpndzh6RzN4Rm5pZGZBVG44VlJrc1VSaUVYUEs4ajFJWGFQby15ZHhVWmVpSG5raU0wQ19hdm53d19tS2FOcmFYa0hXbzZ4QnR5cFVmTzlmSFQ4enpzRE5pX0dTM05yYTNtWkhNcEE?oc=5,True,netral,0,0,E1_pp_disahkan
Giliran Sekwan Takalar Ditahan,Berita Kota Makassar,2023-07-29 07:00:00,https://news.google.com/rss/articles/CBMifkFVX3lxTE9tdXBEYzJMcnZUUjdKMUVKV2tIT1NVLXFJbDN5TUpKMTgta2szWVhSc091MG5ORFc3aTFkLW9tZEdMTkE0ZGlEWTNyalJiWUoxc3QzMXR1VVhva19DUndZVk50MDc5dzZwLV9PdEZTUnR0LXNsclZQeVhoYWlFZ9IBgwFBVV95cUxOcjFrOThUd01uOEIzWElNazFKLVloUmVvcXk5LTM4SlB3UUF5RmhuUGgyOGZGSER4bVJQM0NhOVpGR1h2TW1WNTlEOFl2eEQ1ckJXRUtRLXV1cVdpMEZwS1FpV09yWXFzY2tjZUN2VVEzMTl1QlZRejduSTdjTEdMUDhuVQ?oc=5,False,di_luar_topik,0,0,E1_pp_disahkan
"KKP Targetkan PP Sedimentasi Laut Berjalan Tahun ini, Bagaimana Nasib Nelayan dan Dampak Lingkungan?",Mongabay.co.id,2023-08-01 07:00:00,https://news.google.com/rss/articles/CBMizgFBVV95cUxNV0F0SlVmSW03UUxhT1J6d0U1SEhBT2o4eW5TMl9ENUpHa015d3RYRzAwR0RZako3VnB4OVF1T2VtVnZfS0R6WXIzbjFQRGljU3VMZ3ROMi0tNTdsSzhUclM0a2J0NE16M2prZ3lISlQ0Wlo2ajhyLVZ0WTR3bnZnRFphQXIyNnI3dkxTRlpqbzhNN1Vzd0lfVEx6MGhtekhHLUoySmNxWURuN2hPU1dEbExCQ3Y3Y21PNjVnaThYUmRlRjY3bHBwd0wtbEt3UQ?oc=5,True,netral,0,0,E1_pp_disahkan
Bahtsul Masail: PWNU Jabar Putuskan Hukum Ekspor Pasir Laut Haram,NU Online Jabar,2023-08-01 07:00:00,https://news.google.com/rss/articles/CBMiqAFBVV95cUxPZjBBVUZ1bko5aEo5SExHWFhOVjdrLVlrZjRoUXRObVZNWDNRdFBsRDVIR3pEZ2lQZmc1VnJxbWt0c0xtOEJ5MGR5RHdxUFdFbm1vbkRBcURRdVNadU1ycUhLOTVOd3ItQk5WZGEyMHUzcDZBSjJzNXAtWUhXS2FmUHB2blY3X1VGc3Y3N2M4ZHE5MG9YQ1Q5UXlITERsdktmSnRvN0thLW3SAa4BQVVfeXFMTV9tNzVQTlplaGNfLXpjUmVnSkxrUllEOTc1TG1BaDY4S21iNFRINk1JRWdFVzZHZ2VrNVFqeTFZRFpzOG5IQ3l2QU9VeTFKSlJyRDl4YUFjMjZ3WnVfQ0FvWV9qR3NkdVVaS2diOHlNVEhRTkNlOWd2a2k3Z3JUTkRpUkk5Q2dwdWFRYTlMbkNOV2tlbjR0NzRIYXEtQXdueW1lTlpvY0sxd2VSeW5B?oc=5,True,menolak,1,0,E1_pp_disahkan
LBM PBNU finalisasi kajian hukum ekspor pasir sedimentasi laut,ANTARA News,2023-08-04 07:00:00,https://news.google.com/rss/articles/CBMipwFBVV95cUxNUnhTcUd0TmdrTHRBSzZUOWZLVU04aWNRS1cyY19aYnZEZmNheVZPWlBSMkc2UEwyVmt1LVpVZW45bjZPRXk1X2x4clVxY3BKSUw4Nzl3bER3d1VpdTlUdTM0SVJWZFhRMy1LWmpVaURFeVFPQUN4UnNteFhRZHphdXNWVC10N3c3aFk5U2NSLUMzTEZYNWhkVzlmOFVXcnIwUkZpeTVYONIBqgFBVV95cUxPbFNEeHE5aG1MZ2dnd2JIN0N3MWpObVZWV01Vb1JLUjdna3BWLXd6RC1YUld3SHZoUU4tMndMeDZ2c0JucGJGcE9RNF9hTk1DcTdFaVNqTzBlVEx0VERZejRvRjI4Y1dIdGxvV1Z6Tlkwd21sODZrTWk1eTM2dkFVVnl0SUdiNVoyQkdjMk9rcUF0X0dzLWZfdGl4UjN2bzRtLXRCQmg1ZndQQQ?oc=5,True,netral,0,0,E1_pp_disahkan
"Hukum Ekspor Pasir Sedimentasi, Ini Kata LBM PBNU",NU Online Lampung,2023-08-05 07:00:00,https://news.google.com/rss/articles/CBMijgFBVV95cUxNZWo2SkVsR1FmdGtwNFZhWmZfWkVKelhpY3NILXNwRFhZR29FOV8yd2xsdDFhMHU5TG1VaGI2TXZFU1djTE9QLWZwZFF0YS1RZWhjU21TeXMxYklrWXVUNGtJVk43dzJkZWJ1SEhGY3ZYTU5zazdybXV1X1NhUEtjU3pNY0Q1a2xIX1h5eXFn0gGTAUFVX3lxTE5rd2JkeTVJNmVRaGxMblVZbWUxNEl0T1pRMWFiTU5nMFVXOW4wVHhYUVdsdE1rVFBqRU5rdVZZM1I5QWhJd1Q3NlQ1U0EwTjRHbDYxczlNM1RPUUpUQWVHNzNZSVZsb3pYaUNDZ0dZbUNkdFNZWUFXMUhQR0pNVHd3bDc4Y1cxVmdQMncyTDEzb3lROA?oc=5,True,netral,0,0,E1_pp_disahkan
Himpunan Penambang Sebut Indonesia Ekspor Pasir Kuarsa Hampir 100 Persen ke China,VOI.ID,2023-08-10 07:00:00,https://news.google.com/rss/articles/CBMisAFBVV95cUxNS1ptQTlwU2pIcGNzams5WkdGY21tb2NheVljLWlXNmN4U19FUWtNQzF2TW45SHlJS29ORUVqSVYzb1Z2MGx0bXNSNDRoTTNkOHpvS204bk40eWUyQWh0dlNSbnFIYkVPOFBJcjVTS1dWNzB3YVVEQ0Zqa2V4QTlNVlhCSXkydGgyTTBPWHJYQVdnVVk5bVl3QUprRUZjVlF5V0p1WmZvQWk1V2VVSGxOVdIBqwFBVV95cUxQVmFfdTNUSnpSMm1wcjU4ZmhFQVBiakplbjduaGpQVFRkRmg1d3VGdGFtRW5mVkdrSUtCTjJRcGhsYjlOWlZYVEI4Zm92ZzZVT01wN0xKTWF3M2hzUWFPNWlFenRyOWhrOVJkT3RJWHBJazNtU3JMWnBNZkxKWjhZeXBxSVlsd21LN2tqMkMwSFdnTUZndHhYZnZXUjBZRXhCdVI0MHhNem0xNW8?oc=5,True,netral,0,0,E1_pp_disahkan
"Ekspor Pasir Laut di Kepri Masih Dilarang, Aturan Teknis Belum Dibahas",Batamnews,2023-08-10 07:00:00,https://news.google.com/rss/articles/CBMitwFBVV95cUxNSWFjZ0tPNE01UTZzbWJFVjdSNXI1RTZUR3JfYTN3b1NFT1NWUjlDVVFmQ3FDV1ZuNmJqR1A5Z1lkSWYza29ZSnE3dkFoRWtRdjBJSnhONUhZZ0dJcmplVGlyZWJJVVBiOVNJUFhlbzFyNkE5UTRQZG5XZ21wQy1WczdWU3hZQ1BVbDdEQ0hOM3RvRzFyVWEyeFQ4czJmbi1mTmFiLS1YT2ZyVVlCWml6S201LV9JUDA?oc=5,True,netral,0,0,E1_pp_disahkan
Reklamasi Pulau Tengah Akibatkan Kerusakan Lingkungan di Gugusan Pulau Pari,Mongabay.co.id,2023-08-11 07:00:00,https://news.google.com/rss/articles/CBMirwFBVV95cUxNNkFad0hyVF9NdmkyODIwNEJTS1VFUENIczlOaFZxUXdNT2s0VkhPWHozZHplOURuVjVBVkV1Nkh6dzZ6Qi1IUGRGOTRBY3BscTdSZ2NuOWdxcmRfSUt3Y1VweTMyUHlwX0ZzT1U0Z0tBaVBHRnJ0c19lLUlKaXZZMklLQzFLQ1V2UGE3M3FjbDRsdlRkMV9uZ1BBVkItcjNPak1pdkJNSjE1ZjlYVW9J?oc=5,False,di_luar_topik,1,0,E1_pp_disahkan
"Tahun Politik, Desak Penguatan Perlindungan Ekosistem Mangrove",Mongabay.co.id,2023-08-13 07:00:00,https://news.google.com/rss/articles/CBMinAFBVV95cUxNd183cFh3bmFBOFpickZYSzhpWWJ6RUpCQkJkeVJHTlRyNGoxa2tYMlY1MnFZX1hfU0U1US1hOVR6dzVEWGJWX0doQzFzcjhKT2lmQV9pWXNFb0J3OWRreTM4Q3dsLXBjRm83a0ZfSUNwbHAwbElXei1LcHdGZzlBakRSQ0NZNG02cnQ3NW1zN2ltRmVuUFI4ejVfaGE?oc=5,False,di_luar_topik,1,0,E1_pp_disahkan
"Terungkap! Firaun Mati Bukan Tenggelam di Laut, Tapi Disumpal Pasir oleh Malaikat Jibril - sumeks.disway.id",Sumeks,2023-08-14 07:00:00,https://news.google.com/rss/articles/CBMi0AFBVV95cUxPc3RaZXVGTjRWNk8weFAyREZPX2R1dXExbkx6OUdwNks1LVEzNEFDNzYwVW1JaExLTHVGVjlnUzV1ZFJfQUh6dVdpV3UtNERpVkRpbkJjM1d4RlM2TzBJdXk1WlZ2UV9zWjhEMVhhMFNNVEJtN2FVdUd3OTBwOG1tenRrQVFHU0NQZlcwRzNLU2tuQ3NwSTdIcVB3RFcxVjhUdW5HTHd2Mzlyd3NPWXRNTEFvdDQ0dFlrZmY0d0lLQlVSSmNCdDV5Nnd1dFEza3ZH0gG_AUFVX3lxTFBxQ0dZRUo5ZUc3bXpJWGRxbmhPRTk3aUNDdWhQVDVNNVpNOGM2QXNJOGMyYzRvazRhZ1NPWHg0TTJBSkJRU0RvRXJvSXd6bU1HeUVGZUNyYlpFcjFpdDFVbjFIcFNVeDd5ZzNRczRIckVmblpCVkNqS0lvVmh3QjlBdXU5QXFOZVpFZHpxaDlDQmg2VnlYUXJZbi1xa2VlVU50eDVQcE9YZE5hQmRrVXRfeXdFNEI0VHJTckRwaGhz?oc=5,False,di_luar_topik,1,0,E1_pp_disahkan
Kabar Rencana Penambangan Pasir Laut Khawatirkan Warga Pesisir Demak,Mongabay.co.id,2023-08-15 07:00:00,https://news.google.com/rss/articles/CBMipgFBVV95cUxPMG5hZGo4ZVh5ZXNXaFF4VFhyNWhVMVVMMEo1aElpcFV1bHBEMXBVQXpsSzlrcktLZmZhVzNzWmFMci1xTUtWWUI2UVU3Mm5pU2tVTnlLS1JPSVk0TVZHOUF5OEsydTVhRDl4SktXdkVmMmpLdGxwZDNlVmFQSS1UNVpfZ0F3WHlyeW9MZ3lLUElCSXFyOWQ4RVJ2cDlSbEFndFlqNzBB?oc=5,True,menolak,1,0,E1_pp_disahkan
Hampir Separuh Terumbu Karang di Indonesia Telah Dilindungi,CNN Indonesia,2023-08-19 07:00:00,https://news.google.com/rss/articles/CBMiwwFBVV95cUxPeExJcmUzbGlPdXdaa2tjc3pwNWRNUjdCTGVBQVhXZEEycVYtaG1sRE1PenhHRHJPQ0djVGpMaWY2TTM5VUFDSVFqaDRNRERvTV9iV0JlUUxlUEdQd2xpaktwcm9LTUl1MkxGam9OZ2d2NEFmVUJ0UXdnc2lTRDhURGIxcE4wZ0MtMXFtYU1KSmRadjljV3FGRU03ckJ2RmFET01JZjgxZXg3QURvTGVMSUcxZFB0WGpaYUY4cVp0ZDVSREnSAcgBQVVfeXFMTWYyQUVoV1BwV052bkhYM0l0U2VOTm1yUThRWWp2QlVpeWZlSXFxSTJVNDJKb2cxbEVqa3ZEV0N1YlAwYlB6blJydjhuWXlXOV9rb0dhbkRWTGFxS3F0dGlNNl9aOGkzN0lfNmowUTFSVVFrenI4dVgyN1V6ZHdEbm1ydy03b1BKZ1pLSk9hbnkxMnl6a0ZWZlkwSHcwS01qTGU2eG5ySHNGbjAybjZldHc2VEg4bUh3VXBYUXg4ekZrRlRYYTljT24?oc=5,False,di_luar_topik,0,0,E1_pp_disahkan
"Singapura Bertahap Bangun Pelabuhan Kontainer Terbesar di Dunia, Bagaimana Nasib Batam?",Gudangberita.co.id,2023-08-19 07:00:00,https://news.google.com/rss/articles/CBMiswFBVV95cUxOeEtPQmR2NWtuYm4wNkROYk1xT0FXeFIwY19laHU2Qnl6Q0RPRGVfVVRjWUpOTjNzU1pSRnFXNU5tc0ZJeTNvR3RvT1pjQlo4d3ZkODJBVzZ3Z1JmclFXQlR3c0dGbm9WVThPdXkwdEs5d05zbmlHYmNXTEtKSG9yb09ZMF9BSWpEcE1HSWJ6bzVXN0JORlpxTVJYUXpuUUVVTjdxMWF0Z1QyMG9NV2c1VHYyaw?oc=5,False,di_luar_topik,0,0,E1_pp_disahkan
"Terbitkan PP Tambang Pasir Laut, Pemerintah Tak Belajar dari Kasus Pulau Kodingareng",Mongabay.co.id,2023-08-21 07:00:00,https://news.google.com/rss/articles/CBMiugFBVV95cUxPZmVjTUt2V1VJZ0xudF9qZUFCVEFvRnFYczBoX0FDZDRpQkNEQXVrU1hxSU9HdFNBeHNuY2xKLVEyZkVxeklPUFVHSENvaF9hbmdnY3NfMVJMZHE0WThzTkJKMnNtSllwMXZGVGVjTENqcHFEUXNYcDkzd18wd01WSmxaR004N2FidGx2c09oS0hJTDEzUTA0YjJxdmYtRklqUWpZMHk0WlUwU2sxWmdsUHhfNk43Q20xMnc?oc=5,True,menolak,1,0,E1_pp_disahkan
Dampak Negatif Reklamasi Singapura,Kompasiana.com,2023-08-22 07:00:00,https://news.google.com/rss/articles/CBMimwFBVV95cUxOUXBrWW5LS3VSbHJodnk4b3BySXAta1JzRFNQOFdZckh1bmZqRFQ0ajlPSVlUZUluRnd1QlBEWmpTbEJZU21HazdSbkYyYnZycjYzcVNPMzFZQUNKRHVtTzRjMVpoamNOMjQxUkp6d2lpY0trdkNISENzTkxuLVRWcTdGVWJtNUxCbU52MXBDZmpWMmw4cUpYczRfNA?oc=5,False,di_luar_topik,1,0,E1_pp_disahkan
"Perempuan Pesisir Selat Madura: Menjadi Polisi Keluarga, Membangun Koperasi Untuk Mendukung Ekonomi Warga",Project Multatuli,2023-08-24 07:00:00,https://news.google.com/rss/articles/CBMizgFBVV95cUxONlQta2xGb2lCZGMwTm8tRzF0Ukc2aU9CYU1wR09ZVy02QkF3TUo2SjRNeDdmelFiM09TTmdBTFRpSy1BLTV5d1hLZU81VXhpTURzd1BZTFY5NjhsUWItZ2Y0aFFxa1VCei1yVU5aNjRxaGwtTWFpNWtHdjZGRXJZRnM1aURMNW5fTTlaWjktV3ZaeWIwbi04MmRDSjRmTmE0cHE5Y3NOUk9YSUlRUm5oR1o5UmxjUGZxT1dlVHQ0QXZMRkVMSjJreHN0QkxYQQ?oc=5,False,di_luar_topik,0,1,E1_pp_disahkan
Kajati Sulsel Pamer Prestasi di Depan Jaksa Agung: Singgung Kasus Tambang Pasir Takalar,pedoman.media,2023-08-25 07:00:00,https://news.google.com/rss/articles/CBMiuwFBVV95cUxQbUZIRjRUZGlLWmlEekNyZ3lJRl9QNXRUU1RuVFZyRHFpdjBTUndXZVRyWkhTU2FZcmFUMFNRcHBTYTBWbnpRcldCTFprb2Q1TFpiOFJPT25ZOEVWRjJ6N1dhM0lyTlNlRjd2Nm5oRHJITGJkSnVLdkZNS2tHMmoyLTBKblBiMnMtSmVIZDdzaUhpNDhxOUxZWXVsQXRkUFhiWVVqOTFyZkZEQlBFWDhKcUZRUVlnSC02Wmpr0gHAAUFVX3lxTE9Qc1N4eUxDbGNkaW1LXzdOU05mYXlWakkzcUt4bGpjOF9zM0RRNmstRm5zM2kxbE83aXNUNVZxNzRwWGNMRmpNNkhUY0NkSlc3MmtsU2xRaFBVN1VFNC1BUVVnYmhhU2FPQWY1aW5vRENkdFlJQS1nYmJFaGxNTkhaNTI2UEkweEx4aUtjdktUQWpibzFtQWNqbDZkZVFrN05CaUk2NjVqYXREWGt5SXg3WXB3NUFYQlg1WjYxUE53Wg?oc=5,True,netral,0,0,E1_pp_disahkan
Ilmuwan Pulihkan Terumbu Karang dengan Gandeng Mantan Nelayan Perusak,Voice of America Indonesia,2023-08-29 07:00:00,https://news.google.com/rss/articles/CBMiswFBVV95cUxPWmV6TnRvdEJ6a2M1azhHb3UwbHMwNHpNMl80ekdBU0JscmJ4WEYza2wyWUEtWEwwVElJYzBBRmd0RmZqSFhia0FfTmpNd1kzaDg1am5RR1dKWmZaWWNsTGVCQlJ6eVBjUlBfQmhiWm5yT2doN19HSlZLZ1luT2xJdEVPckhNbHdjN0pPa3ZtMVVaWkRMUy00V1dCRlplVVlXWmE2MWYyYno3Z0kySVNMWFhRa9IBtgFBVV95cUxNeW9tZmdwckEtZ2JpSnR1WlhIZ3dLdmF3OXZoMDliX0FYRWs2dl9PMlA5a3pRQ1hlMmwyZnJRSE9oTERqdmhjUER0WkxXVXRpTlJJRERDQm8zdGJMZWw0empnX0VBc0JpOUlrZXEydGw2Rk0tYmM5SzZybW9GU0daNUFnRlAxRk9nU2FmRml3ZldhMHlWLWF0MjRIb21DRmVLV3NMSWYtS2dGbnFrUWRQZ01ZOU1sQQ?oc=5,False,di_luar_topik,1,0,E1_pp_disahkan
"Didi Irawadi: Jika Takut Debat Di Kampus, Berarti Anda Belum Layak Jadi Pemimpin Negeri",Rmol.id,2023-08-31 07:00:00,https://news.google.com/rss/articles/CBMizAFBVV95cUxNam9GX3JoaFlNZDJoUzhRV2huLXFKbVlmejNRS2J3anZuNENxWVRUamQzRlR0Y0NoVExHUElQa1I0QkxleHNBVDlWQlB5M3BlN2ZFak1VeV9mYXozcFRBNGhvVGNUS1RLQk1LRnlHRklWTmI1X0JqVjNRX3FYTXJaTHBWOHIxZTNxRG1USWNkZnhtcGlBMlRRMDZSS0hCTEhLMU5Kc3NoT0ZITVhETS1fMGFwVzJHRmZRM3BSOUh5N0xpUmFxYUk4aU1qQWY?oc=5,False,di_luar_topik,0,0,E1_pp_disahkan
Warga Baktisegara kembangkan abtralo untuk melestarikan laut,Ekuatorial,2023-08-31 07:00:00,https://news.google.com/rss/articles/CBMinAFBVV95cUxNM0paS2o5U1BEeDJEXy10TzdOdENnc3FWTmRDdzZKUGtEWGQyOXhvd3ZWWk0xQXRDaDVlMHVFaVdVc3NFbjNPZnA3TUpvT280VkZkdTI4R2h6X2MwdFBhaTdod0NVY0Z4T24xaHM4M0tGRDk5TTIwR3k5bk9XU0VnY1A1WGxGSUhrLUZiZWdHWTlnbGNJU0hYWTFpUjU?oc=5,False,di_luar_topik,0,0,E1_pp_disahkan
Video: Pulau Kodingareng di Tengah Ancaman Perubahan Iklim dan Tambang Pasir Laut,Mongabay.co.id,2023-09-01 07:00:00,https://news.google.com/rss/articles/CBMitgFBVV95cUxOclZNOUc3TGUtQm1NVTlGQUFMTHRLbHp2Z2JRUGtCbjR4ZEYteFlfcVhmNTlLS0phb0JxbGNYN1VtUjZZVWtod3RhLVFLOFpuWnRDU05ra1daWHRaVklyUDRRcFBGRS1iREpMajBjeWVSdXB5aU1OamlUR1NYRUFvNTVDLXFKRV9LMERsUzJWVjYtVktFbHVCSFFLdVJmSlBTZDdiWlh5Ty1wREV2MDdydHJHZHlXUQ?oc=5,True,menolak,1,0,E1_pp_disahkan
Misteri Tembok Raksasa di Dasar Laut Papua: Eksplorasi dan Teori Terkait - rakyatempatlawang.disway.id,rakyatempatlawang.disway.id,2023-09-01 07:00:00,https://news.google.com/rss/articles/CBMixgFBVV95cUxQNjdHTEFRbEJDWHhhclhIUlpDLW9Rc1JSVEhsMi1Hc1BaU2hSYkc5YUxmMnUxcEtTX1R2eFhxLWszaWFWbTNXZ0k0MXRyOThjTVktOW1hcXItM0g5LWI3REY4SUtVVmpPbDlPVmNEVGs3c01saFZjN3RlU2lDQldYbEZJMjhWZW9iR3NvT1NnSWtaYlpxZnJRVjdjdEM3UTB4ZUg4ODR4V2o5ZldQdzBKVENhLWd5YWh3TF83aVY3MjEyYmV6VUHSAboBQVVfeXFMTXYxQlU3VF9sVGprVXllTGd5d3JyZlBwZXVnVU5fQ1hGQ3dWS3FnWEJaS1pVR2hqaW0wend0Z3ZjaVloaHRqTXE0aXNhWVNlVHpjRXcwU3JRWnN0N2o1UWpoSEgyVHFhMmY1UUE0eHRHSlVwSmNtN1E1d2ttZXRReDBLUXFHQmdoeHFwRVJGMWI2V2xISnNLZGc1MkkxSkdITDRNandQc3dnYlFZUzhpb0l0MmIzLURKaVdn?oc=5,False,di_luar_topik,1,0,E1_pp_disahkan
"Kuliner: Piure, hewan laut dari Chile yang 'jelek' tapi nikmat",BBC,2023-09-09 07:00:00,https://news.google.com/rss/articles/CBMiYEFVX3lxTFB4MlZLUUh5TDJvRnhibFVFZXlDdzR2b0N3MTFtVlFPckpYVjlpdjlWN2d1TGxTODA3ZGMtaFIwWUJMQzFBaG1oSnQtdXRyMllXMTVDZmNEdFduTUpoWlNSSNIBZkFVX3lxTFBYaU95WmZzTTBOd2NvUVFpWDM1YVJXM0NiTmlHbFNVanB1WDNzeUs4U2lIbklObFBrZlNNZDczYml4SlhLS1djWFN5LTBELWsxXzBabHVOaWhGeFNPSHA0cjExNGRtUQ?oc=5,False,di_luar_topik,0,0,E1_pp_disahkan
Nelayan Kodingareng terancam krisis iklim dan penambangan pasir laut,Ekuatorial,2023-09-11 07:00:00,https://news.google.com/rss/articles/CBMipwFBVV95cUxPVkVBZTd4VU1HYURMdHlNc3JaTzJaczloTmVuN2JhMnBUMFZjLXJHcENZanhTbW9Fb1FaNlk0ZWNLOUZmQ19GdTFuQ0d4VnZKLWVXYWhfTHF5UXdUV2FRYnZ2RlFHUUhmSTZaWXhSZGZkTnJGbEtBTnlTRnptRTZwSEY0eUU2U21rTDF4VzFlR0hVd0FfTkYySUt6YWNtYllBRVNrLTluYw?oc=5,True,menolak,1,0,E1_pp_disahkan
Akankah Indonesia Berdaulat di Laut pada 2045?,Mongabay.co.id,2023-09-12 07:00:00,https://news.google.com/rss/articles/CBMihwFBVV95cUxQc3FSd09VVUhNek5tazgxVFdWdTc2Z3pFRlZkMmJqT3plRkd5aThFN0pnVUhUZURNOUVqSHowRkJva3pMcnJTVE5OTGFPMDdjWElEbFRSNVQwZUxEY3ZNcTRGX2dOQ0FTdGpqMG45T2FwdjVwT3R6UjgyVjZXRUVlOUUtZlVFclk?oc=5,False,di_luar_topik,0,0,E1_pp_disahkan
KKP amankan kapal penambang pasir laut ilegal,ANTARA Foto,2023-09-13 07:00:00,https://news.google.com/rss/articles/CBMikgFBVV95cUxNWDhGSzJPN0xZTTllc1o4dHI0d3dLN0d3b3htNUdzbkZtQnNmVEZwNDFFV2pCNU9nc0pybk53b094U0F4aVpGVVp4YzB2TlZibGE0Qnk0OU14Y1RicWtzVkd0Z1duZmFndHhTOEszRy1zN3l5enBfREd4RTNsanE5M0dIQlNMMm1rYXlrNXcxa2NsQdIBlwFBVV95cUxORjRQdGlUS0JOWklwOGd6ZS1ETExkT1Q0RVQtUTRxNGlyMmNEMFk0anphZlJWQS1fTnVIYVlvOUFLckVNVTEtZmZDSUNkcFMySWtkUGhGbHNpTURpa19WNW1wM1gzRHhLbm9MbTJQTm5LSWpvR09TSDNaeFlVWm1raE1keU9oUi04NEhsTWdoZ1JjajBSSEZZ?oc=5,True,netral,0,0,E1_pp_disahkan
Rusaknya Ekosistem Pesisir Timur Sumatera gara-gara Deforestasi Mangrove (Bagian 2),Kompas.com,2023-09-14 07:00:00,https://news.google.com/rss/articles/CBMizAFBVV95cUxNZnZTTGpGdFZMQjRIa2pjWi14QUZNTGQ4OENtQW9SeFFhTVJzU1NtaFN2Y0QzbXBnMUFJT08zY1lCZ0tyVlNNS20zTG9ueGgwUHMtU1hQVWFpMlhUM05rZGREMWdwdWU0aXZfd0JyMWU5cmRiT1NMWk9HUGZNWVoxeWtRWmZiRGwyaTNwTTFlcVl5aVZHYmFCeEYxV1A5UHNMUndyVDVodGVVZGdGNFlLM00wNjdRQnlOV1FBZlV4RUtvQS1lVVZhU3pfNjI?oc=5,False,di_luar_topik,1,0,E1_pp_disahkan
"19 Negara Sudah Membatasi Ekspor Pangan, Menyelamatkan Rakyatnya Sendiri-sendiri",kontan.co.id,2023-09-15 07:00:00,https://news.google.com/rss/articles/CBMitAFBVV95cUxNV0J3VlFTeXR3dHdVYzk5MVJpZHo0QlQ3MHBHWDI4bjhhNDJMb0Q4dGlHXy1xVDk1dGZWaXA3NGFuX2VTSHdkZnZ0dnB2S041SEZZcEFjU0kxSl9HMTNDeW54d1huRFdKaXpYaThfWWM0VlNXZmxrT0FyLUdfUnFxQk9WYThlVG0td21zZWprLURjX2pHZThRTXprWktoMHIycldaakhLaTEyR2VUV3ZCcUQtR2XSAa4BQVVfeXFMTUlTUXNZeUdrd3QzZXJTUmMxT2J2TEhzM3h2UGxUNUt6dW5ZNlk4cFlyVWs2dlM3cUxydkVoOGk1bG5YeW9WZnhrbUI5Q2NDOHBIUWlQS3UtdnNIMUNMLVRjN3JwWVJaTW9CSXJQYWktZUh4dUdGZXlSNzhoQy1peTk5M3pzejVzTzNlTFR2c2g1eDJVSks0TU4wNzNac1ZMVV9KN1dFU0lKWm92Z0x3?oc=5,False,di_luar_topik,0,0,E1_pp_disahkan
"Potensi Kerusakan Lingkungan, Sosial, dan Budaya Akibat Pembangunan Rempang Eco City",VOI.ID,2023-09-15 07:00:00,https://news.google.com/rss/articles/CBMisAFBVV95cUxQMWF3RV9YTHZmR0g0eFVJOFYxbEdTV2szbkRLOHlYOGltYUcyZHpzT2MxVThvNHJZeTRzdGhqQ2F5bDZ3MWhtUl9MTFpkVHEyS19MZE5sbk1xVXRUVlVNeHhoZjlRa0N3dHd3UVB3S1VWM2xzRUw3TVJJUW43RE9mcWo0bVRta1ZnaHI4VTdWeGZybG40MUNRaWx5ckcxdWxqeXQyaXpGYkFtTDJ3MFl1MtIBrAFBVV95cUxQbEdmdUxWYUtka2VfQTdJT2h6elFuOW9ZTXhZN1dSYU51UHZhRndhUkUyMHNhU0lQUW1id2s5aTJud1Z2QnlSYXJGbWpfQmdzUkpmRENBbERXUDY0TE9sdlFQaHlBY3g5UW4tODczeU9kUndTcUdDUDVOblNlRHFyc3BmLVZ1ZU1ZdWswaHIxeTdUQ0Z5R19vRzFET0l5ZnE0WFZyQ1lydUZUZDMt?oc=5,False,di_luar_topik,2,0,E1_pp_disahkan
Polemik Tambang Pasir Laut: Sebabkan Abrasi dan Pulau Tenggelam - kumparan.com,Kumparan.com,2023-09-15 07:00:00,https://news.google.com/rss/articles/CBMivAFBVV95cUxNTUtDUHZIa2dTZmFqRzM2ZkgxNl9PRDNnQnVqc0pZd2FQWUJuYkpEQXlDem5NOE8waGVwS0R5OEIySndibkg5RjN5bjlFRTdzY21FdGREVVpySnlSQmYyMEpRMHJiLWJIeVJMNzZZNm1lMVhqeGlPajVKdi15XzVaNmVXME1kd2owWFF6bi12c3k3WFRXVl9td2ZsVVhBWFdmUVNBelFmOTlzY0l3TEI3V1BvcVhPV0JlWmxMWtIBxAFBVV95cUxNcUU2WDhmeVZ6anVWVEtKTG1ET19uelRDV2UyWlc0VTY4azB5RWF5Y042V2NRY2tZZ2RvN1JzMnoxS092cW5RM1JZQlJGcGhkTUtOaDFJMmFpS1lBMUppX0RCWGI1YkUzZzN1RmZBMy05dUkwSGVIRXhIS1E0cktuaDQ1NXFqR29oaFYxNmFqLWlJUmlXUlM2MjVGQUVTMHVsR0ZYc05vWmduUHhnMWI2TU90Z3dZUlhIS1FBYlVHNFdCYlda?oc=5,True,menolak,2,0,E1_pp_disahkan
Tim Bentukan Mahfud Minta Jokowi Cabut PP Ekspor Pasir Laut,CNN Indonesia,2023-09-16 07:00:00,https://news.google.com/rss/articles/CBMivgFBVV95cUxPNVJqMmR3Mk5pN0JuYUFnNVdIN2dKc2d5TlZGMmpfTjJMRjJVMnFuYWVYWHZ1WjNWYkw4ZFJodExreUZhRGR6M3dzYzlUdk1scFRDYzNCVURjdXM3TF93OWVHeE9HRnFMdlU1Ni12Ui1TN2kzdDVZQThoUU1ibTBsdnhQREZseVY2cExRWk5mLUd6WG9RcWZmZkxIZG1QMkQwZm1fN3N3eUdQTGVZMHdWMk9nSG1oZW1DVXBsMXlB0gHDAUFVX3lxTE84RVpQUDRnSTQ3LUV4VUF2LTFPejFjeC1BZGNTaE5PR2tZSEFHcXRPaXk0RDJBOHNJOGRjVEFtNHZ3Ukk0aGJCNE5SRTRKV2RsTXhJOVp4d3Q3amVaampDbm00RHdZZFF1VlZFZVlUQlB0WlpLLWNKbGZwWlowRHZPZ1JoNGpQNXFYVC1aT29SQWxMMFNDX0hxd0FfckE3Nm1uT3c4ZG8xMEJ2YUV4aFl4ZWgySWwwU2xsTmVhNFVzNlYwaw?oc=5,True,netral,0,0,E1_pp_disahkan
Ratusan Pencintan Lingkungan Ikut Tantangan Mungut Sampah,RRI.co.id,2023-09-16 07:00:00,https://news.google.com/rss/articles/CBMibEFVX3lxTE5USkhGS01FWExfeWdQTUdIWkZBTlNPNU1vOW5VZXdhenh4TG16UmNfMWNqb1NjNjMxeXlZeGVUYjloNFhYM1RlTDRMcHJOMlQ1MzM5WjRmZW0yTUVrSG9YaDVEMU1FejViMHFWbA?oc=5,False,di_luar_topik,0,0,E1_pp_disahkan
Eks Kepala BPKD Takalar Divonis 1 Tahun Penjara di Kasus Korupsi Pasir Laut,detikcom,2023-09-20 07:00:00,https://news.google.com/rss/articles/CBMizgFBVV95cUxQZzhFSER4dDFqOWhjVlpwWFV0TUFZZG52MlF5Ylg3TDNNeS1id2tiejZ1R21XV0RTRFZlWlZjTlhnWHdoTEZtRGZreFpjX2Q4cGtNQzdjelNHMW5Kck5tVU1pdVp5cm1OSnlDajBSblJfYWoycV90MTdxQ1VkOFNjNTRxeXRSYzdjYi16UEhXUXo1bERLeUFDU0hWdTFmSVJXMTBNSHJONXUtR3NMbGVDSUVRVzJ1WmtQTExLN1ZzLVF3bGVybW10ay1RSzRXZ9IB0wFBVV95cUxPamZfc0JtZDhrM25CaEZ3dHd2cFRScjdQQ01tTFBEbXo5dVQ5eDhSUjEweHE0UUhrTzAtVGZnZkhSWElaa1NZLU5ENGFuYmdFUHdidG15elZvLUJJX3NYaDZFLUtOUFFPeThTd3pQbVNrWG9JV0hob3VjbGdERURQQ0VheGQ3Q0tRQ2VVaUx3VnJ4eWtvTFF4Nk4zZzRLZnFkTHFrNVE1WktxUFFYQnRFYzRYUmp0cEhQX1ZmbFlfN0tqT0hRQ1Q4bVJ3YkgzUDM2c2VN?oc=5,True,netral,0,0,E1_pp_disahkan
KKP Hentikan Eksploitasi Pasir Laut Ilegal di Pulau Rupat,republika.co.id,2023-09-22 07:00:00,https://news.google.com/rss/articles/CBMipgFBVV95cUxNbGlrYWdxZ2lWOUM4ZUk0YmdWTWhTNFFhMi1ITGVyVXgwalc5LTdDNjdJeEpXT1JiY01FMThSb1hRLXhzOU5GcHVXX1FMWlpDVXVRTnNXdkFYWTBWUldQOXhjajRWTncxenJSOFN5RXBQRkx5VXlsdmowbXFoNE9nR0hFdlA2dWZlUVNlR0ZFMVl4SDJTVjQ0eWNZcEcyTXVUdnhyMkVR?oc=5,True,netral,0,0,E1_pp_disahkan
Indonesia Tandatangani Perjanjian Internasional Konservasi Hayati Laut Lepas,Kompas.com,2023-09-22 07:00:00,https://news.google.com/rss/articles/CBMiyAFBVV95cUxQdUVQQU42cWp1MmJPNU9VNllDZG1CbmlTZG4yY0Jyb1BLVkYxWWwtSTJ0UGxRdHZ2WUg1M2NNeDZ4UTVOOGhKb01GRUY0RGFaa3A3WW11TUZ4NDZNN1gyYXJnY2NrNk1FTXJQN0pPOUNLRTVNX2RSOHBiMzNDdlRWR2ZjM3EyN1Z3cHRLWkg0S2hLdXduYzQtQXUtTGFRZjEzbmJtMzJqWWZBLUxxZGI2QjlfSXZmOEZvQjB0UmtmeGdGdkdyZnM5aQ?oc=5,False,di_luar_topik,0,0,E1_pp_disahkan
Contoh Tindakan Manusia yang Dapat Merusak Habitat Tumbuhan,Kompas.com,2023-09-23 07:00:00,https://news.google.com/rss/articles/CBMitAFBVV95cUxQaHhsNE1DYWxUTEdVb0htMEoxbklEZFdsMklVTmdrM2gxV2hCR0RWQkpzLS1pM05OTEZDdndnb1VPd3FiUDZMc0VIaEpGSFJ5SFA2WVZaLUs3b3ltVjJ5SWFSSmhIbXYyYVA5YWpZSk1tWUNBYUIzWG50OV9oWnIyVktQTjdqTDVVUE1lQVpFN3NVcGhJbkVZV1VCQXBlNm93ejJMNjVDZ0tmVlpXQ0N1OXlfNXHSAbQBQVVfeXFMUDJxMDByYnRFRUxvUzBnX2tOejlaNXJmQjRjbTJkbnlXT2s2RzBJQkFwVzBEbVJ0V3ZCMDBKbnI5RTkyaHNqaExPVGR6b2NuRFNZeFU0R3JhQUpMUi05QjQ5SzdoWnJ0cTBMRm9jYjBfck9lTWNUdnFqcG9vYUpDeVV1cjlaTGctQXRNM2EybFNLa0xPelJiTFJYTGVIRnhqNElsTlFMeExqZEVsZFBma25IbTNY?oc=5,False,di_luar_topik,1,0,E1_pp_disahkan
Kenaikan Air Laut Ancaman Nyata Kelangsungan Hidup,Kompas.com,2023-09-23 07:00:00,https://news.google.com/rss/articles/CBMipgFBVV95cUxNTnItYy1PVVJCNmZzVzZjaXZRM0ZwX1FkSjBJRkF1dC1sY0lURmFZWHdmZEpoSVd0dFg4WUpVc2xsZ3gxeEljdHdMU3dWZGV0V0FQRzVQUFRmdkVvLVJiMFpUYXdJOGkwY3dlSTdqcWRJWFU2TGtFRnVBVzI0SFQ0Q0tXTmxLRnlHVFdCR3k0SkphU3hGN29IUWN6QzFUZm4wOTV3S1pR?oc=5,False,di_luar_topik,1,0,E1_pp_disahkan
Eksploitasi Pasir Laut Mulai Marak,Kompas.id,2023-09-25 07:00:00,https://news.google.com/rss/articles/CBMickFVX3lxTE54WjlMeXhxRDZYeEJNWDUzcGdrNFVwQ2RJeXBORkFUMC12c3hndW9fZF9mQ1VLTHRrSXBPZEFuNS0yR0JydGdtQTVlRml1RXo4SXJuMFpLUmxUVFBkMkJCRVdmNV9lZWgwTnNQbUxmVkRTZw?oc=5,True,netral,0,0,E1_pp_disahkan
KKP Tangkap 3 Kapal Tambang Pasir Laut di Pulau Rupat,betahita.id,2023-09-26 07:00:00,https://news.google.com/rss/articles/CBMikwFBVV95cUxOdDB3bVR0bjVvNlNfTmdsdXJ1UE1CVjlMcUV0cVEwSnh4TS1sOVNOSURENTVCNlZJdkJteERHUVZvWGVSaE8tTGRiYWdCQ2FsdXl3Q2V1WkZYUU0yQVFyVWdaOVNTaWdBcXZ5STYyTFhGalpLd0I3dWdrMHMzbXg3TzZyYUZWSE1wa2RoNEE2NFpEc1U?oc=5,True,netral,0,0,E1_pp_disahkan
Pemerintah Terus Menata Strategi Pengelolaan Ruang Laut Indonesia,RRI.co.id,2023-09-26 07:00:00,https://news.google.com/rss/articles/CBMirgFBVV95cUxOMDNxdVA3OVVwUTJMS19BeVNGRWtVdXF4WFNmenY0V0tYU19xeW91NVk0YzNaTjlQR0JxVWxsbVhKLWNqY3Rxc2YtNlBLcGMwX2ZnNlRxVHhDaGVGM25Cc0pCd3RxR1FpOF9XMVZ3cXdSdnlnajUtbHVnOUtHOGpJUmdfTjA0emh4MU1rYVhsMEhydkQ1Skt4UnFfMXVYd1pvVV9vYzQwUWRWYkQ1VWc?oc=5,False,di_luar_topik,0,0,E1_pp_disahkan
Tolonggg! Lagi Asik Mandi di Sungai Pagar Rengat Dua Pemuda Hilang Tenggelam,BeritaRiau.com,2023-09-26 07:00:00,https://news.google.com/rss/articles/CBMivAFBVV95cUxOLUdDU0x5bXliUEwxdVMtazVwTC03OFZ0YmxUVHIxZ0h2cXBVblhqaDBta0RVRHgwaWJ0X2NKTTFjdDkwbmdjbTJjakdFWWdfSU83V3BNV3RNZ3NyUFo1Q1FGSGYwaDh2TWJCU2dNOEMxREtLTXpPVzVWM3Nmb0JCcnc0eXpEV0Z3UEhhdUVfbHlhTjN6dUk2bkM5cU1ldmMwOWY2MlhCcnFmMm4zQnNSZzl0LV8xalRHWTJwRg?oc=5,False,di_luar_topik,1,0,E1_pp_disahkan
Bahaya Tambang Pasir Laut Bagi Ekosistem,Forest Digest,2023-09-28 07:00:00,https://news.google.com/rss/articles/CBMia0FVX3lxTE4yVmc5c2c4UGVOemZJOEhKQmsyMW9WbGJQV2tXNV9mV3pjZjdZeWVMM2xfeUh3dGhlaHJhdFl2WWxfMENzNTFBMXBfTmRGN2FtQ3JpenpMOGRtNUhncGs4YmRvNks2X2VCQklz?oc=5,True,menolak,1,0,E1_pp_disahkan
"Foto Jokowi Izinkan Lagi Ekspor Pasir Laut, Kesatuan Nelayan: Upaya Komersialisasi | Halaman 2",VIVA.co.id,2023-09-29 16:59:33,https://news.google.com/rss/articles/CBMiugFBVV95cUxOaTFJckJySXVhRmpZYXhiRmg4RU5ZaFlvUzN3SXNuUEhnWTlOWWNUaUo3OEwzaUdMU082UWstci1DeFB4UEptY1E0LWxsbkpmT1FBWF9VblM5M0xpQkRuY2NKdFJuNHdYYXB6RVVPYlNHYW90LTI1aHlJcEl6WmQzUnJkS2FwZ0FuTnh1bjlnTDBuMXRSbGhDSTk5UTd2dEhkMHdKQmdlZVF4T01vUVpYeHBNZzBRUkN0ckE?oc=5,True,netral,0,0,E1_pp_disahkan
Ombudsman RI Gelar Pelatihan Substansi Keasistenan Utama V Ombudsman RI,ombudsman.go.id,2023-10-02 07:00:00,https://news.google.com/rss/articles/CBMiqAFBVV95cUxOdWJSLTFHNmUySXVwUHJ6c2RrV1VSMFZyOVV6NTFxLWxhLTN5a25GMkd4c09PNGNmdnF6ZkU5d3REWW1uNlduU1F6ZDF2MmtUZjFwOUtHblNLWkR3SnpnVF9IX2s0aG4zZENGekIxYzRQUHZzYk41TDVhVXdLbHBNdnlTUEN6SGI5VVRvMV9pazVSTlhwdGc0aENpMlNsd240TWtDaDNjaUU?oc=5,False,di_luar_topik,0,0,E1_pp_disahkan
Sekolah Paralegal Pesisir - Mendorong Kesadaran dan Pemberdayaan Hukum Masyarakat Pesisir di Kota Makassar,LBH Makassar,2023-10-03 07:00:00,https://news.google.com/rss/articles/CBMi3wFBVV95cUxQakg4RVNPNUJ3TVlrQ0lkOGs1cHF1NWtkLWk4MjZqU04yWHRrY0g3WDM4Ukc4TFc4SklPTkRDT05wUUN0QXR4Smk3VkM3d0dBWFg2NWZsTldhZ0lGYkwzME5ETzU5X0ZhMHJNbXdxN0RKcHJSM2txMjZQYXI2RnltVkhyaElmaG9Zbm54RE9wSWZhUEpNeEdEZi1VbW1LRUVRbElMaXpHbHE4N2lZNkxTc2ZRd3BTaDFQWjhUbzRkOVFvQjBLdzlndjEwZDlYaFBBWE9OdHI4Yk9GTFo3Q1VB?oc=5,False,di_luar_topik,0,0,E1_pp_disahkan
"Potret Suram Pesisir Sumatera Utara, Antara Deforestasi dan Perubahan Iklim",iNews.ID,2023-10-06 07:00:00,https://news.google.com/rss/articles/CBMisAFBVV95cUxPRzR1YVlESDk5QUkyNGxYbzBoN1pOUUpWLXJ0N1ZDQWhJT0dXTVFoM2RYaktZeGFOQWJsZjVWZi1LUzVxekFqQ0x3VHlQWkwtN3pmcDI2TTlENFFRSkQ1UUxHcDMtWXEzR2tSa2dteTQ4UHNIcGZsTHJRRkE0SlV1bTJyTVprcVh1MC1SdkEwb25xTEx0azlMU0V2UGRjZWJtblpwWDFoWkFQeVN0TmVSYtIBrAFBVV95cUxOLWY1aEFVYWtXR0RhZHI4eWpkR3R0OE0yMlJlRHYtNDRtbnNycHZ0Y19zeVR4UFgyWHdUZ1J3NUUzbDJPVlp5UXNic3hwUTVlczFQTmNRcWNJWGRRTVRidmFweWhTcFFETzd0T2kyanZGREJKUVpFUVJ2eWJVeVRZbDRYQndicmE5WkxhNGpCV2JkQ3lSWWYyTExkZWtjTEROOFh3RlFVeVdheWN3?oc=5,False,di_luar_topik,0,0,E1_pp_disahkan
KKP Resmi Terima Dua Kapal Pengawas Baru,beritadaerah.co.id,2023-10-06 07:00:00,https://news.google.com/rss/articles/CBMimAFBVV95cUxQdjdjTVlFWkc0bThHTmFUaUNwdHNGS1RQMFM0Ym5tUG92ZVd3N0w0Q3B3bVItQlg4RkdqNjR4RUVnMjV6U0E2MmdEVkRyVXdNWHYzX1J1RFVxcjNEb3hrVlFoVWpQSnIxS2kzNVM4cGw1M09LVHA5VEtpeEd1R0E4Qnlkb3loUy1TdDVhbXlkYVNkYlE0WnpVRg?oc=5,False,di_luar_topik,0,0,E1_pp_disahkan
"Dikabarkan Dilarikan ke RS Singapura, Kemenko Marves Konfirmasi Kondisi Terkini Luhut Binsar Pandjaitan",sumut.jpnn.com,2023-10-06 07:00:00,https://news.google.com/rss/articles/CBMi3AFBVV95cUxNMVNxNU9FZmc4NlZ1N2dHS0N3Vl9PdkIxWlBjY3Z2bl9aQlFDSC16eWpPRnhwVlVEZXdES243VE5HX2FfUmhqLUpLY1JvMUJXNnpGS29sNEZRd2xyLWlPMVZraUxpdDRMRnhrdDlKUnk2TGFtUlNQc2lxRWY5a183ZkE2c0xaclBFNFRNRGtqeFNVTC1hOFYzU3hBMDFEbVlGZ045eEFERkN5WUxLUndIUEFmTlRRU2UxZUpNRkhVVmF4bHZnUldha2N2eEotdzdlMDFnOHBwR1ZnNks3?oc=5,False,di_luar_topik,0,0,E1_pp_disahkan
"Menjelang Pendaftaran Capres-Cawapres, Greenpeace Serukan Pemilu Tanpa Oligarki",Greenpeace,2023-10-06 07:00:00,https://news.google.com/rss/articles/CBMizwFBVV95cUxOT3prdkR5S3MxSFpiaWNQQjZLNjdRQXNET3RmTGptc0Rpc3BIdjBhTzFsNG96aGstRE5oMzhCbWlNbHJLbHpLTmJUQUw1THQ3Y1pUamRkTnVOSlpWUkQ0VmRrUHN4N0l1YTdFUVBSR0NQTVlSaGNyTVRSVnlFTm9FQUNtQ0lNMzAxMzNwSlM1cE15T3g1M0QwbmhqMV9yMmVUODFOdU5PQ3U4QkVKSXJfamJkNU1ib0dGOXMxc3YwYTBsN1dIV1BJemd5UE50QjQ?oc=5,False,di_luar_topik,0,0,E1_pp_disahkan
"Tak Kantongi Izin, Reklamasi Pantai Koneng Dumai Disetop!",finance.detik.com,2023-10-07 07:00:00,https://news.google.com/rss/articles/CBMiswFBVV95cUxPbXN1cEhUY3J6X1EyQ3VXd3JxYm1Nb2hST1RTaTRwVFRHMDJlVzFhaXUwd1lBSUNYOFktVUt4S2lIZ2lyRVNtOG0yX2F3MFF3MldBSGl5NmVUVFhNX1BaaG4zbHdkRjREaXJZTWVwejlyd0VLRURYcFkwSFVxUS00M3h5ZE5RNDV4X2o0TXpuTS1rSzRlek9vaElZODFJWkdNQ0h2ZnB1dzBoNVI2RC05WVVvTdIBuAFBVV95cUxQX3QtZGxOSHpTWDhONlhaRlBUSVlldEc4NXRHT3JUSjZZSlQzZjk1ZUZ3eDN2dmJVSTF6MDg4cE12b000Y0hEQlpkc0Y5Z0k3czNJQlBPUGd5Rnl3YnZPTDBBbFluUXdaQXhHckV4c3NVckpNWTVzNVdnUzEtUUFDNV80Z0gxeUxXVmxuVEpWRjcyNFFOVDNLS1VIYU5uNmI2MUJwNVlLVWo2U25ZNXFZQzZxVWpVSWV4?oc=5,False,di_luar_topik,0,0,E1_pp_disahkan
"Tak Berizin, Sejumlah Proyek Reklamasi Dihentikan",Kompas.id,2023-10-08 07:00:00,https://news.google.com/rss/articles/CBMihAFBVV95cUxQajgtNTV6aG8yN2trTFR2SzVjelFZX0tVSFcyelloSnZEc3FNS2JuQ3VwVHNCVnN6bXZkVHJETmtXR05Ib0VzN3VWd0Rmby13VWJ3OFNLWlE2ZHd2bWJPdEJRaUdsMmVmSTRRMUp1Vy1yQVZUMTZyNUxzNVVsWmpVTUtLc08?oc=5,False,di_luar_topik,0,0,E1_pp_disahkan
"Proyek Rempang, Bagian Penjajahan China di Indonesia",Suara Nasional,2023-10-08 07:00:00,https://news.google.com/rss/articles/CBMikwFBVV95cUxNSGlrdmFqVU9sMXFEdDlpS096R2VjSm4xZDVNSHhZQ0ptRU9IMDZRX3RfclRyVFBTV2IwYzBrMGREOFByQk1jTTBaYkhER3Q5T3I2VEM2Q2dzQmNZaVpJRDZ4Z2R3UUhqZC1sZkp4Q1lEaUtZaGpvT19RRFBUUlRnclpxUno1bnJDQzI2OXBKUGdRMTQ?oc=5,False,di_luar_topik,0,0,E1_pp_disahkan
Pendangkalan di Dermaga Sei Jepun Belum Mengganggu Kapal Sandar,Niaga.Asia,2023-10-11 07:00:00,https://news.google.com/rss/articles/CBMikAFBVV95cUxQU29neHNOd0JjcWpraVhBTEdQeDdWMkItTE02QjJNc1ZDRFdTS05HOUpmMHdWc0JEbXRkdnRDQm13bDJrMVZmdF9uVnFjUjFHVzduYUJxNzlNMXZPdVpyZUdxOWh6ZkV0ZlNaTjNUYzhGLWZkNlhfdVFuTHpwejFpaWlCQ1V0M3QwUXB1QmVYWEk?oc=5,False,di_luar_topik,0,0,E1_pp_disahkan
Mereka yang terlupakan di pulau timah,Ekuatorial,2023-10-12 07:00:00,https://news.google.com/rss/articles/CBMifkFVX3lxTE12TmotcjB3NzdEYmFHSWFnQkJUQWVlb2JUNEMyQ2YyMTdmVllqN1lkX0RZWHV0cFlHZG1NWXMwNFozR1FoeGdYZ1hZcVhjZmJ5bm1nYm1PMnZHNHpwdjY2Skk5NFIxQkFBZEtoTlgzcUZ2eVhVR0hKbzlINGNjQQ?oc=5,False,di_luar_topik,0,0,E1_pp_disahkan
Bedah Editorial MI: Menolak Bangkrut Karena Laut,MetroTVNews.com,2023-10-12 07:00:00,https://news.google.com/rss/articles/CBMikwFBVV95cUxPaEtTZnpOcUF0YmZOTGJqWjVPYkVsQVM0WmVtRkRQbG5wRWVaNVVZZ0JZNkduWXdmeXZ5bklsQnRTNjNzenlxczdiZHh3UGVpXzZqWUNIaVl5bnpvVzFIVVJqVkloU0c2NjNwcEQwV0p4TFhuaW5QOUN6Z2tLemJtYUJtOGdGbGJuYm9OOE4zdi1wZ28?oc=5,False,di_luar_topik,1,0,E1_pp_disahkan
"Riset: Penambangan Pasir Menimbulkan Dampak Serius, Apa Ada Solusi Menguranginya?",Mongabay.co.id,2023-10-14 07:00:00,https://news.google.com/rss/articles/CBMiswFBVV95cUxPNVU3U0JYb210MW1YeHN2YTBoVTVnUU5xbldHYlZjaHlhY0RRZEE0aHZaUW5IamNyU2ZtVEdKMlYzTndDc21uaVd2N2tYa2E3aXI4ckNfbHpyXzNHc2lhbFFoRlRVTjNZelRNSGpRT2gtVl9EYlRPRlRkYkRXQWVhZ1lrSUdaYVdJSURlaGxVWHk0Z1lZdXExaTRIeE1Gc0thUVl2bElFaVhMQnhMUlNFZ28wWQ?oc=5,True,netral,0,0,E1_pp_disahkan
Pramono sebut hubungan Presiden Jokowi dengan Megawati baik-baik saja,makassar.antaranews.com,2023-10-25 07:00:00,https://news.google.com/rss/articles/CBMitgFBVV95cUxNTjdjOG1leTRINTlJaGsyRXg5R1lsZlVoRzFXaUhFUGwyZGU4MGNtczEzUnNoRzF1UkxKbHNFcFRZdlpiS3BQTGtoVW14TF9mTkZrOEhZM0hSY01TeTBIVWdvQjF4NzVPbDFLTGJBbzgyb1lmOUc5Z21lTzU5elBYc25URmx4QWd0SER4Z05tand3MEZfV2hHdjJ1bWhFNkJGV2FudHl4Q0Q5Q2NPVUVlUktFOTdLQQ?oc=5,False,di_luar_topik,0,0,E1_pp_disahkan
Pengelolaan Hasil Sedimentasi Laut: Demi Perusahaan atau Nelayan?,betahita.id,2023-10-27 07:00:00,https://news.google.com/rss/articles/CBMioAFBVV95cUxPVWVuSUlvWkRrcXVZcHlHU2x3VXRaNjZEal9GMS10V0hPLWV3enUyZktHZmNwRXNYTVJOd3JnTEtoTnh6dzl1T0xacUtHUFpCMk1KclZlcXItazJJSXdpTHhiNXh4SUlfLVRiQWd3U0tESXo3T2Eyc0FTTUtockdHejZBNUoyMTZQZHpVd0xRUGpuaUE3VVN0R3BRZy1HcEtt?oc=5,True,netral,0,0,E1_pp_disahkan
KKP hentikan kapal berbendera Belanda,ANTARA Foto,2023-10-28 07:00:00,https://news.google.com/rss/articles/CBMihwFBVV95cUxNbFM3anV3dkFvakZFZE5HV2NHTWFUZ1RUX0wyU0Q2TkdEQ1pxeHBHT3VxNENETjlhcmZJeTUza1JnYWUxcHYxRDlUUER6Ym9TYWdLU2pHVWEyWmtkZ2JodW5DaVdPTU9mUDhtZmJMWmI5SjV6OTV0RHZYUEpoQVFHcXlPVHVvZk3SAYwBQVVfeXFMTkJKWGhjckNTSDQ0TzFoc1h5a0xuZjg2aXVMR2dGUlZFcC1MNG41WE9aZ2phdHo2NkJKRE1wSURhaEstbFd5YVNOQTFHRExteENTSGIzQzMxM19zTUZTN21LUlNIeXpZUTR3TkViRlRFVC0zS19KTTBCUkFycVVTMERLdnAtRjFjUEN4NFQ?oc=5,False,di_luar_topik,0,0,E1_pp_disahkan
KKP hentikan satu unit kapal pengeruk pasir laut yang tak miliki izin,ANTARA News,2023-10-28 07:00:00,https://news.google.com/rss/articles/CBMisAFBVV95cUxNWHgyckpkNzZ5Qk01cE81eFFReF9WUXdIRVR0cTRjT0RuOHVTb1lQMGd4djZaWWdnTnZXWVgtamdqM1VvVTFXWDRyMUdoWllPQmhpU0tBNWlaaDV5RVc2NkRtczh1SzdXVVBUcVpUR3lRNTg4Z0MzY3YzRWhXT3lpT1h0bUtzN2tDTGVSVnhqdHRvSVhoT2JWUk05d0ZQOFZiTDF0NTFkUjlIaC1SVjd2Wg?oc=5,True,netral,0,0,E1_pp_disahkan
KKP Hentikan Kapal Hisap Pasir Berbendera Belanda,Tempo.co,2023-10-28 07:00:00,https://news.google.com/rss/articles/CBMikgFBVV95cUxOSHBoYkVhNUVXV081RWp4bEcxNktqdWMzalRldHFUaEdNeUtyNUpaNTI4aXlDV1IyRkl3YUVBc2s4bzVNQ3MtdjFRT0x0WWFEbWlOX0UyNm9tTTktdWN0MW4yOGM3NW02M3dibnd6NnVYdGZQcXZISldJVlY2bjFPVVd0ZkxtTkVYQjMwRjY3RDBrZw?oc=5,False,di_luar_topik,0,0,E1_pp_disahkan
Kapal Bendera Belanda Ketangkep Basah Lagi Keruk Pasir Laut Jakarta,VIVA.co.id,2023-10-28 07:00:00,https://news.google.com/rss/articles/CBMitAFBVV95cUxQRmZRWUhtTHF1U20td3BRbGE2UzZaa21TYlRleHJUMEl1VUdMdi1DWE8yYzFnSVRLT2plZkFpemF2bkg2anZRSTFEUkVsd2tybWFoSF9pa1JBUWNmXzFndmlrbVN4MDZxdmlRR010N1RiNTVoVVpLZUNkNl9GQ2I2RzJMNklQSzItNng4RjFoa3VLVXVWRk1BMmw4b2NMdmU5b1g3OXdFWHZWNTRDamRKclRaMFrSAboBQVVfeXFMT21KMTJOWVNyMVM5RWtLa0JMbzhrbzN5bTB1NnpKTXFVYXRKbmIwMjdST0pFZDFONHZKbl9kQWJTZFpGc3VyQzJhVW11VWxLcVcwYk9RS2hNQUpYdVBYUmNyTkowMVlzQUVBc3JlOS1US05sOEhpMThyX0UyU1pwd0NGVE1KZDBUS0hqOURGVzYyVHdwWXdUbUVHZ3N1TGwxYnNjY2RpY3VDWEFfMzZTeHU0d1NwTEdQRFRB?oc=5,True,netral,0,0,E1_pp_disahkan
KKP hentikan kapal Belanda keruk pasir laut tak miliki izin,ANTARA News,2023-10-28 07:00:00,https://news.google.com/rss/articles/CBMipgFBVV95cUxQZy1UdjlyQTRxUjE0cDJ6aG5SUGJkNUhTeHFzdHBJTnR1MzVPVHJhWDhWMVM3UkFCSWpvQ0dTX0R6bkF6bHRnOFVsazgxUEtiemdBRzBUdU5sUnJpVEp0N2thcU9RRkdOWFNRN242eXcxOHFWckY1eFRXU2k3WXE5VE1HVFpCRk0tcS12QmM5S3Vadk56NmFaMGxpdnktaXhHZmpqSzlB?oc=5,True,netral,0,0,E1_pp_disahkan
KKP Hentikan dan Periksa Kapal Isap Pasir Laut Berbendera Belanda di Teluk Jakarta,MetroTVNews.com,2023-10-29 07:00:00,https://news.google.com/rss/articles/CBMiwgFBVV95cUxNMTl6bldNM1FHOVpMWjRDM1h3SzU4SkFjUDJPWkl6dXVfQVdGUF9tY3k5TVdzM19CbGJvRW1vVWtWV2lQMVZvVEVZZjFhbDJxd1QxclR2LVRWeVY3NHV5R1JvdU8weTNSdE40TmhTbjJMMTJES0JkRDNIdXo5M2tiMWpxTU9fb2JBZkp6ck9hWXBsNlVlamhZQkFsSFhzRGxYRlB5VVFNSW9fNnFKUEhKRXJ2X2RhRFF4ZWVEOE1ZQ3Z6dw?oc=5,True,netral,0,0,E1_pp_disahkan
KKP Amankan Kapal Berbendera Belanda yang Angkut Pasir Laut di Perairan Jakarta,20detik,2023-10-29 07:00:00,https://news.google.com/rss/articles/CBMiywFBVV95cUxPN1dkR0lsUXhYQ1B4bFFBREN2bU9IdnJQeTRWcW9fbXFsVDdtWTFwbGF2bG8zWjJxZkpyXzRFWHpQN3ZUOGJxTVFUUDh3REFBekQzdl9xVHhtcDFJTnEzQkFxYjRMaGVpM3ZKanhvZG54TGpJRDZpb2dBV3pJVEpGQkJzdmJIM1phaXhGSzZxY093NnoxckkxYkpJaEtJdHJ6SmpGQTRIeHA3YmZQZUdrQkE0cnVRVmJhdEgzYlZRMzlubmxIeUM3UVV1QQ?oc=5,True,netral,0,0,E1_pp_disahkan
KKP Tahan Kapal Isap Pasir Laut Tak Berizin - Poros Jakarta,porosjakarta.com,2023-10-30 07:00:00,https://news.google.com/rss/articles/CBMimwFBVV95cUxQeEU0dUVsSXBkdGVMUmFrVlFYMWVfN3FhUXcteFRfcWl3WDE1UlRMRUJnOWV4bENSNDgzVlhZTXpycmp5T1QwZWVvenZ2RU1rejJsU0lMYjhUZm96WDNQZW1qLW5xQk9TWTAxcEctdEloWnJfSW1sTFVabG1nbnppZ1FhQ19UYjY1aUpOcTRWVGVSaERmdXVCTzJfZ9IBoAFBVV95cUxOZ3ppM1M3a015Ni1KWHFBeU5PR3J3N05iS05TTmdZZ0VtbzZUZGdDc0JROGdUZXdERjFoR3d6TXQ2VlhsREcxODRJZnZVWG5HdGk4c3BrdnV3aDJGX2ItMWZiSmtackgwMVZWcHdoTTM0dHR1OHJqU3BQWUdGTkpLV3FZRXZSS2pLMXhPdnJpQ0hqNmczLXBLM0JuMTBrbDlF?oc=5,True,netral,0,0,E1_pp_disahkan
"Tak Hanya Megawati di Tim Voli Red Sparks Dilirik Netizen, Tapi Juga Park Hye Min, Ini Fotonya - Riau Makmur",Riau Makmur,2023-10-30 07:00:00,https://news.google.com/rss/articles/CBMi2AFBVV95cUxQbHlxelppTGVSMjJ5ejlGcXd0Y1BzS3RhM2M4c2pCY1Y5NlF6RVJmVXV1Rm95UW5zV2xjTEVOVHdnTGZCZDBZa3I2WGVfRl9raDBtQWh2YWM1MzJ1dThsRmdhVVpFSFFSMDl4WUQ3a0RBVXNjcnp2dnA5WnJaQXUwVnBoYTlaZXNGM3l3YzBjOGFNdFpCUEV0UjEzamdHakMzLUVNdTBCWVFQcVo2OXlUYlFxR3Zkd3R1ck1EQ1BNWnpZQjhvb21lcU9vaXFodXdLbUo2VURORGzSAd4BQVVfeXFMT2dYTEIweUUtV1hYRUJqSnBEaHB6TFJKMUJIdHNrbFd2R1lWbmdkRllSYjRlM1hUMDM0UldqYm0xcV9QaXd0ZzFKRk9qUy1NMnhTLWxNMGJDWDBWS1ozWFZiNEVycEdLS1RUZEp4RnB4TFlXQ3FVcDdkVjd0NE9WVHNMV1R4UC1UWUNkcVczVVVveW9qUTdRYlJ4OC01ejBIZGxhNF9ScjZSU1ZKa0pmUEdHX3ZXY2ZnZXRnNkdHS2NGaEZFYWREam1seFJUUGR6UVBqeFNHalBmc3dYUm5B?oc=5,False,di_luar_topik,0,0,E1_pp_disahkan
Pemprov Riau Cabut IUP Pasir Laut PT Logomas Utama di Rupat,GoRiau.com,2023-10-30 07:00:00,https://news.google.com/rss/articles/CBMioAFBVV95cUxQNjZ0cmFRazJLNW9Dd1BhRFBpS3Y3Q2JwXzBVdndQbTJSZnFkSUgyQWRWWm12U2U3djFrMHllaDNmd3ktNTVZcF9CRExPYWEtU3puYjRqNFZMM2RHU0ZPZ05waWJKWVh5NXlFUFR2MEV0dHN1NFQxNzBQQmpEdmhockpqczlYMjJYM0RQVnFsd0tLdkltOWc5Q2NtQUd2Mnpr?oc=5,True,netral,0,0,E1_pp_disahkan
"Permen Sedimentasi Laut Rampung, Walhi: Bukti Bluewashing Pemerintah",Mongabay.co.id,2023-10-30 07:00:00,https://news.google.com/rss/articles/CBMiowFBVV95cUxOYWUyWGxUcjZOSDZCWFJ4SFh0ZmVSUFB4NWVsd3MzSE02NFRZTUU1ZV9XVTBGQnJsRGVzZ1AySjdYdVhfNFZvZkpsNXpCc3ZXY0NES2h1eDhWWk0xWWdYcDFpQjMxSEFoTTNEMm10RnNvei1xbTZRMnA2ak1ZY2xneTVVbXZwai1HZFQzMmVZMVlEWDlCY3Zwcl9KQVNLZktBRXZn?oc=5,True,netral,0,0,E1_pp_disahkan
"IUP Tambang Pasir Laut PT Logomas Utama Dicabut, Nelayan Pulau Rupat Serukan Pencabutan Industri Ekstraktif di Pesisir dan Laut Indonesia",WALHI,2023-10-31 07:00:00,https://news.google.com/rss/articles/CBMi8gFBVV95cUxNTXBPWGZFWFpBekRmeVZlNlVVR2lMMHlzTzNybUNCUUxRY1U4bThOelZYRzZlMGVsdFhva0ozbGNMRnZybFA2ZFAyZHVJSWcySkphRDlXbXB4RmF2SHBVZkxmVmc1V2xQVlB4eUw1ZVRjdzY5N1BjNTdNX0hodEVaU3dVZGY2dHFNR3IxQ3BwUWpxb2xrRFdGbEp5SVM0Z3BMcTMzS0dIN28yYXpfb0NNc192Y1dlSWVNbmtvbUlvcW5oZEF3M3kxTGkweEc2UkE0c0wwV1VWQmU5endERllOdEVpdFlOSzVNdUk1TUdVb0JPZw?oc=5,True,menolak,1,0,E1_pp_disahkan
Presiden ajak pengusaha ikut bangun IKN,ANTARA News Sumsel,2023-11-02 07:00:00,https://news.google.com/rss/articles/CBMiiwFBVV95cUxPaVJPdElPcjVGSDFwZ0tUWk9sZlQ0d2REWDhxQjNDc3hHMXRvVjhGM0tldXN1dDVEa19jZTZQWWd3cEdqcjVST1FQYWszV3VkZmtuZWs3MWd4eHRhWDR1cnYtRDlld2FVZ0FYNDR0cU50TmpPdWpYS0d2em03Y2hJV3dJVHF1QjVIWlZV?oc=5,False,di_luar_topik,0,0,E1_pp_disahkan
KKP: Kapal isap pasir laut MV VOX MAXIMA masih disegel,ANTARA News,2023-11-03 07:00:00,https://news.google.com/rss/articles/CBMimwFBVV95cUxQcGQtdjJUU2ZuSkxBOWNXb1J6Zjg1UTg5ckNNWHN5RkxsRzFmaWtDZjAwQ0JyVG9yT2Nuclh5MUp1ZVgzb1VsTTNXclJrSi00eHFOMkY3eFZZTHVIazhiQXFqTTlJcVljUThBNEVkbUVIdjVHWlNHTHMzSjBVUlFudnVXTFhHU0dvbmpqVERRSXJxWUZLOFpzdGpwa9IBngFBVV95cUxPb0xkNFJSTGJUUWxZZEUzeXNJMHROMWZPRTNjNWZFR1l6WDB5bUhjcU52S052dy11NlJ4eFQ4UzZONFR4OHY0OEtMcU8yb0NZTFpmN2czSVg1V1VrV1l4OG8zZnRxM01MS255ZEM5Y1BpQUZCTGx4NS14aG5STFpaZy1vVEZBMkprYW9wTHJGdEJHY2FLRUNGSWg4SGRtdw?oc=5,True,netral,0,0,E1_pp_disahkan
Mencegah Punah Bahasa Gayo: Risiko dan Upaya Pelestarian,AJNN.net,2023-11-03 07:00:00,https://news.google.com/rss/articles/CBMilwFBVV95cUxPbVFCLWVCVGJUaF9rcEpzRy1pWC1zclBBVUdDLUxEdVRyRl8wYTVGZmhOMHU4MVBXcTJsYmNCaUZZZ3ZnLTRZbkt0ZnhEN3pFdzZGU2dYOTFCQ1pEdmxyVW16dXpLaEhseVphTG5Rc1ZEaWFkV3RlLW9zbEQ0RUVYdmw4OUpSYTBEUGoybFRPeWsyN0ZwenZF0gGUAUFVX3lxTFBfQ3RIZzRfWlpDOGVKRW5CS2hPVWFwb3B1V3BCeVB3a0dEMGcyeThKY0ZEMHVqRTZNS25Qd0NvMm5TeHpoY1RlSmU4UVI2MUxoY1hESENwRkFmTlJzSDRaOVhzZGVHU3ZxMjB0MUp3eG4wVTlILTBjSmdGZXBUT1FuZENrVHU0OXZfMWdNajBjcTM1b0Y?oc=5,False,di_luar_topik,1,0,E1_pp_disahkan
Jerat Korupsi Hentikan Tambang Pasir Besi di Lombok,Mongabay.co.id,2023-11-05 07:00:00,https://news.google.com/rss/articles/CBMijwFBVV95cUxPN2Vscm5lc1MxYzFGZzh2RkNHbXBzcXRUbGNrTVRoZ1owTUIyRVE4alJYNXNEZWEwOGx1ZkVBRXZoUDlMcUVPQUJFTnR5bjlJdzdHZi1CRmJtN1RhNnIwaVR1M3FPeTM3NjdtNFlteGZXdFh2Zjh0NGh0ZmZQMnVrSW1pVGZGVE1kY2czOVM2Zw?oc=5,False,di_luar_topik,0,0,E1_pp_disahkan
"Nelayan Pulau Rupat Menang, IUP PT LMU Dicabut",betahita.id,2023-11-06 08:00:00,https://news.google.com/rss/articles/CBMiiAFBVV95cUxOT2N5aGdyZ1B6eTZ0OGEyLV80TzQ0bGRkV3JCWElHd3owbk5NSGRjejBIaW1XSWdSVGxPTjExWXJQOW1XcVlRRkJOY1NSbWotejVXTG1iWmR3SEZmQzlIQWc4UUNENV9kOUUyaGI0cUFfb194dnJ2Q0ZaRS0tTG1tOWp2RF8wRndl?oc=5,False,di_luar_topik,0,0,E1_pp_disahkan
10 Negara Paling Taat Hukum di Dunia 2023,Kompas.com,2023-11-06 08:00:00,https://news.google.com/rss/articles/CBMimgFBVV95cUxNVzhpRm0yM0MxbkpiYzNXYzhYcHJMTDhBc2ZDV01wZ3Awam54OVRnVlJESHNXbTZMMzNMZXo3WkVUanFNMjFrVERqOWkydG55MzhPSVIwWGF1c0hNZ0JYSjJtQllXZDF4MlZ0VExyY3ltUXVxRkwwT1RVV1RLNE1hamlfT2FTM205bnZQUTdXTkp0aGZvQm5OdkZB?oc=5,False,di_luar_topik,0,0,E1_pp_disahkan
Penyederhanaan Aturan Timbulkan Ancaman Eksploitasi Sektor Perikanan,BeritaManado.com,2023-11-10 08:00:00,https://news.google.com/rss/articles/CBMimgFBVV95cUxOUUh1U0JLaUxhZk1SY2dyVGNScUdLUHBnWEM5aGxXWjJhLTVZN3ZIZEk3M3lxRk90RkFVZmVtc09LZU5DVVBHNUFGUjZOVU5ybEYtb0hOQ0FwN05OVElZbVNYclRJb2dYeVZzeV9GY2pMcW1Ub1Y5SklnVzZuWHd1TFFpVldpQnQ5T3EyT0pSR2N5QnZHSDQ2LXRn?oc=5,False,di_luar_topik,1,0,E1_pp_disahkan
Ikhtiar dalam menjaga ekosistem pesisir untuk kemandirian maritim,ANTARA News Sulteng,2023-11-11 08:00:00,https://news.google.com/rss/articles/CBMirwFBVV95cUxNdHBhWnFDMGNYZWJzRUo1TmJ6ZVd3b0JfSVVfOWZZWGhzS1NzWkJ4YlJ3YVdoQlI5d1BzZmFER1dMamlKNWVoTVVZOTI4V1pYMGROWjYxYmJLemRwaWpNaFJGb01VUmtaX2Z1LWxFZFNyM3dWTnRKYmxWTjFOR1Bxd3p6RWtQLTZac296ZW9ZclBXRFFMQW1ZelYzM280X2cyakFISnN0blZfdTBDQWRj?oc=5,False,di_luar_topik,0,0,E1_pp_disahkan
PT Berkah Lautan Kepri Gelar Konsultasi Publik Rencana Pengelolaan Sedimentasi Laut di Karimun,Batamnews,2023-11-14 08:00:00,https://news.google.com/rss/articles/CBMi2AFBVV95cUxOemNtSG9rMGV6TE1VUE1KTkxOZzVMVmtpUlJmVm5aNC1tajA3d2szT2ZOVDZtbTIyQ3VVdGE2YnZScm1DVm9Qc2toMUhrcW4wTEVLQUhBYS1UMk5hczE4NVlFSm5hNVpOUmVCak9JNkhUWVFxTTh4ckFPRzlrcENYeWdqTjRmMjhIY29VNmliSFJ0Yy0zRExTdElxZWVtMWk1aEd6N1ZlaV9NMUFzc09ZdTlKMGluMzNTa2JNQkQxUE85QmdyU09lemZLc0xTOU9hdE1WdnFWTko?oc=5,True,netral,0,0,E1_pp_disahkan
Abrasi Akibat Perubahan Mangrove di Desa Bedono Dipengaruhi Tingkat Sedimentasi Tinggi dan Kondisi Antropogenik,Kompasiana.com,2023-11-15 08:00:00,https://news.google.com/rss/articles/CBMijgJBVV95cUxPbDNhM3N2MEczbkxvTEdBU0VoTVBiRmYycnVRMjc1dDNWbURvQWFSSE45N3AzTm5DQ09LWmJnYndxcWF0REEyODVqemdCRjZRRFM2UlBQOHlVNWNfalpzWTE3aXBNcklIWFdkSVF3QXNBQzF1UWxQMk1YRFpiaFVFTXI0a2RvVWlfX0R1SnpXRmFKclBuZGU3QkYydEtydjc4bFFYN3o1anQwb0J3UEpKUTFwRXZkaEVvM1d5VktIY05iTXJUUzh0QjgxT3IxaDFuWVJ5OGdOR01wWFlYSFFjZzluUTBxc3dPdHhid2NlYlA2c091ekVCRUUyWGJxa2lZMXB1bXh2TFl1TTlhN1E?oc=5,False,di_luar_topik,1,0,E1_pp_disahkan
Nelayan Tersingkir Sawit dan Tambak Udang yang Membabat Kawasan Mangrove di Pesisir Sumatra Utara,Project Multatuli,2023-11-15 08:00:00,https://news.google.com/rss/articles/CBMixgFBVV95cUxOcWRUNGFKczNCZHZlYjlEM1VSM0JCZ0x0SUNYaTFxVE40elpGRDhDZ251UWNiUmU3MWhJdXUzUE5udFpJcDB6aHVMT3JaaEs1QlQ4ZjFLRDJCQjdoQ3N1aHh0aDhlZ21YUEphbFNSNkl0cEcyRllKYURMM2hveTNmRnJkZVRqT0E1bFNvNXV5ZUpPcXdNN3Zuek53ZWNHek5McUVpOTZ3M1hGYkJmZVhucEF1SjN6NHBXdEZBQ0hUY21ZT19ubFE?oc=5,False,di_luar_topik,0,0,E1_pp_disahkan
Manipulasi di Balik Praktik Pencucian Biru di Pulau Kecil,Mongabay.co.id,2023-11-17 08:00:00,https://news.google.com/rss/articles/CBMilwFBVV95cUxONmxoS0Y1elFxeTdjbURLUlZid2NiWU5ScmpTaGRaSHNIMGxIeDFva19WX1N4LU0xNldtTVZ4MW9jcFM2RlBXeFJXMnB6dTZnTmlRdTdreG1RVXpyYXZFdmphZDlmWEptT3hsOUxEY0hOX3g5ZTE4VWxYcE94UWktdnlGcktaazVFZm5uV3RybXlEMkN6OWRj?oc=5,False,di_luar_topik,0,0,E1_pp_disahkan
"Kapal VOX MAXIMA Kembali Beroperasi di Perairan Pulau Tunda dan Teluk Jakarta, Koalisi NGO Desak Penegakan Hukum Lingkungan",WALHI,2023-11-23 08:00:00,https://news.google.com/rss/articles/CBMi3wFBVV95cUxNbzRhcTN1QmpVSTYtbGYxcjBuaF9uSzNVWEl1Sl9LeGRmMG1GTW5MZDc1cTA0bDRfWER0RzZ4b2ZxaDhNOWJoT3pKUjZ2bktMX0ZhRGxld19mcVJxLXU3MG9VWVd6eXFJY0RyX3htZXRoUTdiUzNzd1pvVUVpc1lsM0FGaVN2WjV5eTExUGstcnVKaTZ3YndCcjlfOTlPTjdCUGlldnVKOFZfTFkzSmpiSC1zY2phRmIyMGRRSm1GcXRlemdxemhyWUM3WU5wLXRST3F1TUNVMFAzQnpwMjI4?oc=5,False,di_luar_topik,2,0,E1_pp_disahkan
"Pernah Disetop KKP, Kapal Belanda Keruk Lagi Pasir Laut Jakarta",betahita.id,2023-11-24 08:00:00,https://news.google.com/rss/articles/CBMinwFBVV95cUxPWFZrQnhTcnVFa0hPX21qX1JMRWd0NVZ0YVB6WWJramFqTEJKaVlYWUI2M1JiX1ZfOVFlQ0FMVk00Mktxa2VkTEp0RkVaa1lBblNrRkhrRE5qWmN3Y3pzdWZIX2FOdUxuUVlsNW1iV1EtWG9lN2FBUjFKcWNzbTVoVEhDV2N1Vy1IN0Y5cEY0NUw1dWZDX2Q2SWZyTU1xejA?oc=5,True,netral,0,0,E1_pp_disahkan
"Di FGD Kajian Urgen dan Cepat Lemhanas, WALHI Desak Pencabutan Peraturan Pemerintah No. 26 Tahun 2023",WALHI,2023-11-28 08:00:00,https://news.google.com/rss/articles/CBMiwAFBVV95cUxNb1NFcGoydFZFT28wNWFOOFYzRFNlSEk0VFhoTUd0MmJsMjlEa3hJdF9WeDcwZmhHekhoZlBEWkZhRVNOck5vb0F2VUVhZ0F6NUFmbVZ1X1hXbGRmQllYWUlDeWRpWVc3R1Vzd0k4cnFGeExEY3FxR3A1dnhkT0Z3YWs0Y1dkRG9zSkRZM3hMNFJ3REVWZ3A3WnljUFk3U0xRWUJQcVNyS3F4bWRTY1djM1FseTlIT1VRT2ljOW53WVo?oc=5,False,di_luar_topik,2,0,E1_pp_disahkan
Dampak Multidimensi akibat Pertambangan Pasir Laut,Mongabay.co.id,2023-11-28 08:00:00,https://news.google.com/rss/articles/CBMijgFBVV95cUxQOTdBT2sxa2dXSkw5THQzaXpKVGloTkdyUV8tS29UTi1VVlQ0d3F3X0JRTEduRXhfbHZTekJNME5SeTNqVUJydFNQbmdEVXdCeTNPUTJxaG81aUFEOUxaODZOVlFiVW1JdnpMbldaZFU2LTQ2M1ZuVFQ4U29rRDRWcTBOcjU0Z2s3c0R4dElB?oc=5,True,netral,0,0,E1_pp_disahkan
Pertanian sorgum sebagai sumber pangan alternatif,Ekuatorial,2023-11-30 08:00:00,https://news.google.com/rss/articles/CBMijgFBVV95cUxPaXRRMDhaRm9zS0JVWW5Xb0tBSVp0amt5Qk52WVpKaXUtRnA2X09QZzlsNUUwaG1uSlVOVF95LU1EcFJmZF9XeWp5SzdNaGNEQW9CS0tWMVBGSkdMS3FVYkttdGgtbXFmbnRSTWswaUpLZW1ITXdTMXNheXpwUUI2SjFHcmRROVFaVE92TjV3?oc=5,False,di_luar_topik,0,0,E1_pp_disahkan
Riset WALHI: Perubahan Iklim dan Tambang Pasir Laut Picu Terjadinya Pelanggaran HAM pada Perempuan di Sulsel,Mongabay.co.id,2023-12-01 08:00:00,https://news.google.com/rss/articles/CBMi2gFBVV95cUxPRUk2TVpvOVYwNW4zeDNQSHRKQWpTTGNkdUVzel9NaHhrdE55OEhBWlU3U3dWa09xdVlyV1VkZHY5QUtDOTFRUXp2c2swTmVMY1R1RmxFZU5XRVd2UFpGS1pLM3pOR3dGazZBT1VKR1hsNTJmUXBMOURHN01hRlZJTjlzWmozS0FkRWZXdUtFUVJVYTkyZFhua0VUdjduRHBhSm5qZWV4M0ltal90eFBwTWtXU3B5WHlKZEdXNXkxcXp5VmNueThzNnZpTy0zNWgwT1lrMGNTdmNaUQ?oc=5,True,menolak,1,0,E1_pp_disahkan
"Izin Ekspor Pasir Laut Kembali Dibuka, Komisi IV DPRD Banten Minta Pemerintah Lakukan Pembatasan",Tribunbanten.com,2023-12-04 08:00:00,https://news.google.com/rss/articles/CBMi0gFBVV95cUxOSjJURWV6T29TZHphSGpSdjdsX0M0M2RoNVVRWGdwNm1CQkFEVFZkVXZ6ZFJMOUt0MjkzRVYzQklJUllIdk9xLUpoME54NXJCZ0FUNU4yY2dyM2MzWW5iVlJ0TW94a004aTF1YmxSM0ZOdlpTekF4aU13cWhpQ2xuOHp2TUlndmdUNVRta0kxR3hXU0hiU0N3dGd3QWtuLUNDdWxrWDJIUkg1V0NyQ2JGM1g1Z0NxVVd4T0JTMlAxQlA2T1FFakNMWVBtbGY1YlZJOUE?oc=5,True,netral,0,0,E1_pp_disahkan
"Yasir Afdillah Terpilih Jadi Ketua HIPMI Batam, Gantikan Louis Loi - Kepri Post - kepri.pikiran",kepri.pikiran-rakyat.com,2023-12-11 08:00:00,https://news.google.com/rss/articles/CBMivAFBVV95cUxQS1MxdWtoZjJzUGhqdUhJRmYzSDNtUEQzN0ZsTU5td1pkazltc3lrN0tBQ2JiMkVQUmxIMXVadVhELW8wcXNvMHRTVUx6d3M3YzBMb05LTzQ3SEtPeU0yS0gxalpORjRkcGd6bmRIbjJIMnBTWWNsOEdIRUVLaFA1ekd1U3Jua1VYbWllMHBqdWhZNnU1d3p1UkU4WTNURFBNWjFVeGszMGk3X3NLSEtUamUyWUdySFFVbUxTUNIBwgFBVV95cUxQT1d6WGFBd0lNbXg5Z1E1RzM1SW5WZjVONGZ4V3lNUnVsWmFJNEh1Q3FWNVRxQUl5TERxeVNDeWxObFJ4MkJLUU5vYU1taGRtOWtZY2ktMXdPaVU0Zk5Ha1VzYjQ0MDM2dm53U251bzl1VmdLSjBVa093LTJpVmgxaVZZOHRCUXJ5M0Q4cDB5bHhteFptMTl4MjI2Y0Nrc0RfbXcyNkNFY0NDYWJidkpTMVluYTlOcmhpVlNKUThSLUFsQQ?oc=5,False,di_luar_topik,0,0,E1_pp_disahkan
Warga Pulau Tunda Kabupaten Serang Keluhkan Aktivitas Pengerukan Pasir Bawah Laut - Kabar Banten,Kabar Banten,2023-12-11 08:00:00,https://news.google.com/rss/articles/CBMi4gFBVV95cUxPbTgwU0xqNUpEdFlJUnZIMjZFcWhwckl1WjVoUUhGcU1mLTFyYzVFSURBSnFWWTUySHZSR0lYY1J1OG9jdjhoLWV6WjkxVHJDV2NFSnlXNEc0VU5ZNzZOb3NmOGV2VHJfSWRaLTFnX2ZXUG12akdkNW1pT3RtTUtybEZtRUd1NmhvWUFVVFJkSzN3OXhSb2NMdmhyZ1U3Rkp3aU5PeUZmUm1ZLVBqM2Y3bUVnU2N0X0ZVM3JyUEhEWUhGRzZDLXJLR2FpbUxSUjJzd211UzBIeVkxMjB3UzRFZmZB0gHnAUFVX3lxTE5yeF8yOEU0RzhSVl9lemhaeDh4Qy1MTGZaTy1GSjZDaWprZmtMeF96ZEhWYWdDSUQzcnNKOTdRREp6eXhXVHRHdHVTOXZiNC1YbFZRU3JtMXZneHdTTWlZT1V2OTJ0Unk1UmpacGlOTS1tTjhxcXNDWU1OMEJ0Z0xROHR1VGVNaU1jaXphQnhlM3hGQ2cycjlkVDh0eUpJMU5yaEN1LW9WMHlodmRqV3ZUMkRDVUNxRDB4bkUyeDA0Nk1HeFpaaFp0UVZENFh6NFFpU1RmdnZBNGtFT2ZmenBaRzYxOURsUQ?oc=5,True,menolak,2,0,E1_pp_disahkan
Program Rumah Bambu dan Gaba-gaba sebagai Solusi Ramah Lingkungan Halaman 1,Kompasiana.com,2023-12-12 08:00:00,https://news.google.com/rss/articles/CBMi1gFBVV95cUxPYnlOWkF6VHZmbHp1ZDdmNlZQdnQzbDByamJjenVzbHZ1VDZlRkZ0QjBHWl9XbmhZajB1S2tXS2RMUnA0Q0hIOXRZZHp3Ty1qbUFvNGpCS3huNS02cm5YYTFScnJqUG14bFlhNUhaOEY0MWc0c3NUUV9qNV9MRHJHU1p3YkgtYjk5NW5wdmxFeW9zMkI1a0d6V2RqbjQwN1hVR04xdXVnb0lsaUE2VTJKOUw2ekF6b3RDc0tBQUZtNklQZU9JcS03R3RDYTZMMkxBV0xXdEZR?oc=5,False,di_luar_topik,0,1,E1_pp_disahkan
"Cek Urine Mendadak, Seluruh Pegawai Kejari Bengkalis Negatif Narkoba - Haluan Riau",Haluan Riau,2023-12-12 08:00:00,https://news.google.com/rss/articles/CBMitgFBVV95cUxQRXJZaVlIcG4zU2g3azFyazNXZUk0cGVTWVhoNU03aXZEVE10d0pnTEhFTXJRX3hPR0R2MThuSUlORXVIekJxOHloQkZETUN6b25TZ052Q1QzSmRYRmp3SkYzZW0yOG80bkw0ZGVpbWxBeWRUZVRMdU01c1JibmFud1J5OTBNNWNiWjdlU2NaR1NMVmFGS2V5ZjhwVlFLMW51NWpYSHpaamR5ZEE2UzRucU5RTktpUdIBuwFBVV95cUxORXJtU3FRampNY2RkM1lWX1FaUXdTaUh4VW4wWDlDRmVIdmlySGo0VXZUclRoR0hteHQwcEtjakMyaGJjV0lfaFFKNW1uU3REanlpUlFsMnJIYkJqUXNwTnhublM5V3g2N2pIRTh6RFBHNlpOUnFpVmExZjFqOWRkNTFaYzdoWWhTb0hkRUx3NENic0hNZ1BCSDhrZXV0Y1RyWkd1NUJNTHFrdlZ0VXlaT2F5RXlhRU1JeVhz?oc=5,False,di_luar_topik,0,0,E1_pp_disahkan
"Kandas di Kepri, Tanker Kamerun Belum Bisa Dievakuasi",Kompas.id,2023-12-13 08:00:00,https://news.google.com/rss/articles/CBMimAFBVV95cUxPa1duZkJCUjVfeDJFMkRPSWdjM1gwQ2w2YlFzMkJBd0swWW5fUGNRQmVieGFLbTVfZXZCUDUwNEVWb2dMZmxBSndjek1saTFlN0JKbm56WW5wRl9PYnVoQ1JLWjJOT2g3OGg0RFdOUDhmT1dqXzZvaE9NMU9NSk5XWlVQVkdpcVNhN2VFaUs3OWtMVzdvVlNrVw?oc=5,False,di_luar_topik,0,0,E1_pp_disahkan
Jaya Real Property Resmikan Bintaro Jaya Xchange Mall 2 dan Wahana BXSea,Media Indonesia,2023-12-15 08:00:00,https://news.google.com/rss/articles/CBMitAFBVV95cUxNSXhIZDc5TDIycTE4Q0FjRmlWYmVfdG16RTU3UTAyZjJQNlczb3hYTU5mN00zTTd6Y0RjNFhkc0pDSTJoOEVhX2M3cDNCc1ZfaU1nc2hyRDVMZ0FJV1VGZXh3Q1NJZzJaV0FCWkI4blFDTlpFVHRUS3V4R0F5QWk4OXJWVjUzVGppbnFJMDdSRE9CQjZKQjladnRCNVkwVGFuTlc4ZVZWbGtPMHZlYTlKWWo5ZUo?oc=5,False,di_luar_topik,0,0,E1_pp_disahkan
"Langka di Dunia, Laut RI Punya Logam Tanah Jarang 4,6 Miliar Meter Kubik - kumparan.com",Kumparan.com,2023-12-18 08:00:00,https://news.google.com/rss/articles/CBMiuwFBVV95cUxNeFFBb1B1YW9PNjBtZU5CSU5aVTVKd1djQThyTGZMY0ZYWERWTTdxMGhVWVNSNEE4NE1RbTl3a3hZNHJNaDdPR0pKeFl2ZVU2VEtqRDZhTGZWQVdOR2c3S203SVc5aldydGc3T2dkelRneGlJZXREdE9XX3otUVlObUV0VXBfMlhaZ0RDV1dZLThERFhOQ3dLd2xDQndBN1NVNmp2OVpFdE10Rl9GYXpYcUtSWDN2d1YyV3pj0gHDAUFVX3lxTFBCMXRKSkFfUnlnSldYSmU1akVQYkQ4SzdrclNyM2N3Ny0wMVphQWd4ZWVUaDB2bVgtUUc4Y3RnMnFGak1hblZLQ3FubEduOEJKMDRTQldIRHVoT1l4bVRrMkRxTmN0a2FGTEhNY0VLbV8yaU4wVDlmSF9SamJuZld2Zldmc1d4Qkt5TmNud2VSYnhSeFMtVzg3UmFQeFhyWEFGZWpnSVN6a2I5WkUzQzlDRkc3Z1htNHBPcVBaM2huUFhMZw?oc=5,False,di_luar_topik,0,0,E1_pp_disahkan
Gamhas Desak Gubernur Malut Bertanggung Jawab Atas Kerusakan Lingkungan,halmaheranesia.com,2023-12-18 08:00:00,https://news.google.com/rss/articles/CBMirwFBVV95cUxQS2tGY01VNUJBcFVEbTdocTllV0FqS3NxdmxYa2lHdWI5TDFhWWU4UDhIMHlUTi1qVGZFdUJXSk5FbWtBbC1kM01OVHJqeWpzLXF0enRrQm04U0FUd29fT0wwY0JtZkh2NU9nbi1rT2lYSmZsUGdseXZCajhSc1lLN09RY1FBY2tqb29fUENhRGZBcEFEcU1zM1RPazhFZ3NlOVlNN3JhdDlIejJIcjFN?oc=5,False,di_luar_topik,2,0,E1_pp_disahkan
KKP Hentikan Aktivitas Kapal Isap Timah di Pulau Kundur,Kompas.id,2023-12-19 08:00:00,https://news.google.com/rss/articles/CBMipAFBVV95cUxNakZvcHc4OEdOQ1JOUk1mRVhLZGNDUVMyUHVoVlBEbFp6bXhRN1ZyZlVHaDVVZTMxVEpTak1wd1VCcTVUdkM4czRrbXdhbmJja2kxMVVmS3VjbFg1d0xFUDc5TzNoekN2V3BBRmtibjQ3VmMzcXZqRXE4TjJRVVNIdFBFdV84U3Y2Q3ZKSGZZeFhfWmkySG5ieXVJYlFCVmFJWWRzVg?oc=5,False,di_luar_topik,0,0,E1_pp_disahkan
"Negara Melayani Siapa? Potret Ocean Grabbing di Pesisir, Laut dan Pulau-Pulau Kecil dalam 28 RZWP3K di Indonesia",WALHI,2023-12-20 08:00:00,https://news.google.com/rss/articles/CBMizwFBVV95cUxOWXhFdUhOSFh6dnpQTFdhaEFQV0tWRVVkT3dtZWdVdC1MakZ5Y2dZNHlvYW5YT053X1NiLUE1SnF3X3Rxc00xSEp2ejQ1bmR1LVF1YTRyWkZzSm43REg2Zll4dUc5QzJiZkl0QkJzOGVfS2VEXzJaM0JZZ21tVW5tVTNDVlpRZGdjbHRKdlRndEV0RXBaVDB5ZExQaTMwcUVHSm0zUmJxSVMwZWFTdTB4Q1JmYjhTZTh5NkFWT3VPYXVWNVV5X3lXVldCNTg5NEE?oc=5,False,di_luar_topik,0,0,E1_pp_disahkan
Ditjen PSDKP Segel Kapal Keruk Timah Milik PT.EUM di Laut Tanjung Balai Karimun,Presmedia,2023-12-20 08:00:00,https://news.google.com/rss/articles/CBMiowFBVV95cUxQdFk4aDBUdmVhMzVsMU8zanROOUNzSFFSS1RtQkR1TWdBcy1OWnVEOE9EMExKLTRLOVNjLUZ0OXZlaFlKMmRsT2dteVJMR3doblZQc0wzRk55SVItTnQtYWVWMTNBcmdCQjVNZmlOQTNuSFg4WkgydEREOFU5UDJzTk5FMlkxMEJVenpzSXgwODdLU1kzSzhOcHA1Qy1sS0NTNEJV?oc=5,False,di_luar_topik,0,0,E1_pp_disahkan
"Tak Sesuai PKKPRL, Pengerukan Pasir Timah PT EUM di Karimun Dihentikan",Kompas.com,2023-12-20 08:00:00,https://news.google.com/rss/articles/CBMizAFBVV95cUxQWlJyVDNlakdET2gtZ3cwUlVoeGMzUzBjSmZLQkVqdzBFWC01cEdlZTRiQTF4Q3MyMUduaVdvU0xrS1phZ21KTm81QkVrb2NqeUZoNTFsVEtlR0Z5VXhkUWR6a1VMVy1yQ0RjYXNMTXNhLWJYcHM1MndzM3dmQ3pCVXEwSmZ5OGNUT2xrTkoydk1VUjk4RjlpeUhRcm9VZ2IzVDRLRkI1b0JuVE5QWm1xUzExNEVOMTVRTnV0bFFJcWZjdnNmalliNXJBQUU?oc=5,False,di_luar_topik,0,0,E1_pp_disahkan
"Penambang Pasir Timah Diciduk PSDKP, Pelaku Didenda Administratif",Mongabay.co.id,2023-12-21 08:00:00,https://news.google.com/rss/articles/CBMioAFBVV95cUxQbVFpRC1ZLTdrODVsSXNuZjFyNEFCajRXeUJVVHctcHNXVUR2SFpLUjBUNFFBVmRLTFRGV3VRODlRb2R1LXA1NWdkUTNwa3BVV1JrRHhTZ1A2QlJiaWJRclZTaVYtQkFZY2lUTzgwTGkxYm90eWxsSFRLaFViZld0TXE4NjczQ0J0d0N6ZWIwMktTU2l4UWJnR3JGSW9XU1Iz?oc=5,False,di_luar_topik,0,0,E1_pp_disahkan
"Kaleidoskop 2023, Deretan Pesohor Tanah Air yang Meninggal di 2023, Terbaru Chef Haryo",Tempo.co,2023-12-21 08:00:00,https://news.google.com/rss/articles/CBMivAFBVV95cUxOR3d2NUFSLVNKT2JjMVVHdm9VV1djSjZnZU5LRmpMSXl6Z2E1R1Nja3k1MXpHVHUxVVhvcWptbzBhMGhKdEMyMEljZ0VYdWNKSEpRc3dXMEg2SzdHblVOdUozb19uSWN6bVR1cnhhNEQ3VnI2ZlZFbEZoMDQ3d2hyajBVRkU2M2pZR0F4VG44QlJ0VXY5a3ZSZmFweTFfakxJWXR1ZXFwZGJpSFNtcldNVGY5SGZPQXgwVkhVZA?oc=5,False,di_luar_topik,0,0,E1_pp_disahkan
Apa Kabar Pasca Izin Pasir Laut Logomas Utama Dicabut? [1],Mongabay.co.id,2023-12-22 08:00:00,https://news.google.com/rss/articles/CBMilAFBVV95cUxONm5SSHlxQlVURFVBY0Q4VFFiekRpaWR0MDZxMkh1ZFlMWXpNSDA5WWxOZ3FpZVhuOGRyaWVwdmxhcUxrWEg1ZWhldWNWb2NlVHdPeTNTOXQ1UHpxN3paekJERWoxdHl6VnpxcDF6Ulg1bWg1V19aWDU2R1RRVUxpRHYtNTVXdUs4OEtISnhweFJ1RXpR?oc=5,True,netral,0,0,E1_pp_disahkan
Kaleidoskop 2023: 7 Artis Indonesia Berprestasi di Kancah Internasional,Tempo.co,2023-12-26 08:00:00,https://news.google.com/rss/articles/CBMiqgFBVV95cUxQOEs2WWJETXBkdEFuam9Cc3VlQ01WSWQtSi1zdlY2RlR0dkhjVjNsbkN3U2t2cmVSREhablhkN3RydWhnTXYwb3Ywd2V4ZFFvQ2hFUjhDaFd4cjNzazdHTnR6T3NYbEpVbGVUWmRDcjMxVXZrVXIzRWxxeHFkMkdsaF9KaXpoYzJhXzhPaDJQYW1HLWtsbzA3NDhjS0dja0tpYVVJLThOQ2NxQQ?oc=5,False,di_luar_topik,0,0,E1_pp_disahkan
"Kliennya Divonis Bebas, Stefanus Gunawan Apresiasi Majelis Hakim PN Makassar",Sudutpandang.id,2023-12-28 08:00:00,https://news.google.com/rss/articles/CBMiogFBVV95cUxPNG1IUWRYVDI4RWY4X29MMkM5RWs2N2h3SHVYYUM2SzJPd1hSVkNTU3ZVaWxmSnowRXBOd2tuOUhwbUdYTERvQmM4WklSR0FkZE1MUFh2X0lnQnVPTHBrdGZEWkxlRUh1Z1dHY1NTRTdZd0pYTmo2Y2h6d2lCM05mb3BZV0k5T0VwWDRiWnJUZFpyNGFKdE4wd3psdERIT1JSUEE?oc=5,False,di_luar_topik,0,0,E1_pp_disahkan
Kaleidoskop 2023: 10 Lagu Trending Paling Banyak Streaming di Dunia,Tempo.co,2023-12-28 08:00:00,https://news.google.com/rss/articles/CBMiowFBVV95cUxPWXR4RVdENy1BRWpvU2ZYZHVfeEJPeE9JV0ZlQUhrTFpOZE1reW9QbXBXR3JBVTBIaWQya2RXOTJMYzJaNTZLNXh1STVrUWJteTA1Z3RrRXpCMU1yd3pqWHh2QkE3Nm41bzZkWWhEQnp4VElWWTVSNG1aaE43RVA0bTdjZGZMM2twRlh3UjR2eDNQc3JFRnRfUlluU3RaVDdJdzJn?oc=5,False,di_luar_topik,0,0,E1_pp_disahkan
Refleksi Akhir Tahun: Melihat Komitmen KKP Menjaga Laut dari Atas Kapal Barakuda,Mongabay.co.id,2023-12-30 08:00:00,https://news.google.com/rss/articles/CBMitAFBVV95cUxOX1Z1RmF5WUpxX01neVZ0MTU3aldxZkV2UVV6d20wTlExWVhwZHJ0RkRHX0k4YXZEc1pzMUE4VXpTeTlxd0dRTDRHeGhEbmdtR3k0SHJPX3lGUVhkVmt5N0hLVVBQb1U4Vkk2SXpIQi01SWhfNmJKTlY5UzYwenhPMFFVWThfM3ZkLTBFQlVScVlBNUFheUxSVDN1c3FkcEtHMjdueE1KY2VaOU5tZGltdWNxMDA?oc=5,False,di_luar_topik,0,0,E1_pp_disahkan
"Kaleidoskop 2023: Kisah Bayi Tertukar di Bogor, Kejadian Pertama di Indonesia",Tempo.co,2023-12-30 08:00:00,https://news.google.com/rss/articles/CBMirgFBVV95cUxNUl9PZUVQZWVjWlphUDRvdHhnSkUwQ3ZaU3hiYlFRWmRVYWhHc0VGU1Q2NWlEangzdEtFOGo1TzVUUG16S0dPY3dHU3Y2MjAyLUdzbXVNRk1uUHpQdlZ6V0F3eVNoWXI5MFM0WW1HNURsVjkxdzB2RVlPSlRSUjlvQVhXRkVMUFRqbFotc0pJMGdDLW1zb0x1YjYxclhXNUhPODlvejVBQ2pZUU0zX0E?oc=5,False,di_luar_topik,0,0,E1_pp_disahkan
Momentum Pembenahan untuk Perikanan Keberlanjutan,Kompas.id,2024-01-01 08:00:00,https://news.google.com/rss/articles/CBMihgFBVV95cUxQcEhDVkNPdmtwQmc2NEZDYWN6OXZQaU5OTmpoNUZwOWVxMVF3Q05rUjdGVW0tXzJVSTNLNkY4QmF4a0l6bWdkOWdHZ01aeF9qRlI1TFpwU3hScS1XTTB1Q3FfRXN4clBMekY1RVV5M2xoQjc4YVVhMHJjY0dmaFNnbmRyRUZoQQ?oc=5,False,di_luar_topik,0,0,E2_aturan_persiapan
"Ekspor Pasir Laut Bikin Heboh, KKP Buka Suara",finance.detik.com,2024-01-02 08:00:00,https://news.google.com/rss/articles/CBMikwFBVV95cUxORm5RSlhyLW9PVXZFNnJqVm5hd0VzNFBwV0JKWkFRTkZyNld1MXlucHJkaGkxMjZXWXhTUUVOb0Vid2pzeUFxU2Rpa051cUdnQnRkcnBJYTdXR1FtSkhiODl1SE1Pam1TNG9OdWhPVGRXY2hCOVlrX1V3SFR2T0UzQ2g3X3hlQ2tDR01tVWZ4MzJLMUHSAZgBQVVfeXFMUHhFMmRiY0ctbmdIbXB0TFB0MWNIZUxMOUF1X2pZZklqdWt3MXRmdTRyay1NNm95VHBRTnJkcnliSzJ1LU0yTXRuSGVOS1hRdmE1UFV1QVFJaXluUFJzbmtkem1aY1hJZmpCQXZBY0hEZmpseDVBWjI3LWtmRURzTml3cHdkVjJ1RG13Q0NrS2cyX3UwUHVVclc?oc=5,True,netral,0,0,E2_aturan_persiapan
"78 Autogate di Bandara Soekarno-Hatta Diresmikan, Kini Layanan Pemeriksaan Imigrasi Hanya 15-25 Detik",Tempo.co,2024-01-03 08:00:00,https://news.google.com/rss/articles/CBMi0wFBVV95cUxPa1RhNnlUVXlJRFRNZGRxSzRITGg0WHhMdDgzdWhBNlJyWnBkcXpoNXgzcXEwZVV2OUhVTU02blI3UllLZVBoUzhhU2V0clhMSjZPaTdsYjBoLVN5Ymc1bm43QjFERl9xSkhZQVYzcm5TRTd3OTBkQ0NSOFNERmtDQ21ObURvcXoxdGtrYWJBTG9OQnE1OTduNlBCOTVlV0YxTmRKMDgxZGIxR0ZQcHljV3VtdnpUUTdaY0I4NmYyVXY4OWtzWlBKX3d2cWx5Y2hkdmJj?oc=5,False,di_luar_topik,0,0,E2_aturan_persiapan
KKP Siapkan Langkah Strategis Hadapi Tuduhan AS soal Ekspor Udang Beku,finance.detik.com,2024-01-06 08:00:00,https://news.google.com/rss/articles/CBMixwFBVV95cUxQRExRVlEtV250ZUE0cUJhZDJjdzR3Q1JNdzY5Ml91MDJrLU1GY0tWaHpsT2FfZFByZnRiSGpCRmVvUU0yc1RhVDFXeDJMZm1aS2lRQlVwYWVNMDA2YXc1UHZrS2ZBMFkxZ3NRVnpxejZUVzJxMXhMR2Y1UkNUbGowdE96WDhNZTRfMWdfOEtCeWU5ZGRUUEJIS1lhMVVFOWx0T1JFdjY0NmcwdzVFNzF3OFNIS2VaY0x5YWUtWlFxdXhVTmpQRU1Z0gHMAUFVX3lxTE9vdXdsWVVMeC1pUU9PZDJlRTJhZ0E0M3dCX2gtOERWV2hHV2szS25sREV4LXU4RTJuUmplYm9BQTYzYklkb0hDZ0I0ZVZKc2NtNXNPall4SUNlT3BZWTJIYjc1QTVtWkppT2dsRE9JbHAxMmlRcnNVNUhtTG1DOUplWmloLUNWMGpXZ1lwX1U1cmc0MFFrVWZiNHptMThXUWhBcVpMclIxWm5VbmlIM291Y0VSbWZlRi1fZWhXcWVqeXdMT3JuZHVlSVZwaw?oc=5,False,di_luar_topik,0,0,E2_aturan_persiapan
Jejaring Perempuan Pesisir Tuntut Pemerintah Cabut Aturan Tambang Pasir Laut,Mongabay.co.id,2024-01-06 08:00:00,https://news.google.com/rss/articles/CBMisAFBVV95cUxPOU1FQnQxQUphU3lMcFI5Y0drbTZ1STd6V3VXWnUyZGJLUnJsTlZkd0d0N1NwX0ZUQktDa1FvcndKSGFnRzVXYmxFd2lFb19rY2dnQkNHa244U0ViVGdLbERNbWp0LTVobkxyMVNpTEpoSGdORERyeDZoeXBjcEREUmpQaFFYLWlucmZYVVRLZ2hmVE5VdjVCeENLbXpYbjBoUGpEWXc3bXRNZlZKNTNvNw?oc=5,True,menolak,1,0,E2_aturan_persiapan
"Kala Pesisir Morodemak Alami Banjir Rob, Masyarakat Was-was Kabar Mau Ada Tambang Pasir",Mongabay.co.id,2024-01-06 08:00:00,https://news.google.com/rss/articles/CBMivgFBVV95cUxPVDJJeUxhTDJrSlZPb1VfSE93N293a2ZmUnpkVm01UDVXSWJqZEYzQUZVUDR3U3FoRjRxSC1GZ05FYi1MVklnbGpybDZMLURVSkdodVVUa01naUhaNmxJc0RLVnFtWmhQdnVzV2laTm5tZldSZGtqV09FU1VmRG84NGhJUVB0LWRaRkItYy1UcU1PNEVMX0JjcFZHSUJaWnFvd1Zwd2oxTG91Ym1QVEsycm1adm1ZMWJtTDNiVXZn?oc=5,True,netral,0,0,E2_aturan_persiapan
"Catahu Walhi Sulsel 2023 Soroti Krisis Iklim, Transisi Energi dan Hilirisasi Nikel",Mongabay.co.id,2024-01-08 08:00:00,https://news.google.com/rss/articles/CBMitwFBVV95cUxPbDhYQm1VLTUtcGpmY2w5UUxCbFlHVnlhRkI3T3JvbVBIdHQ4SU9acTVxLWFLU2VLN09UQU1KRlNtVnY4NW40RW1nQnhob2hIWUFpbTRZQkJyYk5rOUhEZm1XaU1KWF91MXprb2dSSkhNN1cyVVRHRUFiUnRrQ2MtZnNRMFh1dVN4LVY5bDBvRVdIQjV5V1RqbnhFdG5sdTR5NFJBUUJhRE03QWNMR0g2dG9rSE9JZmM?oc=5,False,di_luar_topik,1,0,E2_aturan_persiapan
Mengenal Praktik ”Greenwashing” di Indonesia,Kompas.id,2024-01-09 08:00:00,https://news.google.com/rss/articles/CBMifEFVX3lxTFBpcEowZ2VFWk5YSHZkUnJPb3ZtMEdyMHI4MngxMk5FN3JUN25zY1VKMS1NZWVrcmc2T1lLRTl4ajNiYzFoUG56bzc0S29RU3BBbFFqZ2FGNHNuZXBtTHhsYXVTRmY1SlYtMUZkeXVBMk5PQWdGTDhvMzJ3b1A?oc=5,False,di_luar_topik,1,0,E2_aturan_persiapan
"Ingin Berdaulat di Laut, Indonesia Perlu Menjaga Pesisir dan Pulau-pulau Kecil dari Pertambangan",Mongabay.co.id,2024-01-12 08:00:00,https://news.google.com/rss/articles/CBMiygFBVV95cUxNQWR2THJPS1ZFSEJOYm0zRXBYeFZCOVhCQW1NUVRiZG9CTElFX2lIbU1WVGk2TTJsdkloLWYzZWNRcXN5eDlxY2FRV2F0T1R6SUdfa3YxbGhFdHVrT1lma240Y3dqYkVHU2hfa1ZCY2s5TkF0MFFHQXBESXAxeENyT19ZR0tOOVpnUndhQm9sNGN2bVNlclU3cC1aT20wNW9ENnZOUWpmVUpSMEJIYm4wR3BvdnZnMmtWQlNKTlFGNGI0ZHNtdW43UlJ3?oc=5,False,di_luar_topik,0,0,E2_aturan_persiapan
"Tanggul Laut Raksasa, Solusi Palsu Krisis Iklim serta Percepat Kebangkrutan Ekologis Daratan dan Perairan Pulau Jawa",WALHI,2024-01-12 08:00:00,https://news.google.com/rss/articles/CBMi1gFBVV95cUxPYTFBdEN4RGI2VXQ5bk1GSXA1OWtiRDI5OG9iQlB6YXdYLWsxYTVUUlNhcGlJaWMwT2k0cVdzUXFPaFlpeHkyM2dLTGkxcXFTZ0QybTNqdHJCLU0xR2c1VldSS0Z5WXlSUE5ha0JUY2M0VldxeVZ5cU00Qm5tQnlkS3VtU3cyay1pcGdCR1JZUklZWTd3dlpvMUJPWDc4dGlWTFV5d0w4dWFxOEhLaEYzeGFNc3VKakxWTXYyNWNtejU1NFVmSWk1SFNWekl2S2ZkXy1kNi1n?oc=5,False,di_luar_topik,0,1,E2_aturan_persiapan
"Nelayan Tua Penyandang Disabilitas Dipenjara Usai Ambil Pasir Laut Pakai Gerobak, Dituding Tambang Ilegal",pedoman.media,2024-01-13 08:00:00,https://news.google.com/rss/articles/CBMi0wFBVV95cUxPM2tDWGE2TS1Mc0sxa0I5SXhUNFIxekFnZmFjNS0xMV85OFh4TlBPQ3g1ODdoSkZZR2NGaHoyMHk1T1hISXBkRllOX1lHTV9ydlNrN0JWUEFJMmlFSWZqOEd2UmRBQzI0OVRZY2UtcDlsVFJCazZJM1FqelcxeTdNaDFmSGpRSERRWExiM01CbzdGU1dsTnNUNk1SOEUyY0R4VWM1b25mMTZIRDNXV3ZGZ2lvWUtSUzVua3JpQlhTNmVPV0Fub3hsNlVUS3lzb25uU2hj0gHYAUFVX3lxTE9MUk1IUTlIVmk1NmVYRGJQX1RGaUFIY3dueWRGeENXaDdTSjJDelk2ZUZ4dk14TUVYbDBWcGtBVnJBaWRRakRnZjNLRHpuT3JyTDZ2cEEzdVlNZFBvNzZZOHM2eTU2Vi1zMlRxNjIxalY1Uldqd3RyNFdjZjA3S3Y1SlhpdmdBRmlLY1M3Z1E3dTB2ajZ1bFliM3FEcnpZZFpPSHNwWWp1bkotZzZ0cjBzLUEzV2dJSk9WaVowdGRsN1ViWEZvU3ZDYWhJT1RubnQwa3lNbGZSYQ?oc=5,True,netral,0,0,E2_aturan_persiapan
KKP: Aturan Ekspor Sedimen Laut Kelar Maret 2024,betahita.id,2024-01-16 08:00:00,https://news.google.com/rss/articles/CBMiiwFBVV95cUxOUDg2Sl93Sl9UUFZfTHVMeE1ydEJDd21hX09LMm1BemdmejlSa2VIV0I5a3RsQnV5eHdVS3lYbHVsS0J5R3gxX29ObllIczhUN0xiM1VNTmR2RndhbnRuSjY0emVsOFhUbWlKUThlX2RsVWM4ZEFscnljbHZOdEI0YnhoYV9nOXo3RTZR?oc=5,True,netral,0,0,E2_aturan_persiapan
"Memaksimalkan Perikanan Tangkap, Mengoptimalkan Perikanan Budi daya, Penuhi Protein Dunia",Mongabay.co.id,2024-01-16 08:00:00,https://news.google.com/rss/articles/CBMivwFBVV95cUxOWjlndU9iV0tTeG1KcXdSbmJZb3BULUNkV1g4ZEpTaVZPMkJSVFdLOXgyTkpKZUNUeFQ2SURUZWV6VlhjNzlGZzhUZEMtUFM0RGU3QWNJY3A4bUlTWUVqRkRIVFlYLXFUTzV3aWM1WXNrdk1NbHZNNXFEUVlYalpNMF9YRElZcGgxdzZhWnFoZjY4VXFXVzZwLXhDMDRlR090aUVoXzF5dGtoM1lrOXV6dFFLa0JjcFdoZjlNaVZzcw?oc=5,False,di_luar_topik,0,0,E2_aturan_persiapan
KKP Terbitkan Sertifikat Kelayakan Pengolahan untuk 5.703 UPI,liputan6.com,2024-01-22 08:00:00,https://news.google.com/rss/articles/CBMiqAFBVV95cUxNaldzaEZzenBFSWVrOFA2akllejk4Y2tjOEZyem5QUWhDRjVKZmw5R185REhXb3dGVnJTdWljaEUwNjlZcEwtdHZqLWc1UjE4NUsxWlRmU1JYUXpQWDhCY0NBLTBkSUM3UU1Kc0loVlU1OEpGR0JZMkQ3bzBfTUFTQnR3dV9yVXpXZUlTX0RxVklWWjdmWDU5TjlpMG9rM1NicEtGR1hhVzfSAZ4BQVVfeXFMTVBKcWFPbDlQLThPUm1zT2RKRUNBMG5LUDdyc0hfc0FMc0tjVU4yVXRMazZwclBsNVVxM3d0QVVhRl9rZk5lV1k3OUd3c3l4ZV8zQl9KMUZ3VjVTeFVaWVMtU3pPdTVDV3p5X2tDdHBRNDJ5anppMnQ2SnUxek1QQTlEQnB5c19Ebjk2UEhmSm10M0JYd3IxcE1OWmN3LVE?oc=5,False,di_luar_topik,0,0,E2_aturan_persiapan
"Sudah Tahu 5 Modus Pencurian Ikan, KKP Masih Sering Kebobolan",Inilahjateng,2024-01-25 08:00:00,https://news.google.com/rss/articles/CBMijwFBVV95cUxOcUR3SkMybnJYZUpjbm01TllORUliQmFRZWM0b1ZpX0JhSHBXLU9Xd0JxdEFYa3FGUGQ2M2ZYZkw0Vk9mWEN4ZW03RGVDYjJOQURUOTQtZDZJUlJqazdXc0dYQjd5YTJKSHZwSGlkdHVwTXRWNFZiTDJadnpxOVZTZE41SWFRZnJkSE01emVaSQ?oc=5,False,di_luar_topik,0,0,E2_aturan_persiapan
Sektor Kelautan dan Perikanan Tak Penting untuk Calon Presiden Indonesia?,Mongabay.co.id,2024-01-26 08:00:00,https://news.google.com/rss/articles/CBMiqwFBVV95cUxPSkd2OHQ0d3JSMlBpdUhKbEJQYlRnYnFmOVI5WVg2cjRkNmY5QXRqbndNZ2RLRXNjTTYweXNMWEdabmpud25mVlF0MXp2VmtXMkd1RHdFRkJ1N2dtNlpKWWNLMVktVmxfZkxRMk84RWxERnlsLXZkNmNJTFlvTGVPNENXdzYza0Uxd2J5MVI1Y1RUUUc1QnkyTk9PMWdSX0JYUDM1WUtVdkxSZEU?oc=5,False,di_luar_topik,0,0,E2_aturan_persiapan
"Foto Menakjubkan Pantai Jepang: Salju, Pasir, dan Laut Menyatu di Lokasi yang Sama",Kompas.com,2024-01-27 08:00:00,https://news.google.com/rss/articles/CBMixAFBVV95cUxPMXVrVkhLY0lhUEtLVlR4SkhvemF3dUYxZGQxWXZ4a2NuRExUX25kS0FVUnZoYmloMG9NOVl5bVBuYVNsdHR3WmEwTmFVVXBsT2dFRmhQc2VIbDU1S25VNTNSMWNzaFBQVmN5ODV1alhOVk4wSmxfRzF5UERtQ3RSVTNEWVJza09wWW9hdFk5TjhzQS1PTFJNSEpIZkc3VVo4RU05YUM2SzZYMHZMajFjUThNSDlPdmF3MnNBbTEwaTZpcktR?oc=5,False,di_luar_topik,0,0,E2_aturan_persiapan
Terapi Tradisional Warga Banda Aceh dengan Pasir,BITHE.co,2024-01-28 08:00:00,https://news.google.com/rss/articles/CBMijgFBVV95cUxObzlDNmpFZVIwUGd3SFZtSHBFb2lMZkNsMXhkbzdVeW1BNTBtbjJDOV9SZWZqYTMyVjNlakZ5bFlzTXB6djl3eFlrcVNkUW1ReGVUVS03R3BIa2hGQ2xqVXdEN0hjM1NRR2F6QU40RFpGZW5fc09nSnh2VndDRkxDV2pVYnNCVFluLTlJTzVR0gGLAUFVX3lxTE9mbk4yOE00RXZHN2owUnNwYUxEb0k0a0lvNE41RG9VaHFobTZaUUVNTkxuazhLUVBRVDYtdGlBS0Rnc0g2RGFXak1wLWZ6NG1fcHd2LWVfQU90Y1dGNnRwcnRuZEhVbmQtWTdrdm5Ra090U3I1U1J6RERLZVJDWVBjdVYxOVFfX1phbGs?oc=5,False,di_luar_topik,0,0,E2_aturan_persiapan
"Sebabkan Banjir dan Korban Jiwa, PB Al-Khairiyah Sebut Adanya Dugaan Penyimpangan AMDAL di Lotte Chemical",Faktabanten.co.id,2024-02-04 08:00:00,https://news.google.com/rss/articles/CBMi1gFBVV95cUxNcVBkMlk1RFpOUXdQRWZLRWQ3LTY1V2NLeXF6YU1uMEdyRHlDVGF2VE5qcTZ1TmRTcjBnZklFYUFjX0w5QlZtaG1FUlc4T0dlUkF2TW9EOWd2RlVpYzk5XzN6MkEwZ0JUWXEwdnc1OWViaDZyZGNTR2RjcjR3dDFUeHk1QVFoQl9oaDZPTjhMeXJuRmRqS25Fbk4zQTVhQkIzMlhqVVlYYlJpX3d6X0tSWnc0V2Z2elJOcEhHWFo0ZF9MdnctNmhsUUxibi16d25LQWpGRzVB0gHbAUFVX3lxTE1VeFRqQnQtQXdvblhNdVhLS2E0djBZeU1UNzBEeDFVM2cwWnFQSHZObUNSZ0JKZF9udmxJdXMwSTRVMVIwYmdUTklCWlFNZXVoejdtdnM3bnZpTlpvZ3o0Vm5kUVhjVTR1dDZhTlhkdmhIRzhhNi1fS2JiNDZIaHJMeE1oTHBJaGJ5NWZaSUpnNWZsamUzaE9ucE1lRG9EQm9lMm1hMy1EQmZXV1JlLXpRNzctS3czZ24ySDdsbHFMUE9xb0xLcmZUd1lnMzE5WTJyVHo3d0xRQ2VNMA?oc=5,False,di_luar_topik,1,0,E2_aturan_persiapan
Penguasaan Lahan di Riau Masih Timpang,betahita.id,2024-02-05 08:00:00,https://news.google.com/rss/articles/CBMif0FVX3lxTE55MUdRZmNsTVpINmVfWTBZbnFiM2l3U3BYS0ZPYlg2cHdMajd4NkU0ZW40ekdyTkFTMzF3OW03a2N5QUVzeFkxWi1ZZk5HVVcza3gzaG1BLWIxX2tDRldXVl9FMnBvVmxyaVlVbS1CbDlkaTdfaUdEMUlveVAzeUk?oc=5,False,di_luar_topik,0,0,E2_aturan_persiapan
IOJI Sampaikan 4 Rekomendasi Penegakkan Hukum Keamanan Laut,betahita.id,2024-02-09 08:00:00,https://news.google.com/rss/articles/CBMimwFBVV95cUxQVEllU3JHdVppTlRWQnVFMWViLXdfQnAwVUJUMTlZenhkS2pIcUxRTE5SSUlLN0JZODdtZm5WdmZ0R3VGRHd5d1lmajA0dFI0M3Q0OEItTTlCeENaZzlFemFVaDlKX2xkam5SM1pqY2JuVF9POWVnZnlMelNTNWg5bWc4WHZIN1lGWlZOOUJ2OFZsbmNxQ3RNUE1ENA?oc=5,False,di_luar_topik,0,0,E2_aturan_persiapan
IOJI Rekomendasikan 9 Langkah Prioritas dalam Kebijakan Kelautan,betahita.id,2024-02-10 08:00:00,https://news.google.com/rss/articles/CBMiogFBVV95cUxPNGZ3UHcwclRGbkJ0eWJZN1EzYTVLZVZ1eURMVUJyZFFNTVBVRTJPdWVhMHdWeTF5QzA5MTY5dHZ1eW4zU0oxeGhJTW5vM2FlVXlENzZtcXNWeG5ZdXlaLUx5M0NIbGZ4ZlgxcjhydmF6eW40ME9fMUtCUnVGbkJ6MV9LWXcxdno0eTRMbE1waG5NOTZnUWFQQ0FnYUNwb0dZN3c?oc=5,False,di_luar_topik,0,0,E2_aturan_persiapan
Perubahan Iklim Membuat Laut Tak Lagi Sama,Kompas.id,2024-02-10 08:00:00,https://news.google.com/rss/articles/CBMiXEFVX3lxTE1qOEVLeXlJa2xUM1RZeU9kQUN4MjlZaDVGVVUxc0M4VTlRN2NZenVaZHFpcVp3STZsXy1jM0VFSkNveW5Lb1ZKYUk0bHJ6YURMX2N6bW1SOWxtdlRT?oc=5,False,di_luar_topik,0,0,E2_aturan_persiapan
Pengerukan Pasir Menggerus Kawasan Perlindungan Laut,darilaut.id,2024-02-11 08:00:00,https://news.google.com/rss/articles/CBMiiAFBVV95cUxQc3AzQXlyUS12QUZ5eXVIQmNwam5VTkNicjhSMGtfSlpueUFjY25la2NyYlRPbnZKZm9DcUtPT1NiUVRiSGF6OE1YaFNZZDJNLVVZOUVWaVo2dTJNYzByMzZwemZtT2htcWdoZzVKZ2Y3Y21nUGRYOVdMU2ZrTXlqMXlrclJERlNa0gGOAUFVX3lxTE41OXdDLUQyYkp0ZGZIZk9ibFl2Y3Rhdl9fV2ZNVDAxcmxucENOZzdKUjJDTU1DcHdoaGxUR2dUM1ZZQmx4emZXZ1RBejVud3FvNUpZd1VwbXNPdk9HYklCd1NNVktHMFBoanhFOVJqS0xPNTlmNVlvSi1sZmV3amp4cWt6MWgzRUs3V1RlYnc?oc=5,True,menolak,1,0,E2_aturan_persiapan
"Pulau Gelam: Pasir Kuarsa akan Ditambang, Nelayan Tradisional Terancam",Suara.com,2024-02-14 08:00:00,https://news.google.com/rss/articles/CBMitwFBVV95cUxQVlFmV3RuNjNiZHZzNzJTMHo4ZTBRNlBnS2pLakpJcVpueDE4SW1TeEhTWVl4dmh5T3hlZUZ3MkZfWEN1VHhpdU5CRTZnVTk0RVZydG9RWllycE85N3VMUDRwUzNUN1VMelA3c0xwaXh2bGFIMTVXcFdYQnRLbUk5QjZDM0FyZDNKWS1UR1AwYllZbzl3MzZWeElUc2tGNzlJbGFJN2Z5OWF4dVR5ZTJURjZIYWpMbkHSAbwBQVVfeXFMT0I1eWJEMXhKMXlLY25MV2NhbXd5ckNFYndjM2VFQXJ1R05hcDZUeWVqNWRBb1lONU1HRVd0ejdFa0VQNTVJZHRDT00wZ2RGdDFpdloxZ3gyOXo2NmRZeEFZN2RjWnVrWEFDRU5RU3JuaGhtZFc3NVpZbTRtOFd3RURWbVhxRXZpQ2xmWVBkMHc5Sml5VVZPY2xUSlhSMUEtc1VUVGlPd0hGbVpBaU51Ymk4dUdfeXZqdS1ETHY?oc=5,False,di_luar_topik,1,0,E2_aturan_persiapan
Presiden berharap Pemilu bisa diikuti seluruh rakyat Indonesia,ANTARA News Sumsel,2024-02-14 08:00:00,https://news.google.com/rss/articles/CBMitgFBVV95cUxNU1RMMTlwRWdaOEVPczBQRUxBYU5Oc3EwTVVwR19keWZ3c0g3ZnhuYnhVd0JYT1dmcjJfT0tsaUV6M3dLeUVjTmJvaHZuMVZSb2lFbklsdzliNGdwb01acFo2OG9fZExlWXlaUHNObmVRU3J2ejdCODc0blBua2RRNUZ6ZHZXVUtNWS0tQWxMdHVqcDRUUV9wajROVWEzanRFVV82QjJJdjJMaHVQbVRDYm5sS2QwZw?oc=5,False,di_luar_topik,0,0,E2_aturan_persiapan
"Insiden Kapal Penangkap Ikan China, Taiwan Lakukan Patroli Rutin",sinarharapan.net,2024-02-17 08:00:00,https://news.google.com/rss/articles/CBMimAFBVV95cUxNbUxhMWxfNk5uak9jZk5hYUpROXBnR0ZCV1Qwam5GcEdqTEppZHUzN0EtcWphOUdvRFNYaFdEalNmRWRZZUM3aUQ4WklxSHpiZWtVazh5a2tqX3J2d1N0WjkxVTF4eWg1X05XcDQtOHo1aEVkZjBZQXpteDJEa3F2LWVOaUM5UHg3VVhCTXk2eHhTeXFtNkVsdA?oc=5,False,di_luar_topik,0,0,E2_aturan_persiapan
Menyambangi Pelabuhan Sunda Kelapa: Melihat Fungsinya di Masa Lalu dan Kini Halaman 1,Kompasiana.com,2024-02-17 08:00:00,https://news.google.com/rss/articles/CBMi4gFBVV95cUxPUmM3SmJWdnVOZW9tb3pEOWs5SjZpSS1tNG1hN2gxMnNkcGxsaXgtVkNIbVNsMDdGNlB0VlV6c0doYnJMZ2VDbW80X2ktTndXV1RTQ3NtV3VIeHpQa0JLUTR3M3IyLUdSeWVYUkdMbmFqZmVkV2F0SHNNdy1ubFBvdjY5LTN0UXJvSXlCOVhDbUcxbnRKOFY5UC1HUkgwYWhKNnk5MnV4am9GcVlOZW1oMmwyN09tay1HOFZtVnVicnVXTkk1NzBrTWZLdEh2T09ZRWYwYTc3ZEVZcFFvQ2lHVmRR?oc=5,False,di_luar_topik,0,0,E2_aturan_persiapan
"Dua Pelaku UKM Surabaya Ekspor Perdana Ke Negara Nontradisional Senilai 2,14 Juta Dolar AS",pasardana.id,2024-02-20 08:00:00,https://news.google.com/rss/articles/CBMisAFBVV95cUxOV3dSaFlncHYxS0lkb0Nvc1B1QXl2MGJyRWZXcWlZZFFBTVVqcXpndDR2dUd5WU9EdV95SExHS20ybVg2Nmd6ektxZEh3YUppWnR2NUREQjJuYmFib0VzSUh4LXd5MENmbWdpZW9jOVJORHN0dGZOdURMRktzTzhKR2dNRlFhY3d4Vl82a1JMb3dXSlREd01UbWs2WTVFTmZMT1dJOUpXa1N1blhzZjVwOA?oc=5,False,di_luar_topik,0,0,E2_aturan_persiapan
"Mengenal Khoirul Fadhlam, Kandidat Ketua Umum HMI Cabang Makassar Timur",MataKita,2024-03-01 08:00:00,https://news.google.com/rss/articles/CBMipAFBVV95cUxNX1EtVjRhaEJSX0VpZmFRVGhyZ3l1dFkxMngwVFlxVEpwWE1YQ25yX0p5VElQLXg5dm9SYkZIYzNpMDlBTlh5VWIwTlRSZXo3bEItdkEyTmFlelRXZVI2TFRXeElCc0luMUtNUDJoYXh6OE0wRnFEOC1HTmwySkEwdHJGTU8zeGFBUE8zSUQ1eG5CTmE0NWZHbmxpWDE2V3JweFNuYg?oc=5,False,di_luar_topik,0,0,E2_aturan_persiapan
RTRW Ancam Kawasan Pesisir dan Laut Jawa Timur,betahita.id,2024-03-12 07:00:00,https://news.google.com/rss/articles/CBMiiwFBVV95cUxNZzk0SXpUcW85U1hlaldadGpyLWVHb2JuSnpkQm1jSlVwT1cydWw1T1M0cTA2QUJ6M25rTWZLOEl0c1BwbmlhcTRtODRMNE5yUm1zeGVlM1poWWlMLWJrUFNyLUtOT3Z0Z3Rqc0NqM3BZSHpTTmJUdks3TEdGa3M5WVFSQXl1YlpURFU4?oc=5,False,di_luar_topik,1,0,E2_aturan_persiapan
Pendeta GPDI Betesda Batam Kota Apresiasi Kegiatan Minggu Kasih untuk Membangun Keharmonisan,Batamnews,2024-03-17 07:00:00,https://news.google.com/rss/articles/CBMi1gFBVV95cUxPMG01MDNOVnJvWDdRWVBqNmZoMkRadGh0Rnc3WTZLUEozS0dfRHVOTTdaOTQ2WTZjSVVqZjZLQy03anRnRlNldjlzYjVJR09jVTdscUpQYnp1dm5oZFpnWGV4YXh3cHhSOFA5WjlJSHVNREVNWUFHbVRvZlh2X05oMXNlR0haQnNmVm44d2ljLVVUbWpCVnpWYTBhOG9oemo2OWl6UEdJcWJzR0RwTjYtY1NhWHpzX0ozb1FaZlp0NzR1dW1GMDIxQTRNNW1qZ29FZFppZVln?oc=5,False,di_luar_topik,0,1,E2_aturan_persiapan
"Gelar Konsesi Penambangan Pasir Laut, Pemerintah Buka Pendaftaran Pengusaha",Kompas.id,2024-03-17 07:00:00,https://news.google.com/rss/articles/CBMikgFBVV95cUxPb3BGUkM0NDFkNEVsdHhaaG9TSFF6SHI0Nm9hZUZ5MXEyUW9uVU1OT1h3T3l5WEt6RkZVVWszRlAyZVBaRWJYWUpwc2VBbXRhekhET08waW5HWTVaN1BTSEd0bjdfTmxUam5VZlFFQlpleE9uenlkTmthblhwU3pNdVRHM18tMndVZVJFNzlYN1Zmdw?oc=5,True,netral,0,0,E2_aturan_persiapan
"Trenggono Tegaskan Pasir Laut Bukan Buat Ekspor, Tapi Reklamasi di RI",CNBC Indonesia,2024-03-19 07:00:00,https://news.google.com/rss/articles/CBMixgFBVV95cUxPM2ZmVWtmWjJreVhFQnJTNEI5b1VGOURZRFZHVkVqVmRnVklRdll4VWZyaUdKVlNDeEpYMWdaWWVncHlJTGdtWnBPakFpWEg1SkF0dVk3VTFST05vaFA0SjdZbkpELW5ubUFYMGVjQ2tWUEZuRkk1cDJpM2xUVmQ3RUZ4em8zcGJpT2VWeEVHOVNZNjU1dHNMMnE5NTNqZDk3S2JFREpmMDl6TWVCMWt5TEF5MVNianZfYlcyaUYzN0FSUlFqdEHSAcsBQVVfeXFMTUx5WjJiRmZTTWJ3aW1oUm5KUDgyc2NrYm5BQm9XR3draE9UTlVycmJ0Wlp2c0xzejU0LVVBOUtCQ1pidUs3MzVEUFVaVEQ3SDhKNkFHbEI0N05Eb1pKT0dyQUJJNlZkaXVpR29rdmx1elVxeUJob0tvX0poUUpsRkVCME4ycGdLSkhST3pTaXJQSkV3OURpVVRRR2lHV2ZuZFBfQ1JLV2Fwb2xnQk4xUkNIRmJ5c2NReEhOekNsQTBkWEd5TkRScFpXblU?oc=5,True,netral,0,0,E2_aturan_persiapan
Peminat Reklamasi di Surabaya Jatim Tinggi - Bisnis.com,Bisnis.com - Surabaya,2024-03-19 07:00:00,https://news.google.com/rss/articles/CBMinAFBVV95cUxOSmZKOW9INUhtX2VhSjNHb1dkeUdVNWxCcWZoTWFkcU5QLU4tYW16OGZRd2JPTldzWnRmeWRzSVowV1RQYloxT0FhMXlmcjA1Q1dMSjZ3ZHV3SzFRcXJISldxMFJKODRlcWxBZkhrdGl5dmZ3SXR6OFJFb01qZWNpWWx1SXBvdTBNTnI2UW5kMm5Pczc3UktCVjNLWko?oc=5,False,di_luar_topik,0,0,E2_aturan_persiapan
PLN Fokus Amankan Suplai Listrik di Pantura,radioidola.com,2024-03-20 07:00:00,https://news.google.com/rss/articles/CBMifEFVX3lxTE44MHFJTlZJNUN0QlpjN1pvNjd4RFdsSXU3cHdIMmY5U1pGX1lodzRRQXVBRjBFNlpnYzFSdmdmVHJqQVBuczNqY19CYU42R1VubDFKdDlLRXlpMlFrclBaXzE1bUFYZGVDd1p4aEEwT2lsQkdiX0Vnc2dRSC0?oc=5,False,di_luar_topik,0,0,E2_aturan_persiapan
Mengkaji Kebijakan Konsesi Penambangan Pasir Laut yang Mulai Ditawarkan kepada Para Pengusaha,radioidola.com,2024-03-20 07:00:00,https://news.google.com/rss/articles/CBMivwFBVV95cUxQVkJ5eUl6bWp6Y0h4bUxXdEhKRFJraHJZcFNudXBRR0plQjBrVm11bGpWam53cmR4V0tTSmZucGlLS082SU9TcDN6M1RIMTNocmhWZXpQZEJrdVBLeU8wamk1cjhGb1Q5NFpTSzRCSS0wOExGcUZaMkxrRGExVG5wVHJEVE40RlRjOXAwSGZSTzlHQVVrNDVNNFJuUnZ6WFBKNVJ3dFpKZWxReEVmVEtpdlZIaE82QVhwWi1lTmczZw?oc=5,True,netral,0,0,E2_aturan_persiapan
"Karimun, Lingga dan Bintan Masuk Peta Lokasi Penambangan Pasir Laut",gokepri,2024-03-20 07:00:00,https://news.google.com/rss/articles/CBMikAFBVV95cUxOUzZhbmttZWtlQjNKa1pFR08xbnZpaXpSdGtRR3VNSkFVQlMyaUlZREJ6VmpJRmM2cnd4ZU1CUjBFOGcwWHE1Z3N6Tmx6dlhVMWphOTBMelU3OTBhbGdWSzNJZHZBdlM2Sk5jMW1SWEZRMUt5c1VJN1JjY1dJVVRES3hzbWxRejR1Vm1TU25ycTQ?oc=5,True,netral,0,0,E2_aturan_persiapan
Pasir Laut Dianggap Pemerintah Bagian dari Ekonomi Biru,betahita.id,2024-03-22 07:00:00,https://news.google.com/rss/articles/CBMilwFBVV95cUxPZExScUFpSnR6RzlVbE9ZUWc1YXZIUkNaNV9vNENYUkg5MzQ4V0VYdjlNTnJjS08zSUR2eFlZaUVGNWt1MkdWODVrLXZBYXlxWDJtZmw2WW1qM0JjTE5UekxXeWx1SDBoWUI2VGRUSzh3UE5PanRiVm5WN01xdWtqV282cWgxRHFrV2dnTXkyc25OZXowN3dV?oc=5,True,netral,0,0,E2_aturan_persiapan
"3 Perairan Jadi Lokasi Penambangan Pasir Laut, Walhi: Pemerintah Tak Peduli Desakan",Kompas.com,2024-03-23 07:00:00,https://news.google.com/rss/articles/CBMi0gFBVV95cUxOc1IyUFpBb2ZkNjdQajZnT0g0ekNIdDJRckxxR2tCbFJzQzFjZVB2TFdIZENtTnE0ZnZtdjhWWkdNZVM2UUZKRG1mWllWdWlNdzJhcDZOYVBBRGFYWnNvXzdtcVU1NHV4OGZIYkszQ1VMd3dJNjlQTHozTHlRSzR0VDR6ZHVYWFp6OENSczhLN09xVVJaOFl2U3RqVU04MkpEdlVQTDVQZl9BSkd3TU9LZ0RWUW5uOGFuMjRxODFreEl2QnhWd0ZvcU00WVVEenp5cVE?oc=5,True,menolak,1,0,E2_aturan_persiapan
"Foto : 3 Perairan Jadi Lokasi Penambangan Pasir Laut, Walhi: Pemerintah Tak Peduli Desakan",Kompas.com,2024-03-23 07:00:00,https://news.google.com/rss/articles/CBMixwFBVV95cUxNT29XWUl3SWhvNXZpTU5OemhvMWY4VElOOWt5MGtmUERGTnphanJGaVphU3p0RmVzbkREdk1lYm9GTzM1OHcwbTJtZmFjT0h5NktnMTJpbE42MlVYUXc5SzhIMWc0RjJPX1hRQVJJQU1idm9iRzJIdzlYOF9nWE5pQkx2QWYxbTVTbEdvVkFuY1g1d1BZa1RMR3g3VDNXUWFMaHdhN181aXpkRGl6QTVvZDF2YzYtTkVYanV5Q1h2TC0xS0x5OVdr?oc=5,True,menolak,1,0,E2_aturan_persiapan
Pemerintah Kaji Perusahaan yang Akan Eksploitasi Pasir Laut,Kompas.id,2024-03-26 07:00:00,https://news.google.com/rss/articles/CBMimAFBVV95cUxPRWFYZnR0SVV3SHRSQ1pIYTZIWDh3aGFvR1R5aURrZk5QNExHUlFucDdsaDFlRXhUNWRXV3NNS1IzclVjT0gzYjJlVDQyaGgza2Y2QUZvV3RNX3MyUmFVTHRBV2habUtuaEVQbG1vYzJhX0xxaUQ0YXlPY1ByYjJ3NGZ0X01iZmhLenpjTWxWMjk1MDZaZjVQMA?oc=5,True,netral,0,0,E2_aturan_persiapan
"Tak Pakai Pasir, Lapangan Alun-Alun Surakarta Bakal Ditanami Rumput, Kerabat Keraton: Sudah Sepakat",Tribunsolo.com,2024-03-30 07:00:00,https://news.google.com/rss/articles/CBMi0AFBVV95cUxOa05Qb2lXeS1JY190UjBEZks4OGR2X2xFVk1nRGpNRkdEMnFlUldNSWdMSE4xdS1RMEx5NGxUSThhM2czUW8tbWRXWjN0YUFKQVhFWEgyYUlBa2RnQnJmMEkyTzkzWUdEM0tab29hcWxYamRuTlNaWDFoOXFBNF9JS3RUeXJyWXE0S181OWplbmVnbVNsR1BYNHczY1pHc1BQaEpONXJCUE91NTlpU2M1TUxhYTBienpma2lVSGlvYkItZEh4UVdmWHhibjdneWc3?oc=5,False,di_luar_topik,0,0,E2_aturan_persiapan
Apa Saja Dampak Pengerukan Pasir Laut,Tempo.co,2024-03-31 07:00:00,https://news.google.com/rss/articles/CBMiZ0FVX3lxTE82V0ZBcEVqZm9BM21zcUJVcklmS0hSeFJYam1FVDVBZWxzeERwaktLMXN1QjEwM2M5VFc0ZW1mNFEtd3lKaDFtM1J4U2t4WXdoanE2b09YcG9kaDBfLWRPSllsM1NPVE0?oc=5,True,netral,0,0,E2_aturan_persiapan
"Pemerintah Tetapkan Lokasi Pasir Laut, Kiara: Nelayan Dikorbankan",betahita.id,2024-03-31 07:00:00,https://news.google.com/rss/articles/CBMiogFBVV95cUxPc0x1VWxHY3J3UkxtcmlxVllFa08yV2ViMWJkdlBDbnVZay1adlZzcTJ1Q0Z5d2RIUWN3ZmRaNXZHQ244eHN5X3U4X2NfSkNBcjJ2c1dSWUwxcWthYmJYVXB3WWpjVm96b1Zhc0ViQ0pueWJrTm5OWnZPNHBlQVhLeVJWNUR0dno1WlRuaWpoSFNMcWFTbk0wMDBmbUlLeUVobkE?oc=5,True,menolak,1,0,E2_aturan_persiapan
Siapa Saja Pengusaha Di Balik Izin Pemanfaatan Sedimentasi Laut,DATA TEMPO,2024-03-31 07:00:00,https://news.google.com/rss/articles/CBMivwFBVV95cUxQNDE4TWl3Q245ZWdUR3hnZjNPS2o0V2o5ZVZFdWNSQzhKQWxBaTkycFlwLTdnLTR1MnF3YnBqQmEzNTlMckw5S3B3T0NPN1ZDWUF4VG10M3FOLUJJQ0UzanlwdjFrblVsbndEdzNab3FXM3BidEFVbkRDMWRXODB3azZfaVYtQkhGb3c1UDVDV0NfYkxWbnMxME1ITDBuMFQ4dXZnV2VickdIcDU4QUZtMHVJNEZObkhvR1ZETkxEcw?oc=5,True,netral,0,0,E2_aturan_persiapan
Sejumlah Permasalahan Perikanan Jadi Sorotan dalam Hari Nelayan Nasional,Tempo.co,2024-04-07 07:00:00,https://news.google.com/rss/articles/CBMiqwFBVV95cUxOUnAySll1Ny1CMzRycmhkc3lETjY0NFI2M28zcGdtNndxTVNlUHdydnF5X2dFMHRWQ2R5Y0V3Ty1WNV9qT1lMeWRHTExYQ2FIM0ZIcUJ3ME1BRWx3ME9HN3RoMkdILU5LV0N6ZEdsLXpxYzhCVmpPOEg3ZXhxVE5vT2lTcGJsbWJ6MlNuOWsyRV9NSmxwa3BUajl4RV9EbG1vd1lGWXIwSC1aSFE?oc=5,False,di_luar_topik,1,0,E2_aturan_persiapan
Nelayan dan Masyarakat Pesisir Sampaikan Desakan Kepada Pemimpin Pasca Pemilu 2024,WALHI,2024-04-08 07:00:00,https://news.google.com/rss/articles/CBMiqgFBVV95cUxNa0tGWW8wNGtJWHN1Q0lCWmZQMnlHZzdYOE9pZDJMdVU0Z3VyV25zR1RQVEo5Um5pVVc1Rm5YeThhTDBIU3U0cjYxM2V6NjB2a2J5N2pTaFNHWGhYNHJYSjhnWlItVmNUQVFYS0c5eDAxODl0clU2MlBqbUh6MG5DR2E4RlJkeE4tTV8yUFI4bUI5YXczUkNPUUJVZjVCdnIzYjZnWDh4ZVdmQQ?oc=5,False,di_luar_topik,1,0,E2_aturan_persiapan
Ruang Tangkap Nelayan Jawa Tengah Menyempit Imbas Industri,Kompas.com,2024-04-09 07:00:00,https://news.google.com/rss/articles/CBMisAFBVV95cUxNdXhtaXVTeTY1UWZfVm0yckF2M0FsYjZRMW4tOVZWLXJYckdzeFlUdEFnZTJMQkdmeFpnVU1ENWJrVlBISm5hMFZCSTQ1d2hiWkthVGc4UE11d2JjbjJvQXlyb2tFN2t2MWxEUVJocEVzY2haN254YWlJXzRsczVJc19CS0ZSMVE3SmViLVlwS2JoV2NwOWo5OXYtX014dWNmXzBLWENDeUh2UEVyWXBVRg?oc=5,False,di_luar_topik,0,0,E2_aturan_persiapan
"Pemerintah Tetapkan Lokasi Pengerukan Pasir Laut, Untung atau Buntung?",Mongabay.co.id,2024-04-09 07:00:00,https://news.google.com/rss/articles/CBMipgFBVV95cUxQN0Rib19WSTIzUVBNTXBIdFRNMDdLbXBjNThRVzFqNm5nMV9HcGVWTW5yak1XcFZDZ0drNkFfaGNEZXdxSTBmQmlwMHpMNkc3Rnd4MHdqd2c0bEVSMnB0cWhIOTg5VDhJc3FjVkFuUjduMGw1OGhrQjZYd0dmckk5dnQ0OXBvb09PTElTc0NXNThhS3o3OFZNemNxQkxEakx1bkl4RXZR?oc=5,True,netral,0,0,E2_aturan_persiapan
"Bus Rosalia Indah Kecelakaan di Tol Batang, 7 Orang Tewas!",Teropong Media,2024-04-11 07:00:00,https://news.google.com/rss/articles/CBMiigFBVV95cUxPLV8tSnVIM0c3Ny1jYXRJNF9lZnJjdFBzUWNRbXlrT1JJRTVwN3ktY2d3eE9JcVNGUjRxS0MzR0NzVkJSX1dDalBjX00wbUs2ZkxQX2p6SHJqb2ZhQjFjRkV2Tm1vRG9MckNldzdQTEotS2pPNExVVGdtWE5zYThLdF9GamdaRTBGTFE?oc=5,False,di_luar_topik,0,0,E2_aturan_persiapan
Ancaman Tenggelamnya Wilayah di Pesisir Utara Jawa Tengah Makin Nyata?,Mongabay.co.id,2024-04-12 07:00:00,https://news.google.com/rss/articles/CBMipwFBVV95cUxORlcxemJMZExWS3VzSGphVmFyNVdjdm5wYW1Vd0Q5NGFIWUJPa2JsVDQ3SnlSelZfWHRZalhDdTFGclctMXIxNUppakNjM1FWb0REcWNYU1dZQW9yMFk0dHlZQ3A3ZVM0RmlxaDBtd0tDUFVjakFCbGNlbnBaNjQ3TDVmRE4ycGlFR0ZoTHZqbmF6V1BGbFRQMWN6aVAwQ2tCbEtvU0lGaw?oc=5,False,di_luar_topik,2,0,E2_aturan_persiapan
Ruang tangkap nelayan di Jawa Tengah semakin menyempit,Ekuatorial,2024-04-12 07:00:00,https://news.google.com/rss/articles/CBMilAFBVV95cUxNMTY2VWpLWXp3SkNvSzZIWWtnZkZnQ3RscFZCbko1Y01HMkV6TnhJR1RpcG1XWWo5YjF5clVpRTRGc3l4V2xrajczT2E4ZTFXV3VoOTU0VVA2ZlJFX0lyS1FnVkJXampxNVdnN19WaHYxazl2d1REQ0o5SlFKaXhWYlp5UksxSHBFX0M4dklJX3JtMG9m?oc=5,False,di_luar_topik,0,0,E2_aturan_persiapan
Inggris Tanam Padang Lamun untuk Perangi Perubahan Iklim,Voice of America Indonesia,2024-04-15 07:00:00,https://news.google.com/rss/articles/CBMiogFBVV95cUxPTWJ6STktYm01T20xTDdsTjZmckRhbkVrMHc4RWdBVzlUeU5nM2dwbnUtVzZIODdvcFRudjgyWmplSlRIRk5yOFI2SmxqX3gyNV9FdE5QR1UxVGlwaDAtZ091dE85R2FVRW9WNHdFTVlXVTYyT1BhLXZETjUzdUVhRXNfeHJOcHk0b2VRcm5WNWVqMkdqdEhtTDRWTGo0MlZKbEHSAaQBQVVfeXFMTjlMWF9HOGItOU4zWEVnYUVSbWsyY0N0bWZOdm5lTDEzSmlaVnJwR21IOS1hM3JuODl0WFBLQjllOWJ2Q2VkSXBQRFRMeEVZQ2xzdVZUZDJ4U3lIcTRrWDNTb2JXbWZkai1HUVpuZzRTTlg5UkM4REg0R1hrNlhXUjA4VldIeG9HYk9rcml4Y2Y2ZldaTC1OQngtZy1vNlFNWHJuZ2o?oc=5,False,di_luar_topik,0,0,E2_aturan_persiapan
PM Singapura Lee Hsien Loong Mundur Setelah Berkuasa 20 Tahun,Ulasan.co,2024-04-16 07:00:00,https://news.google.com/rss/articles/CBMihwFBVV95cUxNWW1kUzVoLUpXbkJGb2JwRFVVbjZGTEhUZk5id1NmTnJHNDJYcEFfMFZXV3lnSmxNWTE0R3lPaHF3c1dubDZsN1lVS1RzTkVERzBQTFFOZDFaUW1jb3NhRHQ1WnQ3Nm5GQ2QydE84OVkzbWl6MGMxNlRzZjVGaFRoQkR6WTc3cnfSAY8BQVVfeXFMT3FsLUwyTllSNnZjUzZORURwRTVVWWtoYzE2RlJqZENDajdFemk4dTNWUk1FU0oyQXRrRTVia1I0ektTT085ZU1ydnFId2FkMTRRTm5LTmQ2aGtzNWRfWHplRmtXcjR1SXMwbWtITXJRUGJRSUlaaXNaOER5M1loT29zNEtPeGJrY0pvZC1IRkk?oc=5,False,di_luar_topik,0,0,E2_aturan_persiapan
Pengerukan Pasir Laut di Bangka Terkendala Biaya,Kompas.com,2024-04-17 07:00:00,https://news.google.com/rss/articles/CBMisAFBVV95cUxQSE11N2NpNmIwQVhKQUR2UVdWekdmamVBR2NpdkVDVWo5eEprSHdxckNLRTZwYjM2SHpNalZ0N2tOUnNrRmtQb3BtcUhqUFJDWHpIZXBmcnJ0eFVydHI5MEJ1N2hQSzdlWUhnS2JPWlV3TkM0QWUtZmdheWctcVVabHU5ZmFSLTRoSEtPLUFLLXplME1kc0o2RktORGtiZThtc1R0SDE3OW1JZWJ5TUtuag?oc=5,True,netral,0,0,E2_aturan_persiapan
Ruang Tangkap Nelayan Jateng Makin Sempit Dirampas Industri,betahita.id,2024-04-17 07:00:00,https://news.google.com/rss/articles/CBMinAFBVV95cUxNTkFMOE93dmpqU2VSUWctSjZZNTV1RHFrLUdsRjNzakRVclhTYkpjOFU5SWtBMUlJM1IzWkV1RWNHaVRvTlhrRzFCRjBxa0V2Ny1iUnpsVDVOa2lERUFPdFd3N0JMX1NtUlZUdW05cVFOcURtb0NhZzJ0RVBvNmM4UVh6ZTB5dGtMREhtaU9fSHlzOHVJbGxmVkpTazg?oc=5,False,di_luar_topik,0,0,E2_aturan_persiapan
"Keruk Pasir Laut di Pelabuhan Nelayan Bangka, Negara Bisa Raup Rp 20 M",Kompas.com,2024-04-18 07:00:00,https://news.google.com/rss/articles/CBMiwAFBVV95cUxNbFlVcmd3em1oX1FaWmIxVEUxZ0M0bkZDa01MM1FHQVVGTURSeEFMSDFMWHNPVkJVNm8yVm85R1gyS25FQ0ZEZkVyNjF6eFZKMUtfSl9Od2lXNHdBWERkY3RDMU5qdjlVQUwyLVdna3BHUDd4dW1ZSG1mTWM2bnFDMmhJRzJsTEFxSkFtdlZ5UDJBT1MyU2YydGFPVVBQd05iQVNpSDZnSmh4TGNHVVZ1QTljOURhdVJCZGpiZTRmRHU?oc=5,True,netral,0,0,E2_aturan_persiapan
Proyek percontohan tambak udang tradisional plus,ANTARA News Lampung,2024-04-26 07:00:00,https://news.google.com/rss/articles/CBMimAFBVV95cUxPMGFqZkJzNzJsVFhiLXVKdlluUHJsQi0zZFdyX0lhbXZvSDl1MHgzVmxXRGpIWWE0SjRHNF9fQWFxVjhEX2ZfbjhwMnRyd3pfTDRzT2cza04xUUtIejZUN0d1di14bU5DeHJtZlZodmJ4aUNWNTg1cGN4STJlcXZ1YUFwR2NfeXJSc0ZFWU5GV3h2bUExQ09fYg?oc=5,False,di_luar_topik,0,0,E2_aturan_persiapan
KKP Hentikan Operasional Kapal Keruk Pasir di Lamongan,bisnistoday.co.id,2024-04-26 07:00:00,https://news.google.com/rss/articles/CBMiiAFBVV95cUxQSWFob3lNTTFFWHAxa0lxN0lWZVFXeE9zZldTWW04LUo5QkFra2ZrcFhEbVVfSmxBTDBBSkg1YS1FVEdMdzgyLWZUYkdRZW9BWk5fVlk2QWpHTk1xRzNFUW81b0NGVk5BMXAtTTY0d3EyWU9sZ3Qwb0pmajZUS1I3NkZ4VmxHbmdY?oc=5,True,netral,0,0,E2_aturan_persiapan
"Tak Berizin, Aktivitas Pengerukan Pasir oleh PT LIS di Lamongan Dihentikan",Kompas.com,2024-04-26 07:00:00,https://news.google.com/rss/articles/CBMixgFBVV95cUxNYk13YkpzX3BlY3ZGV2J6bi1leFhES1J0QWRtcVRmN29xZEFTTk9sMGNKdmJ3T1Bma0UwY3NEdHE1Y2tNbk5UOTlqbERhUlVaYTFLTDlQbVMtWEJFeEtoU2NRWktuTk5ESmtQQUYxaGNQbjVJUms0NUxWcU5vZ1NXdHpONW1lcnd4NXlCWXJvaW1PY3ZYVEhXbDFseHU2QlJQZ3EzQjgxVXkzT3ZNSUhIVnJYY3RaMnhDV2t3YWNfUWJfUU9VU1E?oc=5,True,netral,0,0,E2_aturan_persiapan
Ini Kapal Hisap Pasir Laut yang Disegel KKP di Perairan Lamongan,finance.detik.com,2024-04-26 07:00:00,https://news.google.com/rss/articles/CBMisgFBVV95cUxOc2cwZmc0ZmlMWDZNeENpaFhjbTZXc2hCTExpVVkzSlQ2blhKRW53czQwUDJ1WXN5M1JYd1kycUhLNjdLWl9RclRTUmFIYUxjZ3prWXhGSDZ6UGtaUklFS3NCdXBTX0swY0pwN19jRm44LUN2OHktVjF4M0dHWDRjRU52QS1kTEx4TV9TanVjMm55Ml9YQS1fWjQxVzUxOGNkbVhZZVdvV1BfMktSRmJ3SEpR0gG3AUFVX3lxTFBLbFhMMVJBLUJPWWdmU2UyRmFQbEZYazR0dnpzNG9tc2ViSkJtejRUZ3RIaFRFcEJTbHZJdnFUYkYzMTBCY1dja3F4YWc2VlNpLU91MUhkdDRfRThOdXdmYUJpR1h5VE5CZlpwUzdOOG14TDRIS3U0bWc0cjJpcHMyNVQ2N3R4ZktyRDJONTdXRjRXNW54dkRhdDYzSUtCc3BfcTRFajFsQVBCMnAwTk1fU25FSUNHZw?oc=5,True,netral,0,0,E2_aturan_persiapan
"Tak Berizin, KKP Segel Kapal Penghisap Pasir Laut di Lamongan",JTV Bojonegoro,2024-04-27 07:00:00,https://news.google.com/rss/articles/CBMihwFBVV95cUxPUFJKQlExc2pmak5tMC1pOXRJVEFwc244UDlTLXR3XzRKZ0ZaTkVfc19XLW1XendYMFIyajdaaGJYRm04XzVnN200cHdua1BKTjdWLXBZU2dNd1hHWUlqVUtNYUhUbVE4SmtLMEVqRmhZdHM2SkQ2X2x0b2dJXzV1N25nc05zaFU?oc=5,True,netral,0,0,E2_aturan_persiapan
"Soal Kebijakan Ekspor Pasir Laut, KKP Sebut Tinggal Tunggu Keputusan Mendag, Segini Harganya",Tribunnews.com,2024-04-29 07:00:00,https://news.google.com/rss/articles/CBMi0AFBVV95cUxPVkZZb0lockV4MlozVDNlT3htY2w0Z3ZYeEJYd1hhUHN0blV6NEg4Ymt3Yi0xMm5seVBuRDdvUlp5NGV0UG1iOElBOWphdkt4T1llaHhNeTZiVUJDZTdsbU4yWV9wRjJXTjMwTElLRUpBaUgycWtoQmJXb19SeUtZOGpQcjNaNTdQVHRfWmNlTzlqYXdVX1hSVi1RamJ5dXVuU1k5aWN2WnhlRTJfLW9xa0RxX012NG9SRGpJVGRGWXNvZUwwNzhwMndNbnVRYS12?oc=5,True,netral,0,0,E2_aturan_persiapan
Menteri Trenggono Minta Reklamasi PIK Pakai Sedimentasi Laut,Kompas.com,2024-04-29 07:00:00,https://news.google.com/rss/articles/CBMisAFBVV95cUxPSGRjQ0hlQlJMZkl2TEZfMEN2bXQ2dzdYaENqN1ltbGpFNm90MjlYZm1BVm10ekV5WXlEWTkwaEg3NGlSU2lhdEdOYkh3TUViblN6UVNkQmRWQkpXTjF5ei1QSTFHSjdVUU1lRmxkcV91SXlnYWJaZTBMXzRVZG9zRWtUemFxRHlVNTdTT2FYZ3Q0Ykw2ejZFS3VMRDl6Y0huUjJqcmZqbG9kNy1LMXBVRw?oc=5,True,netral,0,0,E2_aturan_persiapan
Nelayan Kecil Hadapi Ancaman Kehilangan Penghidupan Dampak dari Pembangunan,Mongabay.co.id,2024-04-30 07:00:00,https://news.google.com/rss/articles/CBMirwFBVV95cUxOQ0tOWDBXUFlONFJORHctVmVDVlJZdEdybW9GRkhoNGtZT3J3Z2NLd2FXNmdHaF9Nb0ZpalBCc1JvY0tPRWw0TmxXd1FGRlFZYzhTaEl3cVBCa19LYUJSSktQQmV5a3VaSkpadXRjNjNsUE05U1VCb043d19qV0k5NWhXVXB5T1JCd3g0TXc2UjN3YW9TZUFWckVNX180b2R1NWoyZ2Z6YzZKSVM5a1V3?oc=5,False,di_luar_topik,1,0,E2_aturan_persiapan
"Penyedotan pasir laut di perairan Lombe, Buton",ANTARA Foto,2024-04-30 07:00:00,https://news.google.com/rss/articles/CBMikgFBVV95cUxNZmlXOE1LdklzZjZUVTQ1emFOMlozV0lNWmZwWUpyaHJ4aUxfY2I2aHRvSjhwNkZVZjNBUV9OTjRra2szLWo2MHNXNHNKcng0Y1dKZ0lQQ2dJM3UwaDhmTXM0RXFydVFXQS0yaXNyRW1iUjV5Q09tQ01QQUpKbHZBTVNzM1NScnNwV0VZWnJSV1NtUdIBlwFBVV95cUxPM2pjS05MNFZaUUZQSTJGT2x3RnBETWFfQm1DdHZuZUJKZzVkWm5FSVVNcUszQUJnMFl2OElSMHJyYVM0MUhGV2ZiZ0w1ODVxaUtGbkZBR3k5YXdkQkU3WFNTaWpoUlh6R0REV2dZeW9rU1JhYWE3bjRlbVdtZmNRZFhPN3JCZVdzQmw4ZnhoYWNSejVxVExF?oc=5,True,netral,0,0,E2_aturan_persiapan
Polisi Tangkap Empat Kapal Isap Pasir di Pulau Babi Karimun,iNews.ID,2024-05-02 07:00:00,https://news.google.com/rss/articles/CBMimgFBVV95cUxPYzBpck15b1FhUUNNZ1h6aEpoNTlHcGdrRDJhVS1BZlRPdTFrcHB2TXlUUTBzTVpNcmJZdHkxVU93VkdDOW5uZzNBbWtJckVvQjhnem9jY3R0TmIxa2ZQTlFqN3VtZUNoZ3ZYQmMxSjBGWEhjMl9zamRucnE1XzBfb1lvZjVKVm5wMzdjTFhlaF85dUtvVjg0bTJB0gGYAUFVX3lxTE5JM1AtUWFXS0pHalptSlhvNHVBR2Y0NXQtYXVxbHFXb0pTTEo3djIzaEN2NGM3ck9TUGE0WUU0Uzh0VHFGczktU2M1Z3pUR1VOQldrWDlKd24zNFpUMHRob0NTQU51SmJod2hVenJUbDBydTZPNzdISEJnOHBKdEdGY1hpcjZxNTdrdWFyR3Q4QzJJRUdnMUd1?oc=5,True,netral,0,0,E2_aturan_persiapan
Ditpolairud Polda Kepri Tangkap Tiga Kapal Tambang Pasir Laut di Karimun,gokepri,2024-05-02 07:00:00,https://news.google.com/rss/articles/CBMimAFBVV95cUxNbGJVUDc0MWFBS3ZoTzBSY2pXdXhtWWdhb0VZYjhGNkVfTUhfMGZNV2NibWV6QVhmcmRBREZneWJ4OHlENk4talV4OEU3OGpPU3d2X0dadzBDMzFhS1FWNFU0SDBuUnZTSnRBZ08xNUp4YVJPcnJIYU8zVHAxczVhMGFDaHhCdU5DRnFWMUJaRVlwZ2NqdlRZQg?oc=5,True,netral,0,0,E2_aturan_persiapan
Polda Kepri Berhasil Amankan Empat Kapal Tambang Pasir Laut yang Tidak Memiliki Izin,Tribrata News,2024-05-02 07:00:00,https://news.google.com/rss/articles/CBMi1gFBVV95cUxPY3dYSmdDZEJNeHRRZ0RJWUo4SlJ0OUxGVVV3a3NLZ2xlX0pQQWQ2QmNkZEtINy0tOGlYWVlDT0xLaC1lZ2p5UjFpLXdaODQ3aFVvdWhjRFhqLVJpRXNSOTRGaTNiYk05aFdBVXBLTGlTcU1FWFVRNzJGblhLZU1ORFdDUHBxc0E3VGRTeWx6VUxZU3FUSU9uSzNEVTZYSTc4NlU0b1p2NzQtSUNWZ1NJOWFnNVNJVWtBOUhzd2g1ZHRHeEpDWWRTVkl4NktfUlF0dmNHUW9R?oc=5,True,netral,0,0,E2_aturan_persiapan
Bapenda Pastikan Potensi Pasir Laut yang Dilaporkan ke Provinsi Sama dengan ke Kabupaten Serang - Kabar Banten,Kabar Banten,2024-05-03 07:00:00,https://news.google.com/rss/articles/CBMigAJBVV95cUxNOVRTcjFYTUpkclFidnlxd1hCMG9PaGlIeGxNNldQUk53TDZGdm1LMFRPNXFRbHljWFB4dV92b1VPdXA5VUNXeEc0SGl5UTNKQ3RyTnhzNU0wWHBOTmM3RGFvS3lIdURLOWZrSlFYUUI0V3RlOVVoWXFmOFpHV1VIZ05DdkFHWExPcVNoQV9nZE1HUE5WMHVSaURUR1RGNHpjbzRyb1pjZjc1WVZuNDNDRGd5M0JBc2MyUHVPR3FGN2w4VjhUZjR1SjVVMURaNnNLZ1RFWlZPcVduRy0zV2VkSlgwOVBXSDlKcEU2TmdXdnVyVUc3Skt2WFE1MnY2OENi0gH6AUFVX3lxTE9sazd2RHFnYVl0aENYckh3dnpRQmkyVlc0NkZFcEhRS1Fya0FRMTFZQ2NzRWowczNYRzgyeW1QQ2FHN05Ma2FsQVo4MHYxRU1WZTg1T1h3RjhDUFhWOExDQWROZlVoeGg3MUJVT1RTOGtDZXdrdUhCdFJBMlRJMGd4OVlua0tQSEhBekRmNWJoUHdmb0lEbHNMR0hhc0pLdHNXTnNUVjNMemVPbjNJdmVvUjNKX3k0b3B1Uy1QSmRWT0p4cmFoVm5NV2VNeTBjemlrVGhsUmZUbWluaGtmRmhDNUxDT0J5Q2Voa2VPanBWRDRablZXblR2c1E?oc=5,True,netral,0,0,E2_aturan_persiapan
"Meresahkan, Tambang Pasir di Cikalong Izin Dipetanyakan",Sambar.id,2024-05-03 07:00:00,https://news.google.com/rss/articles/CBMie0FVX3lxTE1jM2Q2MlEwT09kUmZrd2E3T3VBcVB6dFFuVjFtQ3F0UmJRUmNoaDVOOG5iellfTHJ2dnVXa1Zkb1VHMm1DMlRXamlaVWphZlhaN2NPVV8yS2lEam94UmxvRV9iYVdjTkx5Rno4enRBaUJ4LUhkWmZKWThwNA?oc=5,True,menolak,1,0,E2_aturan_persiapan
Triliunan Rupiah Benih Lobster Menguap di Jalur Transit Sumsel,Kompas.id,2024-05-07 07:00:00,https://news.google.com/rss/articles/CBMilwFBVV95cUxQRHVGMmhXMnFuNWRvZnRoUHZqbVFUUGxBSnRJMTdMbVl1Yy14QmtCN1hnNmd3Z19VdVRCcExoUkExSk90OTBNOXJhbFhNanE4Mi1yTTVNM2ZKMzRvaUk3a0VXUFd5VkhsbTRJMUxPaUNfdWJUX3RoOUpFOUxFejhETjFjZzVFdjV4UjdudC1FMXdUdUpEUlhJ?oc=5,False,di_luar_topik,0,0,E2_aturan_persiapan
Polisi Selidiki Kerugian Negara Dari Aktivitas Penyedotan Pasir Ilegal di Karimun,Batam Pos – Kepri,2024-05-07 07:00:00,https://news.google.com/rss/articles/CBMisAFBVV95cUxNWkdRNVE2MmdPRUo4eG5OSkR1QU40ZG96eXliS2FVMzBWVTNvRjR6WHlSRzY0LXFrWVlZNEpDSzJMOVd4UVAzd2pzN3dFRG1HOVktMzhYX3Q2aWJRckZpMkdtX3RIdUVVd3I1QmNuQmRGOUdPdTVLd3NiMDV0cFM3QmpCam45eE8zanU5U2tjYnN5RXJtSTZ0dUhjdVFocHdnUnQ3b0k2aWd6RXNiTkk5Vg?oc=5,True,netral,0,0,E2_aturan_persiapan
Penambangan Sedimentasi Laut di Karimun: Ancaman Baru bagi Nelayan,Mongabay.co.id,2024-05-16 07:00:00,https://news.google.com/rss/articles/CBMimgFBVV95cUxPR3U0RnE3aFJael9qMjBFT0M5SUF0dEdvemttLTR5ODdPNzdkVDBmcHpXcTFkT0hxT1VBMTZ5Y2t6YmdOUEhxYzZMQlI2WFNUSFRRMGNjSkpGeWgtWGtMWDhROXJfSGg5b2JWcDdfLW5zaF9xNDUyZXpLVE5URmNyQmZRc3VWazhmcVo4bjh2NXJFNy1DNEtBMjh3?oc=5,True,menolak,1,0,E2_aturan_persiapan
"PROYEK PENINGKATAN JALAN BATU PANJANG-PANGKALAN NYIRIH RUPAT TA.2023 DIDUGA GAGAL KONSTRUKSI, RESMI DILAPORKAN KE POLDA RIAU.",kompasnews.co.id,2024-05-17 07:00:00,https://news.google.com/rss/articles/CBMi4gFBVV95cUxNdnJZRTNOUWt4cjhtWjlweldMUTJESWNUcEFjdndreHpFdzV5Ukt5TG9OTnk5MzhFSW1rNF9nS0xMRnJrTHVmX2xnLWNYYzhjQ2hpTFgtZVJBUE5vMDNmTHFaQ1FIc18ydXhyVEJWYUFlNllhVThOaXBPSlAzSVhmMDZXdkNxQmlLeEhrTFVfdWFWSS0yUVp0M1lFQnNDYWQxQmxCSDFwd0NDR1psbFFOZTZLUXhtNXRnUWhraVdNT0YxN0lLQlNuZzAxbEg0UUpXMlBhWS1yVjRHVUdrd1NrNzNB?oc=5,False,di_luar_topik,0,0,E2_aturan_persiapan
"Menengok Pembuatan Kerupuk Usel Khas Pemalang, Digoreng Menggunakan Pasir Laut",iNews.ID,2024-05-18 07:00:00,https://news.google.com/rss/articles/CBMitgFBVV95cUxPVG8xSHRXOXI2Z1VzWkZnVkNFSVJFWjhBemdDdGJjWTBCUVZ2dmlHeFFGM1ZNVkdVODJyZ1pYSld5YlEtSm9ZUUhXOUZsbHJTVW1oRVRuMml5TXEwcXYyaDIzRHowYzFrNHNxdkhZekRjZlFiRFR5aERfRXkwck5vcm8weXhhMEk4RUR0emVmbXZaamxVMHE4T1Z1RUFzei1feTNwWjJ5NzBoRS1vd0lVVzQzMWxUd9IBtAFBVV95cUxOSUViZklYVjdka0VET1YtcXRMb2Y4NWE4SndwQ1VyVGlPX2tlYjNfT1lRRVNCdWhiZGlXMGtFRWtkeUFpaHNSTHJTeTUxVnBmR0h5TUEtNjcySzZSNUtFaDdwOE84bm9POUx0V0dUTXBfNm05alpkc1E4WjdEYzRQZFE2MG1zWmQ0aHA4eFpqYUJpY0NnNjh5TnNHV0VCRC1MM2VCWXV0RXpMRUJJLUZKMzlTcng?oc=5,True,netral,0,0,E2_aturan_persiapan
"Aksi di Laut, Nelayan Sembulang Tolak Relokasi untuk Rempang Eco-City",Kompas.com,2024-05-20 07:00:00,https://news.google.com/rss/articles/CBMiywFBVV95cUxPLTY1dW5IWm04WTRKRUtVU3BEMHRRWmtOaEc0anFkWm9zRnl0cFlqM2VuV1dpNjgyZGlOZlV1VUZrdHRaajdVS20yNEpXZl9peE9xNGxrdUtMSHUwVmpzWVkxZHFPWW5GWGpweHlTWEhjTjgweHNFYXNZZGxRMWttWUl1aC1MSkljd3BhWjhMNGFJaWVYeWY3TDQwMVhwTzRBY09kQUVjX1pVRUFkNFI3bmhFQ3libVR1WXY0MDQzdnlYelpadExIVms3SQ?oc=5,False,di_luar_topik,1,0,E2_aturan_persiapan
"Tergiur Harga Pasir Laut, Pengerukan Muara Jadi Rebutan Perushaan di Bangka",Media Indonesia,2024-05-26 07:00:00,https://news.google.com/rss/articles/CBMiugFBVV95cUxPTjdNRl9ZUkpMMG1UX3dhci1EaTlYYU52WTNCMFhETHBhbTQ0X295SUtvU1JDX01QNXczTlBidkgzTVhNdkh1MXUzQXk0NmZkcnAwOFJ1ZmFhY0FGdTFDRXkxQjNrYzhBSWRFSExSY3NWN3ltZjhPUWthelRpZ05rSDlUSm1IWVlzcU12aU41bmRoeDhRWWxVaDJYVHBTUmFDWkk0MHp2azYzZkVKb0hLY3AzYW9IdkhZT3c?oc=5,True,netral,0,0,E2_aturan_persiapan
"Kampung Nelayan Modern Pekalongan senilai Rp21,8 miliar",ANTARA News Jateng,2024-05-26 07:00:00,https://news.google.com/rss/articles/CBMinwFBVV95cUxNWFh4M2lxa2pnVEQ0a2hkWF9hamYwZks2NFRKalZMbXVqaThaR052WERLWFRtcTFYcThKV2NaR1h1V0xNa1UtSkJqWmZPN1ZVOUgtSmpkTDN6TlBLZGZUUHk5TUVYcmhFV1pNTElDYzdXWFVQYUpreVROUy1fTnE2YlpLdWx6ZUpYMlB4NGstWlBWZDhiRzRQWnlOM3ZvOHc?oc=5,False,di_luar_topik,0,0,E2_aturan_persiapan
Proyek Pengelolaan Sedimentasi Laut di Demak akan Direalisasikan Mulai Agustus - Bisnis.com,Bisnis.com - Semarang,2024-05-27 07:00:00,https://news.google.com/rss/articles/CBMizAFBVV95cUxPY1pscUUtTS0zN3pzU21reERVOE1FR3pUd2FySEJ2SFlDZmtnREd0V0tpNDd1blBFS1o5NHNYdjFFSVdUU2ZxWjhGR04wY0FwQmFpMVdtc0FUVE9VY0dFRHU3ZmVqaFl4V09wMjJqRWFNckZZQlNjNWhlMkdLa1luRS1GbUxBcFRwMEpIb2pLVjNVRWIyaFNGS3JTYXNTajNpNmtnVENnWUQ1YnZWendfUkpMWEVFNDZPb3BMVjFJWHVJZHZPZEdib3Q0T2o?oc=5,True,netral,0,0,E2_aturan_persiapan
Penerapan Ekonomi Biru Jangan Pinggirkan Masyarakat Lokal,Kompas.id,2024-06-04 07:00:00,https://news.google.com/rss/articles/CBMicEFVX3lxTE1TMXo4eVh3cXdTRG1OekpIS2htbUJVbUZCckI1ZkVKMU16WWhDTzRmM29hYjVyUHVHMzN1QVJJLWF6b0JqeFN0MHVnSjEwZGJLRFVJV0VzNXJMNTRTSXVzdnFBRV9TSG0xR2E4VlNIUGg?oc=5,False,di_luar_topik,0,0,E2_aturan_persiapan
"RI Usulkan Selat Lombok sebagai ""Particularly Sensitive Sea Area""",Kompas.com,2024-06-05 07:00:00,https://news.google.com/rss/articles/CBMiwAFBVV95cUxOc2h6S2FLbmI2Z010RmhCdHVpX1ZhM21EckpxYmNjOW5qN180cHhocWUxeG4tREkxVkNyUExtakFiMkR6MVhHOGVpdzF5emlKWWZLNzNfa19wRDk2NEdTRjRrOExNandOemlMQUpsNmxBNnY5a3JtYWhabU5hLW8tWWE1S0RmY0JIeUQ4ZHRxcmV1TXJ1UkhLbFotVnhJZlVnYll1Qms0eDBoUlFiNWNmLUUzQ2IxZzFaOG1GY0w5blI?oc=5,False,di_luar_topik,0,0,E2_aturan_persiapan
Melindungi Ibu Pertiwi,MetroTVNews.com,2024-06-08 07:00:00,https://news.google.com/rss/articles/CBMickFVX3lxTFBYdm8tLWI3Q3VzaU1HOFkxcVdVOHFuM2ZEaF9yUVBvOTh5dkVJOWJGSEtxMEJQbk4zbXZoaXZvT2V2UENZc3didlB5RkNKbnhDR2xROUFWLVVfRVJaUzFmaTN3WFJfR09MN2UwVEZhbFVuZw?oc=5,False,di_luar_topik,0,0,E2_aturan_persiapan
"Desak Cabut PP 26 Tahun 2023 dan Tolak Ekonomi Biru, Masyarakat Pesisir bersama WALHI: Laut untuk Rakyat, bukan untuk Korporasi",WALHI,2024-06-08 07:00:00,https://news.google.com/rss/articles/CBMi4gFBVV95cUxObV9lTEtkUERDZXVNMUpidENJaHZXYTVPZzdnWEFjMm96eDlqNFFjTVFFQ1lLak83OTFNSjBWTk5XZGNBazloVHJzMUh5dm5jdGpjb2VGZjJ6cWp1bmRrWG9oeGN6djYzLWlnTVd0WXBHc0dEZlM4VXdhY01CNEZ6d3RUWnRyYk9XNVlTb0dsUkRFdDkyYVBBUVVNcHdhMVJyZmRRNG1mSDBlSnJmVURDc2pUZThMUW1mYlZTeC0wZjJjYU5BTGVnQnBQTGpNM2JUTmZWNlZTMzRBMXJGMnBVSldB?oc=5,False,di_luar_topik,2,0,E2_aturan_persiapan
"KKP Bentuk Badan Pengendalian Mutu Hasil Produk Kelautan Sebelum Diekspor, Simak Manfaatnya",liputan6.com,2024-06-13 07:00:00,https://news.google.com/rss/articles/CBMi0AFBVV95cUxOZlJteE5qcE1ETGRRd2NMU2d0V0hHUFlNakFlVVFsOVI5MmJrMDVvVmNZWnBKb1gzVXJFQnJIM2tjbVpkQ0J6V3hjSkJFZkswZGF3czFGZnBaOUwtMXh4S011eXdKM1VrNW5HNE5MNGJoSVUyYVpqTmg1S2JJb2MzeDNCWDBPbmxhNXUzZTV5aGxpTUJSNXdZMHlNSkdKUW5IMGlJbnR0ZkVtS291ZnBMWHBnNl9Id29OTGdzdHhFQWRkeFVkd1dLeEJobWMwbG5B0gHGAUFVX3lxTE9yOEtfOW5sR20yZHptUkpMeHNuRjBUd2ZQanZsTXJVeHY3RXROclhuem5rc0VncWs0ZVNlOUFBWEEwRVZzbDh6RlA3bXlPZjVacFBOZjItYkk4UVN3STI2N2hMM2Q3QmdCam9id2RoS1RGS294bGQtS0ZzTEJKdWstZXRnOGlKRVh5M0QyZ3FkVFpxcWp1MVRzOFBYai1ZdHNhcDExLTZhY3ZuamZpdFRKMEZNNEFTT3FHR1plRjVFbXJ4VG84Zw?oc=5,False,di_luar_topik,0,0,E2_aturan_persiapan
"KKP Beberkan Masih Maraknya Praktik Tambang Pasir Ilegal, Lokasinya di-Spill Pak Dirjen PSDKP - disway.id",Disway,2024-06-14 07:00:00,https://news.google.com/rss/articles/CBMivwFBVV95cUxQQ3Jncy1iblB6N0RBQndKcFFrMTlEd0o2ZVRIWnhEZDBPeGpGM2hSQUw0bmVvYmRrVTk2SFdhUU81ZmxqTWFCbDFYTWh6S1poYXRhVDNJRXVqLV8wZy1LSGcxcWVmREtTOXE3TkppZ054Tll5a2ZvZGlNVXZ2bGJ3ME9MZHdYLVZVZ2ZjVG9Sb21pRmV6aFhQbHVyS3RSNlMyRjFoSExoaWFFQ1g1UFlseG5hSHZxOVZLRU5MNkt1Y9IBvgFBVV95cUxPdzE0OUlyRDBuUzZjU1BHS196dkZqdnU0dzVyTmZwYmV2QkNQelIybzM5M2ZRX2pOdFhDLVFTNE85OVFhZFI1WU5iSjY1clFWd0tybEdWTVlkNW5HOGRiTDFTRVZfNkt1WlBFbGxWNVBlUVVXRVdFclZ0T2VHZEhFdE1aRmMwaFF1NmM5SHZ0Z0M4czJCWDFpX2Y3X2Y1d0JXa2hDYURIQXhheWlXeC1BVmZJTUEtNl9NcUxxTGpB?oc=5,True,netral,0,0,E2_aturan_persiapan
"Cerita Pejabat KKP Habisi Tambang Pasir Ilegal, Ini Lokasinya",CNBC Indonesia,2024-06-14 07:00:00,https://news.google.com/rss/articles/CBMiuwFBVV95cUxQakVQUGdqZWdHMjNOSGRfbWl5Q09CYmlRQ3h5bFpsM184Yi1ibnZxaER6dm44SkVqMlFnY3VDcXJ1ekhwYW1Na2Q1aEpnN0hLc3NybFRKdzdCNXJVX0lQTnVvWnd0WVBxbXBfYmdxWmpHRTIwRmc0RUI4LUJISjdTdEw0eXVIdG91ZmlVY0JZZFFndktXRF9jYXVELS0zRHZGSzFLYUZBa2p2UjgyQXZOWEMyRUhKLU4wRHVN0gHAAUFVX3lxTFBpRUtDQUdRQVlNSEkyZllSSGFIa3VrQWRLQzI4VERWNktsSDVqTWl2bDRkSEViU0o3UzdEb01WRlhCTDFzS3llY3F6YlJaWVZUajlUa1ZycEJHOEtBN2JTRXZKY05yX3ltYm04V1JobFA5U3kwRzNhdFZGNE5jVFNSbEI2cEJoQ1ZzQmJSS2RRSVNiR2Q0YlFCY3BtSXprUnUxTy0yT19oaWtJS0h2M1MxNGNxVDdyZlYzcDc2dU9HVQ?oc=5,True,netral,0,0,E2_aturan_persiapan
Jejak Hitam Kapal Vox Maxima yang Sebabkan Pencemaran di Singapura,Kompas.id,2024-06-19 07:00:00,https://news.google.com/rss/articles/CBMinAFBVV95cUxQS0NNS0tCMnZHbS1va3dsaC1Qck1aLWYyaDJBRGI2blRjeVJSVG5tV1JUek5UNkNVOWcwYzc4U0FERWY0Q09DTWo3bjBMQlI0NjFHLXdhcGVSdHJ1ZFRveUJ2Ung4d3Y1Z21Va3Z6VEw1V19WelRTeGJBaE56UEctdWctX1o0OXUtU0twUGZDTWJoeG5lMnhuVGU4WDg?oc=5,False,di_luar_topik,0,0,E2_aturan_persiapan
Ini Penyebab Kapal Asing Keruk Pasir Laut RI Belum Tertangkap,finance.detik.com,2024-06-21 07:00:00,https://news.google.com/rss/articles/CBMiuwFBVV95cUxOUXdfLWFfOXhaeG1wV25RdGE1eDNGRzEzNGsxaE16b1pBLUp1STJjT19qNFh2UERjZ1NuaUg4M3VzYmtaMHlxQlZFdXhoOEtPMWlIaHVFUjBMdjJfRC10UTNuemFIZWlvS21ESXEyMG9kdGMxSEFpcUVLdkFpcFdmYlEzaTk3WWVCYTRRRjFXeDZHRDVOMGxrMVBrZnBtSkJUMlFqS1VISHVXdlVKTFZNcGdkcUs2RFQyTkR30gHAAUFVX3lxTFA2VGpFc1B6azdqVG5IcG5WMjZXRWtrYlVndmJ5aFFpWkNqTXB2ekhZcHh3RTl2bWtJUjdBMWlHeTlsOVd6dnJIZTc5XzdjcUdIX19QVlk5LXhRck1Db1JPWGdqU0RLWFpSNWRNNUhCcndRbjlhdVBMM210V1dVTVNmNkNhV0VIZVFkNkhnU20wYXZVa3VHM0pkUW8xSC0wSWhNMmhxZ1hwdEt6QW9yT2tleHl1Z3ptVEIwdnpCRnRvbQ?oc=5,True,netral,0,0,E2_aturan_persiapan
"Ekspor Pasir Laut Siap Dibuka, Pemerintah Jamin Aturannya Ketat",CNBC Indonesia,2024-06-21 07:00:00,https://news.google.com/rss/articles/CBMivgFBVV95cUxNNmRYM2luLVRpa1I4YW42b00tMnN2NGc5NjhHTVM3dkY4NTFUNWNBMEVkUVJGXzJnWnlxYVRQOGtDY2d1bXdLR01MYWJtS05sclUzN0RKWVZNczJVNmhjdW1tdzd4Wm43RDFMMTBqVU9Nd0lLVVdNQlZPMU90TGNlQTlSUkRSVktQQlpJUkdLTFJoczdlbHJKcE9YdV9jSmdtNGhaVjBQM1FSM0xVT25ZOFpJQ2xXVk03Y0F1UXNR0gHDAUFVX3lxTE1MSzR4QkNaZzZ6c2xWX183OVJ2dDJ1ZGQybHZwRDBkQ3IyWEs4ZmJ1alJvVHZ4Y3MxWGNlR0FkYkNjM01PbjVicG9Ycjh3ZWRvQllfVHRCZS1LYW9rbmVkaktLVXhiWmJSQzlrWjRDM1hjTlhYbVVmYTZLYmlxUnBsY1ZTcC04NzJIN0RQRzlWbk1qNGotcExHUEN1ZmRsUmRwMGtCZUl5djNNX0pEODRtVlFwdWpMSFNlX3VRNl9MWlpnSQ?oc=5,True,mendukung,0,1,E2_aturan_persiapan
Mendag: Harga Minyak Goreng Minyakita Minggu Depan Naik Jadi Rp 15.700,CNBC Indonesia,2024-06-21 07:00:00,https://news.google.com/rss/articles/CBMixgFBVV95cUxPa1E3bVhQS1FqWGE1Qm1BWXBoSXgwTThldktRbTdQS1BETGphaFdsMDRianppMktsbFpnYmZCS0dRX1FYSGJqQTlFYTBCR0dsdVBReHVEYTdDYktQMGJkMV95STlfMmxhcWtPSFpRMDV1dDBRVk53SHA0emhqaXhmUjJJSXJrZU9CTWdIdnc1T2FTX0p3eU1lY2d1ODVXMmQwMEdxblRtNThfR1JaejllNTMxYllWenEwcE55OXpRdkFDeVBZVUHSAcsBQVVfeXFMTjU2MDFDNWhpaEdwZ2Y5cUJCeEpiMVBsWlJEMFc2ZGpKcDJIOUtBMUNfb1BBWnJCUGg2bTBTWExPS05FRTBPTWwtNnA1OHVpTERHQTQ2ZGM5ak1PRlJVT0F6T3VFbjNNUjhCMnlkME9HYXZGeExTSk5ORDh6Z2RWdG5rYWtCdk5ENTl6UGpSRWItMm9kekdFb21rd3pFQUlULWUwd3ZLSzMyWnltREVwM25MMHk4OWtzSURmUVdLUm5KNUFMYUFLb2xUdkU?oc=5,False,di_luar_topik,0,0,E2_aturan_persiapan
"Kapal Asing Ketahuan Keruk Pasir Laut RI, KKP Langsung Kejar",finance.detik.com,2024-06-22 07:00:00,https://news.google.com/rss/articles/CBMiuAFBVV95cUxPU3NEd0RqREdlR05HcDhxTk8zRWE3RUhMU3g2WHFoMGRmM0ExekJ3aHhWYWN3Q2ZiQlZlQ2gxbUhnTUM2Nm9pUDFfQTMwZ09CS0RMa1g1YjNLTlBvdXlOQnUydTFmRXc1MTRpenRZNmhYZDczR1VnTGxVNExSUXZJc1dObzVVMkVCdmtieDg1SFdnRGxEaGRCSTFETS1TUkJOUzBRNVM1cFh6c0dzVjhWemlvYUF4MTN10gG-AUFVX3lxTE1LalNWUEZ5MzBCakJkazdhbDFfVHVxMmt6aUh5d1UtNmpINlFpSUQ4d0szeEladzFXM1U1M3E4MW5BN2xrVUxINEJjcGNaOEZSb09KMEFySzNFS0VDXzlWaUROV2VoUVlib1Y0MGxoQ1ZZRVplbThWblY3MnRRd2E3TVZ2MmlTUUFlRkkzeW1USlY3RFJsN1dpSExCV1Y5aGh2bEVqUVpBT3A1U0tkcHFRLXA3bjFMdkxFWVlDYmc?oc=5,True,netral,0,0,E2_aturan_persiapan
"Banyak Negara Minat Beli Pasir Laut RI, dari Hong Kong hingga Singapura - kumparan.com",Kumparan.com,2024-06-22 07:00:00,https://news.google.com/rss/articles/CBMiugFBVV95cUxNWkljYVhyOThGRkZCTmdKeGdYRHE5VTJVVU5ybTFSc0FXV1R0R1AzRG5zV0x4bHdJLVpJdU81QjlWU0YxcFAxN3QzTGotajBwd3d1VzNEWWExWG1ZUWVKV29TNjh3OWdBaUhha0ZZeE1XMnZKQnc0WjZrWm12NzAyY1QxakpCbV80QWRTSUV5RFVDUHdkVWwzUFJ2YTlLTzNWaThFMzhTSWZtUnFGN21vc3B1aUNLR0dQeEHSAcIBQVVfeXFMTlh1UHhuSklWTWZyRDVVbXVlUHNIZndBcExfX1ZzUE5FN21NXzVuMmZNMXNGbVJuN2NhS2VZelRUaEc5Y1RyUHdRSXNPcE1TUVhLVzE4YkNZc08xQThDTzkyN3lldzFqd3RXS3pybGtsNHhyel94b3MwTnFJZmZ1U21wb0g2VVBYWkViWC1OQU1iQldva1B6RjZQc3pOVU5EQURpN3dmVWl3STZXd29TQXByMmRaS2hLWl9KMkd4bjhZcmc?oc=5,True,netral,0,0,E2_aturan_persiapan
"Menteri Trenggono Ungkap Banyak Antre Beli Pasir Laut RI, Ini DIa",CNBC Indonesia,2024-06-22 07:00:00,https://news.google.com/rss/articles/CBMiwAFBVV95cUxOX2ZocWN5bnFMeW9WRENNUS1XMENJTUstMDZrRHhLbHVhcERodjh5NzRKeTNrRHpNYzZ0QVhXYV9NZUFYbkNxd3VqbW1Dem9xeURPb2pEeUp1eGRFWUtGNnIycW8yQTFmSERFS01pcFl3WENPMkwwcnJ4WU82NXNDZzhnTVdMOFQwNmdzSS1BOTNBYkJibWJZODROQXFKRVB0U19mUnBFM1ltdnlDbUdGU245VTFxclM3RzZoWC0yQjfSAcYBQVVfeXFMTUMxdG9xNl91QnBOdXA4bTJwUnQzNWVJT2V3b1hlSmVPa09MVWRiQzl5ZDI4Ykw2eUVXR3UxOVVCSVJheGplLUNTX0JuZTFDM2doYkxjeFVXZ2xjYUZtbE1hSmp0RHJfTHJsb0o0UUFnbnpGRS1VcjJVNjJ4aWFMZUpLUEdnejJtdWZjOVpVSHZUZTVDQ1hKamp4dDA1ZXVXUXNVZ2xiUEdtS0g5Y2ItTE9raHY4eUhkVTVhUXdXV3pibzlNWEdR?oc=5,True,netral,0,0,E2_aturan_persiapan
Harga HET Minyak Goreng MinyaKita Naik Jadi Rp15.700 Pekan Depan,pintoe.co,2024-06-22 07:00:00,https://news.google.com/rss/articles/CBMinwFBVV95cUxQMXJ0WERZOG1hRXpIYl9iaEFxM3pHalpxM2JFdzN0X2hrR1VFTEY1TG1XWVhjX1hDNW51ekpfNzZqZmxhTlE3amJKNGk1RlpBVFJNanI1S2h4a3gzVFFHNFNuZnBMSURjclptRHBOandLMXpGb2Vhc3ozZ1FtWFhPVHNubFEyNWc5MDBOaWlRV0FNdGhTTmxRYnhGejZkZG8?oc=5,False,di_luar_topik,0,0,E2_aturan_persiapan
"Ekspor Pasir Laut Akan Segera Dibuka, Pemerintah Jamin Aturannya Ketat!",Jurnal Patroli News,2024-06-22 07:00:00,https://news.google.com/rss/articles/CBMisAFBVV95cUxQWUZKanF1RFlNNUZSWmlPUHVNVzI3bzNOMzFnU3pMTUNoSmxQeEFycFdlYnhKSGxvbE5kV2lJM29qTDdNS3NIN1dlUG5UeWQtYTZDQndOeVBhdnJEZUdTVzJEZW5ncHN5Nk5pRUhZT3pMaGxyYUNnQkVtVXFScnZOTEl2dldmMlc2M2tDMkszZnVJMXlFa0ZWSDAwOXpELTNTNGZFQUY3RkhtNllqZ2c4dA?oc=5,True,mendukung,0,1,E2_aturan_persiapan
Bahaya pertambangan dan dumping limbah bagi masa depan laut Jawa Timur,Ekuatorial,2024-06-23 07:00:00,https://news.google.com/rss/articles/CBMiqgFBVV95cUxPcG9IdUFVa1V5bnZPQzFjYUNBWjBER09PeHNmVW1jMVZEQVpFWGF6OGwyXzRFWEY0Nmt1T1pIQ1ZqcVVFZ3VqdTJDLWFmNzQtVnh0Y3RqN3pBRWFUSUwwcl85ZkRfbDFkTUlpZEhyT2ZEdThmNy16bk9kWl9HdXU4N3FGZGtGdHhUMHVnZ0diXzBabWJIUjRHU01GUzZuRHlvQU9ZZDhqd1hxdw?oc=5,False,di_luar_topik,1,0,E2_aturan_persiapan
"HET Minyakita Siap-Siap Naik, Stok di Pasar Mulai Langka-Beli Dibatasi",CNBC Indonesia,2024-06-24 07:00:00,https://news.google.com/rss/articles/CBMixwFBVV95cUxPV2RlbGs5anlWR2hQTjhWNC1FU0g3czNhVnUyNThDMXZ0aGpOdi1TdTJ1czZxYkZJblBOcE9WMWlzLWd6MVVBUnEyVlQ5cnVDbkZ1LWZpaFcxWFJoODYwTXF3Sy1UMXdDeU52T3pubFhRcHZpdWsyUDB3M0g1TE5oVDlSM0R0SGFhZ3NsLUhjQjFXU3c0czFFX2M0S3dEQTN3T2l3X1ZwZzFuM0hFNktsUGtYTjNGMjdwMmYtUmV0T3FQbVZ1d3Jv0gHMAUFVX3lxTE5fQUFjWGI3YUhDV0dnRkIyY0xIcFAyTWpFU2dDUFpQRVI2aFU3cDBBdktmLXJacXd1MFRyNTh3eUZPaTNnMlVxdUxFRmFFZUVQZDlEeGxBRFB4TGFiVEppdG16ZlBTSEtac3E5X3JfTDUtVUZWNkZsbm9BTS1MS0NzeWt0cjBJbi1OcGc3Q2pvaHFiZTNaMzJRMWZKN1lRSFV5UkNCREFTYndRSFp1c2RPWGJTS3ZKTDlKTGZwdVNwb3pEQVJ5X3VFV29XMA?oc=5,False,di_luar_topik,0,0,E2_aturan_persiapan
"Sosok Susi Pudjiastuti yang Dilirik PDIP di Pilkada Jawa Barat: Karir, Bisnis, dan Hobi Paddle Board",Tempo.co,2024-06-25 07:00:00,https://news.google.com/rss/articles/CBMizAFBVV95cUxQWm5qcVM4VUR3Y1dWTTA5dXlaVmJ1OWhja1ZwZ2V2NkVGSHUyS2pxX25RYVc1b0wxVE5NRERPME41LXI5RjUwWEZHY2JpNThlbEpDcUpwOFJjbDA4WnJUOGJrMmk2V0lNdHVuVl9NNTF1UHZoUlV5bWFvRklhbDRVM3gwWVVIVTBBQk5obGVyQW5DQXQ4VXdxTjE2VjJRSERDTkxfaUt2VDZsb1hDSU9NZE81c1NHYUk4dXBlS1dNWlRJdm1pcl8tNDk1MHA?oc=5,False,di_luar_topik,0,0,E2_aturan_persiapan
"Marak Penambangan Pasir Laut, Apa Dampaknya?",Kompas.com,2024-06-25 07:00:00,https://news.google.com/rss/articles/CBMinwFBVV95cUxOeHlXX25udWVWdk1iNFNVMGlsYlM1TTNnV1FpVUthT3QzTjN3R3NEZzJUZ3hCbzVoSUpLV0VWZjVDbXExcU40S0swVnVPOWFsbTJfRTRxVGlXOE51eVhNVTNXLTg0WXJiZkoxSTBvallBNTYyY1RaRU9WaVBrU09NUlpaZjk1QUtNUktlZ3RwRm5Ka1R6bXY0RXA1aEc5LWc?oc=5,True,netral,0,0,E2_aturan_persiapan
Bakamla Tangkap 3 Kapal Penambang Pasir di Pulau Babi,Rmol.id,2024-06-28 07:00:00,https://news.google.com/rss/articles/CBMipgFBVV95cUxOUWJlamlHR2RzeTVfXzNwYzh0WTFRbXMwck12U3MyUzlDek1NOVlSR0RlSVlDWElTOHZZZ1EtcVhYT0R5MmVzbHBxQkxiMVZGMlpta0x6S1BJZ0pMbWpxQVU0VVJlTG00am1CRzhtSFRZUTlrNjlLaVZRZ0I1cktKWm54VUV4OHo3aktHbUt3Y09JQ05nb3dScmR0UF8tSTkxVnp0S2h3?oc=5,False,di_luar_topik,0,0,E2_aturan_persiapan
Bakamla Amankan 3 Kapal Penambangan Pasir Ilegal di Perairan Karimun,detikcom,2024-06-28 07:00:00,https://news.google.com/rss/articles/CBMiswFBVV95cUxQSmRpcUJuSkdfVTBOZWF5ZDlHOWYyY2ctTDJ2bWhuZUNnSU1qMUJacTJUbTB1ZXJVOWViR29nQ0NFeElrQjBZQ3J0M2tRLVZEY2J5THdyS01VV3Z5dFNZVmxLUENPLWYzUWI1ZHg0N2lmWVFKcW1fWDBfUzVKTXg5YThXVXNMaW5PYnh1Zzc2ZUgzMEJNODdwOVFBdUIxLVlNc3BDZnNhSi1QNHlYNkh6bWdma9IBuAFBVV95cUxQbmlaWnVVN2ZLanhtN1hDVklFTjc2S21NQzZkVVZaaGwwQ2dVd05IZ2VqdlJyRF9PbFNyZ0VRUm1La0trU21hNVlmbUJNNUZuampUXzh2TUJ5Tnc1RENVbWc3ZTFWa1hHZXlXaHAyRXN6blU1X0x6bFJEMEgtNXVRbTBnM2Y1M2VjdkVkMHdVQm14U3pfRnlHWHBPbFZ6WUJ1LU91UmczQ3J3QTZPMF95a3RUXzFxZHpi?oc=5,True,netral,0,0,E2_aturan_persiapan
"Diduga Langgar Area Eksplorasi, Bakamla Tangkap 3 Kapal Penambang Pasir Laut di Karimun",kepripedia.com,2024-06-28 07:00:00,https://news.google.com/rss/articles/CBMirwFBVV95cUxOU0VXMEF3UlVRQlZibkdzQ0hjZW90Ny03SngwanlWSWdyOUpZY1JIX2pRYjZJTWhfZ2VEUGtHYTFvNUQ5VUU5WjZpcFFVRGY2blpCazhJWlV3NGRUcm0xOHFFUTAzRE03aGREdGs2cmRzNkVWempvZWtUMFUzU29PRVFRcElUcU5mT196d1J5WHJJeFVtYWhtZURSLXhuTV96bDdWMUtreW5CMkMyZUZj?oc=5,True,netral,0,0,E2_aturan_persiapan
3 Kapal Penambang Pasir Laut yang Ditangkap Bakamla Terafiliasi ke IPR Perkumpulan RAM,kepripedia.com,2024-06-28 07:00:00,https://news.google.com/rss/articles/CBMirwFBVV95cUxQaUFJUE50WFhwalJEUHZCUDJnNkdTS1U0NWlwRktLams1bVZHTUQ4akEyRGk0bkYyUDMwcGFPeXA5dERDZHVROFRwVkx4U0JIOUx6cEctRThrZGFDdTVfNDNGWWpCdjROcnlUNnJad19MNGRZLXVYT01YWkZoWnZ2U3ZuR2l3UEdTS0xtSHg4V09rMW9mQ1IyZmVDa05GLTB1TTZDb20xUmt5YW53UG5R?oc=5,True,netral,0,0,E2_aturan_persiapan
KN Bintang Laut-401 Bakamla RI Geledah 3 Kapal Keruk Pasir Laut di Perairan Pulau Babi,J5newsroom,2024-06-29 07:00:00,https://news.google.com/rss/articles/CBMivgFBVV95cUxQb2o5UHA4QXFTZWszMklzSDlyV3NoamtyMW5UTGVUS0FvSGtyYmk2QU1pOS1ndkRaTkJITVNKbmstcDUwTHZCaHNFRE5CNzE1b25FX0g0Y3RiMTBSTG85QVVEMEV0V3FHTWlSZWlNeWoyaldvNmpYOTZiNjRWQTY4OHRhNEEyamV6MllKempzZFpJOTNpZDc3QVoxQmRxZ3h3ZGxhUTZwNTlCOU9mclN6WE9pa3dCMjExdmVHMU5R?oc=5,True,netral,0,0,E2_aturan_persiapan
Sedotan Plastik di Laut Kita,Forest Digest,2024-06-29 07:00:00,https://news.google.com/rss/articles/CBMicEFVX3lxTFB5ZlNrSHFiRTE2V3FiQWN5ZzJJWEVXRGFEVUlvZ3hsTXVMeXp3TFBKZGczRHByRWxDR0piM1lmeHE4LXAyUFVkYXhybS05YUZWakVKRUtkT051N25yZVgxWmttVC1FSTJESnZzUXlWX20?oc=5,False,di_luar_topik,0,0,E2_aturan_persiapan
Bakamla RI Geledah Tiga Kapal Tambang Pasir Ilegal,Radar Bangsa,2024-06-29 07:00:00,https://news.google.com/rss/articles/CBMigwFBVV95cUxPWGcxX2hwNGRPR2Y2VlhjbzBtYjhMOHliVWFjcnJudzVLa0NsQm1LSjY4R1dKMno0djdkZG94cDhPcXpIMEgweEVlUVd4VFVUWW9Iem5lWEpobmZrQ2FyT2l0MjVodmlmcXVIQ2MzdjdYLW43UFB4UU5sSlRoUkt2M1hJNA?oc=5,True,netral,0,0,E2_aturan_persiapan
Bakamla Geledah Kapal Tambang Pasir Ilegal di Perairan Karimun,Indonesiadefense.com,2024-06-29 07:00:00,https://news.google.com/rss/articles/CBMilwFBVV95cUxQY0JnakUwTWNnQ2t4NlBELUxjeG4xaWZIdXFiNmVLd29aZ0t2bTFLVWk3dExJXy0tZVJfTUhwLVpIX3JXUW1wQmJGYVVXYTN0SFIwcFRZOUJ4YnE0ZmpRRDFWb1VGaWV4MjVpb2lnQUFxMm5EM2ZCUEV2cktESlhfOWh0R2RXREhBY3ZJOFBad2UtazhfUGY0?oc=5,True,netral,0,0,E2_aturan_persiapan
Tambang Rakyat Pasir Laut Rezeki Anak Melayu Sumbang PAD Karimun 1 Miliar Lebih,gokepri,2024-06-30 07:00:00,https://news.google.com/rss/articles/CBMiogFBVV95cUxNbnZEcV9mekdBT3V3TEZXYVB1Q2VHSmdBb2l4SG9lQzU3OWtxNGxFVkJHeXUyZHNvUmJZSEVaeEFfUnZMdU8wRFRsMzE1N3ZEVkRhMVBzYmw2eGtvRjhXTWU1enJXY09RcUJDMlhfc0hfNGpBb09UeURZVUd3dWJieHBHanNyM2FHN0R0M2JRYnJ0R0o1ZDhoajBRbkM3cjBKRUE?oc=5,True,netral,0,0,E2_aturan_persiapan
"Pantai Pasir Putih Lhok Mee, Surga Kecil di Aceh Besar",rmolaceh.id,2024-06-30 07:00:00,https://news.google.com/rss/articles/CBMigwFBVV95cUxNNEZoV3B3YVVvZDdidG8yZ2staHdNUW1KVk5objgxWjRQaTdGT3JDaGFraWhsdGF3SkVJV29tOTIzQ2tpZ3U5cmIwbE9aOGp6YlBsSVM4WFdDYlJQR1U0dmxWUGVic09GaDlVMW95dmNkVzBtS2VkbmNQX1EtdHl6Y3cxRQ?oc=5,False,di_luar_topik,0,0,E2_aturan_persiapan
"Mastuki, Melawan Kerusakan Pesisir Madura",Kompas.id,2024-07-02 07:00:00,https://news.google.com/rss/articles/CBMiekFVX3lxTE43SUxYZ1BidktxeWhvcDJabVVRdEtiamw1WnpfdUVFUzZXMWpDX1BHTkt2YTFneGV4VVlvVUM3eWhuX1FnVTdPQWdHRDlmeldUMTdZT3IxLXp3STg3R1hodnFDdElYVGxNeEZZYVNTX0t2dXM2T1o3MnBB?oc=5,False,di_luar_topik,2,0,E2_aturan_persiapan
Bara Muda Pelopor Kemajuan Madura (Tulisan 4),Kompas.id,2024-07-03 07:00:00,https://news.google.com/rss/articles/CBMicEFVX3lxTFBoRDZSLUxyN2tZeEpGV3k5WkREaEFvSTMya2RWcHJ2a09yODNVcTF0OXNBbzJKRXVLWDhzcmxXZEcyMXJOVjNPaE5JTktOd3Vrc3o5NXF3VlJaaXpSQkpGbWg3NEFnOHR0dHgwa2xyaVY?oc=5,False,di_luar_topik,0,0,E2_aturan_persiapan
Mencegah Malam Para Jahanam Meneror Aceh Tengah,AJNN.net,2024-07-04 07:00:00,https://news.google.com/rss/articles/CBMikAFBVV95cUxQVEtRM3ZfQ3VGeHBjX0ZMcUFqYjFwS2psWjRrLVhQbFk1Q3JMVmt2LVhLS1hCNndaa3lyVE5VUVZsRW1TQ25XU29mSkMyTHRUU0FtVmctemktcnhQMjdHRHp5eTg1R2JkMWl1LXNlUEhnVVRBeGxqWHJhb1JuT2tQYWQtTVBFTTlJSFl5STBvbW8?oc=5,False,di_luar_topik,0,0,E2_aturan_persiapan
DPR Setujui RUU KSDAHE Menjadi UU,Hukumonline,2024-07-09 07:00:00,https://news.google.com/rss/articles/CBMikAFBVV95cUxOUEE1bW9ocGp3SE84bE1YMW5xc0xDdHdteGE5UjNsRnNmOW42ZTVfeEF1MzB0ZExKbElPek1ndVpJX3FhSXV4eWxHRHBDUXc2SEtIbUtCSlRMR19MSnhfQUdIdXRweEZEbTJraW5iSERseU0wNHI3bXJBZzBlc2I5WDZuX1U1NmFOMzhJZjhSX3o?oc=5,False,di_luar_topik,0,0,E2_aturan_persiapan
"Pelabuhan Sampalan Nusa Penida: Dua Tahun Pasca Diresmikan, Begini Kondisinya",NUSABALI.com,2024-07-13 07:00:00,https://news.google.com/rss/articles/CBMitAFBVV95cUxQWDNZcXJCb18xMlZyV1dvMEpmdHRKRmt6d2o1MUQ0eURRTXBPaXpyemZmM1czVFdjQXMxNmpHREdYTmRYbFZuVG9pV3prRXBuc0ZsTy0zdkdxVFJIaHVnc0FOdXVPeEJHdkNuZlBQRElVWFBGbFJZTTJXWFBMaHJtX1h6V0gwdVN4Nk1Ga2Z0ckVfQU5BSzdVZVgtc05TQ0xXVjZzOG5pclhtU05UT2FyQ2dzZ0U?oc=5,False,di_luar_topik,0,0,E2_aturan_persiapan
Catatan Kritis WALHI terhadap Pengalihan Utang AS untuk Konservasi Terumbu Karang,WALHI,2024-07-15 07:00:00,https://news.google.com/rss/articles/CBMiqAFBVV95cUxQX0tVX3hmVTRhUE00WFNUeVlFS2I4UHY1Q1M5bS10Rnh0VjdwU0dfRk9jaEdXWTcwYWwtS25OX1lMM1JOWXpIWkU1cG5zVnRBNjdMdW5RUHprSEc1b2tNbXZ2dFBqaFd5MVd3M01vSzNpbzBsZTJkOE5Vdi0xZlZWSkNfbUZOcXNRTjlZVjBCS3hQRTE3LWZ1NkFkWXRLb3NKLU9oUkpsNXU?oc=5,False,di_luar_topik,0,0,E2_aturan_persiapan
"Jadi Kepala Balai Besar Survei dan Pemetaan Geologi Kelautan, Sunindyo: Kita Tingkatkan Pemanfaatan SDA Laut",Majalah TAMBANG,2024-07-15 07:00:00,https://news.google.com/rss/articles/CBMiyAFBVV95cUxNREd1M3dWVlpUeV9TWXNTRFpJTEhpSG1uZ3I0ZkRKUTlkczVvSkRNdkN2Tnp3VkwyeFRfTjY5dmhjbnhheEhSbk12bllxaTFPbEYxdTRobmJ1d2tjZnFuYVJQQWRFX1BHR0d5a0VpVXlMYWNPYjd5TTRRY3hvRHYzUHhKaTlfTVhDMU9qVVRqMzNfVjNla0FmVW1lOGExUW00ZVZicXhOeXpQNlhUU2pmVmFZOVhCVmtGa20tMmJLLXM3QmhabnNXUQ?oc=5,False,di_luar_topik,0,0,E2_aturan_persiapan
Penyusutan Pantai Bali Paling Cepat di Dunia,Forest Digest,2024-07-16 07:00:00,https://news.google.com/rss/articles/CBMicEFVX3lxTFB0amMzM2RnNWpuR1kwNDFER3pfUWpDVWRFZ2R5ZVNidjBMdk5nZ0JJNkRpdEZha2ozQ1A0QkZablFRdXNxTHI0WWVGWDB4RFdTSUtlMFJhakU5NzZ3aG5vU05SclltMkx0NjhDVm5zSno?oc=5,False,di_luar_topik,0,0,E2_aturan_persiapan
Terbitnya UU KSDAHE Perkuat Peran KKP Kelola Konservasi Perairan,Hukumonline,2024-07-16 07:00:00,https://news.google.com/rss/articles/CBMiugFBVV95cUxNSjRkM1VRQ2Z6dUFJS2puVE1ab0RQYldvNV81WG1LLTNPckd5MFNhcXpNbGJNSEFjUlFZazdrM0dhWHcyU1ZLRkZTMTgwdGJtWElnaHNfdlp0MFpVN01Ta3o1ckJ2TXhQT2dqbzZWUjdjWHh2WmRwZjVDbXJ3a015Z3gyczFhdTFmUkZMZmVHRnRjZkVTMzZjbGk1YVRBMmVxOHdueTk3cEQ2MFc0TlREbkZEcUI4Z0lwbmc?oc=5,False,di_luar_topik,0,0,E2_aturan_persiapan
Busa putih di Pantai Kenjeran Surabaya,ANTARA Foto,2024-07-21 07:00:00,https://news.google.com/rss/articles/CBMiiAFBVV95cUxOYXdGWG0tQTM5YVlfVnRqcmQ3eFRqWUMzN1duOUlWckdOS2ZncGtoUFdISzZBV1I1MWdfRm81NnVScjRoNnVIdkRHV1pNVi1CNW5TS0lPR3RqRHVmSWk5d2ZFTWtQbU9iVFNwX3ZUZFhpc3g1ejdGSWl2SUtlT0tFTVFSZ05ETDE10gGOAUFVX3lxTE5VRlhycVNkQUtpUFVjaUMyLWc2bkZzTDV3TVR0SUptUjJpNnUzZnktRnpITktSMEVkcTcxaEZFendQckdMX1NZZGZjUUl5YlpWUmY2UUFsajhvVlJwenowQUROaTNBM1ZwbEIzVmxCbmJPX3phNlcybGpXSzVEQ1NBdXI2X3dHMVpjZnhlYUE?oc=5,False,di_luar_topik,0,0,E2_aturan_persiapan
"Bencana alam: Banjir di Halmahera Tengah, murni akibat cuaca atau aktivitas pertambangan nikel?",BBC,2024-07-25 07:00:00,https://news.google.com/rss/articles/CBMiYEFVX3lxTE8wSWRIZUJVTmxfb0xoSjBXb1lxSWUxTnJITmZuZUt2T0U5cmRjWHpDdFpsLXVQUkdiLWRBNlhBd0pyR19XbUZJTlp2NFlqcTd3dXNLeW1IMDRORVZkLUVOYdIBZkFVX3lxTFBabWpHRzQxY3VGRXFxNl9odU1uaGhuZVFLaER2NDZsNkhackpZME5zcnIxeWtQV0ZJRldsUTlMWEFJQ3RlTjhzQk1uT0tGeElkaGk3OVdsbVJIeWs5aVRIdm5vY3ZaQQ?oc=5,False,di_luar_topik,0,0,E2_aturan_persiapan
Pengurus HAPPI Diminta Aktif dalam Pembangunan Kelautan dan Kemaritiman,SINDOnews Nasional,2024-07-28 07:00:00,https://news.google.com/rss/articles/CBMi2gFBVV95cUxPVTRDRUQ2X2dWVTlYT1psRFhRclFyVnAxdVRtUVJiaHpUU1M2anpHR3RKaGhSYWxWdTBCQXlBdXJfaTFoTzc4d0l2TnpFMUZjTEN2b25qS0R5akM1Si1DSWRFaGJIeTJRNlc1X2ItQldYUHV6eW9UcENEX2QxeGstNmc0bWFVaWhST3JzN1IwaG9mLW80X1ZxNGh2NmRETlR4dDE1d0NwbzEySjVfUUgzd2hLS0ZxdGdZNWxEaVc3LTUwbE84RmRFR1otekR1QWJYR2tDVXhaLWFtQdIBzgFBVV95cUxQVHBOSFVUeTE3WjA5S0lBbFI5ZXpDM3ZTZkFLS1FydF9JUm9iWjZlVWhySVlGOXBLOHB0OWtVc3dJZVBjQkZ5QzlLT050YVhiaThGSGFISTRoelFoaWZIbi1rTnpHVzJtenNhd2swOEhZTnhyZWNpYVAtanJyZGgtZ0xTd2pCQ2V2VmJNcS0xT2hFcHBLaTVmNjlWd1FVLVJsT2REOVpvQmhFWDZTSmRvUDZCdHcybERTSlRJbDZLLTJnbWhVeERGUzlBNDBPdw?oc=5,False,di_luar_topik,0,0,E2_aturan_persiapan
"66 Perusahaan Minat Ekspor Pasir Laut, Kapan Diizinkan?",finance.detik.com,2024-07-30 07:00:00,https://news.google.com/rss/articles/CBMisAFBVV95cUxNaVFZbEdob1R1d0s4WnpnUTQzQjZBeU9kMmlyQjNweWhtbFhWS1Z1LTZMRFR2Mm5tb3l0N2xUeVVwWlFlUm50UFRIVWpNWVFBT0lXd204cVBDUHdsT193RFNXZVJQb0ZwN3BobnVKMUhLV0FvamN0N1NoZkRxM0ctSUZxSy1fQlVxTGZGNjZuYmFGc29VcG9YN3M0WTVXcjdYVDdmRVM4cm01SUd2d0JHUtIBtgFBVV95cUxQcWh1M1JzcGZxRTlKN1NVWURDSjJJWUhRNVVxYThLaC1DaC0weWo5QnBtbThSR0FPUW1lcXBWcGlNT01aOG5SNWlUMndXRlQ0ZFc2NHZsaFBGN281OExiQnhVTmtxTGJ0dHFiRlR1b0NhQTcwbG5lazVWS0lDSGMzUURfOTJDbWpDMFVSVFdoc1dRV0VoZjJJWjVmX0MwRUFmbDdhMDNaaVV0cERCUU93R1lndExjZw?oc=5,True,netral,0,0,E2_aturan_persiapan
"Tertimbun Longsor, 2 Pekerja Tambang di Padang Pariaman Tewas",SINDOnews Daerah,2024-07-30 07:00:00,https://news.google.com/rss/articles/CBMiuAFBVV95cUxPbDQwMXFjanhtMFR0cV9lOVBmaU5EOEJZMFlqODU5XzZDRHVoNWJJcEJRLW5pejJobnZBdTlYT1ljeHFQMTNWOG4zTHYtRG5hbUhQMmFWdERkbFBvLU53OEZQVnFnc1NWTFFaOE9PMmI3SW4za0FKV2dseFBOZS11MnNBUVNuaHZ4VEtNT3dIOXhQMHM2bHNzX2lTZjZmUjFnMElEYUdOV1dzMGRpaXZLSWp6S1FNbmxQ0gG-AUFVX3lxTE9TblRWSVlvYzBqY1VWd25oelJrM05fUWtOeXdQcEJ2YzBTcVdMN2N5OHBqSlFaZFhPeVV4clMzdkxNbWhmdmRGMURVNXlBTHJCZGQzSGVwZ2RIaHY0V1pZOWNXN2M5N1B3UGxTT2tEa3JSMTJwRUNFdXAtXzVkQW85OWo2V2Y1WTlQa0xwcTRNNk9qMUhkMlRDT1RQQkJEZV9GeHoyallPdTVQN3JGazFJN1ZVUHctT0V5WEJSX1E?oc=5,False,di_luar_topik,0,0,E2_aturan_persiapan
66 Perusahaan Mendaftar untuk Ekspor Pasir Laut,betahita.id,2024-07-31 07:00:00,https://news.google.com/rss/articles/CBMijAFBVV95cUxNaEkwallSdnZLMl9TQnZ3MUlrUnl6TkJrM2JSV1lHeHBLaDUxYURfYWNvSzc1bmJ3S2NxOEo5aVVuOUdEbzNiRUxkTUJsNUF3WVNtN0VfSm83aUwwWjI2Q0VRRl9mNm1EN1lKaWZGSl9zd0NxSjNjS1Vxd3dPd0pHaHBJMFVtRGliOEFoMw?oc=5,True,netral,0,0,E2_aturan_persiapan
"Walhi Menolak Pembukaan Tambang Pasir Laut Hasil Sedimentasi, Ini Alasannya",kontan.co.id,2024-07-31 07:00:00,https://news.google.com/rss/articles/CBMirgFBVV95cUxPcHRsODRVMXo1UXhXZGdmYkRXbF9PYWZyVlNGeWsyc25aRi1qel9RZVJsc2FpcWRZcktTcnJCcmRWa2JLbkg0aHoteDc0clBUTllRRlZzUVRoVFZBcnU4NVNDcWFZY3BGUVlwSnpNX09aWkU1Z1RJeFZJNkEzRWtrWFdxcjVVLVJKMlcyNEs3eWpsV05acjJEX0JJVHRWVFVJRTNTc0g0dmRXOGZJN0HSAacBQVVfeXFMTzJoSjY2Tm5STTNBZVpVS3QtdlY5cXhZenluRkx4eDBxbzNfUzJTNTlnMkdoQVI5UmFIVnk4UHB3QkRHd2JncGVLLUZuLXFnS25lWEZDOEpqMWlHckprU29qdlFScnlpUERHdEpUcjBrMHBKZ1YxWnBkMXlZWGtuYmRmZS1LQWRTMjh0eC1qRVpnN1FEVEpTTFFZbkMwZlh1eFd1elB0UVU?oc=5,True,menolak,1,0,E2_aturan_persiapan
"Begini Cara Kapal Pengawas Perikanan KKP Pakai Starlink, Sinyalnya Lancar di Lautan",Tempo.co,2024-08-02 07:00:00,https://news.google.com/rss/articles/CBMivgFBVV95cUxNTTh6N0VwUmdfRXJReW5YYm50RC0zU08tamVBVmhDQWNoejhEMEIxajl3SXpqR2dzbFNKeTAxRkV1TXpOTTBQTTRFaUF0Skp2eVVrY240NGhsNC1rWGgtYjZ1UGstekV0M0lhRU9lOUdGSFU0QmxwamxJMERGa1dwOU4zUExTOEg2N0p4b2ZnZ0dYQlptbVowUTFwUi1xdFBTVF9WMGFEUHlLRHNxRDZvcU1uUkNldkNjTHZUalh3?oc=5,False,di_luar_topik,0,0,E2_aturan_persiapan
Ini Lima Kejahatan di Laut yang Diungkap KKP Sepanjang Semester I-2024,kontan.co.id,2024-08-02 07:00:00,https://news.google.com/rss/articles/CBMiqAFBVV95cUxOMVVDLWNCQnBWVWFzWTJxVnliT2tmZ0F6TXpadTFQc3Y5bWh0dzVtVUlYMS14QzJiODA2cGc4WVdDazh6SV9kOW9kNU9kNVlOSjdUbk4zancyTGQ2M0NTcG0zUTJEcEpaRGRvUG4xdWxzOXJBVlloTV9CeHB1RjlhdTN5MTFHUzI1bkRYWHg2S21xdWpTLXpEdGhXc3F4NVI3RkM2TTVWWkPSAaIBQVVfeXFMTmxSQmhOVkhmSC1tUU91N2VReWFlNjVlbDQzRmhRODJLMGJsTjNSOTEyTjdzanduR196bVhZY3JWX3QyTnI4dU9tbU1Xa0tVZU9uYUxObWhDd052Y3ZiSUpVYnBtNXAzcEotdE1TRmxZaEpGd1FobW5scXNjU2I2cGlNQUxmdEkyeVVoQ0Z0eWR0ZWFxank2bkVvT3NqRDdTeDZ3?oc=5,False,di_luar_topik,0,0,E2_aturan_persiapan
"Pantai Menganti, Pantai yang Melawan Kodrat dan Tampil Beda dari Pantai Lain di Kebumen",mojok.co,2024-08-03 07:00:00,https://news.google.com/rss/articles/CBMiiAFBVV95cUxNMUxkdFhnZmw1TDlmV0FJOGNlTW5KdjVnWE1oY1hNYlNkUnptUGxudXdQOVJMN0xyal9WdVpUeklLMmhiOFdnZmtkR2VZUGJDOEhSdDdCck1qZkxOWVBKczZLRkh4ZktDTVE2M0Q0akRnZGtRSEJKa245YzFOYV93ZEhhMVVRSWlo0gGOAUFVX3lxTE53ZVN5VmtKU0FWYjV4MXU1VjdkUmdvTEZIUF94QlRLdmRPNVg3X1VUSFlRaHRiVmxIZlBFRjJPZGVzTjNUMU1CRHIzUWpvN3RwbEtfbzdwSEhjdDRodlNjSndEVGxKM1JHQ0p6RlpPSXJpaTk5R1EzdXNOMmItRFRzNVMxX2ZRNk1McGtKQ2c?oc=5,False,di_luar_topik,1,0,E2_aturan_persiapan
Pengamat Ingatkan Dampak Lingkungan dari Ekspor Pasir Laut,Kompas.com,2024-08-05 07:00:00,https://news.google.com/rss/articles/CBMiugFBVV95cUxNSUV4T2VDeHdfemlZaDJTUGpMaWRTQWJ5c05NQm4tZ3NaNmRSOE5Tb044blJWQ3RJbnN0WHktdnA4SXNZVmRVWlVpbEczTV91aWxhQTdFLW9TSU0zRHlHVlhUOXVZQnluWlhsekE4bGpnbFhpRG9aeXkzczZCdVJHX2FvaHNoYlNSUmtXbUVVckEtcnQ0N0FUUXFGV3FkQU9IUC1oS0pGSGxDNHg5RERDZlFvQjY2cXFGQVE?oc=5,True,menolak,1,0,E2_aturan_persiapan
KKP Amankan 3 Pelaku Pengeboman Ikan di Banggai Laut,Kompas.com,2024-08-06 07:00:00,https://news.google.com/rss/articles/CBMisgFBVV95cUxPYnQ3YzZFZ1hfS3VDWjNmRXR2c1FYbGs4Qksxa1BLRV9jOXFrN3VWU3VIdmdLN0FqM0FubTJjNndtUEtmeFpYUno2WXc1MDB3cDlWbGxreF9pSmQ4d1diYnplRkY2OWlsT2Z0SWxyWUJkWHRfTHhiWWVpWTNYaW5XSnliZDJFd3FQTmV6dzdRU1ZLalJESFZHY2dUZGhPODZjRW01ZkRqNDhjNmFmM0tBYmJB?oc=5,False,di_luar_topik,0,0,E2_aturan_persiapan
Kapal Pengeruk Pasir Terbakar di Perairan PT. Pax Ocean Batam,Batamnews,2024-08-08 07:00:00,https://news.google.com/rss/articles/CBMiqwFBVV95cUxOWEFwOTlMemFRTkJjM3owRHFkOVBVN0t3TDYwOThjNFUzR0c2YkVYeFBBR3l1UTZ2aGtfTzE2Y3hYRXF0M2xXeDh4OGxXNjFsX3JxS0J6aml3YktYYnllRkNoODV6WnJLTWJta1l6LTV4VXJXRS1FT2lRYUdJX0cyQXh1UTBKZ0hINTBoajBTN1p6Qmk0ejVBSjlLRDJSdVRtNzNUZ2pRODFpbHM?oc=5,False,di_luar_topik,0,0,E2_aturan_persiapan
"Kapal Crane Arimbi Pengeruk Pasir Laut, Hangus Terbakar di Perairan PT Pax Ocean Batam - Tanjung Pinang Today",Tanjung Pinang Today,2024-08-09 11:48:36,https://news.google.com/rss/articles/CBMi3wFBVV95cUxPakdCTmgxZlZRNHd3Wmk4dEdEcjRnTFYyT0ZLeUE2Wlg0UlE3dzViRXR5enpPb0lmTVgzSkhXVHBtTEI4V1R0T3lNQnE5LTZUbjlKdTJPamRHdVlFUGpjemN1dFRFMGQyTFljOEF1WHlWaGx2aHpEVEtINHVYRnBjYnFIMDQtSF9EZ1ZabUFMQ05ERWNlaGotT2hBRWdJWW50YTQ3OVlaazhhVVZpN3RvUXZaOHNEV3hIRkJ2ZTB4TGwzY3dkUHFkSml4Z01ZQ2FkVVh2QTNGOWowYkh0T0Nz0gHkAUFVX3lxTE9XSmxHeExsYWtmNnYySjJHQ29lRzBJVGFUOEZvM1psamllRnlvdlJLWTNfdHZ4ZlFTVVpRTVZXTjdwYjhRMDRmdzJVWDRfZjVXalpGRVZqZGxsd2lqbENEdzdpUHVWSmY5aEo4RDhpTHQ3UGRNODdwNDVVcmpXaDlKVV9WNUdaR2Z3RXFiSUk2UjNXTHd3QUxTWS1TcnFqVk1aVlpRS2RMeHFLY2xPNDMyVXZQREtGYk5qRGpyeGFuMEU3V1NZZWgwTFVGcFllUjhNMy1PUE1CaXhQS3FhZ1B6Z2g1Tw?oc=5,True,netral,0,0,E2_aturan_persiapan
Makna Jokowi Kenakan Baju Adat Betawi Saat Pidato Kenegaraan,Bloomberg Technoz,2024-08-17 07:00:00,https://news.google.com/rss/articles/CBMirwFBVV95cUxORzF2VHFDRkliSmU5d1A5QUN3UGktNktGUF9oaDNoa05RWmZWLTVsSTI5NU5DckxLbGRjRkF5NGtrcEVPMlBTS0RZcExjM19TamlsUTQtaGNXV1E3MDFMMktqQWdXSkdkVUVjRGZ6aEtxa3h3OGRGTm9qZVAwZWx0N3JFY3lpYmQtVmgybm8zcjJCZHlVcjRDVTcxUzVlMVJJVF8ycm0zbGVoUEFNX2Mw?oc=5,False,di_luar_topik,0,0,E2_aturan_persiapan
"Rumpon, Rumah Pertobatan Pelaku ”Illegal Fishing” di Perairan Australia",Kompas.id,2024-08-18 07:00:00,https://news.google.com/rss/articles/CBMinwFBVV95cUxQeUZvNVphUl9uSGUzZEZRRFV1OHpEemx2UnBwalZ5RHdFcHF1SWxOWkYycTdfU2F6dFI5clpPS1ZFSVAtQks5UjVvR2RyZzVBZVR2YmhFYWktdDVvY2xrVnNscWtJbmZXNmtSRVJlTTZPU1NFZFA4VXlfQzNkXzhCTXVPblV3NHYzVE1tS3NndTdIYi1rV0NmeXctUlh3QUk?oc=5,False,di_luar_topik,0,0,E2_aturan_persiapan
CTC kembangkan kawasan konservasi laut RI dukung ekonomi biru,ANTARA News Sulteng,2024-08-23 07:00:00,https://news.google.com/rss/articles/CBMiqgFBVV95cUxQVW55YURHeWczUjBxTUlOSllPRWZoY3gwRHZlUFBTM3Y3LXhOVGZWdjhjYm1Fbjl2U0l6MFhiMTdJSVJGOGtNX29IcFRtd2JCOU05RlhVbURHcVZkYXVZbXNqUWdKdzZwS2pnbUtnX1V4LVFDV2hmM0xMLU5iWXpSY2VMd2pzM2h4V0YzY0NkQ0t0MmhGNjZmUGZUcHIyZ3FQXzVJSnEwLTBnUQ?oc=5,False,di_luar_topik,0,1,E2_aturan_persiapan
DKP Amankan 4 Kapal Penambang Pasir Ilegal di Perairan Riau,Oketimes.com,2024-08-23 07:00:00,https://news.google.com/rss/articles/CBMiogFBVV95cUxOVFYxcU1xbHV0Sy1PLWdwNzNXT05GWl82ZWIzSFR2ajgtWHBLdmhSOUtKcUFQVm5LeHBTamgyYTl1ZU1kZHo4OWtoTm9uMWNzYXZkNE9nMFUyTVB2V3F2bzJiOHFWMTB6UHNGbndfdDVmRTdUN3lOdEJBOTBKMm05NWIyUWJfWTZlRXV3enBKNXVabk0wczlwUGJwY08yeFF6c3c?oc=5,True,netral,0,0,E2_aturan_persiapan
Kapal Legendaris Lancang Kuning Abad Ke-12 Ditemukan di Lagoi Bintan,SINDOnews Daerah,2024-08-24 07:00:00,https://news.google.com/rss/articles/CBMiwwFBVV95cUxQRUFPN3N4UEFOaWEtQlVBSVFwSTN3dURTdnRZNXJjYzRfR1l2RlJZckdMc1VoQ1RXeFMwSjZYZTQwSzFXVDFqRm9ZNDFuNlNiNnQ3YVU1RkNXQ2p0SEVCV2wxMDI3RmY4emZIUWxxMlJiMGxUVHp5RDB3R2hCd3NCanhqeDlEdGtseU8xUlZVeWw1eXVod3Vnd3I1Y3NWZFBxazlyTlBxRjRsa0R1SjR4cF9tNVk0ZVZuT3JvUTZfc0JpNTjSAcgBQVVfeXFMUFBCWFRzTGZiSmM2b1ZQeFU0QTY0WktaaWF6MlhPb0puem02aWY2cGN4cnRxT1NwdDdzSEpXUlY2elhnWEZnWlZmcTlfVTcxbzhxemZHYW56NW1fSkhZZUZ3aDJQSmx4YXVKLWtLQnQwQ0NTQ25kaWI1QmFscVFKLWVvT092Z1dRN1FKX0lmYUE5UmUwTExrdDZtVW00ZzE5R015NzFaajJhdEc0bnAxWG1aMXQ3RExLOWVIX3Y5Q2F3OFlZc1NUeGY?oc=5,False,di_luar_topik,0,0,E2_aturan_persiapan
Satu Dekade Kegagalan Poros Maritim Dunia Joko Widodo,WALHI,2024-08-26 07:00:00,https://news.google.com/rss/articles/CBMigwFBVV95cUxQbG1PZ0xySFJOVlFXWXFEcExVQ3puSl9pUzMwRmJpQlhobmREZjI0SF9CT1Vpd1NqNkhhSmZpXzFITkRmZFlWWHV6TmZQRGxBUG1aaW5rSG83aUlVN1dZUHFReG00S1FGSm55YTF4Ymt1NmpDUllXTUYyYWZXS2gxTVVnQQ?oc=5,False,di_luar_topik,0,0,E2_aturan_persiapan
"Sektor Sawit Sumbang Rp88,7 T ke APBN Berkat Insentif Perpajakan",CNBC Indonesia,2024-08-28 07:00:00,https://news.google.com/rss/articles/CBMivwFBVV95cUxQRFBIbGRrV3FJZHJSRHBqSGRkRGtkNFpTSzd6Yjc2THB2UXRQUll3ZEx0bEhNWVNLcG9aUkU3V3V3eU9OUjRVVk9lOExUT29Zc3l6WUU5cE5pWUVNeUtrOHVtUmg2UGNYZnBrc25wSTRoaUZLbWZwdkJGeDhNUFl0bnpsOHVoRmdlSHI3MlUxYlBNOXJROXU3WFo4OGhoanpXM283RmczN1VkaXR1WUJ2OXBfRm1uOVJ5VE5MRDVCMNIBxAFBVV95cUxObnhLajUxcTBwSVB5Ri1tcHhUbjAxY00tdnNveUJhUkJyeks3OGVXWmpmRFRxRUU0emdZOVV3X0V3a1ZYN1M2aGxQWHN3bGJpaFZOUGtxNzNCa0Z6TEl5T212Q0JFNmJVYVdtZHhNWWtXbmJkLTNDRGs4N2MyUld4ZDl1SVJYMmJqMXhZY0dKdXlYM0hwSk00M0lMeVVFQ2pDR3laTGtvdXRFYmp4eXVSZllIQ3dqQ0hJZnV3OXRsMXdSUWox?oc=5,False,di_luar_topik,0,0,E2_aturan_persiapan
Pramono Anung sudah bicara dengan Presiden terkait pengunduran diri,ANTARA News Sulteng,2024-08-31 07:00:00,https://news.google.com/rss/articles/CBMisgFBVV95cUxNdW5OdzVyUGprcU1DYnNXcGlnbk5lR3ByWmlqbDNyRDJLVjFWNWlXc0k1eEhRM1V0cmlCZE8yaGZrUHZvREcxSnNCUGFEanBxNVlGSFVSVVpoVFc5c3RqOEpGeVRFNE1jWHowd3J5Nk1IeUpwUy1ZaS00aGVzZ0gwNG1VMUtSNlFiTWI1Vm8tUzZmMUhRYWJ5Z0NpZS0xMjNHcTdVeVZFY3BzaWs1d3o4dDFB?oc=5,False,di_luar_topik,0,0,E3_ekspor_dibuka
"Kapal Kuno yang Ditemukan di Bintan Disebut ""Kapal Lancang Kuning"", Ini Kata Arkeolog",Tempo.co,2024-09-01 07:00:00,https://news.google.com/rss/articles/CBMiuAFBVV95cUxPZ0k4VDBvRjZ1N1RXVkRMbFplMXRzTGFnSEUzbEtPazlKZWViZWhXZG9pLXlUcWxZbUFtMkFQZzA4dGdRcGlvRHhwUng0MnFqeXVWOGxaMHNRVWZEOHU3SFh2bk5XcV9vNmMxaFpfYjl6RXNWSTRkX0tFX1k3SzFKQklienJINTZMTE9UMlhqX0hqdU1MYkpCTU03RjU4b1k4a1puWXF2R0pDaUgycnJiZUFDNWdXNTd6?oc=5,False,di_luar_topik,1,0,E3_ekspor_dibuka
Pemerintah Buka Jalan Ekspor Pasir Laut,Kompas.id,2024-09-09 07:00:00,https://news.google.com/rss/articles/CBMiZkFVX3lxTE1QWTlZRXVkWHFzQXBnNWZBbVp4d0kzdGJZalZZQWJQSFlwdFNwSF9lYjFmeVpLT2NRd0VteUJXWVJLcWE5NUhfR0VMSVQ5a1AtWTJWZXBMX1FlcEZxc2stb1Q0UDBXUQ?oc=5,True,netral,0,0,E3_ekspor_dibuka
"Ekspor Pasir Laut Dibuka, Kemendag Terbitkan Dua Permendag Baru",Bloomberg Technoz,2024-09-10 07:00:00,https://news.google.com/rss/articles/CBMiswFBVV95cUxPM0FYVmx0NmRGTTJXaUpJVk9hV3NmVW5qYWpvYkQ1a0FkWGU1bmhya2IxOUVIOS1XdXM0SHQtazc3YTlzcmoxMDdmV05VSEZ3UHphb1NUZjVkbXc3UXk1SlVJcmkteTZCNHlsVnpxWjF1WTc0aUs4YV9zbnZRNDRzT0NRMnV5d01KOVRxT2VqeTMzNExDZnhuMkVPcGh4UHRGaU5oXzQ1NVUxYXFzem5qNzEwNA?oc=5,True,netral,0,0,E3_ekspor_dibuka
"Sah! RI Buka Keran Ekspor Pasir Laut, Aturannya Berlaku Bulan Ini",CNBC Indonesia,2024-09-10 07:00:00,https://news.google.com/rss/articles/CBMivwFBVV95cUxPZENTajg1dEdUVVA5TFFIbmp4dGFDV09mQ2VzN3Fzd1Fhc0o1Ykt6cWxUMXBBSkFONjVIMXFPbDgwY1R1QkExTTV1TXFsYzdZcFpxNlNndExLRzNjS003cWxXREtvcHBrN1hhTEQ5NTEyRWFMRERvVXFsMGdnSHZBbms0eWhGN2VWaExhS1ZhM29lV19mbXA3R0FYOVlrYTBVd0U4Y3lsVXhxdFpTWlJTTzBrclNGZEJXcEs3ejF0c9IBxAFBVV95cUxOSURFN20zOXAzcG84dGVaajlLcDF0SUFWYXhDNm4xcjFIb2lNd0VXNE1Hb0lVWkpZd092WTY1bk94UFd4Sm53UmpDTzNRX21mYXpEb2RRclpXQjMtaEZxa1luNjZmeGV3UmlQcXVfQTRQSGhvbkhuRmlIcEJNRlFkd21NbGVDbkhxRWRuUTlla1NDWWktSEs5NnNONmZqN0N1RmcwdGx3UHFZNlMxQWVJeVVQYXB6cGJjRldHTjZmaVZVc29V?oc=5,True,netral,0,0,E3_ekspor_dibuka
"Sejarah Kelam Ekspor Pasir Laut: Pulau RI Hilang, Singapura Makin Luas",Kompas.com,2024-09-13 07:00:00,https://news.google.com/rss/articles/CBMixwFBVV95cUxPUHhETmZBUE5wei1TT3Y1OTNERmhoc0VIbXR0WTRZSHdRaVZKejFqUXUyYk52RVEzMjJHNjZiUnF0dlhWWmhhTjA0b3NOdkVEa002Z2FabTN1X0dWcXFnRWxhMFZVZmhHVGs1X0xOc21VQ0h5cEF6QlpFbzRReDZDTTVHal9tRlB1NE1NUFpKNVppbGVqTGxEYUlTcVZhbHBscDJiVTdKMWRQMl8tS082Wk9CQnhCM0JVZXhSQ3ZTSDBtcS1HOEln?oc=5,True,netral,0,0,E3_ekspor_dibuka
Celios Nilai Kebijakan Pemerintah Soal Ekspor Pasir Laut Kuno,Tempo.co,2024-09-13 07:00:00,https://news.google.com/rss/articles/CBMimwFBVV95cUxPdC00ZXBuM1pLNkJWOWQ0MGNFMkdyd0hraldCZV93LUFWRmg2NUFOQWxzVDhIZHFlMWFkZlRGXzNLNHFGeWZwUnlwRmtyTkVnR0RRTmVWTWNLaXBXUUV3Q2poTE9SSVVLMlczTmpvX1plbW1HeGFsaXRkZVJGRi13cjg5bU5XWHQ2amRVdHA3UkYwdkxVZmk2SUhlRQ?oc=5,True,menolak,1,0,E3_ekspor_dibuka
RI Kembali Buka Ekspor Pasir Laut Setelah 20 Tahun Dilarang di Era Megawati,Harian Jogja,2024-09-14 07:00:00,https://news.google.com/rss/articles/CBMitAFBVV95cUxNd0daNGxqcERWQjI5YUxMRFJ6VDhLbm5MS0Z4UGZJLUpxTHlNM2hacERRd3pMN1h1WE5MdGtZYkViU1dLM214dHlObFR3Zl9ZMS1GREV4YXZVQTcxUW16dDJ3SVB3U24tcFNabXR6YzhfQmd2Rmh4UGpIWjNpVHdqdkVtTHhnNVBGLTFZaks2eUFYS1Yxb0dVRWpqdGN0NGNXdGVyaVRXYUVPQzVBcFZyeDc0Y0E?oc=5,True,netral,0,0,E3_ekspor_dibuka
Nelayan Bintan Kepri Keberatan Pemerintah Buka Lagi Ekspor Pasir Laut,CNN Indonesia,2024-09-14 07:00:00,https://news.google.com/rss/articles/CBMizgFBVV95cUxPWHcyaWZvX0VTUVdZQXk5M0ppd1FaYTBOSV9IaUNtM1VQWFdDTDJZREpIYjFCN2dTSVh0Q1JyR01mTzBZcUItOHpOdFJkY1JTX0ptVkkySHZIRTRUMDZoZHA1UGtHekN2V3dPS0Jpb1FnSWFOVUVHM2hERFJuZ3AtT3pod2tHdWpVNE0xVWxsWTJEUGw5SGNkOWlaeHN6MHg4b1JPQVpLa3RoQjB6RTAya0JZMjV2TFRSTDF2dlBrbHF4bEhEbGdNa2ZBRjBIQdIB0wFBVV95cUxNUXVNZ2NMSGdMMW1RTWxvcVBLdmVOeG1tUDZUQ1AtakRJcGZyb1pZeTZsanVoTkhNaEwtQ1BzcmhNVHRsQXVnbGtiZzVxTWc5WkRCeGZKWmFCcUlHQ1pzTm4wcDhTd2lYWnliY1ZuVzBkTHVKLVB1VldfZnVtWEFGb1ljUHRQQ0pKOTZOdEp2a0x2aWtHTFdqeXpkNVM2dkwwSUdlOWJtSl9oN0RzcnpQQVJjdi1ULW5heTZ6aVI3d2NWRHU3eTNucGVaT1ZHbGFObWlv?oc=5,True,menolak,1,0,E3_ekspor_dibuka
"Di Wanasalam, Pasir Laut Dijarah untuk Industri Hebel, Dewan Asep AW Tak Tinggal Diam",iNews.ID,2024-09-14 07:00:00,https://news.google.com/rss/articles/CBMiugFBVV95cUxPSlFEMldNRjRaZndyYUxnX0FreFE1WDh2T3pLUVBtdmFfR2JmVkNmdGxWSkdlSXVsSHU4anJaVUtNZnpDb3NXRFdGY01GakR2N091ci1acndmUzh3Z293N1FDRnVXNDV5TTlWTE8zWDItX0g4N0xrbUZhemVQTWJJTFJOc1Vxa2tVUnJZeE05YXZCQ3lPTGJxcmRaU2pkSGNKdmZrYW9wbGRtMjgxa0dEbHVJbDVPVmJ4U2c?oc=5,True,menolak,1,0,E3_ekspor_dibuka
Zulhas Resmi Buka Keran Ekspor Pasir Laut Usai 20 Tahun Dilarang,lajur.co,2024-09-14 07:00:00,https://news.google.com/rss/articles/CBMijwFBVV95cUxNZ2xGczRIWXllRk1CWFR1Y01POTNCS0VxSEloM3V6R0hfbFFmSGRRampmYzdmcy1xdmdqNjlDc01ZRWV6ZEVmUHFzQ2xQLWN1RDlfZERUVm1OZWZXQ3lmOHpUMDJkYll0QXd3cW1sQ0I5SkVIR1dvRC1nSEU0V0NQM1lrMFotSWZYaFE4R1VuZw?oc=5,True,netral,0,0,E3_ekspor_dibuka
Puluhan Perusahaan Daftar Izin Pengerukan Pasir Laut,Tempo.co,2024-09-14 07:00:00,https://news.google.com/rss/articles/CBMijwFBVV95cUxOLWhzVzVBZ3dhMWNmdUpLel84bUJIX0NHNzlfMHVsOVBoVG92X3lnUTdFMzZFOFdEY3dTRWFYeTRMZEplRm9HbXlDcUxvLTM3b0JaT2s0ajFxNlhHd3BtbVNieVhEZ0wyaFVmWW9takJuRDdCUUVGamZhbE8xMU5FNE9WYVpmcV85ZS0zVDBybw?oc=5,True,netral,0,0,E3_ekspor_dibuka
"Jokowi Buka Ekspor Pasir Laut setelah 20 Tahun Dilarang, Walhi: Kedaulatan Indonesia Sedang Dijual",Tempo.co,2024-09-15 07:00:00,https://news.google.com/rss/articles/CBMiygFBVV95cUxOSldtSDkyTTl3V0dQV0s5WGRlNFM0TzQzUDNVZElVMWJ5UUJSZkE3SUNIY1A4T3RrenozcWhhMlpncHAyZUxYeEg1eEo5NUZDZlpaNjdWdXpESXlSTDIzU0NwODdOaTlSUzBBSkRpdkhxZExqdHJvS2MyeElUWEpxcFZyZF9NVVdiZW9qY3I0MjBIRDN0Nko1Sm85MmZ5alNrUWJndEM5MVoyZnJxZ1kySnJzYzJFaWw4VlJZMHhRSUxzcG9uQVJUY3VB?oc=5,True,netral,0,0,E3_ekspor_dibuka
Ini Alasan Jokowi Izinkan Pasir Laut RI Boleh Dijual ke Luar Negeri,Kompas.com,2024-09-15 07:00:00,https://news.google.com/rss/articles/CBMixgFBVV95cUxQUnV0dTRBS3JvQmhTS2xpSXVPdzByeUpuOW0yeGR4Q1NwdURTZVVwRnUzbzVDOTloU1dGWkZzZVMyWWpYbkdPaTE4UnkyVlBaZ2hMcld3clJ2cm9fWVNsVFhaWko1ZTNwRG4zSjRqaW9hRUhxZGlNeFQwWE5nOTBFWEVJNUxhOUM4RDN3UENITWRmT1IxUHFCYjExTHBhaHdnLTQtWDlNN2dqaEdGU0tEQUNzSDJ6LU9fWEtGSFBNaDlUalh4Umc?oc=5,True,netral,0,0,E3_ekspor_dibuka
"Pemerintah Jokowi Kembali Buka Keran Ekspor Pasir Laut, Walhi: Ngebet Nyari Duit",Gelora News,2024-09-15 07:00:00,https://news.google.com/rss/articles/CBMie0FVX3lxTE5hNERNbTJqZVBFakJRSlNfQm5wVngtMmxkOHlnazFmS01mWV9RLVZ6b19oVEw0S0tPQklmb282cHR5WEk5YV94LUpQeERWVDNORmNiQ3k0cmJNQkFtbFhsMjlMTjQ2UmJCclFYZ0JlTUVaRVFpcUllcVc3VQ?oc=5,True,netral,0,0,E3_ekspor_dibuka
"Foto : Ekspor Pasir Laut: Dilarang Megawati dan SBY, Diizinkan Lagi di Era Jokowi Halaman 2",Kompas.com,2024-09-15 07:00:00,https://news.google.com/rss/articles/CBMiywFBVV95cUxQT2hPdnAzTUlyaGJLWnFJYlJTOEdFS3Z1Y1hVeWp6czVmZ0V6S1dSbmFwQTNvQXpoNnhvNXpyNDdlM3pucGlRbUgwR3ExV1JiOW9va2xLX2NsWjk5U0J4OXhHN3JWSnpaVHBNRnA4YV9WMTQ3bWxWdW51ZmM5RktkVXp2RUZXeXQ0N0dXNHNhd3NDWS1ULURUNW1YYmpZSFlBdEFoODJJWlUtV0hlMHVERlBKMm1Yc0lNZWJtaHoxY3VKbG1uZkFFcWlQSQ?oc=5,True,netral,0,0,E3_ekspor_dibuka
Daratan Singapura yang Semakin Luas Berkat Pasir dari Indonesia,Kompas.com,2024-09-15 07:00:00,https://news.google.com/rss/articles/CBMiwAFBVV95cUxOMWlwLTR6MkJSRlhkRmpFTUQ5RWNnNFZ6LXpjSjBCQzJuaUxNZUp3VlE1YzYtUTRTYVVXTDdraTFReVk3ZEVvNzFHRXJLNVFYV1BDS0M3MDJnZlE3UDA3Vk1ySVd5Mm01VkhieTNqd3VNRFJqZmc4VktTdlJjN094YmdHU0pzTElyRHVNOFJabjd4V2QtUnZ6dVRyMFRNMkV0YUFRMk9mYlUzbHRjZDdOcVJSUGVfYS1pQVp3LUV6aGc?oc=5,False,di_luar_topik,0,0,E3_ekspor_dibuka
Mengapa Singapura Sangat Membutuhkan Pasir Laut dari RI?,Kompas.com,2024-09-15 07:00:00,https://news.google.com/rss/articles/CBMitgFBVV95cUxQRmVIdlN4NzNlS2NDQ1BvVUxmXzBCWkt2LWJOLU5rRS1LUk5MVGVlTUNRYUhQay1uX3ZWNEJhY01HMDlMTTZiRzJlUkhEX3FRQ3NqeUxIQVM1NDlLRGZVaEplY3ppMzdTY1ZzUEdCSjJXenRWbjVFVm11MjcwQnBLbFgzLVo1NDFTWnp6b3BqSGVfT0l2X183TjlkRGRqX3ZrTWROMDNkSmNzQ1VISC1LR0x1d0dtUQ?oc=5,True,netral,0,0,E3_ekspor_dibuka
"Resmi, Indonesia Buka Keran Ekspor Pasir Laut",liputan6.com,2024-09-15 07:00:00,https://news.google.com/rss/articles/CBMikwFBVV95cUxQZWlxSG1PNXJhcXFyOUR4U0JYSWZGc25Ba1IyOEh1R0UzZm11UlpaVEVRQV9rT3RqeUZoV1VKbW0wckQzdnprd213Q2NaWjFxTG1NUXRKZzlNLW9samFYM1phSFkxM1ExTGFDQU5scy00ZGRLRjk1VUZJQVp5LXRXTnFhSnZlMVhVR25zU3FNdy1IMknSAYgBQVVfeXFMUEtCT0NLV3pYSUJ5VXVkLW00aHgyZ3VpcHFXRDZtd00xcHJqNnBwRDNKVEYyckd2cGJQOWprVXh4MTk4bU1RUFJuMHNjVU9ybEUzTVFHV0hoczZ5a1U0NlBHSkRxUzgydkJUbnRpVWhBc1JmTnpFZmxreGs0QzBvenVsbkFxblJ1RA?oc=5,True,netral,0,0,E3_ekspor_dibuka
"Ekspor Pasir Laut Dibuka Kembali, Peluang Ekonomi atau Ancaman Ekosistem? Halaman 1",Kompasiana.com,2024-09-15 07:00:00,https://news.google.com/rss/articles/CBMizwFBVV95cUxPaDZRYTE2V0JaQkdDakppRXNSTVdka0NVVmY2dFdVTktFaml0djI2dnJEeHpEVmlPNE5keE1JSHF4c0Z6Rldld1ZwRHJET0hJNzRxRjNDcFJaZmFqcnpPRzI3YWFUSXVLT1JSTFlXSzdJUWV3bkI4WktJczdic0JtSURzdW5Sei1iV25IMWJEYkZKQ3lENGlMVWoxenRDTXBFSkVMUXVUSzY0YVV1WGQxbXBDbWlOZnp2enZtbHZDanM2OExvSnlUR21FbXBFMFE?oc=5,True,campuran,1,1,E3_ekspor_dibuka
"Dibangun dari Pasir Indonesia, Daratan Singapura Semakin Luas dan Terus Berlanjut? - Ayo Bandung",ayobandung.com,2024-09-16 07:00:00,https://news.google.com/rss/articles/CBMiwAFBVV95cUxNaTFDa1pJeXpLMGgxYnY5djZRdjFwT3lXRFZpN2hxY2J5Z2FNTWVQNzB4eTFNZmhjR08ya3JnekRDZzQ0eE1aMlBjbHdIWnV2eWt3QmJnVHpReHh4UHh4eUlvY0JpN0gzenhCMWozU2IyNGVGbDkweGg0SFdnWFhJbHR5UGpiUG40OWt5Z0doSjFkWUZFUF81azlEOXdFa0FYaXRpMWxpbWFxNFZ2bjhCTmUtSEhaMHJjMFdrRU5wU1bSAcYBQVVfeXFMUHgyUWhrQVMwXzdiV2xPc2ZVcDdGdkl0NG03a1JZU28tc0ZKS1RjSklXWGxUdXplTjdPbXhhb3RKWUExd1JXOGVERjVkWVRXQ2RPcEUtY0ZRcVJiRHRwWnRvRWpOdnJOc2NlUXZGbXgtUG10SXFBSGJlR0k2Q21DSmJST1NZalFWLVJQZVBvcVZXU0FyMUhUUGxpbDR2djdCeWU4VWdQcDQwZEx1X24yWFdCWkZiVGZJQ2FiS0NWVksxd3c4SXln?oc=5,False,di_luar_topik,0,0,E3_ekspor_dibuka
Nelayan Bintan Tolak Wacana Pemerintah Ekspor Pasir Laut,RRI.co.id,2024-09-16 07:00:00,https://news.google.com/rss/articles/CBMiakFVX3lxTE1LdF8tRGdhVVUzWDJkUkI3ajJrcXNQaHlBbWxEdWxFYlJmRTBpSEdQMEdKQVZUQjdNRGlWYjZUcV9feEFXaDZrTHBYZmJnMGRiaUdfVXQyZ3VndWQ1eWR1b2JMbzhtZjB6dmc?oc=5,True,menolak,1,0,E3_ekspor_dibuka
Pemerintah didesak cabut aturan yang buka keran ekspor pasir laut,BBC,2024-09-16 07:00:00,https://news.google.com/rss/articles/CBMiYEFVX3lxTFA5VFNVSzlUTE1fNmpQb3lYX0ZOeFdabzc2cXNfeEstMVVoT2FzQVhzQ3A4WDJkNlA0OENOVXRxQVRTTEtfT3B0OVNiUGl4SHl4QVFDTkV5aGs1THFYcjQxR9IBZkFVX3lxTE5fWnFQMW5fLV9IODN6cC1IZmI5aV9uRlZqdmdWZ2VvSFl1OG1iNHgzaEk4eWg1cVQxNGdrWkdocHQxQ2oxcWhTNFQzb2NEQ1FKc2xmV2pNMWw2YTZ2cjhBWGdoVkZsQQ?oc=5,True,menolak,1,0,E3_ekspor_dibuka
Ekspor Pasir Laut Menambah Dosa Ekologis Rezim Jokowi di Penghujung Jabatan,Greenpeace,2024-09-16 07:00:00,https://news.google.com/rss/articles/CBMiywFBVV95cUxNSW9HQ3MyeG1yZXAwZXY3anRnZkRKdm5pcFU3OUVDeGtVaEg3R2pTcjhLV3ZZdkh0eVpLY2dRLTNkZ1BuZU16cTVQOXdBbWh1aFFUUU9UcG50RmVVdThaMnpBT3d4cVU0Q0o2R1J4Rld2d0hMeHlfNXh6UmdPTWxfTWRZZGJkc3FKM2MzaXoxSnFuMnBPSmtzSnJIOURralAtWXJVLXVJRWZSRk1PYkpnTW0wOUIxaE1KM2NrS0o5U3JvY2oxZno2WV9DVQ?oc=5,True,menolak,1,0,E3_ekspor_dibuka
KKP Catat Ada 66 Perusahaan Antre Urus Izin Pemanfaatan Pasir Laut,kontan.co.id,2024-09-16 07:00:00,https://news.google.com/rss/articles/CBMiowFBVV95cUxNdTNrSXI2Vld5bkhINEtsVzB4TWQxdVg4WV9pR21zSnRlN255ZnppcG1aNGhCMkFvb0Jkdl80TWFhZmpUTWxjVFg2azdkaDdxU2hZSHNzVTFRRXVDLWRUQTB1RzE3eXJYX3NfQU1ySVV1ZVVjaHZiQlFJcWU4VllYRFRJXzIyX0piVmdhN1RGazc2TVRoQUtTUGJDTGpPUlhFdmdV0gGcAUFVX3lxTE5mMl9jRVotaThLTG1IbFBGMjRDSjhlWmNRcFc3ZHRycGZzOUQxMjZUandlR095d2JweHd0VHpQWU9WNkpsOWZmVmx1RU45VmFNNkctNmMxNzVBaWh0aG5GRjlRVk11dFZiZmhVOFFpcmoyWHlWNWdYQTRZLUlNWXBMdTB1TWZrTGV3ZzluLVV1Q1ptemR1eDR0a1pTYw?oc=5,True,netral,0,0,E3_ekspor_dibuka
Ekspor Pasir Laut Dibuka Lagi Usai Dilarang Selama 20 Tahun,Media Hijau,2024-09-16 09:46:21,https://news.google.com/rss/articles/CBMinAFBVV95cUxPejVDQ2M2eHRRMFItZlZMNGgwOFZrRzlOMlh3YkNTTm5FRk5QYm5IeHI4cHByam9NRVF0NGlRUlhCSm1QTnpieUxuNWFGTW9EZmtZX0pNYkx2REhxMUNmYTJ1by04Wm1NaGFEYldwOGhjWDNEaVU4LUltQTQ2WHV5dkFlSGpTOGo1ZHRIQ0VOSERQbGN2Um9xT0FxY0M?oc=5,True,netral,0,0,E3_ekspor_dibuka
"Bantah Akan Ekspor Pasir Laut, Jokowi: Itu Sedimen",Tirto.id,2024-09-17 07:00:00,https://news.google.com/rss/articles/CBMiekFVX3lxTE4tTUtJclp4amROV1Y1NUsyTGhpUktONXFGSzVYOHh2OEF3eEJ6MGc2dWxlSUJJeHVka0xsZ2x0d0d5ek9FTTk4S2loVVVWQkkxNGNQblkwdE56Qzd6UmIxOFlQeWo5aEVQSFhNU1VFRFJOSFhkTU5HWXFn?oc=5,True,netral,0,0,E3_ekspor_dibuka
"Bantah Buka Keran Ekspor Pasir Laut, Jokowi: Sedimen yang Ganggu Jalur Kapal",InvestorTrust,2024-09-17 07:00:00,https://news.google.com/rss/articles/CBMitAFBVV95cUxNdENoZlFtczYzbFV0U0F0R1kwZzNNRTNWNEtfNTVWdUw1SVpXVS1QS3ZScVR2WVg4RUdEUkhlVnBlclhYUGZhMFQzR2h2VGFnQ0VWMndJVHRBX1dibnJaa0RGR056WTJYcGFIcFNHdmVvTTRtbTZUWE95RlBtTE9xeXpzb19vT0NIZ3dyWjhmcUpaVHVnajc2TVFMc0RXRHRtQ21zUEFSZzlpVVBTeWMzZVZOZVk?oc=5,True,netral,0,0,E3_ekspor_dibuka
"Setelah 20 Tahun Dilarang, Indonesia Akhirnya Buka Keran Ekspor Pasir Laut - disway.id",Disway,2024-09-17 07:00:00,https://news.google.com/rss/articles/CBMipgFBVV95cUxNOVZPOV9hVDloSzVyN2toZk01RUp2SHhsdERja1V6bUtfc2JPcnNuUFEzX213TWRKOEZVMmlkS25MOUpwQjRFcGVneHpCaU5OVmlFNUNVQ3oxX2FxNFJ2WUVZd2hVX2VSYzJIT3hOUUVuMVlDdUJqamJSaThodjAyUVlMSUg5bjNUMjcwMkNWUmpndHZ2VzFMMkdPVVl5c2J2R2xfTGZ30gGkAUFVX3lxTE1BVFVmZjJUVFFFSWZLUjFNSlUtUVc1THBhS1Q4VzZxSDItU1pUUDFDQlpxWi1qbTBCcXdHV0gyMk85Y3RJbkhuSU9yOUltVnBhb2ZTcFBOS1FLdHplZTBXNHNxMkxYUWVVRzdrMndKZ01SUjU1ZG9rRWZQSGNZVWtRRVFmQ1BvU0dxelVKMV8wUjFaOURObFNjZHNrMUxuWmlvUVBJ?oc=5,True,netral,0,0,E3_ekspor_dibuka
"Pemerintah Izinkan Ekspor Pasir, Susi Pudjiastuti Pasang Emoji Menangis, Netizen: Ngeri - disway.id",Disway,2024-09-17 07:00:00,https://news.google.com/rss/articles/CBMitAFBVV95cUxObFExbmNMQzhCNGtudUVQT3dlQUhTdEl4TU94dnU0ZGowLThDbTRuTUNrXzRYUHhLUmlEUzBYRFZzalUwS0wyS1RnZndRdzhsN0V0dVJGV0ZvUFljMzZCa2VReURadDUtejVJamxCWkJRdG0xeGlIZ0pFdmUxZlJUNUFJa0NtZm90a2VhY2JvM0Q4VlpIVzJLRWIzdFZnZ21wTjd3eUFEajJ6Q3prZTJ6dWhmWjnSAbMBQVVfeXFMTUgwdTczdnc2Sy0tOF9NdEFaZUhEU0Flai1JM0ktbmktZ0NySEFNWHIySDNSVjlpUzFLSUlzbkNhcFN4eFNpS2UwNWRCQUU5Nk5Xb05EVjhWenk3cV9pQ0tFZVppWGhsY3pzVjlXbmJMd0ZUVml1MFprRjlpNFdldVBfZXdUSDUtaFpERlhXa0Vzb1hiY082bGV5Y0E1UHlmZG41cGQtbENHOXlCSmFUTjZtTTg?oc=5,True,netral,0,0,E3_ekspor_dibuka
"Ekspor Pasir Laut Dibuka, Manfaat atau Mudarat Buat Indonesia?",Bloomberg Technoz,2024-09-17 07:00:00,https://news.google.com/rss/articles/CBMitgFBVV95cUxPWTh6My1EeU9FMHp0WXdOTUpGLS1reEN1eG1IZVZEcl9HQThFNTF0RlNOVFZaX0hJcE95ckZBdmFBVXVEanFFR2kweDdnUzVyY1NHMFFhRjY0MkVCODhyXzBkNllBLUhKNjlGN1htaEJyWTBrTHZnZldOZWIyVmhHb2lvcDR1RFh3OVU1ZXBrc0Z1V19mVTlIQTFXOXp0WHNvQWpPbFV2X3FEOEx3Rm5yVkk3QV9lZw?oc=5,True,menolak,1,0,E3_ekspor_dibuka
"Ekspor Pasir Laut RI Dibuka Lagi, Siapa Paling Diuntungkan?",CNN Indonesia,2024-09-17 07:00:00,https://news.google.com/rss/articles/CBMivAFBVV95cUxPZjlBZ01qV2lEc014T0lhYlhuZEc4Q2hCWE1kbHU2RTh1UkJvaG1aWElYbnRJNTRMaTdxNUNvU084U3I3ZVhKRERyVThlVzdLUi0zRVk2X2cyckNTNkZqeDJSdXlxanN6eXAwdlFPeVhKOHJuWUxocUJjR2ZiUXVvN2djNUI1N29yZU5GaUpEVjhWMTVwWUhTWXFRLXppci1uaU1tMnRHWGhRSERuOVNsTmoyVUJtZ0hZR2NDZ9IBwgFBVV95cUxPZkk1eWFPdFFpcnFWLUxKUHFsSG54SEFtbG5oSVNSZHM0SlhHZk84X2VCMktIRHdMZnVPbTZXVThZOW9IWThzQXJOMHI1R1pla0wxMXlGYXhfRE83WVdHMHNNX1RJZXZCeG10ZGdwY0NaZERaYUpkaHd5ZE5PN1huS1pSY1J6VkFyYzJzX2pTang0eC1oYWo3S3R2V3dHYTUwQncySnFjRkpPVzRKTm9TZGdCT0xjVjZpRUJtcnhrc2Y5dw?oc=5,True,netral,0,0,E3_ekspor_dibuka
"Ekspor Pasir Laut Dibuka Lagi, Apa Saja Masalah yang Mungkin Terjadi?",Tempo.co,2024-09-17 07:00:00,https://news.google.com/rss/articles/CBMipAFBVV95cUxPcVV6Q2NrNVZyVXkwcmFGRkszc1NUS09jMXd3MFJUVXVNSkZCb1d0dVFCb2MxLTZ6ZmZIN3ZvNllMY25jT3l3NVczcXFudnBCS1lQX3dSZ19NbDNhZVBjazV6MUk2Nm8xNFAtRzB3Y1pIMWVDLS14NGdER2dXaGtpVFB2ZHJyWk9oeWk5aU9lbGlHUnNQWXpObEN5MGk0a0lnZXFlXw?oc=5,True,netral,0,0,E3_ekspor_dibuka
Ini Alasan Pemerintah Buka Pintu Ekspor Pasir Laut,idntimes.com,2024-09-17 07:00:00,https://news.google.com/rss/articles/CBMirAFBVV95cUxPdGpsRFBqRWZXZ3lBWXBhVHJRTzVZSkt0VmlRbzdaTDZNQkZHVnVOSDYwUTVnWlRBem1IQzJoRnFjOXYtb1ZoNWUtN0dLX3FLTDhDZWlqeGRfTTU3bGpaTnZYMTlBa1Y2eUhQb1MzQmloMHBJYk5MWi15eEFHOGxHcXpFOXZpRHdlQ2kxakRsNlRPTjlVWWlxTUNBcHhiZVdPNXNoNG1NOVoxMU150gGyAUFVX3lxTFBFcUw3VVBWNFQzanZnLTV1a1VPY1VlcFJzN2JoQ00yOGxubFA2ckZQVE9HWkNBdnktQmVsbUhubEI5TGpqYVZSaExoY0diU2I0QXNjRXRMLTNKcTJWcFMxZU94eU8wb3BndUxOcXJEcDFRVGxkWS1fbEV0WGFTaWF0c3A1Y1hCaFdJNzE1VFN0T1ZRV2MxalNha0xWeWQyOFpxUGg3NmE1VG83MjR3ZVhIYlE?oc=5,True,netral,0,0,E3_ekspor_dibuka
Jokowi Bantah Buka Lagi Izin Ekspor Pasir Laut: Itu Sedimen yang Ganggu Alur Jalannya Kapal,Kompas.tv,2024-09-17 07:00:00,https://news.google.com/rss/articles/CBMixwFBVV95cUxPZk9ycXl2OWUzb2xjZURBOWh2eTJDRGstNkZaa2FOTTNGUTh2UTh4TGM1ZVMyVVM1UW0wYkUwT0pBcUdGUFFRZ21mQjNXYUs5QU5SdlVMbi1waGxKNWhwRk9ITVdEV0V3UTR1MnB3QzA2am9abEdLVjg2ZHpIQWRWTFh2alVwWE5SM1FrWm0yMWVTVi0xLVRBSWg5SjZ3Sm1teUR1R1p0TTZYNGN5alBPYlgtZWdPaC1EOWZhY0JUR3BwMGlZWjJv0gHMAUFVX3lxTFBCZy1XOEJZN01VWlhydHp6cnhORG1GaExKTHlZSXdFRVV0RjRWTkZGOVA1YzRiZ1JIWXRDSDlsMmI3YzFPU3d0N2tzMnd0MDBMT09wcTh0djFkZjA1US1sNGdwXzU4UWV6T3lYQ3F5d3RreWVNbkEzSVJZQXFUd2Nrd3VMa2dWU2owc1U5WjZBMHBJYzBGVkI5LTlBX3laanZ3MFRfZUoxU2cyekU4YzJBanpWM3NWeF9wUzFMeE4zMmVpLWdPeFNMaVR5Sg?oc=5,True,netral,0,0,E3_ekspor_dibuka
"Pulau Gusung di PPU: Destinasi Wisata Bahari yang Perlu Diawasi, Pasir Berpotensi Dikeruk Pencuri",Kaltim Post,2024-09-17 07:00:00,https://news.google.com/rss/articles/CBMi2wFBVV95cUxQV2VBLUFFLV9rcWpMU3d2LVpXZEpIb1NtWjlmUU9odkZHNkVnLVEtYXp3a3JfX1ZPbjlYT21lc1lxN1RxWXpLaWJxRTY2TjZMd092dVZxQ3QwMTd4YXBOS2VWbjN2M0JpeXloNC1fU0NaMkROMmdUQWhBcGs1MWM3T3Boc2dKWnBKTW5Fc1Vub2phemFDOHpkdGxxR21BUklMM2RXYmJHc2NYTUk4Y1ZIR2JJeW5KaERVczlmZWlwODgwYnkyS2k5aXgxbWZKa3hOTkZvSTZxRUhoMjDSAeABQVVfeXFMTzl4TDVWSURYbm9YeWJuV1Q4QUJkQ1A4MVNyY2EyNkx0RndURzludm5IdXNfaEhYc0ZlR2ZaeVU3TW1TX0ZCZW9pZFdtc0tJZ2Vndmo3VFlIWmdBN0M5OFBIck5tYmJBSTlwUXB2ZkVqczFiUXFiNFRMS2VtbDFwSEVlVGIyeE91cFJaMDR0YjhCTU0wcHlCMUktamw1NU8zQWF2UURybmttQi1OV19WaE56Mld3WGlTdldNVHlNMWpFOEN6bzVxZGI5eXNLQllUY2ZKQ19PdkpMVjNaVVplaU0?oc=5,False,di_luar_topik,0,0,E3_ekspor_dibuka
Ini Kronologi Ekspor Pasir Laut: Dihentikan Megawati dan Dibuka Lagi Jokowi,Tempo.co,2024-09-17 07:00:00,https://news.google.com/rss/articles/CBMirAFBVV95cUxOcGZEYUJmOXpxUkttbC1CTndhN2R5eXd1RUgtdTc4VFJVN2JEUGFZT3FyOEhrLXRrQTdjS3JWX1k3UmlxcFR1N0pnSC1md0pYNVktMDlUVHdlOXozWEkzQmxHNUJNUENBUERodXBpT3RnaFRxVzF3eEhYTlNjMzdJbWg2ZlNZVFFreFc2c29tNlFMdmE5c1NuZEFlUTV2YjZZRzFIWXVRM25SU0dn?oc=5,True,netral,0,0,E3_ekspor_dibuka
Pengamat soal Ekspor Pasir Laut: Sama Saja Jual Tanah Air,finance.detik.com,2024-09-18 07:00:00,https://news.google.com/rss/articles/CBMiowFBVV95cUxPVUdJV0ZsczhiclNGUmhkRDM2Q05wcjZNZ0Y0VGFYUnloaEc0ZVQ0UVpNa1Z3Nl9KVkpXTmlEN05CeF9JV0ZscW1BbEc3cXRHMmhxWGZVTS1FcXVSMGVZdWxXazRxclVSTFdMRHZBLWpqUTNtbWh6dEdraXo1NE9wOHk5ZVBMS0ZLLWNZTndlV3duekZ5a0hybVhhbnN4M2dVV01B0gGoAUFVX3lxTE5FNENIVkZnNFJBempYNGRhUDNoeTJnOTR3WWZwbEk4ME1VeVk1eHpoQkNKdkl2ay1LTFA5OHhvT0pjaDVKOEhWdTJEZWhXYkRScllyUF80NkpERldnbFR4UnR4NjU1c1hnaWRnellHUlRSRlNEQnlidXQ4SnV4S3pBNGs1TzM4ZHp4ZFJwcTNDSmxDeVphcDU5anMxdFQzR3lHUzQyQ0g3dg?oc=5,True,menolak,1,0,E3_ekspor_dibuka
"Apa Itu Sedimen yang Dibuka Keran Ekspornya, tapi Diklaim Jokowi Bukan Pasir Laut?",Tempo.co,2024-09-18 07:00:00,https://news.google.com/rss/articles/CBMitgFBVV95cUxQNHZtbE5TS2VZaEUtbFUzVmJ2cXh1UWdDaHRmYzVyOERQN1o5TXZ2dWVVZ2FPSFNuUnY5dFNfTnFLaGFOMmhfWDlKV3RReU5fQjhxLThJZ3RZR21jbzVUMHpvSFlOUVhUMmsyX0xfQlVVS2pLV0F2dktCV2RkWmM1Z0RCa1lWanhlVldkb1JNVmpXSDVwNnRROXMxaVB2QkUtV3RjZnR0dDF6emlIQURNbE9PbnAtUQ?oc=5,True,netral,0,0,E3_ekspor_dibuka
Info Grafis: Keran Ekspor Pasir Laut Dibuka,Ngopibareng.id,2024-09-18 07:00:00,https://news.google.com/rss/articles/CBMif0FVX3lxTFBVUHZyaU1sN0hCdzVmSk9fbUNHSHFqSmU5UGZSb0VQOXlETEdnY3VBaVhLbkNJUFFKWlgyS2hydUxfNzRZal9YUkYteHZSYmp1WklNWDBpdWxEZWtUa0VMdk5MMEtNaWxIUUJvMW5NM1U3ajZzbmZFT0FBRjlwQ0E?oc=5,True,netral,0,0,E3_ekspor_dibuka
"Apa Gara-gara Jokowi Buka Kembali Ekspor Pasir Laut, Susi Pudjiastuti Marah dan Kutuk Jokowi Tenggelam di Laut? - Hukama News",Hukama News,2024-09-18 07:00:00,https://news.google.com/rss/articles/CBMi9wFBVV95cUxPMlZkLWQydmNvLVlqTHJTeVRaLWstMzJiT1d0aDFHZU11QXlBYXpOVEVNb0tCVTRlRW1WTG43TllfZTNTQTQtVm5RbmljMlAtczBPelpDcDFRd2RZbUhoX0JmT2lNQWU1d1BYTDd2cGEzdjhpZHlMZWlQSmZxRUU1cDMtOWU3RFBQa0VmcWNGRXlrTFNXOEFYckZKR3Faa1pnanBCanZyZm5BOFRXbHBmelllalBENjJ3SlpIbWtfbzQ0NlJISTZYQXdUclM3SzJ0OGlmUWhXVTBSSzkyTGcwYUs2QVJmbFhGMVdjUVlkVllpU0FWZXFz0gH8AUFVX3lxTE15OWs2STZmMWw2TS1tbWVUYVNzRjR2TG5mVmlEOUhrWkpfOEFqMll0eGF0bEVWM09FakhxTmZ5UlNqVktKTXBjVE1Nd3Q3WjRXdW9nQmhidGFTWXBKODk2T1ZPS2FFaDkyWW1xb2Y0blN4OVp1NlBERXctUExfODFCWVNKUUhPT1RNX3U5dF9TQW1rZkQ0SXhlc2dEb3BnbmtHbi1QQUpFYTBqSGRablR1NVpUNHp5VUhQdWVqb0FKcmVVcUFteXA0SS1FRWYzMXhEQXdZSEFxY0F6NkhoX2s3YlNjUGIwdTk2TENzMVNjVHNiTzgzNk9pVHZIRg?oc=5,True,menolak,1,0,E3_ekspor_dibuka
"Legalkan Ekspor Pasir Laut, Jokowi Diprotes Banyak Pihak",inibaru.id,2024-09-18 07:00:00,https://news.google.com/rss/articles/CBMihgFBVV95cUxNdVlvRVdVWFJSUkhYcC1oQnBpVWlQTU5jVEszT25TWjJrRnRRWWlJUWJLVGY2UDEwUkN6Q1FHOWJWdGJNVFRBSUViVGd5elZqTW80MEFBaTJmWHBLcVQ4LVh3YVNlMGhPWEcwZGR6RWYyX19temp4V3JQSGxaeUh5RUJrSmxYUdIBiwFBVV95cUxNTDFjRG5LUElMMUFjYW5oeEllXzVwOTJDUFQxbTdvQmlXYWsyS1RxaXpjZ09NVDlodUU3QjE2TnItS0xQQ0xhNXRQTkphc2k3M05JelVGcXp4eWxPNHloTmxLMl80OUlMcXlkQ01xbndubXZMTEF0d1Q0NFlJa1lvZVlDMTZFVUhkU09n?oc=5,True,menolak,1,0,E3_ekspor_dibuka
Ini Proyek Reklamasi Singapura yang Bergantung Pasokan Pasir Laut dari RI,KabarBursa.com,2024-09-18 07:00:00,https://news.google.com/rss/articles/CBMiqgFBVV95cUxPTV9YdFFZN19CYlFfT3VoMzFkRG5RaElYOUtOOE9STGJseHQ0XzFWYXZJa2RIQUtVX3lBM3ljTXRZUGo0bWc4U0xPS3lTRGd2UUoxMkpJZjExYy1tTGFRc0hjVE9Ibngyd0FOc2NXeXk3NkJxUk5vWlBwaS1wcUxSMERjTTF6eTBHZ0g3Q3Q3TEk2Z3RGQ29jVkNNMTlDY2VDNGFpUTktN1FtUQ?oc=5,True,netral,0,0,E3_ekspor_dibuka
Malaysia dan Kamboja Kompak Larang Ekspor Pasir Laut ke Singapura,Kompas.com,2024-09-18 07:00:00,https://news.google.com/rss/articles/CBMiwwFBVV95cUxOVXBkZXpWWmlpLWVBc2ZQelhCLVNOLU45Y29YN1RWRms2Y3BNd0dtblNCY202eEJWcWEtVF9NX09wVHBBX3A3ZTVJdmpFRjdkT1N0Qlp5TUJmbko0eW9vSTlmZVVxZk1ZOGFENXoxUEJBMnplZXFJdlhqZGZOam5WQ0VLbnlieHJYQm9HdTVYWjh4SUR6dkNaRllxNG54cHdEOTE4bHExWGl5b29NNW1oV09zazZ1emF1LVBGLTZXNVg3WDg?oc=5,True,netral,0,0,E3_ekspor_dibuka
"Ekspor Pasir Laut Berdampak pada Kedaulatan, Persaudaraan Tani-Nelayan: Desak Pemerintah Kaji Ulang",dailyklik.id,2024-09-18 07:00:00,https://news.google.com/rss/articles/CBMizwFBVV95cUxQX2RVWHhyZzJMMWhQNEVnNmI5NG9QMmlpUk15QTZmMEJqSkZGaU5HWHVUOUFqVTljVXg4WnZmQk5PeW5fSjNFemNHMl9YZDk5aHlqSzAyYVVPbWVnTHB3VHNGamd1ZUZ1UTQ2cWtVR3RlWTBmZXJzX1lhTkV0UFpabEpFOE9oZ0dtWUpkQml0LUVsaXhDalpYaDVyaXpKUW5EaktEbTlqdHBfaDBoaHZoclhoYllmTWVIZFdEYW1lTzh6MXN5SGV3RnpULURXZ2c?oc=5,True,menolak,2,0,E3_ekspor_dibuka
Kisah Pahit Kabupaten Bintan Kepri Ekspor Pasir Laut,CNN Indonesia,2024-09-18 07:00:00,https://news.google.com/rss/articles/CBMitwFBVV95cUxOMzBMUDNBVUQtakVpUlF6V1R1S05JSkVsSU9ZUW8tQUFJNTFoR2Q3SktQZU1UMk16RGJiMTdtS012NUpGRUFlSUhhWWhONDRMSnI1ZGd0dHVEekVkVVFObnM0NmJPTmlVaXVXSElWR2xDaXRJd1NCS1BKSzJxcGYwQ183QzcwajBMYjhNSzF1SFlaRk1kUVhMakFfWUhlazlJbUJUU2gtbERJanZ1OGVsZnVzNHR5OGfSAbwBQVVfeXFMUDBqOE5YcjJpU3hDU2ZPeXRhaUNQUVB3YUNEd3p3dmp4cUpqcFRNRnRCWmdLbWxxUTlSa1BDNkViQTFCeV96T3ZzeWx6dzN4a1c1T1RNdlEwMnJCUTFVTU44UWU5SE50M0pld1JSU213Mmp6R3R0NW1xajhKWDFRckkwSHV1MktoQnlfdTNCZGhEakZvTFM5X20tRlpnc3lWcERFMkJhMFZucThKSzU2X0hINTJRcDVBYnJmeWI?oc=5,True,netral,0,0,E3_ekspor_dibuka
"Ekspor Pasir Laut Dibuka, Jatam Ingatkan Banyak Pulau Rawan Karam",Bloomberg Technoz,2024-09-18 07:00:00,https://news.google.com/rss/articles/CBMitgFBVV95cUxQU3QtS294RnpGTHlmb2FaNm0wWDJiZWpHSXRDVTB1dnd6TlF5czY0Q2ZWRUF4cnd6N0NNd08wbWNrRklXSjZNemZBRDRYMlFZejB4UU5jMXFxajlWOGRhX0Q0eFVrREwwUEoxX0IyRFdZWGw5NWV4ZUpVU3ZoY3NUTUhRM1V2YUFVZ2pTUVhab2g1TkpCRVNBZGpydUVzOE1MWUczUnlxQ1Z2dUpCU3RqZzRiOHp4Zw?oc=5,True,netral,0,0,E3_ekspor_dibuka
"Nelayan Teluk Bakau Tolak Ekspor Pasir Laut Pemerintah, Begini Respons Wakil Bupati Bintan",Suara.com,2024-09-18 07:00:00,https://news.google.com/rss/articles/CBMizwFBVV95cUxNNG4wQzMyZWFuWF9DQktWMFhGRlZvcnRTRmxUMXdVWXFDZ0dYbWVycm9fWTREOE1WN3NfRUkwVEhxeGtNOFZOQWUwN2t6a0FVRkh2eTdJSkxOd1ZrbmdyQ1UyNW5TeGwwS3hEdnZsclJiZmFjYVR0aUNWSmd1TUMydU1LWktWMV9ocFp0SVlBVDBpYVdobGRjUUJrWWF0dWZIdzFyMHJNNnBSS2hUM3VqX1ROajRRT2loLTRHeEJncVdmMmZpdU5HR0p0R1hTY2_SAc8BQVVfeXFMTjdBc3FLOExFNERXMW40N2prc3FwMmtNZkNXc0NaQmJ1RndHZzRGcG1LcTBkaUtmQ3RKZnJ3eGJZU21ZcFY5YWppZmRpZDI0ZlB6SUZNQzNjS25vbVVvWXdJWC1BaFFJRHpnQmY4MnFjNy1MUzJKNmtUY1dnT1RwUm1zXzBxdHFnNHZkUS1sYmpqWlVEcWtOMmVMb3BLNmNOMzdEcHB5cDJWOHV6TWlwcXNWVWVhb2hpX2tzTktQeWhsRFgzUV9OQzlsSjJHdjR3?oc=5,True,menolak,1,0,E3_ekspor_dibuka
"Tambang Pasir: Kebutuhan, Dampak Buruk, dan Alasan Pasir Gurun Tak Bisa Digunakan",National Geographic Indonesia,2024-09-18 07:00:00,https://news.google.com/rss/articles/CBMi0wFBVV95cUxPZFBjWlcwZ2xFTVNONWdFY01LLU85d2RNeEJjSmRQSWRFbzktRnZ2UklabjRLNXJmRm9qR1lkcGVIcS0yQTlYZGpuaXFyQXF4b2dHYWRGSFY0MkppZ0hHb0t3WVEwVjFNWE1tOHNEYkt4V0xMZjg0RjZ1UW1zb2FxUHFlYXFfQW9qbDVoUjBEVktja2VteGVTS2Y1cUNlTUJFa3Nyc3VYaGp4am9IY3lXT3FLdW1IcVk5V0o3dWRiZ1FWNFZnMTRSal8ya055dzMzOEl30gHSAUFVX3lxTE0zNC1WRVExckpteFVZX25nUWhPZ2Z3UFk3NmNEbm9SR3lzdGIxaFVCcUVZOG4tOEh6dW0xSE85emRYcGxpRXFSQnNXSERITE1sc19zR1NDZDBIOWZsamJkalpnS0tfMUxvMTlBbnZGd0NQbmlDMW5jSlZFLWZ4bkwwQ2hVWTI1aF9xZmRxT0FjeWxfc3E0T3hSZWJGZXA0NFFxV1p3U1dLcGlXWG52MkpjMDJ2LWpiMGVVN0FTYjdQOGg3N2dKVVJ2ZUxJbjFsOVI2Zw?oc=5,True,menolak,2,0,E3_ekspor_dibuka
"Susi Pusdjiastuti: Daripada Ekspor, Sedimen Bisa Digunakan Meninggikan Pantura Jawa!",rmbanten.com,2024-09-18 07:00:00,https://news.google.com/rss/articles/CBMirgFBVV95cUxNTk9FT2x4NllOWEZ0NUpvLWo3N3hwNk9BUEpoTTViaU9BQy01bU5UNzdqNHFMNzBfajM1LW93RjJaOXRjeERBRkUwVlFLR1JVN2Vka0dURkxlUmtZWHlfVkkta3pGcVBKTVN5WjF0OXN0SFJxUmk5S2JDR3d2ZjF5R3ViU0JUekZVQXgzZFo0cnBCLVpfRWplRF80ZGV2LW95SzRTVzJ5bGRjTE5OMnc?oc=5,False,di_luar_topik,0,0,E3_ekspor_dibuka
Ini Proyek Reklamasi Raksasa Singapura yang Bergantung Pasir Impor,Kompas.com,2024-09-18 07:00:00,https://news.google.com/rss/articles/CBMixAFBVV95cUxQU1BsZFBBeGhzbGVIV3pidFdPejVqNEwwY1dRdWlURWlCN2x2d0ZxcnBnZHE5OWdwOFplT25VbTR4Z1FXUzdud2JrM3VPOEJPSXZXY2lOTFhheFRsZWNOR0E3Q0JxX0k5bU9zYjlRdlRBU083RU1XOTRKNmpBWnNWdXAzY3VHcWhGbjlzMGM1Q21Hd3A2V3VQSGZzZzc0S3ozdDNab2VkUHN5TC1yellmYnYtSFJwR3JDdGliaGhvN2xJNnNs?oc=5,False,di_luar_topik,0,0,E3_ekspor_dibuka
Protes Susi Pudjiastuti pada Jokowi Beri Izin Ekspor Pasir Laut: Sedimen Juga Penting untuk Kita - disway.id,Disway,2024-09-19 07:00:00,https://news.google.com/rss/articles/CBMiwwFBVV95cUxQa3d6bTEwcWVHLWRzMzd4eUdKZUwyR1ZHNlZ1em9xQlNnVXI3aG4tdEFVeUo0bGg2QS12dmViWWZMNVRkanhzeXVxbXppSzNwWkxmNWFqZzFzMzZydm9JdEQ3M1FMeUllRl9RWEprMkJHTjNhQUhyZlphc1oxbEhyTFRjT3VxNWtDd1NLZDFZQzNNYVFRSWRUZ1oxbDFHd0NpN2FCSE9jTkFTZTg0NGdZWC1SM3RCUUF5Y2Z3Y0tKTkl5aGfSAcIBQVVfeXFMUFh2QWxDbmhjSnNweVdLSXJxRzlYdzBqSjUtOEQ2SmVXWERUTTlrM3BfdjFWWFY2QUF5WGR0UkstWTdINFN1TkVrWV95V3RwUXNEdm1TUjAyenZtRzVQWFV1R0dIZF9fMXE4V1R5djJfbkVndUxHcFF0ZTJIbGM3V2ZQOVVGQlQtVm9FaXZmWUh2eVhEWFdVZjBSSlVRcDVlNUp3OU1vSmRGQWdobEx3UENBSGRlOG84ei1mYnoxV2RYOEE?oc=5,True,menolak,1,0,E3_ekspor_dibuka
ESDM Soal IUP Ekspor Pasir Laut: Belum Ada yang Ajukan,Bloomberg Technoz,2024-09-19 07:00:00,https://news.google.com/rss/articles/CBMipwFBVV95cUxQZFMtZmxPQjdkRmVMbXU3aHQ5VkltVFBJYWl4S3FDTFhFd0lCcXFpMTUwNGtlcHdiajVDSzctdGxLc2ZEbWNZZF96QUw3UDlIZTRvaDhjLVZlVlFueGRwUmE3MGtFY2VUeTg1ZUU2UlNaMktXa2RBZmw4aGh0Qk0xMjFSc3VWd2J5d0Q3WkFRZDVvdDdBSnJBQWtUb051SnQyX1FjWG4wYw?oc=5,True,netral,0,0,E3_ekspor_dibuka
Walhi Tolak Ekspor Pasir Laut Dibuka Jokowi: Rugikan Warga Pesisir,CNN Indonesia,2024-09-19 07:00:00,https://news.google.com/rss/articles/CBMiyAFBVV95cUxORzJhS3FxbXp1akhBMTF5MXpxTUdxSmdTNEotcm41WS04enNvQkdIVlJvdjN3eTRVZEdKMnhGZUp4WFZ6bUNhZDZXMmMwTEVfMTY5aEQ4QjRmbjV1cWtTZnRJOEpMaHp1elZCNGV0TzZpOUxaM2lrZVpqSnZMWHowQWkyMTF1QloxbjNDazVrNWNmeWp0MUJSTDkyMGFEaFluTFh5T3FoaElRbzl4UVhNeVZQdjZXdURScS16TEtiU01kQkdpbFhvatIBzgFBVV95cUxNZE5TbFB0RDFsaXFmTEptRzB4SHBTR1U3U0NOaGd6NTNpS2hvTUkzcmdSaXo2S1p0MHRremE5NXZXY2FVOWVsaXF4TE5XM0hEdFdxQnpqQVR1UVF6TWp5cDZUQ2QxbFJ4dkZjUExnQ1QyTTlwUDZadzRoYmRuX3JqbGFqNUZhcUI2T1lKcHFuTTZocGJXZ1A4cnE0ZDdRVFdvYlhCamlwdVdWZXFCYU94bWxuRFJzbmw1X25iejFydWtac1I5ckQyX1RrTmtiQQ?oc=5,True,menolak,2,0,E3_ekspor_dibuka
Politisi PKS Desak Pemerintah Batalkan Izin Ekspor Pasir Laut,Fraksi PKS,2024-09-19 07:00:00,https://news.google.com/rss/articles/CBMimwFBVV95cUxPdUNqYVE4MEJGSGdHOFJCOFhlQzdnR0FfMEpFVUZiRUhtMGZlM2NMVWxwXzdWNnF0MHdLYjR4XzZZS0xCN0lKUk14MnRhVHVEZDZlQ2F3TjM0bFhobnVxcU9CV1hFQXA0d0lmRkdCclBwT0xsbUFRTEQxUWZBbGV3cjZ3S3Y2WlBTdDZuaWxtZFdWaXlPaTFZeXA1aw?oc=5,True,menolak,1,0,E3_ekspor_dibuka
Masyarakat dan Perempuan Pesisir bersama WALHI Melawan Pertambangan dan Ekspor Pasir Laut,WALHI,2024-09-19 07:00:00,https://news.google.com/rss/articles/CBMiswFBVV95cUxPTjR6WVMyQktfdzUyUUYwUjRoaHBSUUlLUEMxcmtXT29YRC1wWGVKSUMxb0F3dzlfZm8tdXFuWWxQcXNiSVRGMUZqSkgyY3F6QmlPbkFyTTZsV3V5X0VFSXZyak5zcWVRSGNPS0pISHZta2tQa3pRaC10TElrT0o1VzF3c3R0RUMwcnRWcUhtNVBDVkRqc3J1c3VQaDlDWHlSZi02UzdGbEJVSFViR2tRNjg2Yw?oc=5,True,menolak,1,0,E3_ekspor_dibuka
Presiden Jokowi Bantah Buka Keran Ekspor Pasir Laut | Menyapa Pagi SIN PO TV,SinPo.id,2024-09-19 07:00:00,https://news.google.com/rss/articles/CBMipgFBVV95cUxOenhFb1B3alFPTEY1aV9jS05iRHN6V2RLcHNwT0NHbVg3UDNKM2I0NXhnLVRnRUpRS0tCX0pHWWJSb1FIV29ZajVyUExUbE5sNDNzUC0xXzJlMmRkRlFqREpielFiWHZOeW1SSklERXU5ME1kRGtxSXJ1RGpDaVlNTTVkWVVETHRTdVZyWUdZSVN6eGN3Qm5IYUtGZHE5RjN1TFhGOEZB?oc=5,True,netral,0,0,E3_ekspor_dibuka
Pengamat UGM: Stop Ekspor Pasir Laut,Universitas Gadjah Mada,2024-09-19 07:00:00,https://news.google.com/rss/articles/CBMickFVX3lxTE5sMGFVNFZLdkFCUUVZU2ZjTUZpSFNWVkVLZFlaYkZvbVkxV20xbDQtT1VwNVdBUTRMQUNuLWNuT0tMX3FWUDhOX3BuMGFubnJvLVRjc0FfVWVkM0ZlZ3g0T1ZuOHJodWFoc0daNE0yazZOdw?oc=5,True,menolak,1,0,E3_ekspor_dibuka
Ekspor Pasir Laut: Ancaman untuk Lingkungan dan Masyarakat Pesisir - omong,omong-omong.com,2024-09-19 07:00:00,https://news.google.com/rss/articles/CBMilAFBVV95cUxOVmUyd3oxNDNrb0dPZWVFal94aHBiWmRHUE5JTVl0UHpIN1pVbWZtUTF2dXZaeWc0UHF1T3VSRWp5QjFZcTBVaFFwdmo0X2Z2YzladHZCcDM2RjEzNzh0QUFKU0FKaUlkN05oZjZUSUh5djZMcjJoRHpBSVgtTXNPRS1lSjNpVEdOd1dvelhGZEtJc3hZ?oc=5,True,menolak,1,0,E3_ekspor_dibuka
"Pasir Laut Dikeruk, Kehidupan Nelayan Ikut Tergerus",Rmol.id,2024-09-19 07:00:00,https://news.google.com/rss/articles/CBMingFBVV95cUxOZWRGSnl0YkVYX1EwN0xBdW1wc2JpS3dtbjE1SHk5WlIwRGF0cEZlRktDNUlhZ0l2X2dCMU05ZVhsVUoyM1NlUzJIQklkaWFlMFVxeVVMX19rNjZYdV9BeXJFZ1g3VHRiMDNiVTdVb2hzOF94SFh1TFhKd0JaNGdwSlhzRlA2UGoteTBlODBiM2docFVIWEZFaW1jWmFRdw?oc=5,True,menolak,1,0,E3_ekspor_dibuka
"Perbedaan Sedimen dan Pasir Laut, Apakah Sama?",Tirto.id,2024-09-19 07:00:00,https://news.google.com/rss/articles/CBMidEFVX3lxTE1MaC00ZUNBazlQbGVkU2tiazJuNWpUN2xiVXNQeFdhNTU5a0l3T2ItS1pGZzNabzB3Qi1pOHZ2ZHhmQ095TUdhNjVGT0JxSTZFUEM5UWt1MFRuOURJNWJ1ZGNpZDVRS2EwcEY2V3BUWWdnelFt?oc=5,True,netral,0,0,E3_ekspor_dibuka
"Ekspor Sedimen Laut, Kajian Lingkungan dan Keuntungan Ekonomi Halaman 1",Kompasiana.com,2024-09-19 07:00:00,https://news.google.com/rss/articles/CBMixwFBVV95cUxOd3N3T1FuS0VMdmN1eXQzSlBfSU1nRDlUbmlGbnVzYjQxLWxQTzBoZThIQVdqVTBPc0tQczAySXExQ0FOVlNQU3JxOXdaaTgxd1RPdXB2UDF3TnUxLWZUX24wWlhEZ04tek1WaW9saXJ0Vlo5ZWpEdzlkYm1hSVRBQ2phX21qVEJwZ2dCUjFkZTVwUWVOMWpjeUVnc2dJclVtT05FM0dfMmhYOWNsM2VKcm5NN2xnOHlFQWFyWnM3ZkZ0OHNoZWk0?oc=5,True,mendukung,0,1,E3_ekspor_dibuka
Jokowi Membuka Keran Dagang Pasir Laut,Tempo.co,2024-09-19 07:00:00,https://news.google.com/rss/articles/CBMijgFBVV95cUxNZFJwckVoVXBvbXF0c2FrSUFDY3l1aWI5WGtRNjFmR19mNWt0SnJHTW40R1FMSkNyazdKODFrRGRSXzhIbDVZcU14WDRWTEo0NlJWZFhZcjdkMTRZd0tUTXB5bVZ5aXA3cGNXWFcybXJIWHk0SDl2THRBZDQwLW1wdERGcjFOS01WVnZaTmFB?oc=5,True,netral,0,0,E3_ekspor_dibuka
Jokowi dihujani protes usai membuka kembali keran ekspor pasir laut,CNA.id,2024-09-19 07:00:00,https://news.google.com/rss/articles/CBMipAFBVV95cUxPbFhQcXU2aEgybVpHemc3dHVaenVkaUNWWTF4RGV0X1pYYkZWYWNzMnh5VWdnRGxzVnBXQldNdERSRE5oT3VGT2lEdl9FMFZuTGVTLWNTR2tQdjFvdjlSMGxKUlV4SllKWjAzcFVNM3FCZ3RTeWZRMHlzQ2libm5ET0w4OWN3RzN6dElWZmVXQWZkVXBsaXVJNHZ0TXRBc2QwMmhvMw?oc=5,True,menolak,1,0,E3_ekspor_dibuka
"Gaduh Ekspor Pasir Laut, Jokowi Klaim Hanya Mengekspor Sedimen: Ini Kritik Keras Pemerhati Lingkungan",Tempo.co,2024-09-20 07:00:00,https://news.google.com/rss/articles/CBMizgFBVV95cUxPTjNENWgzMzRhRjkwZ0tueVoyazItMWE2REE1Wkkzc251R3VqTUN1OWdRSVBsTFdVMnNJVkZXdUdPWV81bE1fR0toZVFjdldPN1dyRGlkbWRmQmk5TGxQMFFBMzVjMXNBT1hnb3JXVDdfQU13YklWTnpBQmdYS2ZDSHA4UHJyaVAxWHJBMnl4LWFPRUtuYkNkNEIxRlV3Z0xCc2NhZGFHMTNZdExzdUZDLXd4UnVmNi0tS0V4QlFPVVpIdGhyYlhXYjczSy00QQ?oc=5,True,menolak,1,0,E3_ekspor_dibuka
Cuan Menggiurkan dari Limbah Laut Pangandaran,detikcom,2024-09-20 07:00:00,https://news.google.com/rss/articles/CBMilAFBVV95cUxPenVtZW4zVVVBNXVrb3V6VW9kNUd1Qm5BV2dlT2RsWTU1YlZRWUMzRlZDZXVYeVBPZjA3UlBSOHpVQzRRQW53MGdUYU5RMGlFTC1fMEhCazNXUjNONUR5ZlRtSFNxeTBQd2pSX3VzNW0tdXdDYXBPYkdXUE5vd1FjOFpsdnQ4Rl9nX0w0bmNjTmdoeHlT0gGaAUFVX3lxTE4tZUF4UWpNNEVqTmtBamliMzZDYzRSMmg3WEZKMVhPQl9xUWFrck0zOG5YbEw0aEdhOXVjWWpiZWlDbHlEaHp3MGg5dzZ2YVFJU082YzhWQzduNUxWNEZvY2xsdjZwYThjV0hEOHN3UVZYZWdPdmtzbnotOEFrYjE4emc4aS0tdEZwTWg0amMtd2xuY1hQT281OXc?oc=5,False,di_luar_topik,0,0,E3_ekspor_dibuka
Ketua Petani Sebut Ekspor Pasir Laut Bukti Kuatnya Oligarki,politikindonesia.id,2024-09-20 07:00:00,https://news.google.com/rss/articles/CBMilgFBVV95cUxNVU85V1NnUVktb0VIS0lvSmlWUDlvaF9PY3dQRExUYkxzZzNjTUF0N0s5M2NYVHlQQTN5dTEzd255MHVvWm5hdTRZYVpIM2dQcUNrY0l1eXFzRkZwQ3FEbm9XQjFyb1pmeG9UMVRhQzVEdHdjU3h4V2M3bjkwQ3pvNnUtQlRBT2ZXXzJpWDNHenpGU1VrZGc?oc=5,True,netral,0,0,E3_ekspor_dibuka
"Singapura Bangun Pelabuhan Tuas Hasil Ekspor Pasir, Pelabuhan Peti Kemas Terbesar Dunia",Cobisnis,2024-09-20 07:00:00,https://news.google.com/rss/articles/CBMirAFBVV95cUxNVHdtS3FnY1Q5c1ZTbERqdDBhRWxsWHNuRXR0aERTWWMydlUyeXp6MVF2S3VkNjlUVjhGRmVlUGlaSlVVVmdsbzE4UHNaNkRIX0xWaTlPcGVfM3JmMW81eTc5VnAzcHYzSnFKYWFaTzNYTjdQYTNfRHRhQnRtMUtvWjNkRUx0UkdORnpIS3IyQS1MamNfNk5qZlRYdEhsdzRHdlNfRG51MVJMWGdw?oc=5,True,netral,0,0,E3_ekspor_dibuka
"Jokowi Bilang Sedimen Beda dari Pasir Laut, Susi Sebut Sedimen Apapun Sangat Penting",Tempo.co,2024-09-20 07:00:00,https://news.google.com/rss/articles/CBMivAFBVV95cUxPX3p4cVhnUE9ZUUxFUzVzTFBucWh6dXJHM2tMMVdGUmxEaTEzWnlYbk0xenFOZmxUX1IwdTd1MGhWdGhhSk9oZzJsOU54VWtGdzZ1TUR2ZW5JYlhVWG9OamtDSmJpcjlCd25KeFlkRGoyVDh5ekFYN2NBdHBjX2M4Z2ZCOUVkSWRrUHhNSllFNVppLXN4bktGU0NlSnpmYWY1MGUxMGFUTlYxek4tNGhHQkw2REptSURRSjI0MA?oc=5,True,netral,0,0,E3_ekspor_dibuka
Pemerintah Berpotensi Raup Rp1.000 T Lebih dari Ekspor Pasir Laut,idntimes.com,2024-09-20 07:00:00,https://news.google.com/rss/articles/CBMiwAFBVV95cUxQVlZsMUJVU2ZFcTR4ZDlOaVc1WGlNZEVoYkdpb0lBaUxDXzRRRmNfQ3VuX3NaUWxCdG9OejNxVHdiVldpdzVOUXhtdU40bVBQRVhpNXJkaEhSY3JFRnBlNWV1eXFuU2R3YVFsQmRLTDhndlRfeFZNa25aZ0lVRUd6MkR1bFRqQkN1UXJjSng4MGRBWTN6cGJxRUhUV2U0LWJHWXpRd25QQUIyR2JKQndUaThMdGo4TlRMWldFLVJLdmQ?oc=5,True,netral,0,0,E3_ekspor_dibuka
"Media Singapura Sorot RI Izinkan Ekspor Pasir Laut Lagi, Sebut Ini",CNBC Indonesia,2024-09-20 07:00:00,https://news.google.com/rss/articles/CBMiwgFBVV95cUxNSjYxbFFTa1B1YzQ2Zl9tUjJDVW85dkNZSVpWLXFlVkxRX2V4b0tNQ2xpdzJ2OUw5aDFiVlBqdW9xaU5vZHF0TWVTT0pRa0hGaWt0S05WbjZRRm82djZza29VdlhXbGx6TW8ybUxTVGRnRWJ0OTNXaTNGZTBnaTlKdWNOdk44bmo5NXNvZnRJenpIa2ZWU0xoSlIzOHVCeDNpZy1zazZkSkVDS3hoU1M1b0M4eTJqV1lHUk5BaXZLTlN4d9IBxwFBVV95cUxPQmN6a1poLXVSbG5lZHZzZElObm5qcEgxeFhidjdfUjFDTFJXZHdDcXhDbVZyTVZMQWVpanNaY0dSUFd1ekdnV1hGYzFXQTFQdDNmeTRPbXhhVDd1aktfOWRwdllxYU9ERHdmZlFRU2oxLW9kYk5GOU5YbEVYSF9mZmpvN3ZjdnpwbGV6dFdFMkU5WXJWX1BUWWNzNU5hMl9tUmYteUp0S2xQaEg0aUZuUVVHZ1dWaFhhYnZXU0lqcDFGUjNVZndN?oc=5,True,menolak,1,0,E3_ekspor_dibuka
"Riwayat Ekspor Pasir Laut Ditutup Mega-SBY, Dibuka di Ujung Era Jokowi",CNN Indonesia,2024-09-20 07:00:00,https://news.google.com/rss/articles/CBMizgFBVV95cUxQRGxjT1pSOGVTdno4bGJhSU85SGZGWi1XU25meFk4dzdFenpWOExEWXg0NHk4T01lZkY1aTJia1NNREdQa1VSQnNLODVULThyUjd6ZXZra2xkYTB1Rk9LUkNYNjhxSlI2S2pBYWRSeFlNTEpkX09xZFJvS2QyRm8wNEtfMlZMS3V0M3NqMG9tOTB1Y3JQdjY5bzRxSjkzaXJoZFZ5eTZyM21wLXZxWjgxMEZrRVQ5TXVQd0hqclZmRnQ2TDlVQUVNRmFGUDNtZ9IB0wFBVV95cUxQNjc0ZS1TQjg1NzBqRXZZYnktcmhQRHJaZW1nWjV0VUxZN3NhNHVObEpaYXlZWDhKc0xpV2ExWHNnS1ZsMExzUXRqQk5QcW5DbUE3eVkwMUpaWVZRNGRBWlVxNVgxTUVGS3N3c2VuX0gxYWY1UV93WGU4Tlk1SGhZeURmakN1YVp0NWZCRzIzeUN6Qi00NDJLbU50RGlTdnctUDlvdEVyNERHVWFyNVc2VFU4dWJRMXVsWFZEWTZYeE9GYUVtcHhwS2o1TUd5ay1NU2hF?oc=5,True,netral,0,0,E3_ekspor_dibuka
Kajian DPR Ungkap Dampak Negatif Ekspor Pasir Laut,CNN Indonesia,2024-09-20 07:00:00,https://news.google.com/rss/articles/CBMitAFBVV95cUxOeUMzaGNqamZWbzZRUXFpd3REcmJ0bkFETEdMa2l5YUc0ZHhfc29mdmJMNl9YeWxfTlJfbHlNOUg2QXVMb3phVkowWjBjN3NONmo1emNOSl9XX3dmV0xNRmhuS2M2ZzBUNzZFWWppX2FIb050NzJWdVNRaVJ0MTV0Z0FpVkQ2b3VGZlV0UHJZSDJOcEc4WV9wUDRKS2dod29EVFc3Q0VCRkVtdlRhNks2UmFDVk_SAboBQVVfeXFMT0R0NXg4am8yTFFCdl9xUmo0UGZuRkdVeFpYVDBqelpjNTFYSll1enBDWGh3Z1M2anhCZ1hlTXlSdWhkMjI2S0FvLTlnSlNrN2hxT0RDMEF3TmxacUlOLU9QaWxTOWZBcVFBd2VzaHRkRnRFaDJCdVY3Y0lDRGFoeU1sWldQbGZLSXlFVWRQMlUwNkJocjQ2cWt4b1hDaEl4TWh3WWc0QmdHYnhKLWdGTlIxbzh6WktCeWVB?oc=5,True,menolak,1,0,E3_ekspor_dibuka
Ini Kriteria Pasir Laut yang Boleh Diekspor versi Permendag - Energi,Bloomberg Technoz,2024-09-20 09:25:51,https://news.google.com/rss/articles/CBMisgFBVV95cUxQTW0xX1lRejlnU2RvdzczX1ZWTWd3OFJJSVBFOFdPM05hYXBjamhycFZJSVpnRjV4WVVDMV9LU3kwUVFjWWJFejRvdGlfMnRqUGFBdWpSOU5jNUFBSkV3QTNqd010RU0tRWJNRGU4N1BJVmhLc25KTHVfVDVMV0ZBOWxPZmNkZkVOUDlrc0pDZm5sTXcwdV9CNWs3NVduYm5haEY2cThxNF92dHFieFNvYy1n?oc=5,True,netral,0,0,E3_ekspor_dibuka
KKP Blak-blakan Soal Ekspor Pasir Laut,finance.detik.com,2024-09-21 07:00:00,https://news.google.com/rss/articles/CBMinAFBVV95cUxNVXRwRlMyd0Y4QlJPWUJxUWphVVVEZTZVVER2UERRN0RDempNNDJFakdtNGVOOTY5WmM2OWUtaVE0OFgzcC1qNXpNdTZpQWd2eGNxSmxNVXlPdENCUGh5VmNIanJwakNDaE9zV2hsdHZNQVVzV1VsdzFfN0F6eHNmdTh3SjBRZktaOE9WaUQ2QmdlRGVOXzItY3ZfNkfSAaIBQVVfeXFMT3Z4YU1IMXJvUUdaOHBqRS1vWDgtV2lncjlVSE1OS2N6bTNSRG15YTZlV3YtMllZSXZaai12aFNOMnRpVkpwOElxUndobUtvVkV2cFFmYU12LS1sVU12TXQ2VW01bERIZmczWkxUODBNdWVHcm9ZUnZ2UUdOWFdBVHpuMnIzNDh2UGl5RHc4SExncU1XQlBjRmpWNlh3WGJ5cnVR?oc=5,True,netral,0,0,E3_ekspor_dibuka
"Soal Ekspor Pasir Laut, Pemprov Kepri : Izinnya Langsung dari KKP",Harian Kepri,2024-09-21 07:00:00,https://news.google.com/rss/articles/CBMilgFBVV95cUxPZWdFaDJic1NVdVdVYlp5YVFGcmJySklJN2ZfRnNjY3l5Z3hQdDN5QXphdUZXVzh6MmdkWUQxMXVETEMxVGx2YlAwclljYWJXeEJkbnM5ZEtleHgwSzdIdkc3VjJ5TWxXZjNxRDZfRTR5VG9yNkF4dFdKM2FtLWthUk8zZ2kyVXpfRFlRMVhUd29HQ1d4N2c?oc=5,True,netral,0,0,E3_ekspor_dibuka
"Susi Pudjiastuti Tolak Kebijakan Ekspor Pasir Laut, Lebih Baik untuk Tinggikan Wilayah Pantura",J5newsroom,2024-09-21 07:00:00,https://news.google.com/rss/articles/CBMixwFBVV95cUxObHNocVlnalNfdXg5SUZUa2xzaHgySkMtQ2Z1TVUzUzI3QmhoV0dqSlBMdDl5OUlUYXAyTDFDNzQ4RmdTMTExNk9IeGdGdlk0SzE3dHBkS2pCOU1BN0xVNkI4MjlLekFDdnJwbW1XWTJZZU5odkJyZEMwWUVDVC1MNkF5V3RIb1NmNE5XTFNpTTh4a3M2Tkx5amFhNnVkWThVSjZjUWk3UTJOdzFaUkFmeGhrYlh3N1JZNkRLQXdsNUR0MlBPbUxB?oc=5,True,menolak,1,0,E3_ekspor_dibuka
Singapura Impor Pasir Besar-besaran Untuk Bangun Pelabuhan Terbesar di Dunia!,Mu4.co.id,2024-09-21 07:00:00,https://news.google.com/rss/articles/CBMimwFBVV95cUxNWjJyMVFsUW5CRXRoeVZuOEU2dGxuUVNyUVlwYTBnVGRmeWotV2xOMzhFOVM5dnowcV80RWhDR19WUGpSZE5obzdHSjlxek1lZmhTMXY0Zm56REdoWlptSGMwM3UzWmtENDNENnc0MmF5TUFGNFozcC1vWGY1X0RZeHFncVl4S0lxTGFsRjVWeDQ2SVgtNTFaU0l4Zw?oc=5,False,di_luar_topik,0,0,E3_ekspor_dibuka
"Inilah Kebijakan Era Susi Pudjiastuti yang Dulu Dilarang Kini Diperbolehkan, Apa Saja?",Tempo.co,2024-09-21 07:00:00,https://news.google.com/rss/articles/CBMiuwFBVV95cUxQQUwyUWxwQ1pBMmJCLWx2ZjVvY1lJaVVhWHcxOHdMMnFZb2RaaWxKdTRZS0FaOC1EUlZLOVdPNHQ0dktHNkh4c0tKVW4wYUprX0NQVXZVbmlQajRSeWprX05DUjJ2dTc0d3VrdEtDLXhiR1NkVy1LWFk5dzVnQWxrRUFVQ0tXbU1IYl9nbHZWRmxlSjl6YTNIWGxWVG5ydzBnQnk0bzBWcTdfdlY1bEFvQXJmRks1LUxtUU9R?oc=5,False,di_luar_topik,0,0,E3_ekspor_dibuka
Kritik Pakar ITS soal Surabaya Masuk Daftar Keruk Ekspor Pasir Laut,detikcom,2024-09-21 07:00:00,https://news.google.com/rss/articles/CBMisgFBVV95cUxQd25BcGRvbU1zNldqYzhxOVpUSFJSVTh0U29XVUVQVVRXWWp0TXRQenYyZmUzNXJETDFJZjN6SWFZdnFWYWZpcWJVUUg2MGZiSkZseng2VHI0R3VhWjZlcE55WlFPZVYtVG5RS1JaVG9XSWFGNUNOOVVyRDFwS0FOZ21reVZ1MjdodWNoYmF6Sk9yT0pFQTRPa1NGVkhyOWQtUHdKREp2eFlyRTVIa3QydExR0gG3AUFVX3lxTE1yWklFcXhkdkVtSzVXZHZRanEzN1FwU3pKbXZqN2NLd3BOR0N0VTdQZHo5Z21LQnpWbUJ1ZFVubTljeEZDY3dFMTJvQVJHem1YQm96SFgxNWI4YTA3WU5NYnk3bjdKVGFMSncyVGFDSlN6Y01IazhubFhDLXpGbmFPQlBlLVcyd3h0azRUYTZSZDBmUzNqaWwwVW9OanlaMHktbE5nSEJiLWZ2OEdGZ3NjTTVIMGt1VQ?oc=5,True,menolak,1,0,E3_ekspor_dibuka
"Keran Ekspor Pasir Laut Dibuka Lagi, Simak Bahayanya Buat Lingkungan",CNN Indonesia,2024-09-21 07:00:00,https://news.google.com/rss/articles/CBMizgFBVV95cUxPZlNsQkVvcU5OM2ZQRGRsYjBVdkl4SVM1NGhud2ZYd1FjNXBlOXc4ODRuT0Y1UEZPMkNMMzgtelJIcGFOeGhCRGVQNllJcHMya1I2ZzQ2N0xXOVFwd09nTTZOcU5mX0M3NEduRFIwY0x0NDgtSEE5MElNa0N0M2hLQ1Zfd09fendPQ1NEMmh1dGUzWXhLQlNiQXVyZmt2dURCZXRSY0hvWXk2Z3JaZ2YtendvWEpJQm1EY0xldDNDNl9aM1U3U3FVc3FjLWxfd9IB0wFBVV95cUxPYU1OVzI0NEdFMmVIaC1WMWQ4bXZMRENHNElBTVZrRzNFd3NqMTBjOWo5b3ZOc3FWVzY3X1Q1N25vQUlhMU5KVV9rblE0d01Xa3o4NzFoZ1ExbmVQZUJsbEJaVUg3Q1MxNU5nUjRzTEJqSmkxaTBmeVVTUW1OWU9oYmxTck5FbEFrN2x4QW9PRGR3SmhlT2dQcXQ5azYzcWRBMk9aOFFxVXFGSkVkWk85aklTWWJJZS1RR0tHUm5CTWNrZkZ2WWl4cEZxMDlKcy1QWjE0?oc=5,True,menolak,1,0,E3_ekspor_dibuka
Media Asing Soroti Indonesia Buka Keran Ekspor Pasir Laut,idntimes.com,2024-09-21 07:00:00,https://news.google.com/rss/articles/CBMitgFBVV95cUxQQk1BeWhMWF9TU2tNQXhsaDdveGtTR2ZHbGdqZFlqNm5IZS11eUpJR1hCa3otWmJuYzNRTC1SQlZlUDBrUXMzSHFlWmNoYVZLc2dzUzlJSmp1UEhrYnpkY3VpMVlIb1M1NC1GWUhrMXdPalc3STRScWJHNXhIRVVndnIyLU1uTmktbl9hVExxWC05a2VRQWw2ak9ncXpIQkRPeWRMTkJKMDlnZF8xc1VYN2VMV0w3d9IBuwFBVV95cUxNdWRvaFFyMFItRDhKUXBZU1d1TDBQNlEtaFZjZ3JocGxCWDRTX2ItdkxkdHN5N0c2UEkwSjVLRFhLQXBsWUM2dWhGdFdZRzhUQWxFTUtwOTlmUy1XN2lDRlJaU3hINHJIVXRTNTdNVldHZEpXdjBkeHdfR1dJVTRWRS1LRVFuOG92TThEOFEtYnp1YzlTWEZGUXdmbFpDc0VlR3lDZERwM1RBQlR1dFBMdFZzd0lyT3BoeVJR?oc=5,True,menolak,1,0,E3_ekspor_dibuka
"Jokowi Bilang hanya Sedimen, Anggota DPR Gerindra Ahmad Muzani Minta Ekspor Pasir Laut Ditunda",harian fajar,2024-09-22 07:00:00,https://news.google.com/rss/articles/CBMizAFBVV95cUxNQkRzM1dsUDRXNmo0OGZIVUp0NUF5SWl2SURGQzFZMUFsWEMweHg3S1Fhd0xJQ0hGTjhfS19vMTd5ZHdzbDhabWNxc2VjVGtWWXdmNnp5VWp0QWpkZE94cGtuQ0pWSllsV3gtTElUd3NoSWFMTkhvYWE0TUo4VEl2dzY0ZmNNeW1mNDliWWh2dXRaa01WeXpMQ0hENjBWSWNBekZiWGxIQ3kwYXloQlVXMEdlX0tHOFY5ZUJWWkh6Unk5VU11aGpqNzRORGo?oc=5,True,menolak,1,0,E3_ekspor_dibuka
"Diprotes Susi Pudjiastuti, Gerindra Minta Pemerintah Tunda Rencana Ekspor Pasir Laut",FAJAR,2024-09-22 07:00:00,https://news.google.com/rss/articles/CBMitgFBVV95cUxQOTV5SkJLN1BZcEk3WkRIdkt3eTRLZVVBd2JHMnNJbWVMdHcyVU5tYW42c25DaWN1Z0FKaktGbmVYTU9mcmRBd1NEU2ExT2lNd3ZwMW16RllUeFVBZ3BONkQ4eHE2ZnFZZEhOckt3b1R1aHE4UG1lbTJMMXZmeFFFNE1nRjgzbmNuUWdQN1pkUkZMWkZlblVUbG1zQ1lXT0FDdkdkeTVGZTNjS2FXSVhLSFhOMGJsZw?oc=5,True,menolak,2,0,E3_ekspor_dibuka
"Jokowi Bantah Ekspor Pasir Laut tapi Sedimen, Apa Bedanya?",Kompas.com,2024-09-22 07:00:00,https://news.google.com/rss/articles/CBMivAFBVV95cUxOYlNhTXVyM2VubE02NFJZMlp5T3NFREpodkhmN3FRU0Y0Ty1tdk5vRmd6ZXVxN0c1cWZxQ0V3Q1hGdGpDaVUta2dfdWZIcW52XzAtSW1raHkzTWNsZnRkUF9hd2hhRGl2c1o2bUJxNFBFY2JDMWpIWmx6S2ZOYlhSODNaS3dMNlJZbUxjUDVWclhXREF0QlJXRmpoU3hyNm0taWtnS0plSUhmMXBtaG9xN3N2aE85UFNDZnJaMNIBsAFBVV95cUxOUk9LWjZCOXJpdEhNN0FmMDRWaS1NakR6MGdmMm8wMURHSHdJWldlS05ZbGRsMm40Y0c4blRlcTJaOUd6cW1jRU92SzgxOXBZWXNQdlhoXzh1MUthbU9UbVhwVHZiV0xnTHl5V3cwek04RVZ2N2FTTEdJS0ZUM3lDLUowN1FSeWhRZGpvSzJlXzFYUExCV280WHk4Z2hzMURvdzFoLUdRTGdhMkNLaWVMdQ?oc=5,True,netral,0,0,E3_ekspor_dibuka
Patroli Laut Amankan Kapal Nelayan dan Pengangkut Pasir di Riau,Mongabay.co.id,2024-09-22 07:00:00,https://news.google.com/rss/articles/CBMinwFBVV95cUxQTFFodVFWU3dDSU5ocFdfYUVianoxUDRpRm5aVXcyMTlQVWlEODliOHpUc19vQ3dPaEpRSEota3BhSGVVbktYVElNNTVQamd5TnpjUlR4X0xQdENyMEJ3TnBoYTlGeWVvdUZJaDJZTEpMTDVENFJqVU9yZGFjZU1fUDZFTHZVVElmZDBUeXdwTE9ibVk1ZWk2WVJtOWdGZ0E?oc=5,False,di_luar_topik,0,0,E3_ekspor_dibuka
Penambangan Pasir Sebabkan Kerusakan Permanen di Pulau Morotai,National Geographic Indonesia,2024-09-22 07:00:00,https://news.google.com/rss/articles/CBMivgFBVV95cUxPR0FWZWEwMFNwQldKdjE0TDRFc1h6Qm5oUXREU2xFbHR6RXFtQ1JpQ0hBVGpzNmdlX2ZWX3l5UGhLTVdsU0ZFWHRiZlM0V2FvZEVZSjB0NVNvNktFTE5tbkJNWlVfcnZhR2F5a1JvLVVaUGZ4OVR4dlBXYXRGZ0MxVUVXQTI0aTUzVGNMQzdOMHBXTGtzUW0zemFoUldNbUNHMHFJUGdCVjJjX21tVERndXdaeE05azI3R0xDV1FR0gG8AUFVX3lxTE1BMzVyTGxnTUNjMlZnS2xXdEZNdF8xSE10N0hYNWl1QnVMTVlvQWJGcjJBYlJzN2Y1azg5TTdjd05GTTdiNnNBVWJqWFNKOUFmY1VvVm13amNQNVRtY29rb3piNG9fQUxhRzVEdWt6NkhRb0NYSXZwWExrc0VzQl9mS0RRbml5LUZFZTNMUFFTUzRKVWxxR1VnZUNaNkFXUy1haGo5M29tZUM4YkpsaVU5OTRwUGNmZ3BPOG5X?oc=5,True,menolak,1,0,E3_ekspor_dibuka
Alasan Singapura Butuh Pasir Laut Indonesia,Tempo.co,2024-09-22 07:00:00,https://news.google.com/rss/articles/CBMijAFBVV95cUxOZ3lkQmxNNDRwZnhxM25RQkExUXVoVEtCbkphOUNfcDRGRnNLU2JDajcyRUVPMnpDSVdidFkwUFFpTUx5NWpacWQzOGRnQWFUUGNlaTVZQmZHWnJfVzRjSXlpY25ybjE2dnZhWjdVUWYyNjFtVG9hRlFQaHdPVXU0dGxILXBueWsxY0tsYQ?oc=5,True,netral,0,0,E3_ekspor_dibuka
"Stafsus Mendag: Pembukaan Ekspor Pasir Laut Diputuskan Kabinet, Tidak Ada Alasan Kami Menolak",Kompas.com,2024-09-23 07:00:00,https://news.google.com/rss/articles/CBMi1AFBVV95cUxQV0pLYnRsamE5b3FyUTNfLWh1U2xwWkl6ci10cHhDNW0wUlB5VkJaTTl3LUZYMUlmZExPdHNpS0VhQkpzOHhGTS1TUVdPbW9MV1A2V0tCd1JhVU50UV9FWk9kM3Y5dTlTcU8yT1BDd0wtN3pfeHR0bVQ5QzRVYnc2WWI3SzQ4TEd3N0dkOGlLSDNyV0pEMHZXZ1pKUUFSMmJIS0swSFN6SHFOYkRBMWVwU3ZZVHI0SFkxalNSZkJZUThxQ1dDX3pRSnJsSTJoM3B4NG1vMg?oc=5,True,menolak,1,0,E3_ekspor_dibuka
"Sedimentasi, Tanah Timbul, Dan Dampaknya",Validnews.id,2024-09-23 07:00:00,https://news.google.com/rss/articles/CBMifkFVX3lxTE5kS0NNM1hMTlJocWRrQkwtTEotQTZZNktyYW51VHhQcWtyTzlPazdpMy0wd0xJWm1yYy1Hc3BZd3dJaC1YMjNwakhJWUw1Q1UtY0QwSVQta3BSUFBfUUhhS2dEN3RJc0dueWtDNDYtbUZwY00xVUl2Q25ZNDBBQQ?oc=5,False,di_luar_topik,0,0,E3_ekspor_dibuka
Dampak Lingkungan dari Kebijakan Ekspor Pasir Laut Terus Diabaikan,Kompas.id,2024-09-23 07:00:00,https://news.google.com/rss/articles/CBMinAFBVV95cUxOR21BblN6SVUzOFZ5SE9BT1I1X0x0UDJHc1NKQlhyS3U3X0VEdTZHeEVJejVfSWhONmRJdmJpYXZzRkhVS2drbXNyODd1bm4ya041R2lJVzN6dzR3aEtyTldGUVNnY3NmUHNoeXZlM2NCZmFtNHlPcWlkWTNCWXFjS1NyeXZ2VGs0OVVMVlZZMWM4RnZzR1NYUlYzbWI?oc=5,True,netral,0,0,E3_ekspor_dibuka
"Dikritik Banyak Pihak karena Kembali Buka Keran Ekspor Sedimen Laut, Kemendag: KKP Motor Utamanya",Tribunnews.com,2024-09-23 07:00:00,https://news.google.com/rss/articles/CBMi1wFBVV95cUxOV3dpbVBwSXV0S3daRWVGYkpLVjRhMEVkdC1ZV1ZUM2MxRExQa3MtMHNuV254Ym9PMk9Ealkza0s2cEdwQVBHOF9MSTZQTGRpUHpjTXNHZ0RFWXQ5TEVfellPY1hYVjNwNHRMVU12dHJIei1LcGUwOHk1VEVzaThVYTdGQ3pSdlRLQWhkYXVid1ZDYzkwYWN1dE03Nm9GOFI3UFp4ajVTbzN3MjNjOUpnVFpITnFZNnQ5T3ppMmtVckdrSUJYbnp2Um9MeEdzSkFUZFlRNDBVbw?oc=5,True,menolak,1,0,E3_ekspor_dibuka
Walhi Sebut Aturan Sedimentasi Di Laut hanya Alasan Pemerintah untuk Bisa Keruk Pasir Laut,Tempo.co,2024-09-23 07:00:00,https://news.google.com/rss/articles/CBMiwgFBVV95cUxOcDZYVVFpOWZ4RnNpTFZJTjNzMENBaVB4SThCRE9RSTdfZkxReXVrTFRGOEYteDZnOHpSX3FhbFdkZFdHNy16MlhpVFhuOEVQWmdCU3c3VS0zcXcyYzBVN2hQdzlsUFZ1TjFOWWVmTDA3RWxKY0l6M3pCZWFoMnZ6Z05DT0pNNC1BUzdvbnZMQW1ZaWw5NUtsMmlIdmVoN1lITTBOU3gtOWR5Z09ONWtCRkhjYlkwUy12amp4VmRHaHlhdw?oc=5,True,netral,0,0,E3_ekspor_dibuka
Gerindra Minta Pemerintah Tunda Keputusan Buka Kembali Ekspor Pasir Laut,Forum Keadilan,2024-09-23 07:00:00,https://news.google.com/rss/articles/CBMirwFBVV95cUxORkRPRFl1Snp0RkNqUHA5VHJ1UVo3OF9ITnUwR3JBQ0EyRFlzODE1WUprN2tZVFl3Qkhscjl6aUhJQjNEQy1iV1kzVG1XU2plS0hOQVBRbTJwaGprUFBTOVJCd0lWUTRFd2MzRlhKOUxBSVM3V1QzN01Ld1FGMDV3c3JUaS1abUs2a1IwWmpJQUhBMG8zNl9mUVFONjhFZnRQM1RNWEUtMlZnTUxWdU9r?oc=5,True,menolak,1,0,E3_ekspor_dibuka
Dampak Pengerukan Pasir Laut dan Kontroversi Kebijaksan Ekspor Halaman 1,Kompasiana.com,2024-09-23 07:00:00,https://news.google.com/rss/articles/CBMi2gFBVV95cUxNaXFkWkRFRE5oalVJT2IzaTZCNlBwOWN0YWwtMFQwTmJwY2stSVFUUlVBS3dkWXRxbTFERlQ2UDgyR3lBZ01GMGJWZ0o3MUhjaFRhOHdMd0lGTktGczBKNE93alQ0clR0YUhkdHVHZDE0d0tEUmdMaWx1bzdKRlBfR0w3ck02S2ZjUmNTOENvMW5ndFdOQ3VPT2M5ZVJaX0JaclV6T284OXRPVmdYY1NoR0FsbW5WU3R6Vm1wQWczNGF3bDhwQ19vcUwyZHJGYUgzTEkzN3RGSWdmZw?oc=5,True,netral,0,0,E3_ekspor_dibuka
Dampak Pengerukan Pasir Laut dan Kontroversi Kebijaksan Ekspor Halaman 2,Kompasiana.com,2024-09-23 07:00:00,https://news.google.com/rss/articles/CBMi9gFBVV95cUxOdlV6WWRwRVBjNzhpa3plMGh3SHJwOHN1Mk9WaHdrNGxRT2h6cFhnYW9YUHBVa2s4STFvNDRsejdzVHdDT2RhY1ZyMzNZdThqRlVweFdtVkg1dEl6b09XX3BRUWhHZW9lcEVKci1QeEVOaGd6cmdpbnZhWXY3SkRwaUdGbnFnZUpwRXhhdE9SeEtZSGo0NjNSaVVnLVpCdDNNRUhpaGxQMWpvWFFzZGJUQ1R5bjdrRERibWVPcVZ4cGtaV2xmb0hkUjIzMGxYWkg0WVJ1c2RudFVCaHJuNEtSYXpYb3JIOS1tOVI4TldJSlB2MUNtSGc?oc=5,True,netral,0,0,E3_ekspor_dibuka
"Soal Kontroversi Ekspor Pasir Laut, Begini Kata Dosen FISIP UNAIR",unair.ac.id,2024-09-23 07:00:00,https://news.google.com/rss/articles/CBMijgFBVV95cUxOSFl5STdVQi1zYzgzUHhpV0pwUGgxdGZ5SWxSWnRBdDR2Ml8yQUpWalFsT0NvbWVJVVQybFpFbUkycUJhQ2RGbXBXTzNtWHY0V0VIRk5pZVJsWVRNcVZNelE0YWdWOGJ6eE80TG44Zlp3S1EzVVhKcmRHTU1NTEp1ZFdJX1BVeEg4YkNCdG9n?oc=5,True,netral,0,0,E3_ekspor_dibuka
"Ekspor Pasir Laut, Pakar: Singapura Jadi Lebih Luas dan Bisa Ancam Kedaulatan RI",Tempo.co,2024-09-23 07:00:00,https://news.google.com/rss/articles/CBMisgFBVV95cUxOdVlxRXVJdTFnMnREVnVzY0tQX3I0cDE0M3c4Mjc0OTJvcjVDbm9CVVpBRm40b1l2MGZKbU1mSzlaS1NobldZdHctdC1qQWQzd0EtdzJSUzVtRGh5cUs5VmttTTgyaHhXdWVSZ3VMcko1M1VuRnlfajdmV01vYUlhX2N6QzZlbTl5akNIN2xyOEJPMnNsY0w1c0NlRjlKTjhRS29fZG1WWGltZEt0amlXeWln?oc=5,True,menolak,1,0,E3_ekspor_dibuka
Zulhas Akhirnya Buka Suara soal Alasan Izinkan Ekspor Pasir Laut,CNN Indonesia,2024-09-23 07:00:00,https://news.google.com/rss/articles/CBMixgFBVV95cUxOc1dXc2pEbGUtNG16b2IwOVFtajNSMV9sRXM2N2RzRG5sMVl6Z2ZHZVNqTFN0amhPbXBlc3RMVzlXemU1OXhPWm1uS3FMdGhuUjNOQllvRTRFWkE2TFpTV2VrZ1FuSGF5czN6S0syR2hXRXJtamwzRkZHZjZKNmhXRnd3dEJjSW5ZOTY5bGE2QmpIOUVoNjNTLWtyRVJYdGxSMTFSMXhHTkJPZGlBYkNJME1ET1lDRmdldjNXUU02VHFtTW1KcFHSAcsBQVVfeXFMUGxHNTF1Zm9Eek5POURxZThxNDJpN3YydVVKOXdqQ3JkVUFqTl9LWWR5cjdzNlVOc3ZKbkxxRGxQR1BWWk05cmdYOTYtekU3UEZzdWpaVVd5NEtuazhaaHhvSXJhNllSbkZSdkdZdW1VRUdqOXFjZUxoRGdzUXI3bUJPV2M5NjF4S3BvV3dRclhzZnhCV1ZEc2M2ak1LeUlmc25iclVxOVBUdVZibjdEclBhdmkyNnhFZS1heHpHTzZQMXB6SERpQi1SbVk?oc=5,True,netral,0,0,E3_ekspor_dibuka
Manfaat Ekonomi Tambang Pasir Laut Sekadar Jangka Pendek,Kompas.id,2024-09-23 07:00:00,https://news.google.com/rss/articles/CBMijwFBVV95cUxQWTNoeWVvRWJta2RGdHFaSXozUkVmVU12WFVHS1F4dXAxRkZWMjlEdHlTbjFET1lSZVVqdFhldFFtNU9wWnZhcms5OGdLa0hFdDhJbkNGb3BvNVdNMVFXQzlkMUJLcXpXZFhkLXNpWlNiTVgyZkd5MGtSNF9PLU5aRHZfN2lpdDBMWG1UbGF1cw?oc=5,True,netral,0,0,E3_ekspor_dibuka
"Jokowi Buka Ekspor Pasir Laut, Anak Buah Prabowo Usul Ditunda, Susi Pudjiastuti Minta Dibatalkan",Tempo.co,2024-09-24 07:00:00,https://news.google.com/rss/articles/CBMixwFBVV95cUxNY3FpNXdTa0piQm9HRks0QndtQ0p0QWgxdjhwcHNwOXBRbjMzR3dNOVNDQWpOdmZzVEQxSzRmRG12azJXcDFQblBCXzlHMXBNcnh4eWJUcTVEbWZEeVJkYmtYeWc3cUE1T3Frc25JVURWTVhsZ2UteFR0N202LU5ObV9tY0ZSR2pWSm5vTVhJVDAwa25penhwaGdZZWc5UlpRbHZpMFlESkRwQURNVW9RWjZJbHlhS0dMRW5iQlAwLUZnZXFLY1hn?oc=5,True,menolak,1,0,E3_ekspor_dibuka
"Jokowi Cuma Izinkan Ekspor Pasir Sedimen, Ini Penjelasannya!",CNBC Indonesia,2024-09-24 07:00:00,https://news.google.com/rss/articles/CBMiwAFBVV95cUxPcEQzWVNYZ3U4ZnB4T1hZVWx6MEVwenJfU0VmMExuTXBoV3AtTDg4M2RaV1dJb0t5emE4Ynd4ZHdOZzVaelAwNmFNRjN1VjExdWtmay1pMUNlS1RSY244MWlDXzdEN1o4VFBvM1MtaThEUFRkZURHbVBSU2hQMXZLQmVqel9xVjg1WldLYkFINkViOW12ZlB5ekhPd2JsQjJwZDk2RGh6cFZDWGdxem9oYjVvTEV1d3dab25QazVDTmw?oc=5,True,netral,0,0,E3_ekspor_dibuka
Kemendag Jamin Izin Ekspor Pasir Laut Diatur Ketat,CNBC Indonesia,2024-09-24 07:00:00,https://news.google.com/rss/articles/CBMirgFBVV95cUxQd3ppa25pSTR6eUsxVDlJSjNfYjF5c1I1ajlIU2pHNDJkcW92R2YwaHY1NlBfcU5FNGQxWFlmTndUVi1qZHNIYzAtamlwQ0p6bGk5M1RWeG9TcWR2MUpFTlgySnpKQW1mbkg4d1dXY253N0Fyc0pDZ1AwaWl2ck9sa3ZGNUtyUVFWaVlKSHVEczhrR2VuWUIzbExTWXNSSnNndV90aXJ6X0NSc3N3ZmfSAbMBQVVfeXFMTTRwSFVPcXlYUkxFb2hmTE5Kc1dsSnN2LW9EQUJOb1pwX21QVkNBQjU1NGt4SDZsOUgzSHl6VWtBc0EyNC0zNFFrMTRDLTVyTmVfcEQ0OHZ5dEVldUxfcWszOXladGtVM0N1Z3JWTk9fUDZ0SDE5RENDNWg1WmlNSWhQa1J5QnFEQkcwS25WUDFzZ0dZc0JBZGJoVmYtTlhhUHZjTHhNVFAyYUFkUkNuZkxpRE0?oc=5,True,mendukung,0,1,E3_ekspor_dibuka
"Bangun Tempat Latihan TNI AL, PT STG Keruk Alur Laut di Lingga",Jawa Pos,2024-09-24 07:00:00,https://news.google.com/rss/articles/CBMiswFBVV95cUxOY25maGV4MFF0ak95VzlTcGY1cTJBMm9yVHhsbGdyMkRnNlgwT0tqYWJDQmU3MWR6bG9lX3h5bGpoZFUxcDJDWkFkRW94aEY0WHI0cFNpYk9KQVY5ZDVNWDd6ZFVTOEx0Uk9lN2w0aEpac3pSUzVHOWFKbER0ZFMzMl9OZnk5cmtKVkpsSHp4NVNNWk1McmF0TVRzNkNIdEdLbUFXeEhUZzdsUmJtVmNSRFZUWdIBuAFBVV95cUxPZXBoRFcwSUduX3M5bkRmYmRHTFpqb3hYUWdPMmMwbnVPa3JIaV9QS3J3WFJlTC1EeERiOU4yYlQ4MFFQTWNRQTQzZmZwMkhJMWkzMmxtbUFKR1VvcklvRFd5V3NLX2lOUGJnTFlRODkwUnUxSElxb2hQZDlxOUxWYjhUVG1qUkxHNlFBS2lpVUVlYmpPNGQ0TmwtOTRyOHNIWWdFN3AyQzZwLUZiZEdBTHNmN1BmYVcx?oc=5,False,di_luar_topik,0,0,E3_ekspor_dibuka
INFOGRAFIK: Ekspor Pasir Laut Kembali Dibuka,Katadata.co.id,2024-09-24 07:00:00,https://news.google.com/rss/articles/CBMilgFBVV95cUxPVnI3azJEX3dnWTh4NDZPUFVURndrVGo2ZUhVaTNPa3Iwcm1pWW1RdGdGOFRtV3FTZk1mck5udExPVUhDclhtcW1objJPMXNGV1VFLWVZWHVYN0U0SXB6QlBuWDlnbHZmaFhIeVBlQlJBRnBpTTRYYTVqa1VsTkpMaTlHQjFPMmRueXJnTWIxdEt6VndwMkHSAZwBQVVfeXFMT0tESkFxUHhtNGhqNkJxallvRFJzNC1VVWV0UnFfTFNORzljSVktdUhuaW5wanpfdGpONzFESmJkbjZLLXBuMXJLRGFrR1R3QUgtaG9DcFAyOUoxRkJMaTFQc3o5c1ZLTThBSVNUU1lpUGMtaEgzOWtHclVWLWR4bGJzYzk5UURtSEtMOWt2VG9WazVjLVkyLUNTVkIt?oc=5,True,netral,0,0,E3_ekspor_dibuka
Ekspor Pasir Laut Nebeng Kebijakan Pembersihan Sedimentasi Lautnya Jokowi,Cerinews.id,2024-09-24 07:00:00,https://news.google.com/rss/articles/CBMirgFBVV95cUxOdFhkWmtCbC1YZGFyZlN4bVE0ZFByZDdDd2hEbExzOXdiRU44enFVTzZLTllBZS1rZjhRWk5UZHBObnVfSVlpbDJ5bVJIWWRvUGJQRjFmRTFEczhCUlJxOEVNZWpxbWRrRHp4d1Rqd3hKaWY3LTJyZHI4dHpJdVZ4NjFRSmc0Wlc2dE41VjZoMTZhekV0ZFZiQzhnZVU1enJHT2NkRFN1ZjFZSW1WSUE?oc=5,True,netral,0,0,E3_ekspor_dibuka
Kontroversi Ekspor Pasir Laut: Ancaman Lingkungan atau Peluang Ekonomi?,Mongabay.co.id,2024-09-24 07:00:00,https://news.google.com/rss/articles/CBMipwFBVV95cUxOUkFIQTRjMmJIYVVfbDJleUx4Q25CMGpuVkVYR2hMMG1KMnprSXZ5a1oxLTVlRHlHWmNOTVZEVDZaVkhqU1NSUk1mVXdib1JTbkh2OUd5clo1MFEyM3h5ekhaZVg1SHRlbGttekxSLS1PZUNpbHY0VzZ1ajVUaF84MzBpRVlZand1b1RhcGtMbk5BZi1Oa1lGQjdGclRERmY4SEJQTnFPOA?oc=5,True,campuran,1,1,E3_ekspor_dibuka
Apa Manfaat Pasir Laut yang Diusulkan Petinggi Gerindra agar Ekspornya Ditunda?,Tempo.co,2024-09-24 07:00:00,https://news.google.com/rss/articles/CBMiswFBVV95cUxOdFBUdXRqbTd4VnlOS2FtZGRaZUZSdGd2VHVvZFN4eGNBN0NHbEFvSHBzLVo2dXh4MkxPbXVhT3JNa3JqRzM0a0VfTlJmSi13V201blk4TzMxeTFfcnpIX1o2aHMxdkdmanF6V2twZnB0akVZa0NmZ2RVVkpCRnlIVXVwQ3hDSE5tcW94VWpZYlRGbm8wOVdDU2RDZ2xBNE1zUnNXQ1FmU0t0Zk9QcnRYSjF2OA?oc=5,True,menolak,1,0,E3_ekspor_dibuka
"Imbas Tambang Pasir Laut, Daerah Ini Kumpulkan Pajak Melebihi Target",DDTCNews,2024-09-24 07:00:00,https://news.google.com/rss/articles/CBMitgFBVV95cUxQeWNPZFhwWW4ya0psMDM1RWNjWnZGeFFvaWtfOHVWVTJCbC1KcVM3RHloaDFpbjJ6VTIzSnRiTmppR0pZY2ZQTGNZSExnN1ZrU0hfUm9wZmdfdGs3djRvdEpPbW9KdnZwcUJRSmg1MU9zTkpNZmFvRk5qY19CTmpndmFvNVZCbjZjYmMwN3ZSTURjZ1J6eUxVcXJ6eGs4bTBGZW5DSXhKZ2M5RzZlRUFjSzA0aXFvUQ?oc=5,True,netral,0,0,E3_ekspor_dibuka
"Jepara Jadi Lokasi Tambang Pasir Laut, Kiara: Para Nelayan Menangis",Tempo.co,2024-09-25 07:00:00,https://news.google.com/rss/articles/CBMioAFBVV95cUxQYWNjQ2FQV2JreElqZUkweUJPSTl3cktWQjAxT1FSQ1ZjSlNfMENON184OVFDZ1hOaDRTRjNDU0pzZ2k4RVdTcDgyNnFoZWs2RFYtdXhWYzdnMTJJX1FxVUJRZS0xbF9ES0NVQnpHMGNDYXdXWEpNNlM1UHdpRTNaN0VFbk91X0c2TkxFdUYtYUcwRzNCX0VUcGFxR0RWUU5P?oc=5,True,netral,0,0,E3_ekspor_dibuka
Jokowi Buka Keran Ekspor Pasir Laut: Pulau-pulau Kecil Terancam Tenggelam,suara.com,2024-09-25 07:00:00,https://news.google.com/rss/articles/CBMiugFBVV95cUxPWkJYc0MzWWNJMV9fQ1ZyZXJuUnRyN21yVTJCVEhvOUE5bmpjZHFTcnljVFFiRHFwNS16X2tKT1c5czBXdkM3M0tiQzNSbFBxT1d3QzZVclFZdm1lTzktWG9QVWdCNkdnSTJjakZSUVFXQ2Zsd1VxSHlmdnRfTG5fUTZ5azNaUTVQekxiTHZOSDlRNEJiczNJcURWaFNqd3FDSkUyQUplbFN6MjhjbFdtd19ibml0VlNfOEE?oc=5,True,menolak,2,0,E3_ekspor_dibuka
"Bukan Hasil Sedimentasi, Pakar Geologi Sebut Material di Paparan Sunda Murni Pasir Laut Purba",Tempo.co,2024-09-25 07:00:00,https://news.google.com/rss/articles/CBMiygFBVV95cUxNM01nbVlEblFLXzZDRFQtbEtfN2tGalRsQndkYU0xNTI1MWVZVU5KQkx0cHl0U281ekpxTjNxOTFOc2pjV2tKZXowbXBVcHpCT3E2VWgyYV94SjQwX2lGRVNZNk52ck5KSkUta3J3a3VpVmNVS1lfZDdiWUd6ZUFtRm9hempSMEFfcVZUSnZHUEpFOGFRajd6aVVUcGZvb2JxaGNSbnpQVW5yaTJ2V3JOR0JPZWU2d25QRTh1cUtTWllFeFRrZGJha1VB?oc=5,True,netral,0,0,E3_ekspor_dibuka
"Ekspor Pasir Laut Berpotensi Merusak Alam, Pemerintah Bergeming",Tirto.id,2024-09-25 07:00:00,https://news.google.com/rss/articles/CBMijAFBVV95cUxOdjFia3JlLU8ybnVkM2d1SVFLTjk2MTZwSWNvdFBsSVV4blp4clNWSjYzcmJpVWp4QXJFTFM3WFBEVHpMRUVtaUttcFdxZzlQaGVhVW1TS3pnN2ZNazdTenFMMjlmSXBuUEladnJqdUI5RnpucDhaMktBbTA3QS04RjlURm1QMGxOaVJWSw?oc=5,True,menolak,2,0,E3_ekspor_dibuka
Menteri KKP Beri Syarat Berat untuk Peminat Pemanfaatan Sedimentasi Laut,finance.detik.com,2024-09-25 07:00:00,https://news.google.com/rss/articles/CBMiygFBVV95cUxOSVVvT0hORC05Q3VBcG5CcU1RUUU3TWhJLTMxRExaYWhUaVRyUWYtbWUtbWd3MExRQWRMZGI5SmkwYzhuaWJWVTlUM2JCci1zVkRwMFR4akJEaEYwUGZmUDJFSThuWjBqS0JRSVdJZ1YzRGpIUUFjRGZjQ1NYTXh6d2FhX2lMTWNvcEk2aGlpSEpBVmhxRlZuamtWYm5KTUs5dHRUV2xMWG0wc0pnbDRzWDZsYTJmYXlZSFcwTlFSSUtBMkRpZnIzeDRn0gHPAUFVX3lxTFA4RWlsRHNFZElIUGdLN0lBX2JQUXpodjBlQlN6YmpvMTRxSWV5LU9jekJCS1g1cXpwXzlVOTFCM2JaSjM2dGdfSi1vRFJJVGxpeDdlVlA1OFZubGI4WTk3aHR0dXRKQkprTzBkdHk4bkdwcnBVMEZ0Sk1UNEtFZlYzRTNXd3lpbkl1QUVoUkVXQ3NuN1NFZ256OUZRSTJuWm9Mb0RTb005eDVmSC1JSExUdk1GUkZ2VXJzYmRjRElhUTJTcG40dFBUelMzMTFyVQ?oc=5,True,netral,0,0,E3_ekspor_dibuka
"Ancam Ekosistem Pesisir, Dosen UNAIR Soroti Kebijakan Ekspor Pasir Laut",unair.ac.id,2024-09-26 07:00:00,https://news.google.com/rss/articles/CBMilgFBVV95cUxOenFvNHgzZ1kyNllaTTl0SGtVdWgyWUZTeGRpZXRxVVlWS1c5aXNkQXFxQ2xRY0pLNEVyeXctZkh6Wmkwb19wenQ5VVFYV1BmZGxKSzFTLWUzaWczTk9ZS3VCSHMzZTRLRF9hTmJqdDQ0bGxhZklrdG5XbHdYNlVFclo1ZDBFOEhaamJzU2ROdDNaQ1JyclE?oc=5,True,menolak,2,0,E3_ekspor_dibuka
Ekspor Pasir Laut Dibuka: Kerusakan Ekosistem di Depan Mata,Forest Digest,2024-09-26 07:00:00,https://news.google.com/rss/articles/CBMigAFBVV95cUxPdWJ2dklTTG9FSThZX2YzWnB5VkV6U2pvdGJQaHhLUjZyVFhpRXB6dnl1VndpZlpDRkRRWXhBdTl3enlMYmcxRVktWGl4REx3Tl80Wi1Lc2JaZjc0RGtrRVhIOTlvcFdham5pZFpuWm1ibG9kMUVYTFVOVXVtZ3ZUag?oc=5,True,menolak,1,0,E3_ekspor_dibuka
"Berpotensi Merusak Lingkungan, Berikut Dampak Penambangan Pasir Laut",Kompas.com,2024-09-26 07:00:00,https://news.google.com/rss/articles/CBMiygFBVV95cUxOR1BaZ180RVFNdEtUZzZ4MGtNSm43WkYybEp1aDAxTDhvZmVyVGtxTXNsOVBVWkI1NTZiMmg3cDltcTlmRmFfZ0Ffa19KcHBYWXpKZ0JGdUlHOVRuVTNpWGJseHlwcDhLM21paDBRZFpudzVBc3V3TEV2RW8zeENOMm9tWDh0b3NwSnlLTXd5SHNUeEktVm5VUkxiMzlLamI4bzBHdmJzbzZhR1hFZWpsNFNUSGxPUTlZbDVrYmhza1hWVE4xN1U5d3RR0gG-AUFVX3lxTE9aYWhmSU9OSWtHbFpmTU15RUo4S0tVc2pGYWxuYnVWREZHMGJXOG1IQWk4cUYyVzMxNnE3U1Z0OXB5YTBZRFYtT0E5V2l4aXlBYlpnUWtJS1pmRmtZdU8tUjg3dm9kQWdodHoyTjdWM3pybTk2NWhnWUxLcVRZTkZpeFliaHJkdGtiZkRqcXcweVVaVzMyRjc2d0c5RGhFQlZYd3J4SlpQTVZZa0wydFJSRkNDMnBuUDRqV3RwWXc?oc=5,True,menolak,2,0,E3_ekspor_dibuka
Rieke Diah Pitaloka: Kebijakan Ekspor Pasir Laut Bertentangan dengan Hukum,Niaga.Asia,2024-09-26 07:00:00,https://news.google.com/rss/articles/CBMingFBVV95cUxNX05aNkh5eGNGU0VSN2xOMDFkT202aFNfMHl4aVJVblJXV29ReHROTTVBXy1VbUlXcnlXVjZub1pabklRU2JrdmJzZXAtZFk0VE5RendzaDJBZW5IbkpWQWlTdWphNWoyZUQ5YlhjMFR5X09ZSEVnREk2VTZIUHBxN09yV29oU1c3bEY0S2Zfd1BDQ0VYQXU3dVlFNF9pUQ?oc=5,True,netral,0,0,E3_ekspor_dibuka
"Jika Sedimen di Laut untuk Uruk Pantai, Ahli: Bisa Amblas Kena Ombak",Tempo.co,2024-09-26 07:00:00,https://news.google.com/rss/articles/CBMinwFBVV95cUxNTGpmZU9WZ1VUU1FtZXV2QTByODMzSk1jSzlvY1FuZVQ5MXpzaVN6czFuUklfNldrRVA2YzVLUDZsV3dGRGhtdEdQakVMcGlMX2dyTlBrTFR2MHUzaUlHdXhQRWdUR2l5OEZsLVRjTVRhUGY3dk14bVNlLXpIdU9Ic3cyMF9oUUZOYVFpMHNiTWV5NWtldl9rLUN4Ykg5anc?oc=5,True,menolak,1,0,E3_ekspor_dibuka
"Kementerian Keuangan: Ekspor Pasir Laut Bisa Hasilkan PNBP Rp2,5 T",Tempo.co,2024-09-26 07:00:00,https://news.google.com/rss/articles/CBMiogFBVV95cUxPQlBoWDJ0dHlnYk1ReDNPcDdFekJyWmloQXpNaXlpZFY4QWoyWTFGNmxVRkotdXB5elIza1ZkR2R3NUFKcmtiT1g5QnJDdFNKNmYtQTVPNGJjOHhfblV3Sk9fRVdpMUVGUG1lZG1XUVpEMGZTTnE4SW1FeGhUWE5WSTJwUy13ME4yalc0VV9iNFM3MUpIOFZPSDd0WXJXNG9FblE?oc=5,True,mendukung,0,1,E3_ekspor_dibuka
Pengamat Soroti Motif Presiden Jokowi Buka Keran Ekspor Pasir Laut di Akhir Masa Kekuasaan,Tribunnews.com,2024-09-27 07:00:00,https://news.google.com/rss/articles/CBMi0wFBVV95cUxOTmoyLWhRcU1oRUY5bHZRNnhFZjgtRGFQNE4xYnJ5MXRFNWt0SnlrMVhLVEgzU2djLTRadjQ0M1VlZEpOc3VuMV81Q3czNEhOb0NWWDR3VVB2c3AxX19PcUtTTVkyVUdIMDRQVGFwX0t3Q2NvR0JOaU4yM2FlU3pBUW5VTVZtcHpMc0tQRVJmU1pUSUlWeS1EV0E4T0hWUHpsUm5Wb3YxeWxVdWM0QmlIdF9iVWs0OTJ4eFJnMmFXbWRXZnZ5b3BQUm5DbVIydTMyR1Zr?oc=5,True,menolak,1,0,E3_ekspor_dibuka
Hitung-Hitungan Potensi Penerimaan Negara dari Ekspor Pasir Laut,kontan.co.id,2024-09-27 07:00:00,https://news.google.com/rss/articles/CBMioAFBVV95cUxQUEFMMDBiV2J5OEpIM25KbWdtNDF1OEt4MmVKNFZkMTM5UjZKejZ3TGdTRlhtQnVVUk53TVpVMEZEbS1HMGRidkgtNmxIclRQV2hPYW1Db2lwREQ5bjlJVWZzMmFyZTNIclEzMmVEMzUzSm9GR2YtZXMtZk96REhQOEJnVjlSMmxOVFRqVk5yMTZpQS04dEw0SzZSd1FqUWJN0gGaAUFVX3lxTE1JOUdtcEZsRHZVWWs5dWRpNU1HVkRZckE3VjZyVFVBRi13RWNHS1ZwTV9IYkpEei1WdjJiVXp6d3ppYU9rd1pmSjRuRjhJMTZINkpkM2xrYk9ZMGNMVk1fSzVFaTRWLTZzTXBLNVUwc09lMWw4am85cDNwVEFxeVpKQlBMcW5qNzBMc0VDNTFNTFJWOTZ4YWppZ1E?oc=5,True,mendukung,0,2,E3_ekspor_dibuka
"RI Jual 50 Juta Meter Kubik Pasir Laut, Negara Cuan Rp 2,5 Triliun",CNBC Indonesia,2024-09-27 07:00:00,https://news.google.com/rss/articles/CBMiwAFBVV95cUxPbEVlRnVYT2F2TGZZMlVjdzRseXpCMl9ISUNFRTQ0SHJON3hhR3dVNFBsazEwVUNRWDN5b0dlQU9wRGpYY0RTZXBwYVRUeGgzSUxWblFEVEdKQnNMMWJVMUNGQTd2eDV5RV8yVUhRd1hjSW5TbXB6c3B5dlNxMzBnc3ZhTTFVTFE5bnp5WTFXeWloUlZ0enBsV2ZXZkc0S1FrQmpkRG53OGFUdFVPcjUtRlppb1ZaTzE4Mk0zeUxydy3SAcYBQVVfeXFMTjBSb1J5UGFyaW5xOGdzalJ0RnliZmdTaWF6SkU3cDBLdlppcXRpRThzcDBFTVZVOWZpQWV6ZW5JVW9LaHdYc3dyT2VxOG83b3E5dnVoeVhwM0lPcG5WX2ZiMWZXc2NHblkxVGhfeVVNV0hJZ2VZbkFYaHZkNkVXek9ielBEaUFJNkFncUZSUFdELURtTEZrLVpKRG1jNDVVamxsS0RGRWc5cXdxWUZVNlY0TG5NcmlGNzBHaGluVVU4R0lnYnZR?oc=5,True,netral,0,0,E3_ekspor_dibuka
Tonggak Jadi Tanggul Laut di Pesisir Tangerang dan Sedimen Tak Bisa untuk Uruk Pantai di Top 3 Tekno,Tempo.co,2024-09-27 07:00:00,https://news.google.com/rss/articles/CBMi0wFBVV95cUxOcWhVT25FdFJjY3BuZS0wMHJSZXRDbVNKeXFPNHBfNk9SVlh1a0NXLVFkTjNGdUd5Zk5NMVR6aWdvMXRUMFBwYW41ME45RHIyRUVBN1ZmZTJna2N3Zng1WUtFMS1USmpJTmtuMTFUMlZnbmc4bWEtT2NkU3haWnZHZ19NdFA4dXBpVFBZZENiUGtNTF9BQkt5bDNpMzR4QkNRYWhXcWdjazhJWjJDRjNHQnFZUEZiQWtrQmk3ZlUyTkZMTHpORnVOakRGRXgwVkl2aEhN?oc=5,False,di_luar_topik,0,0,E3_ekspor_dibuka
"Kebijakan Ekspor Pasir Laut Tuai Kontroversi, Anggota DPR RI Ini Bongkar 7 Lokasi yang Ditargetkan untuk Pengerukan",Gema Sulawesi,2024-09-27 07:00:00,https://news.google.com/rss/articles/CBMi8wFBVV95cUxPUDhzSkxyXzIyN05BOTBzZ3NpOWRldkpHel92U0NGZ3BENTRrSDlDVkMzSGxFaWpTYU10WU4yRVltenMzT2V4UXJMb1pPTW1Wal9sZGFiMVBuazdueXJnYXVEU1d5YlNObUc4cFotZ183RzVtbktwLUdjcXkzc3ZkZmc5ZWthRm1weTdqX0FMM2pVbGRKZXg2TGZBN3lHcmloN081NDc5YnBPQTg5Tzl4anAzZWNFNkVTRk56RVVSOVRPekFtakZtUlRZLWpYazZZUjJ4aVc5MzFFUVlpY2VQTmFodmVabnJJWEw4dnotT2NMcjDSAfgBQVVfeXFMTU5IaXA5RDFFSENNajRjanVmaF95RWN2bWxuLXJWY2g5eEo2bHdQMEY4dnJ2NGRJMjc2aXotM3cyNGZNS2xlV0FMRXYtSEFaVUVLWV9yVVhVak9SM1B6NHRyN0t2N0FxM1BVQ1RGdFVYNnp0M0hPOE9sUG5jNFNrU2tVaWEtR0dtLU91TFpjaklJV0JmWHVLbjZONWlnUV9ZMVBQdGgxbjdqeEk2OTA2RUJwcWdMUV9QZ3hjRzNSVFV1QmxfM0hRVXRVVEVkZm0zVXRuUmNUdDNMNThWQV9UVEtYTEVpcUdNM2N5NldMdXcyVDVmVENCODU?oc=5,True,netral,0,0,E3_ekspor_dibuka
Berapa Besar Potensi PNBP dari Ekspor Pasir Laut?,gokepri,2024-09-27 07:00:00,https://news.google.com/rss/articles/CBMieEFVX3lxTE91cEVUQ3ZVX0JJSXRJSG1KbGR5dlpYLXFBM1JOMDFWRW5HX2lWdS1qay1mLTZ2UDliejJqSDVsWFBhVjV2WDhjeXB0TkNLcHhxeHVmV1VlMzdWNVJHTk5yQ0I3bFRMUmgwRkxpdEIyRmxxcmlKMWo2dQ?oc=5,True,netral,0,0,E3_ekspor_dibuka
Kemenkeu jelaskan potensi PNBP pasir laut yang capai triliunan rupiah,bengkulu.antaranews.com,2024-09-27 07:00:00,https://news.google.com/rss/articles/CBMitgFBVV95cUxPLUZtbW1USVFzeUhQUXN2RE9IOFBmODVVNlJqTEF4Qm1pdDNtSHBFZFR1ZUcySU1hbEctRklUakRTQnFJbU84ZG9VdFVnaXJFWUFpY1dQeTFaTkM0MFdJZFAyMHk4d01PVEMtQTJXZE4tdzJCbUZrdlJzX3NQOTBEdVpxdnk4cUgxOWJSWHBNSEh2cVlJSVB6Mzd4Q0hYb0F5eW4yNHZhVU1PTE40YnlLQ3NfUFREQdIBuwFBVV95cUxPS3hEbnVoRkRlaVg3UU1iNVBQLWpvbWkwdDNtOHh1TFZlOW9WeGpIdXpQZlhLUzhaa2c2S0tkSkw0cGZzRTJvZ1BSc2ZGVW4tcjVQUmpURXM3OGZiVHYwQ3ZkVTZXRTJTWDVBaVpLQnFBN0JxNjFqWEZEVWJ6YjRfRHd3Q1F0RUxLOUZwaFpBMDFWWGphVFRSM2ZTd0JSMFZfaU43OWd0WmRza2dkcGRSODlhX0FPQk8xRjU0?oc=5,True,mendukung,0,1,E3_ekspor_dibuka
Kekuatan Militer India dalam Angka,Tempo.co,2024-09-29 07:00:00,https://news.google.com/rss/articles/CBMicEFVX3lxTE40X09WTmI0aTcwbllYNzV1eHVNelpMNHVUVEE0dWRzc3FjTGlMVU1TX1JZSHIyd2I4SU83V00wQmdBTVlERGJPSXFfWnhWYXpJNUJnVTFSZHVJbHl2cHJLY1E2V2t5ejVqblNYNTFxZ1o?oc=5,False,di_luar_topik,0,0,E3_ekspor_dibuka
Panglima OPM Egianus Kogoya Dipecat Pasca Pembebasan Pilot Susi Air,Tempo.co,2024-09-30 07:00:00,https://news.google.com/rss/articles/CBMipwFBVV95cUxPNnp5VWZoSkpic1pLT0g0UTV6X0loc2xtYk5CWG9pZ1lGUXdEdWVJNTBONURVYTVrNVR5MUxHOG9YMjdvVDFsaWlwRzUyek5sYm1FNmptbkNua1lSdEZja01WSWNjVm4zSVhVd2tTX2w1WjE3Nm5hQkNuZWNuX1JNWGZVaUF2Vk1GNXdTSkE0ajBlZEc2WC1lN2RRNXowOEpubkd5QzlQVQ?oc=5,False,di_luar_topik,0,0,E3_ekspor_dibuka
"Pencurian Pasir Laut RI Marak Terjadi, KKP Terus Kejar Pelakunya",CNBC Indonesia,2024-09-30 07:00:00,https://news.google.com/rss/articles/CBMivwFBVV95cUxNazZoX0tXZndUTkdyUmlJenQ2eUM0SU52TlowOTdRT3l2eDM0TjFKa3B4UjVyX1ZtOF8xUVYwaHNQeUdxbFQ5NXRJeU1pSnM5elNMVUs5Vk5jRGNkUGNlcWRNSWtTSGtVakVNRVd4ZHNJaDRfTTNVenFsR1FrdHR4Y3lnc2JYVUVYQ2pSR3JHT2dQRFYwa2tYTF9Wcm94cjBSSF83OEF3eldEZGxzWm5RQThTdGxTOHBubWI0ci1kNNIBxAFBVV95cUxOU3c1VkZ3UGlLNjJPWFM5Z1BpTkVOMmVsY3RrRkRVOWhEeWhKTXhQbFVlN2lZVURJQkJDMVF6czBmTmY2d1gycHFFdEY3YzdfUjJUWkNLTEMxTXlpZnFIdVo1ZzNfZk5wRUQwUk1Obl9EczJIaURDdVI5MGFnc2xkOGlTTzZ5TUJCS1VPdUZzLUpmTGQxUnp3aE84WlhybmRqS2htZ1Fsamd0QmVuYTA4eWxpSUxKeE1zSWpYZWpDRXVXLW5G?oc=5,True,netral,0,0,E3_ekspor_dibuka
2 Perusahaan Tambang Pasir di Jepara Masih Berizin,Joglo Jateng,2024-09-30 07:00:00,https://news.google.com/rss/articles/CBMijwFBVV95cUxPMG5SeVF3bzRyVW92X2pRaEoyUGtqVWhUTzExeVREZGkyMDYyRmxMdUoyQ1ZaRm5lVVNWaHp1aEMxZDZjaE9HMEFtOWZLN1F1MVRlVVNzVHFtd3FQSnp6T1JFSGZWWUw0N3lMMlZVQ3Z0b3hfWF9sQ2kwZjRtdmV2RUJock91NUJBdkp6U1AwVQ?oc=5,True,netral,0,0,E3_ekspor_dibuka
Di Balik Berlanjutnya Ekspor Pasir Laut,Tempo.co,2024-09-30 07:00:00,https://news.google.com/rss/articles/CBMidkFVX3lxTE4yX3hIM05pbEhDaEdQSk8tOUZjajlQUWpKdUt3NDZ1WUtwcHBPZlYwczNZMFVWeFgzSG1tYWhZbWIzNmZjMnVIVXI4WktpeEhPWmd4YlJGTm45ZFRCR25aTTZ5THZLcl9VbDlMVUNGbVdsYldCZHc?oc=5,True,netral,0,0,E3_ekspor_dibuka
Proyeksi Pengerukan Pasir Laut untuk Kebutuhan Dalam Negeri Mencapai 26 Juta Meter Kubik,Tempo.co,2024-09-30 07:00:00,https://news.google.com/rss/articles/CBMivwFBVV95cUxPWUNKclNtVjFTcE5rWHNlamdtaWl6c1U0TEZ6em1fNXYwbktOdU5RYTNGNWtRR0h6OTJEWWktNU15QkdmVTZzZ0dDZmNrQVBEdjlYQTBqd0NXX0d6ZGtDNFZIdkpjRE55QmR4WmlWcWE1ZkZZUDd4VmdVLWJ2ZGZhUmZ5eEY4X1dpN3YtWURWcDlqbWtqQmN4QjYzWEJGaUhWQXI1WHN2VFlCWGxld0NFbWE0QmFUYW9uQmxNWkRzUQ?oc=5,True,netral,0,0,E3_ekspor_dibuka
Para Bohir Ekspor Pasir Laut,Tempo.co,2024-09-30 07:00:00,https://news.google.com/rss/articles/CBMic0FVX3lxTE94V1NBWHZ2emo1UzZqT2JNZlpUNm5nb3poUnlfakdLUE8yMnFKN0ExLTBwSWhVODljalR2eFBPRS1teGx5bk5jTC14WkhQM2lrZmFEYzJna1JieURWOWFRcFROODJxZnd1bENyV2g5eE15OW8?oc=5,True,netral,0,0,E3_ekspor_dibuka
"Ekspor Pasir Laut, Potensi Penerimaan RI Bisa Capai Rp 2,5 T",CNBC Indonesia,2024-09-30 07:00:00,https://news.google.com/rss/articles/CBMiuAFBVV95cUxNMjNINWNaV2hkR0FIdWRCRUxMQkVYQlZtR014cTRMWHlvTmpUVktTLTlUTHRHYXg0YWotclJwemtLZDctdG52YzdsanRwSjRTaHhnZHFIQ09pU0hYVWRfb2ZFY3VzS3ZmRDRrV1JOdGNNOFJoQXBYSGtEVllFWWp6MXY3TjJJdUotUkR0bzNKWnE1Q0hwVGVCbk1HS0xSWWNaVjZZWkNlSm9MeFdMd2paYU90SWhxaGpp0gG-AUFVX3lxTE8zbzdDaVlfZU83TjNiVVNqb2k5VGNFdVZkSm5TVkN2aGJQVzgzQXBzandPR1pqWW5CN2R2MkE0WnpqTVRCcjV4U3JLVkNDVF9PVHhHNVA3dUFWUVNFUVdxS2dFNzhhNXJGdWZEX09TZ3dRcGoxb3ltS29oay1ybGZ4a0dJdl9Rb01YZC1ZU2tSOVRQaW1TSWFPbzVtUFlfdUxvaFk3a21PamVuQVNMbGxpRVZTZFdBWFUwTTlnLUE?oc=5,True,mendukung,0,1,E3_ekspor_dibuka
Perusahaan Yusril dan Anak Rokhmin Dahuri Disebut Masuk Daftar Calon Penambang Pasir Laut,Tempo.co,2024-10-01 07:00:00,https://news.google.com/rss/articles/CBMiwAFBVV95cUxQSE1XekVpWHFFV0ZtQ0VTQThnWHBuMWc1bGZuWng3OEdlZFU0RUlNaTNSdTZCSUVVb1NkNUxfb2tnOFFSaTVEMHlYc0ZVQWlNTFB3MTlUUkh5NWhhcXJlbWpxZ0NCblFRLTRLT1RJWGMxaE9WMVE1cXFZLUdaeHU0WGRJeVZ1XzBnaTZ6NUlrcDAtQVg5alB4Y0VkZlJmOVdtcjZsX3E0OVJtenUtZGI5ZXBZdHd5dy1Lb1ZiNmtlaDE?oc=5,True,netral,0,0,E3_ekspor_dibuka
Singapura Jadi Calon Pembeli Pasir Laut Indonesia,Tempo.co,2024-10-01 07:00:00,https://news.google.com/rss/articles/CBMiiwFBVV95cUxOT1dXYzBkZC1ORnlMaFlLaldDWUhIaGdFVklaSHhyRHd6MGFvSGs3cjlKdlZrdldnRm5zR0d3b0FVcVFTMUJ6UG13NmRGMmVESm9DLVZmaXhyeng1UXhnbmd0YmV5ajY0VWY3TDJ2NEw5d1RjQlJBSktSeDgzc210enJ2WVZNaG5PQ3g4?oc=5,True,netral,0,0,E3_ekspor_dibuka
"Disebut Gagal Paham, WALHI ""Kuliahi"" Jokowi soal Teori Pembentukan Sedimen Pasir",Suara.com,2024-10-01 07:00:00,https://news.google.com/rss/articles/CBMivwFBVV95cUxPdjJsUl9leGJsZ29kYUw1YWs5Y1VZck44VnJidGY5V2ZDcWJaeTBPSjF6Y3RoRlhpeFJzanJfY0JMSVBtcjJsSTliVS13ZnV4SVB4ZVRpTFVUb1ptclVwaDdNMTJLTmxSb2RldzhfamRFWTV4S3UxUTBQWE00WTN5dUQtVjJ5dVY0RWIxV2VqUmlnTmJ0S3JSeUlhbzNuTEFHNnRUZ3JEalJzOFpETFZ3OExFcWk3TzRlUG1kTkxxNNIBvwFBVV95cUxPOXdfMDU5aUdHY29uN1B6OW15cmgtdTR4WjVSczR1bUozdkhLd1o1bjRyWkJPY1RNR0RxWGJFa2h3QklNQlNpanVzdkFiX3BCM3RuMXZDWWpvak9TV05LZVpaY0dSd0prUmxyZTlSRmZhdldPSnFCcWxoTjJ2VDJ5N1NxZVdOUjQxb25sNXRyQVJxYUhESzhWOE5STXlGdU8tYllHSGFRMHZ5YzhfcDJnbTZuWFQ5TjdxNjVSTWl2MA?oc=5,False,di_luar_topik,0,0,E3_ekspor_dibuka
Perusahaan Adik Prabowo Subianto Ikut Daftar Calon Penambang Pasir Laut,Tempo.co,2024-10-02 07:00:00,https://news.google.com/rss/articles/CBMiqAFBVV95cUxNMFJUM01MdmFmMkxqYmRJMEFWZ3plZmJiRW53UVl5QTBCME4zOTZaZzFzRkVtZ0ZGck5GZ2hZR3ZNcFdvME93S1VLQ2s1czJYanZROXBpZXM0clJIYUJDeGJRX0tmeFRRM1l5WkRzOHZNd3JWOHMyYmpJVzFlMk41bEkzWEk1VGpIbDZqRkk2MG1HUVM0Vk5PQldDcXU3RlVmRnlFUWFBR0I?oc=5,True,netral,0,0,E3_ekspor_dibuka
Ekonom: Kebijakan Ekspor Pasir Laut Lebih Banyak Dampak Negatifnya Bagi Indonesia,kontan.co.id,2024-10-02 07:00:00,https://news.google.com/rss/articles/CBMitgFBVV95cUxNaWQ2SlRuX1hMT0lzVHdVSTA1T3AtUHEwcHFYZWdOckJPT29oakZsUUUzNndaZnlQV0t4ZXNpZVgtNnMxOUVXMVNGdVRmdmdpTFB3Q0tVaGx2NUhIYjE5NkNrdnRHZ0dFYnBKc0pKZndZek9JeTZtT1JTR2pWTXAtdHRfYVA0U2RfbVAyY3pRdnFQS0NjTFgzdkpvMFZTMjI0U2hIalVlTV9XdmZtaG9PYWpHYW92QdIBrwFBVV95cUxNdENoSlg1S3NHNG4xV3BxV0N2RzUwand3akk0cWpFZlJscVB3SHFhR0g1RXNJX1dJbE1wdTBhMk9vcFRTU0VSUkFnUWR0djU5UnFlRDVYaHJlU1luOE10TXQ1VzNlZGNoZmNCMzBCRDNRT25vQmdIdmM5M2hxc21xaUlFM3Ezc2Y4a3IzOW1tdlRnM05GUjBTWXpiSFVHS2c4N2ZjQ0w3YnlaV0NnQXJN?oc=5,True,netral,0,0,E3_ekspor_dibuka
"Selain Milik Yusril, Ada 65 Perusahaan Menunggu Izin Keruk Pasir Laut",Tempo.co,2024-10-02 07:00:00,https://news.google.com/rss/articles/CBMipAFBVV95cUxNN3VRamFWSTZwWjNTMTBkSkJpU2YzVjZrOU5sbVU0dEdEcEZTVnFETm5ETG5uMmNYOVpNcE96RnFsRmtxUWpFOTl5Qm1lQ2pHYTBHVzAzQTVlU2VTdkNhVFB6eHc1TEx6LVJQcktXXzZsQktXV0dXVU1nbXZZUm92eW0xVXk2SC1LZ1lHM1drV21odzBwb1ZVV2Rna05YRmszQV9Wcw?oc=5,True,netral,0,0,E3_ekspor_dibuka
"Universitas Bhayangkara Jakarta Raya Luluskan 1.055 Mahasiswa, Captain Marcellus Hakeng Jayawibawa Raih Penghargaan Tertinggi",Sonora.id,2024-10-02 07:00:00,https://news.google.com/rss/articles/CBMi8gFBVV95cUxNM1huWFhLTUFsVm0tXzR3MzdtalE3TWQ3a0V1QlJnVzVTelM5U2d2dzR5ZHVmbzJyQ2haNzZCR1VacFRSZlJUUkdHU2Q1Q1YxZnRHc3NSNDVWekx1dEs2ei1BTGNESTdPU2Q1NlBxTGFfU0swRjNrUFlxbXNTRkppREx3d3lVT2FzcnA1emo5M2hsNEdoN0F1UkIyT3JWdkpxVGtFZDRiUk9yWGZlT3JyencyUXR5cnhqUGo3cExBNGRmTjJUZERTRm80UzE5SXNEYkdXWkZzVWdndEhhRXpCQ1BVTDBJZnVEeUh3SXlpY09vdw?oc=5,False,di_luar_topik,0,0,E3_ekspor_dibuka
Alasan Yusril Ihza Mahendra Ikut Menambang Pasir Laut: Singapura Membutuhkan,Tempo.co,2024-10-02 07:00:00,https://news.google.com/rss/articles/CBMirgFBVV95cUxNY2VEdE5idEJWYVJnN1RkYVQ3M3dMdC1sM09oeF8ybkEyWFprNHY4cXM2OXl0SEZFV0xvVHJDRDFuYzQtblpDZ1hwZ3Jjcm9POWdSUXZGY0daVk84TFA3UWcwVGp0OFM3S195LXRPN1R6RHNveG4yS0JPTkVkNExTYjFaSkFrbEF1MTY1Y0RJUTFTSmVPZ0JHY2ZqYmwtcENuZ3c1SlpGYnpIVVJ4MWc?oc=5,True,netral,0,0,E3_ekspor_dibuka
"Pasir Laut, Sedimen, dan Perlindungan Ekosistem Pesisir",detikNews,2024-10-02 07:00:00,https://news.google.com/rss/articles/CBMilwFBVV95cUxNZzhZZXVONWNCUUZRdHVXS0h5aW9vT1ZRelBseE1ja2VMcnllVlczVVotc3otbUIyU053OVB2T1M3TFZfc3ZXd2trWl9adWVuZnlDdXhQNm1XTlV4TXJSZnkxTm5aUnVCQlRwREMyREJnQzNIbThiNmticXF2MGdrbmJxb0t5M2NGelBEaDNvbjliRWZITzNn0gGcAUFVX3lxTE9oSjdpaXVKNk1EUHJLUjdUcGJNMEV4dEFqQjdCb1pEUjJUaGd5NjdtenZZQ19RNzBGZXowbzNFeUJSNTkzdUJBTkZ3a3dYN3E2TmJhaWZ1TnFxc0c0THJCUFdxeWFYeHpyR3llSzZLR3ZuRjY2UUtSQmFyQkVMX3ZvWmhidWpkZU52WmMydDRSV184OVIzcWpRQWh0Ng?oc=5,True,netral,0,0,E3_ekspor_dibuka
"Belum Ada PKKPRL untuk Pemanfaatan Hasil Sedimentasi di Kepri, Titik Lokasi Pasti Pemanfaatan Hasil Sedimentasi Sedang Dikaji",Batam Pos,2024-10-02 07:00:00,https://news.google.com/rss/articles/CBMi8AFBVV95cUxQd21URW9DQTZ5amxsNFdFa2N4anRORlc4cWJBT3lJQmxkN3ZlVVNMbm1xaDhGQVpNU3MyVS13cnhpQ01zQXlwTUkzYWxiNHhDaVhuX1J1S04xcGlXYzdyZm9pZ2lTNlBvaU9pSHRfVXkycWdKTFRpaEFHWENobU12M0R2Z3ExbkU2VGtUSWsxVzRRaEdGbTQ1OTBxRFdaSTVPTmFuUjRaOUdxd1BjTnRKak9yNE9mOFFUZ0RleGp5WmpURmNYeVBvQVJLM1Y2eHdHZ1RnUUtBTkdXM1hEUVNjZTRUNzNjZTZwZDAxcUs2TzU?oc=5,True,netral,0,0,E3_ekspor_dibuka
Permen KKP Nomor 16 Tahun 2024 Dinilai Kebijakan Instan yang Berpotensi Rusak Laut Kepri,Batam Pos,2024-10-02 07:00:00,https://news.google.com/rss/articles/CBMiwAFBVV95cUxQekNXZVktR2FHaV8tc0hmYjlta1A2a05jRWlDeENlZHF5UGNpZGFRNUptWkNhWkxJeThaTFF4dW5qZU9GTVlPVk1aSndlRldIYmhnRXl5cDBWeDk2TGQ4VjM1ZDBHRldJVTc2ZU5WVDdDdjkxSVhwczlVcXpScVFYU1JzRDd6WXZzbGxFekU5dGs3bEhZYUNaeTBob0pCMUR0UHdMZEc1bjJPQnNnbGVSd1NIZF92VVJpVWViTXBnUVU?oc=5,False,di_luar_topik,1,0,E3_ekspor_dibuka
Keran Eskpor Pasir Laut Dibuka: Masyarakat Pesisir Terancam Abrasi Halaman 1,Kompasiana.com,2024-10-02 07:00:00,https://news.google.com/rss/articles/CBMi1gFBVV95cUxNQ005M183b2NEX3lUelViNU9nTjRJdk5ZYVo0VWtiMFlWNVhXU2E0WUF3N0VZNkxfaE94MWN3S1FIenBEdldESGRRaEdKWjZDWkNaYkhIVUdWX0tQWEFJZzk4Wi1uR1BTVEd2RzF0SEVHc3FnSmpYVldhYlBOX1lUdlJaTk9oamV2eTRhTzJLUkZvUkpTdHZ1bDd5Y29sZFF0UDFDSy1tLXB0OE50RXhWSUpPNERPeUxGUGdfOXhVeHJiakhUUUwxNm11Tk1OclNESUVQTTRn?oc=5,True,menolak,2,0,E3_ekspor_dibuka
HNSI Karimun Respons Tentang Rencana Tambang Pasir Laut,Ulasan.co,2024-10-03 07:00:00,https://news.google.com/rss/articles/CBMif0FVX3lxTE12Vk1fa2hyeVMtX1FhbUR3T2gzRXdFQlJjazF6Y0RtMTBUZzNYelNLb096QTVuSXBrX0p5VWgzQ1ljbkF1b1UwdmdoX1RsYTAwNHlBN19aZVdkcXR2bVVZSU84YnpQelJySXFKOFpzcWIza2hXZHdDTENHci1JX2fSAYcBQVVfeXFMT0IxWExZb1h3VFNBRDFXNUFfVnRKaFMycE9wM2o2VExsTWZjSkVyN1JwbDEwOUl2TFN5S1lDeHhab1hVRDdCVzlYQjBUQlZ1dFRPODVEaEFFam5lUUhKQlZNdHJiWEF0c3N6TzJSZEt2NDFvSGh6QllSWmVsdWFkUThuSGh6azg4?oc=5,True,netral,0,0,E3_ekspor_dibuka
"Rieke Diah Pitaloka Terpilih Lagi Jadi Anggota DPR, Tetapkan Lawan Kebijakan Ekspor Pasir Laut",Tempo.co,2024-10-03 07:00:00,https://news.google.com/rss/articles/CBMixgFBVV95cUxOQW5jYUk1bnp4X29FQWZiX2IwUDhDTkdqQ1o5bjdGX3RGdzR2RWItT3pXQ2o5YUpmamdDWFVQOEd1RHFjcURSY1NkbmxpVXhGajB2ek83X0RrUEhrSUJfaF9fdFRSNE1SY3JvRXpiLXBaUTZ2S21FV3BCVnRsSTV3UzJMR0FYY19fLWJxVTFtcmFKNU5FTVF1UXRMV3ZHUG84YXBtUUZOb3RuOHNlRHhkZjhMNDdwMTh6aUdNNjNVRU55M2tqQ1E?oc=5,True,menolak,1,0,E3_ekspor_dibuka
Ekspor Pasir Laut: Kerugian Ekologi hingga Polemik Mengenai Sedimentasi,Tempo.co,2024-10-03 07:00:00,https://news.google.com/rss/articles/CBMipwFBVV95cUxOZGJnRDc2VmVwaTlSZ2d5OWx6RDBuNktydXRxZzNmRDJzOW8yNzJMUTZkRElHNnQxWlFhUXNVeV9Bc055U0NFdDAwc1lHREw1ZlpyaGhzajFBcER0ZjNqUVVfS1N0ZUJ6WE1rVWE3Qnd4MUdyZnotMWN2YW1nMjE4WV9FNVNoUWNWV2QyNzVHRkFmZzJrbF8xZnpfcTYxUWQta1BuLUFqWQ?oc=5,True,menolak,1,0,E3_ekspor_dibuka
Studi: Ekspor Pasir Laut Justru Rugikan Negara Lebih Banyak,Kompas.com,2024-10-03 07:00:00,https://news.google.com/rss/articles/CBMivgFBVV95cUxNc2hNSzhsdWhydF96NnFvU2R0VTRCVjFRRW9mMngzWmtpRURBRGJTU0w0T05mbno4NDd5cnNjTFVmZTVoV1VIN19GVGVudG9mYkhkVnVQZ0dxZlljeHN3N25xOXM4SlBqN1V4YzVWXzRQS1hoZnpBZE5XejJMdnJ4VFZ6Q2JDVnNrdjZncXlHTVNUQU1BazNzZnFNWlFKeVZVeW9rRXBZNVUwNWlKck1hY3dwVWRlYS1uMUVySXdB?oc=5,True,menolak,1,0,E3_ekspor_dibuka
HNSI Kepri Minta Pemerintah Kaji Ulang Penerapan Tambang Pasir Laut,Ulasan.co,2024-10-04 07:00:00,https://news.google.com/rss/articles/CBMijwFBVV95cUxQNEJ0bF9oSVMweGFFdHZvOC01dE5vWmZ5d1BJMVFHMWE3SVJlWG5nWVNGeDZzaUNLQjVGOG5JVUg2MnZrSFBoZ3IxY2IyTzFJdTVfUXdtWWFXOEM1SWN2ZG0zZlBvY3FQWElyR0g2MDN0cXBnNHVuQUFUX0czc1RjTU9HWkNJZHVYOFk4YjZ5NNIBlwFBVV95cUxObmJ6eW9XSkZ5S25udFAxcUFYcEMzUjBVdlB3ZmJkazNIaGk0c1ZoM084OHptTm44RnRpcnoyRWVmVW9WX1BBUVJzNnhSb1hJUFAxeWpzelc0d1lHYUxWeTlWUWhxNWZEYmFjcGtZQTExZ29vOE9wbDE5UUtPTEFTVEJsMDJZcGg0dm5FMXdPQ1ozV2R2Z1FJ?oc=5,True,menolak,1,0,E3_ekspor_dibuka
"Gara-gara Bisnis Pasir Laut, Gelar Profesor Yusril Dipertanyakan, Ferdinand: Harusnya Lebih Paham Dampak Kerusakannya",FAJAR,2024-10-04 07:00:00,https://news.google.com/rss/articles/CBMi3wFBVV95cUxNYWZwRjF0al9hM2xBanhDejNXZEhSbC01dUhxZ1hvNUhtenpORERKOEIzZy1NdDV3VzVlVXNIRjZQT1hTdmxVaF9PbHExWXBCaktpekc1ZjFoMldpaWJ6MER0X2hBeUQyWXQxUVpZNG5HRnd2Ti0wX3FERWdmNktuN2lIbnRWZGNWQ0dBUkJHbXBOWmNwODRrVF9ibThnZkdmYVFZNTFSYkNSbV9SdlY5ZFJYSWx4aFpOY0lIa0FyX05NQmNaSVFhYjdZN2xIRUJXZVBKcW1XVEdtSU9NN2Nn?oc=5,True,menolak,1,0,E3_ekspor_dibuka
Yusril Ihza Mahendra Dikritik Tajam Said Didu Terkait Bisnis Tambang Pasir Laut,FAJAR,2024-10-04 07:00:00,https://news.google.com/rss/articles/CBMisAFBVV95cUxONWZsUmZqOHJzVUpINjFtV0FDYTVZX3p1RkRHZGpGeXYwTVN3Zm9IMHNUVERadm54SmFBTF80c05nVm5wa3p6WXNMYjlqb2Z6V21ocnVZelJzTEtJU0VQWjhHb19RSl9EYnNnTGhLMjlpalJWSE5kQlNYdEd6YzVNZ1ZWQUdpNUtBYnN6c09tbi0wUjAwMk9jZW03VjRiVHV0U3h4cVBmUHBjUzYzOVpSWg?oc=5,True,menolak,1,0,E3_ekspor_dibuka
Ini Rencana Mega Proyek Singapura yang Akan Butuhkan Pasir Laut Indonesia,Tempo.co,2024-10-05 07:00:00,https://news.google.com/rss/articles/CBMiqwFBVV95cUxNSUR4d0hfdU5YY0JOaEM1bk5pTU4yMk81eUhWN3pRS0JGZWVuRGlKTW9QeXFMd09nYVdNVG8ybFM5cV9BVEpja2c5WDQySDI3VXIzNnByWUNqMWNTUVhFdlpfNHlLeUw2WTVyRWg3ZFNTdHljTDAtZFRxaTJyc1FSckMwT0FRUWstSl8wcE9rU19LUFgybWlRLVdIdER1ellXXzJmTDZBY3VJSFk?oc=5,True,netral,0,0,E3_ekspor_dibuka
"Profil PT Gajamina Sakti Nusantara, Perusahaan Yusril Ihza yang Ikut Menambang Pasir Laut",Tempo.co,2024-10-05 07:00:00,https://news.google.com/rss/articles/CBMivwFBVV95cUxOWkdjNlE3OV9hNmRUMXNaSDlYVGc0X0xBcnUyYVZCckNSTHVhdEJzQmZ1RzlDZ3ZWUDVaek9FbEJBTWF5N1VoY09lOEdNSW0td2FuMi13anRqdVFHV1FnRFVYNGd1NkloSU1KUUVBUnBSRldodTAwWXJpd0lKNzlrdkFsWU1VQTBUS25lc013QnZRdTdwbi1zQUNWUEpiT0xaemUxcnRPR0tnVUhQVVNiTzluOGd2bUJNRi15N0U3TQ?oc=5,True,mendukung,0,1,E3_ekspor_dibuka
Kak Onyot: Spongebob dan Patrick Indonesia Jadi Gelandangan Akibat Pasir Laut Dikeruk - daulat.co,daulat.co,2024-10-05 07:00:00,https://news.google.com/rss/articles/CBMiwwFBVV95cUxPYk4xcDBWR1gybkgxUmJSQ1BUWm15a0lmUWtSSGxzSUFhVC1kZDJxdmRyMnFqMUZYSGJ2OHVJUmlIR1diVU5OOUJXR3JJRkpnRVRNQTAxMFJ0LTl0ZUtaSUp5QjJvNTJfczVqNEZnRUtLZ0xfNTRZaWFJU3FNTEFqbTZqcDE1eEFRVC1ySUlHZGh1UHpkTHk4eVFJMldraXlsM2xrVHZub2d4Y1BhX3pSWUpva2FMU0N6ZUFJNklDZ25GdjTSAcgBQVVfeXFMT1lxbUdGVlhYT0dTbW5MTUZkWmJSOFFnT2NxUEthamtOejdtNkpSWUxyMG1OZjFqajUwdWlLeUtKN2ZpeW01Q3RaTF9TbEdfdVdJb1ZpVTZ2eUc0NFFxVWw4SUdZd04tbGs5R0sxaGQ5eDhmOG9MeUlUcXU3Nk92azFaZ1Q4RktEUzdmZEpZb0hoSVlkVS1xcHEzVy1uM1cwSHhKdnFZc2RuTmtlOFo3bmpQR010SjlROGtGaHJJRmJ2ZjJ1TkhtSEw?oc=5,True,netral,0,0,E3_ekspor_dibuka
Sakti Wahyu Trenggono: Menjaga Keseimbangan Kepentingan Ekonomi dan Ekologi (3),Kompas.id,2024-10-05 07:00:00,https://news.google.com/rss/articles/CBMimgFBVV95cUxQVzYtOVVEcWcxSzhsLUFvTkxWMEF4RHdKaEZhNXJNTGhHMEs3a0hKdmIzbHNYTXI0ZHNOWmZhMkotcThUUkZhTWY0X09lbFprY184YjltbDBDLXdUZGZGOERSZFhnZ1ZCMzRkbUVIVWFEbmx4YW9xc19oWnVxXzEyM2FpaFBqT1ZNZEJYNFFhREFmMEE1QWdRT2dB?oc=5,False,di_luar_topik,0,0,E3_ekspor_dibuka
Menimbang Ekspor Sedimentasi Pasir Laut,Kompas.com,2024-10-06 07:00:00,https://news.google.com/rss/articles/CBMioAFBVV95cUxPR2RYRVo5TUZuZS15VG9CdUFuSjBpUTQ4QnZ2cHhqaklSMF9LcVJPTVlHcDdkSWNXOWdjY1NRRzVEYnMzRzFHQk9oUkVCZmZ1a2tjX1Z1MjlvYlBzcU5XUmlpNzNLOW9UeGlrcFgwWl9NeTUzTzhhdHVSQkJZSzRLRG9NdDdoOUI0OEplbmZ5MVZVMGRkd05qMTFQUkNWbVVa?oc=5,True,netral,0,0,E3_ekspor_dibuka
"Selain Yusril Ihza, 3 Nama Ini Diduga Ikut Bermain di Penambangan Pasir Laut",Tempo.co,2024-10-06 07:00:00,https://news.google.com/rss/articles/CBMirgFBVV95cUxQTTQxbm9INzRUVW02a3BjT3dKTmRhUEtjdkdqVW9KWC1EZkMydTYtc2R4YmVjVjVBU09VcDNJaDI2UG44Rlhlb1NKZFlfemVFOUVwcnplN0h2NGFaam9GeXRQUkVqV0tJX1hHUlNZaHNhaEswWURDWU0xQVEzMWFIbE1BUlVvTWtMQnRqQTU4TmxQYjVVVXJQemthWWg3Qjk0QS1VSmZPZUhLRlgxSWc?oc=5,True,menolak,1,0,E3_ekspor_dibuka
Penambangan Pasir Laut Era Jokowi,Validnews.id,2024-10-07 07:00:00,https://news.google.com/rss/articles/CBMickFVX3lxTE1kZUxhSDd1OWZHS0tJUE1JNm1iaWhXekN0UXNGMzR0SGptMlBQTzJJVGxQT0ZKNmlLeS10ZFNWeER5YVhrYW5xZkFqdGxaa2Ytd195dkJyUVpXZEZXNXBvZ2otTDRqUllWMWtkRmRBNThjdw?oc=5,True,netral,0,0,E3_ekspor_dibuka
Sengkarut Ekspor Pasir Laut,Universitas Muhammadiyah Surakarta,2024-10-07 09:17:37,https://news.google.com/rss/articles/CBMie0FVX3lxTFBhV1RFRy1FT3lMQzh3LU1wUk1vcTgwX0stVWRlQ1FFaGhWc3JYWXVyRmc4NVVBODR2QUZYX2w5QXRfdkdEa2Ztb1JXdWtPa1B4bk9HXzk2RXpVSUtpVEIydUFDRU1lb2pUZTZ6MFlmZ3lvN2dQX2VTU3VvYw?oc=5,True,netral,0,0,E3_ekspor_dibuka
Prabowo Siap Bangun Tanggul Laut Raksasa di Utara Jawa,Suara Pemerintah,2024-10-08 07:00:00,https://news.google.com/rss/articles/CBMilAFBVV95cUxOZ0ktdmhLNGVDQzg5T0JtQzk3Ym1UUVZCM05qMnpwbjltbHFMQk94d0h4VUh0cVhDbzhFNUFZN2UtRWV1UVotaEJBSXY1X0ppbzdVRXZRZ1p0WjZOazVhZFh2MXJ3WFVIS05PcFhLd0Y3QUxXdGl4RnRrcWZtRWZJM2M5aVFNVHNYMTU1QXNLUG55d0tT?oc=5,False,di_luar_topik,0,0,E3_ekspor_dibuka
KKP Tangkap 2 Kapal Isap Pasir Laut Berbendera Asing di Batam,Ulasan.co,2024-10-09 07:00:00,https://news.google.com/rss/articles/CBMihwFBVV95cUxNbERYVG5tVk1JOU9GRF9wVVNJbDlRdUJFdHJ4aEFGLUU1c2w0TmhuMVZpbEsySTVUZUczLUpiX0ZlZEFNQmhOc3RhenFwbHNHVGg3ZGtSVHNIay1kSkRheE9DNUtyNi0zQTlobS1sR0Qwbm9id3AtTkdUemFERFFTejZ2TzBFcFXSAY8BQVVfeXFMUFVBNkRnMTFHaW1iSnk1dDV4YVFvQ3UxRWQ3MUlRUnBEdV9lLWhPQ1gwLUFIeVpUWkNzcnlTMW9MUGhYbnc2Wlk0bjBzSTNYVlR3YjY1aWJfWTJtOE9ZaG84dFkyOS1SZlFVSFJzUE5SRW5ZMnNkaTk3d2pHUzFBSjlST0tLQjY0MFJaR0hUclk?oc=5,True,netral,0,0,E3_ekspor_dibuka
Persyaratan Perusahaan yang Bisa Urus Izin Pemanfaatan Pasir Laut,kontan.co.id,2024-10-10 07:00:00,https://news.google.com/rss/articles/CBMiogFBVV95cUxQMHlXWkxkUjdtNmNzWDBqZ0RUUkdYM1JTOXhxblhLNGVySDhfVU4zcGJ1NHh6ZV9iV0JNY0c2Nk9Kb3BKdkNFTFBXemktZV9UbmIyeUZaWFdzNktMRnNvaS1uYndjSzhrR09YcnVsRGI1SWN4QnF3YzBfbDRqOS1RX0RNRmhBdDctV2hLRGdxQmQyYlo0a0FLN1FNeElWMDBuS0HSAZsBQVVfeXFMUGo0MGpHLXVDOWpWcW5ZUjZ5aGFDZ1k4bGRWVFk3a19VT2hBc19CanpLWjNKYlJNRzBqNHMySTd0bzBDSVJxdk5EYWhKYTd1RE5oSjNBZDUzNmVvWFhVSXMtOWRhdVM3OVBSRnpDcXowVzNOYXFUS1pNLVl1NGZIdWs3TTNicXNuTkNKZXRUVExRZG16cXp4UjdTaGc?oc=5,True,netral,0,0,E3_ekspor_dibuka
"Diduga Curi Pasir Laut Indonesia, Dua Kapal Malaysia Ditangkap",Kompas.id,2024-10-10 07:00:00,https://news.google.com/rss/articles/CBMijAFBVV95cUxNZi1CY2hHNHNuY0N5SW5oZVF6OEticnZ0NHI5UDlHZ1EtNUU5SGhla3pWSEtJUFpkRk1KOFJxTXFLSG1qSzlDRzJxeVpJeGtWYTE0dzRGcmUyV1pDeVhYM3haRUV6d0N6TW1uQ2laWHF3UzFKMWJNTk9xck5XUkRUbVV6LXZxdHh0TmZXQg?oc=5,True,netral,0,0,E3_ekspor_dibuka
Dua Kapal Asing Keruk Pasir Ditangkap KKP di Batam,MataKepri,2024-10-10 07:00:00,https://news.google.com/rss/articles/CBMifEFVX3lxTE5VcUZwU3N5alNrbXplcEt5cm92MHlHZTNlWG81eUYxamlUaW1BN0RMeV9FaExSVDRXNTJ1U1JGdHRjSFdVME9TZkFBN1JiSVhtNVo0NThZVlpOcHRUN2FDOXJndWZSODFhdFNEVEZOSERGWnZKbW1XUlFIeFY?oc=5,True,netral,0,0,E3_ekspor_dibuka
KKP Hentikan 2 Operasional Kapal Isap Pasir Bendera Singapura di Perairan Batam,KKP | Kementerian Kelautan dan Perikanan,2024-10-10 07:00:00,https://news.google.com/rss/articles/CBMixwFBVV95cUxNbVNSYnFObXBuZTBrVkNrWlI0NVd5YUphS3BNUGhfTk56ejhmYjlDQ1FqX0dlVnNmMWE5RDFxT2QtTEtYVHlxS3cyV2cteW83R1djbmlveEhLLUxzNzhGVHFNdVR6M2dHb3RnQTEtcnVVNGI2a25GMFBJVkpJWkFYazktLURTemcwalJkVHlMUlpVZ0VnUDlJY01vQWx5b09kQzgtdDM2UGpYMERjaC01aGM0UHloV1F4TUliT00tcEV3X2JaWWNF?oc=5,True,netral,0,0,E3_ekspor_dibuka
KKP: Keruk pasir laut di Kepri rugikan negara Rp223 miliar,ANTARA News,2024-10-10 07:00:00,https://news.google.com/rss/articles/CBMingFBVV95cUxOZHFIX2tTdWpuR1pTdkxjcmlHd3luSDkzSGY5WTJDTE1PbllKOVQzcUpobFoyVmVFcElqSnFIdW1aT0VFdEpGYkFlWmJaUjRvbmhOT2JyaGRCdXV4bTRlWFBMTld1NUdVTkhianF6UVkwMVI0YTRwejBWTk9rRzBXTkd1cGYybDBTYUdJaHNBeEJzUmtaeHhyNUVtWkQwZ9IBowFBVV95cUxPTTlObXJiYlJDVElIRVgwcXpfUUlfRG9uc2tGU1dLNVZYeHVaMlEyQU9ScVRkOHBDdHJ1OHZSUVoxTl9JS3hSYklycWc1S3JzNV9JU1hoLUt2Tkh3cTgzcWxWSGttbVowdmRCMnZuM3hrQzFiRFljSHgzSGY3SlVjb1VTNmNRSlFmRjRzMjduMUFsNFZMSVJMQzRSWm5pbm02NVQ4?oc=5,True,menolak,1,0,E3_ekspor_dibuka
"Mengancam Lingkungan dan Berkonflik Sosial, Nelayan Kepri Tolak Penambangan Pasir Laut",Mongabay.co.id,2024-10-10 07:00:00,https://news.google.com/rss/articles/CBMivAFBVV95cUxNTDJpM3Z4Q2ItZzBRWERVRE9CQzE1MjAzbFFCY21EaGZSZllhMzVrUHJzWW5zbWVMaUFDTUgtdHRZeUNpeWdLa2FfWFplZ2VBaHZuZkJIOWJuWjJLN1hYcWstV1J6SnVzQnhmZlQ3SFF5X2NCZFFNb3gwQ0N2cWZLSXBWVmU0TGJnZC0wR25BSmdhZmlNdjhUeHYzbnB0S25iSHh6cGJTQVV4NjR4aDktYWNrRjFBRThtdThzeg?oc=5,True,menolak,2,0,E3_ekspor_dibuka
KKP Tangkap Kapal Isap Pasir Berbendera Malaysia di Perairan Batam,detikcom,2024-10-10 07:00:00,https://news.google.com/rss/articles/CBMiwAFBVV95cUxQOGFqQUdvM01ra1VBaUVwSjFSc080S09saEpqMG1yOTNkNE1qcG1mYlJBRmFWY0NMUThzTHN2RlZBZldPYlh0akxmSnlFUDAwNFMwTHFxbWdZcHNSak5jNnNhQVJXS1hMVFZKcUk1UHF2c2F2TGRNbWtFY3I5bURmN3dVaTNKb1FHQU54YzkzWW1oa3I0SkVtUzNMUG5CdVR5OVhNNE02YS1Dc05FT0RlMUNCbWpQLXZvaXBMQ0RrMHfSAcYBQVVfeXFMUHJrM1FFektFcDBheUU1eERnckhINTBkMTlMdl9DVlA5Wk1NX1ktR3hTQzdqY2tMZnhORS1wNVRiVW9GSkprd1JQbWxDMDAybHBnVUtCbUVkYzVoWVlkM3RMZnFYYjJvR0l2V21STFFTWlhSc1RTUEx3bE5PWmFDUkRqdFJpNFN6VDcxVUE0T1FNa1d6Ti1pYzVIUFd0YjJXUWg3OG03WlBXZUtDcURaY0toTnh2RlJaa1dkU21RakFfc0FWNGdn?oc=5,True,netral,0,0,E3_ekspor_dibuka
"Susi Menangis Kapal Singapura dengan Mudah Mencuri Pasir Laut Indonesia, Netizen Colek Prof Yusril",FAJAR,2024-10-11 07:00:00,https://news.google.com/rss/articles/CBMiyAFBVV95cUxOOW84TW02Y1JoWjRCODN2bWMxdXQ3YmtZcDNTQzhjc3Zod0l3WXEyX1F6VkJaY0V4VlNFTUktVGJVak1DYmdnR29wNUZMMDBKTUR0NHRxV3VSVWdibGZDSGFzd21UelVnbkkzamI4RWszQVdQc1pfLW9BZXNQNDhLOG85MmFiZFJ1QjJ4dFZaYkNuWXdiOWd3elc4Vm56MjAtYUVZVTEwa0NodXE0VXRxQUNDblYwSU04TksyZDB0RzQxU2VJcThwbw?oc=5,True,netral,0,0,E3_ekspor_dibuka
Kapal Keruk Singapura Tertangkap Sedang Mencuri Pasir Laut di Perairan Batam,Jurnal Patroli News,2024-10-11 07:00:00,https://news.google.com/rss/articles/CBMivAFBVV95cUxNalNxM3FTMl9JTGYwS3lFZnlyaHRVZGVXbER6aURwaXFFWGUxTHNVRnJ0UVo0Y3hQWkZsbkZJeldyVTV5eEZhZG5tdlpmUy1FWi05Yi1RYm9LRGdBb19JdUNxMW1EUjlsaTEtdk96TzZPYkVpMTdZTjQwVzZxQVFmUlpwVXpuanpKb0lxOEdoeDlhVjVfa0NBZlg1RlRZRlhiZ2FibjhZT2l3ajg4ZFlSdnZLUGlkdFpxV2VQXw?oc=5,True,netral,0,0,E3_ekspor_dibuka
"Dua Kapal Asing Diduga Keruk Pasir Laut di Pulau Batam, Kementerian Kelautan dan Perikanan Ambil Langkah Tegas - RBG.id",RBG.id,2024-10-11 07:00:00,https://news.google.com/rss/articles/CBMi7AFBVV95cUxPemtKTTlqZG9wYWozQnUxWEdjQnZOOE9POVF4TEdLYlhYZWN0VzBjSGhIT0RRRlo2WHI2bDlpd1dxelNtZ0g0N0lDV3J0bkVfSkxvaEhZc01QS0stZ3hRbTFsV1JWRm1ha2EtV1FmUkdQV2JUYTU2WVpHc2IyWmxZOTVTNUt3MWFFZ1hybEF6b3A5aFQybUFkRjg3OUM5RWVEQ2ZVaXJBV2RJWTcyV1d4cDN6R1lrczgzNTF5QktEQlFiQU16VnZFa0d2NE13VlpsNC1RWDl5dHVERTE4TFphUExLR1hlMGRHMkR3NdIB8gFBVV95cUxOMW5hVENKSV92QmN5ZjNTNlFmT0pVUnRzT3d4UTFzQzJiUmJPMWRGanlnaWJBQUNJTHVSS1RCN3cwUjd3WTVTTXVRMnZDa2tiLXYyVnczY1hrejVyQlV2R3kteEdGc2QxVHRuanhCUVpKOHNwd19vQUE5WW9xYng2Snl0bnNTMVg5T19QXzVRNDJ0SW5Wcy1vUENTTG9DVkhQbE5xUDZDVkFzUFZ3bnVLZmNLRzVZSXlpcVpNbEpSVzJCV1E2UlB4ZXhoUGN0QmdER2NwUjhXeGlaWHNsejk4ZFBXY0daZFM5OXZaYk5JZzVGdw?oc=5,True,netral,0,0,E3_ekspor_dibuka
Dua Kapal Asing Raksasa Penyedot Pasir Laut Ditangkap di Batam,Teropong Media,2024-10-11 07:00:00,https://news.google.com/rss/articles/CBMikgFBVV95cUxPdHVDaU14bXZyejVUdm8yS2ItOFp5clJMNzltMlhLYmp2bEg4OHFhMzF3MndWaG9qU0FLR2JZTmh1T2dJSTM2c3ZzV05IOF9QekhKNDYzajhIUjQ4QXdLU0tSczZIN2ZaMGdkSk9BU2RxMUNzTW8zX05zUjZxNVdRWVRUR2o3bG5Wa25obXY2dDVzdw?oc=5,True,netral,0,0,E3_ekspor_dibuka
Dua Kapal Singapura Ketahuan Curi Pasir di Perairan Batam - kumparan.com,Kumparan.com,2024-10-11 07:00:00,https://news.google.com/rss/articles/CBMiqAFBVV95cUxQMnZJUGV5QzgzWkZmTTlELTZxV3lPdHFyZWtjN09UbVNyYmlNalBTOFl0TVVoVGY2enNjYi1scGZhTXZXNTFoaDBjNGF1QzRrZ1ZBMFZVV25wMk9lZUpZbm1zQ1VST3E5YlZOTWlBX3NkaldrbzdQQjZXYW5rZWJHSll1QkxaalFwWldEY213cWFWR2lzVVVobXVraTN2cV82czJzV0NNZEvSAbABQVVfeXFMTkFkYkRyOW44SFpnTnNSRkFVaDlEWEJPVzd5SkxCc3dQUGRWbzgzN0Vpbzk4UnNEYVM1OGhFYm1DcmMwanFuR0tkeW9vTUlrSUJNZzRnTEtDak05dGZKQS01M01tUDZzOFdPRjNpOGJzU09BRDFkbkJiZUxqQzVHOWZzZUZSRkZGN2xnbFQzaUFwRzNQT09Td3RGUWZlRjBsZjVtbEJ2YlhVOENMM0NrcUc?oc=5,True,netral,0,0,E3_ekspor_dibuka
"Kapal Singapura Maling Pasir di Batam, Sebulan Bolak-balik ke RI 10 Kali",Bisnis.com,2024-10-11 07:00:00,https://news.google.com/rss/articles/CBMiwgFBVV95cUxQakNNQ191SHR6QVZ1WXQ2WjIzdGxYSHpBV25UNG5EZktfVEZGUzBORi1SUHlOOGR5WW5hMTFjaXpBOExxYXNZUUhwdXUyRS03b093SjlmTUNPc2g5eVFsVi0wSm5GWFZWYzE0T3M0TXpRZ2JmNjNLenQ4dEJoRWVMdXFYRHhkN2pyYVktMUNGRUVZYVlRaURQdXBwR2g3Nm8tajZOenpKY1NIeEExT2dOZEdOcERHLTY1Njl5WUkyMjRndw?oc=5,False,di_luar_topik,0,0,E3_ekspor_dibuka
Kawasan Morodemak Jadi Pengembangan Kawasan Berbasis Pengelolaan Hasil Sedimentasi Laut,Pemerintah Provinsi Jawa Tengah,2024-10-11 07:00:00,https://news.google.com/rss/articles/CBMivAFBVV95cUxNbjdDUHd5LXJoQTdTNURKOTF6V0RtRlVPMmVUQ0F1dUFzOTJmbGNqbXFvMW5MazJKOVhjaHNyMVhyWUVtdFVOY2hrTzhlYUc4cklGS25kUlFWMkpmRTQ1MkFnV2lvczFYeEd5c2d1ckE0a2sySHhSTmlYREgxYnJNY05KU1VTMllpNnpNU3U5ejd1VEZVTHdtZUtabXI4VTlYcl9iejJDdjhxUkhrUHpUakgzR25zV2FSaVRRaw?oc=5,True,netral,0,0,E3_ekspor_dibuka
"Kapal Singapura Ketahuan Nyolong Pasir di Batam, Kena Deh!",finance.detik.com,2024-10-11 07:00:00,https://news.google.com/rss/articles/CBMitAFBVV95cUxQNUNidFJVQUN4a1dOS2pobFVxOVBZa1loWWFjUFYtRDFVTWFlR25XbVJsNGVvR1lKN1puN2NOWXBZeFg3U2V3NjlfWkZDV292eGRfZmNlaFpOdWhlUkRkbEFLTHR5a0lfS0k3TEk0Y2NzWU1KQzR3S3ZDQ0k2ZDdGUC15MDlzRXhzNzB5RDk2amhHcU91aGlqSFFHcTlDSUdWUENjM19ycFBSVXc5OWpBSXNBVEnSAboBQVVfeXFMUG5aNkJOaTJhZFFmQmxrSmRJUmFPWU93VGdiWGF1OE9DejROZGFkZGYydHFxUlF2TVZQNUEyRkxuYi1rVTZhaVJDSzFYcjBwV29nOFljTzV6cE9WNDkxOU01RWh4RGM0RG92Q0xfRXBEaUZxWWRLcUI2cXc5UTJSbXU3aWNnNjZ2dGJBbEpmWkxwQlYxN1hHRDBaOXpfN1F3cjNwa2Z4bkNyZGFYT0xuV2tvTzhFWWxyaUVR?oc=5,False,di_luar_topik,0,0,E3_ekspor_dibuka
Morodemak Jadi Lokasi Pengembangan Kawasan Berbasis Pengelolaan Hasil Sedimentasi Laut,Humas Provinsi Jawa Tengah,2024-10-11 07:00:00,https://news.google.com/rss/articles/CBMibkFVX3lxTE5NX081aWw0SGxHdW4tZ05VaXJXSmRjSXNRdE9JSDAweWZKUnp0ZGxoQkZwY1JSd1ljN3ZrUGpEdFpBbkRuOXpBclhNN3l6T01tcS1ld05ENE1VSlBuVVlqeHFTRG8xVDdlTEFSU0ln?oc=5,True,netral,0,0,E3_ekspor_dibuka
Infografik: Kebijakan Ekspor Pasir Laut Ancam Ekosistem Pesisir?,unair.ac.id,2024-10-11 07:00:00,https://news.google.com/rss/articles/CBMiiwFBVV95cUxObjNhbTFfVHJUSUFDUHUwOVlmTk1MeUR6Mnl6YTJfTUM1bWN3R05yQTdseGxYU3A3NTRhWjNlU2F2WGxNU1JCajRycERSQ0Njay1xTXN3WFZHR0NNQlMzNmNsbE1meFVnVHFKSlNlZ0Z0SDA5MEpNNk5RTWU2SVY5NktLbWJJN2ZfTGRR?oc=5,True,menolak,1,0,E3_ekspor_dibuka
Menteri Trenggono Manfaatkan Hasil Sedimentasi Laut Untuk Rehabilitasi Kawasan Morodemak,KKP | Kementerian Kelautan dan Perikanan,2024-10-11 07:00:00,https://news.google.com/rss/articles/CBMi0wFBVV95cUxQNDJtY3pOTXhId3BBY0xWaWxEVkZhdXV2V09hLUJjX0V2VWxTWnoxRzZPbG45NzE2WURFTE8xNHJQZmJhS2xlZWFVWHlKZUthVjlHcnBSNjgwUlM4MW1WQ0taaFVPYUhtQ3p4dUFsUHQzU3lVSFYzQ1BFdWwybDFOUlY5ZmlsLTE0eDBENzdCMEx4T3FCRVgta0pMYk8zZ0NRMDdEWXhhZHZ2LWcza2l6N0RRRnVNNEdmdWRaSDNyZ2JfNXhsN3UxMUoxRE5UU2FrMzNN?oc=5,True,netral,0,0,E3_ekspor_dibuka
"Kronologi Penangkapan Kapal Asing Sedot Pasir Laut di Batam, Pasir Dibawa ke Singapura",Tempo.co,2024-10-11 07:00:00,https://news.google.com/rss/articles/CBMitwFBVV95cUxOUmhpZjkzZGNrak0xYklSQ2IwMTVoOFF2Mkt2TDFQUUZHR1BhaWw0ZzBxbWt0SW5XSG1qSEMyRmlMQ0JKcS1iYzZITG51Z1FYRzczU1paaHZrcG9fcVNXZ0U5OUZqYWdia2pPX0c3Q3ZFc1g0SEp6MnNEUzNMRlVpbVlHN2M1M2hTMlJabXNDeVk4TG9QSVJmb0xlTktpclBNQVdwbkw4U2JacGNoYkpRbTRSTk5SY0U?oc=5,True,netral,0,0,E3_ekspor_dibuka
Kapal Asing Raksasa Penyedot Pasir Laut Ditangkap di Batam,CNN Indonesia,2024-10-11 07:00:00,https://news.google.com/rss/articles/CBMivwFBVV95cUxQVklaYmNtSzliRnNEU21tTU9fb3FRWldjU2VYZnJxTzdyaFZCa18tNFdZeWhJSGEwdVdpVmpBSjdfeTd4RmNLc0xsb2VlUV9TRGJ5ZHlTdWFJcVFvdE44ME9DeE5QTDUxWEtuZ0prTXUzS1h3YnNwSVMtcXhQTDg2UWJ0d2RkY3hqdEpQRkF2Z2RBXzdmMlhiMlJyZVpUWnVLemd1NkJpbktJYVBWU3MzTnhQUFIxblhjYmhZcjlGc9IBxAFBVV95cUxNUi1iMkJKT1Z5U2o4NXcxLUF4UmRjVndsaUV1VlQyQ0g3YmcyMDNWa1FwVUdJRHJpbXlTV2xPbWt0VTMxTGt0YTJlZFRCY09mbjFybEZQbkk1eVVvbXRzbDlyYUxYSTNLQjByOUZ6TFZ1c1ZmT2JKd1l3RUZHT3BqYWIzWFEzbzBnRk8tZl9pWkRZbmRzUDV5S1NZaHBnVEt0TURWVi1YWGhPSHlWb1VqX19wOHFtVnlBd0trSHpTQnk0U1dZ?oc=5,True,netral,0,0,E3_ekspor_dibuka
Kapal Singapura Kepergok Lagi Asyik Maling Pasir Laut di Batam,CNBC Indonesia,2024-10-11 07:00:00,https://news.google.com/rss/articles/CBMivgFBVV95cUxQRWxHUUhCaWJVb2xkcFpHY043SmtzWHlrY2JFdTRLdFhWNUVBQjM4RnFHbU5YTTd0TjI5NjBNcVgzcVVTRndJY1pXYTdSNTN5VGdEQ3pQYmxXVEpnd3NmaV9ZWk5kUC1XekdDYWZwdXBNXzg3aDljNEJWeVRzSFZYRE5DbEdldUxtODJzR09iS2ZMakNyNFRhODV3aEFibTZXWDhyRTZaWXJOZUJ1RTYzYWFpZ0JyVGQ0T3FmZmpB0gHDAUFVX3lxTE82STQzb0RHREZXbk9pcWdWWGRSN2lQX2VxSXJOMVpxdFk2VmxNM3BMSHI4ckhPWFRnTWdMTnlQOHlWSllodGVkTG9aT0RsUVdlNGNQQnVJUG9EYjBzVGJYZzVlLVc0bXpGQV84MUJaTjUzSW5FUTRnakNDdjBneU9qRW5NdEZiXzlwbkFKV1NBYXg3MzlxRGYxZlB2amJrUGhJN1JwSEdvaUF6Q0ZZZGxFbG53VDBkaGs5bUZDQ3MwNXotNA?oc=5,True,netral,0,0,E3_ekspor_dibuka
2 Kapal Singapura Tepergok Curi Pasir Laut di Batam,Kompas.com,2024-10-11 07:00:00,https://news.google.com/rss/articles/CBMipAFBVV95cUxNMnVzZlhGeXhMWWxVR1lMbjRyU0JNYXRQbXRtajJkWjc2VXl5Rmk0ZmFGSHVlZlNELVZpZjdpTkJpNGtSc2JHcmxJVlZpMFFhVVEwV1lOS2E2SUJFVG5WTGNDQnp6blg2UG5pNGRwNGI0OHFBakFYOVFOMGFqMWFpU3REbEtTaU1jTDNmMlN1SWg3cDhiR2FWNlBQeUs3OHFnYjE3RQ?oc=5,True,netral,0,0,E3_ekspor_dibuka
Dua Perusahaan Raksasa Membuat Izin Tambang Pasir Laut Sulit Dicabut?,rmoljatim,2024-10-12 07:00:00,https://news.google.com/rss/articles/CBMimAFBVV95cUxNN3Zod0tpNkJEWjloV0lZaVZkSnRHMGhrelpfRzdsdzRiVU9CVnJ1SWtMWkVsVnRTX08zbWJZNUJaZXlPNWVoN3R0YU15c0RKSzVoZ1p2cWVVQjd1TnNqbjU3bC1jWXEyRE5JX3pIOUZ2bHFFYUlpMUpyU0tCclZZODB4eWNYU3NaYmZxODhYNmxncTBDaHlMUQ?oc=5,True,netral,0,0,E3_ekspor_dibuka
Izin Tambang Pasir Laut Bakal Sulit Dicabut?,Rmol.id,2024-10-12 07:00:00,https://news.google.com/rss/articles/CBMilAFBVV95cUxOaWhvTElOYUdlNDZqSlAyQlB6NDRhZnhXUnc5TkYyeEg3SzBjWGRNSlFNVHVnclFCZHp6MzV4eEhCZkxlcmpCZGZITGd4dWdZcWdnTm9VZi0zTTU5Q0d5QXhPeUEwa2QtaFNqbEJlZGs1M2FuZl9aYWZqVS0tWEJUQkdWTWR6TFdodDJRY1Mya2w4eUNW?oc=5,True,netral,0,0,E3_ekspor_dibuka
"Dua Kapal Singapura Curi Pasir RI, 9 Jam Sedot Hingga 10 Ribu Meter Kubik",Radar Tuban,2024-10-12 07:00:00,https://news.google.com/rss/articles/CBMiwAFBVV95cUxNclJpa1AzSkwwVGZMN1NpZUQ0Qmx3UEdVejFpSUtZaDJ4NV9tOFBqTWREWE1iX2JJM0dyWlBxVlhoazhnM1JLQWwydG5FT1lFbm5CQU1BVmJGRVcteldCOTNkSDZZZVlzbjh5cWI3Y1BtU1g0aHMxeWpoR0V2MHlOQm5XMjFqQl9MU2pCNkFNS1ZDMExlanZFUXlSZF9wUEFrNVZZMVJXSFQxS0FtdGhLeWRsNFBRVm93eS1SUDJZejnSAcYBQVVfeXFMTUJIVjEyRUtPemJrNFdSZ1h1N3VmWmVTTl9ObW1wUkdCNl9nQWxRblE4Vm5ZZVMxcUVNNWl2VG92eGxiZWo5QWlrR0E1djBFWEFZcWlEdndDYmhia1JjNG1XT0x0R1hEcUstWHBBd2xCWnpwSHlPZ3hIamo4bHZ2c1RGYmlqa1luOHJNeEhLVnkteld2cjYxcVpQN0RiNU5CcW40TFVmaHJwNF9VWVFuclVqcGktd3B2bGh0LXZYUUExdWpjTnVn?oc=5,True,netral,0,0,E3_ekspor_dibuka
"Nyolong Pasir Laut Batam, Kapal Singapura 10 Kali Bolak-balik dalam Sebulan",finance.detik.com,2024-10-12 07:00:00,https://news.google.com/rss/articles/CBMizAFBVV95cUxPTXdHQW12WW10NzFLNjdSUEdIcFFJZ29uV2JIVVVrNWg0MzNHcHBoN1lMRHNibHltYzZpbWRSRm5lRkRhS0FwazZnZWhpRE9LdkJKVkVJNzhOOFNqQjJOUTlvYkFETl85LXJiSG5yY2QyWWp0NkVMbGEyT09LR05SekxmU1ZBNlpSLUNYWWJTMFVvbmJIYXFCM0NDbEJCMzljRWIzYng0VlJ0MmYySHdQV1Y5ZjlCZE5YWl9vZDRsLTBmM01kTnFiUFRmeVXSAdIBQVVfeXFMT1FPa0x2OHFOZ2hqSlRRWHA1THJLSXg2d29aSWdpdWctUFQ1NmF4U3U3cnZZeVZQVFNPZ3pYYlFDSkxxOVhhd3g1Rm1BaVVjVnBmTm5oQUtQLU5qWmpzRnJ0Z2YxckNjYlljQmxBb1BhQkt6M05SQllHUlYzVjBJVUVYeXdfdEpqN1lNWmlmN2VULXVBaHBiM2hWVmhtTTVDQjFrTUN3dlJqUk5xS0pmZWVPU0RvTTNmdnlSc0M3RWwxdjlMTk9PemthUEE5TzZPQVJn?oc=5,True,netral,0,0,E3_ekspor_dibuka
Saat Kapal Singapura Bolak-balik Curi Pasir RI Namun Baru Ketahuan,Kompas.com,2024-10-12 07:00:00,https://news.google.com/rss/articles/CBMiuAFBVV95cUxPNjhuZ1F1OVNxWTl3RDZ3YWlQNmprZmNMdHNoT3FlWmxLSUVQZ1l2Q2FOWE5LU2pFSVRSQ2F4OUJIdTQwUV83aTc2SUJQdmpyYm5zQ0tmUTFTdS1Eb0RyNkoxalU1NUtzc1lTUjZaRkpqRmlYN043ZEtuQjdJd1RjMEFRdHdJblhLRTIzUVRySHY0Yl9JbDlQQ1pRX2ZDUV9kdms2Q1o1TkJIdUZGQVFJSVBsbVdNd3Vz?oc=5,True,netral,0,0,E3_ekspor_dibuka
"Parah! Kapal Singapura Maling Pasir, Isap 9 Jam Dapat 10 Ribu Meter Kubik",finance.detik.com,2024-10-12 07:00:00,https://news.google.com/rss/articles/CBMiyAFBVV95cUxOWUQzNnZDS3Bid09vbmF4eU90aWswRW5wYXFfV3pVM0RidDBXN2tSZ0pDYUNUYW5SWkRid0lBSkgtWTRfeHdIbE9oY05oNlhaTzNqcUZfMmdEN3hnZ2xqQVg5REozNDdieUY5UmpHaG5OeXdOMkFFOS13ZWNteFIwWU9LSmNoQnp1YzlnLUV1T2x5SHhLVndTcVdfT09MTXkxclJmaXlMMDd4b2JXT1ZSZFVCalJJWGpvZDYxMkt3Vk5BanptLUw2QdIBzgFBVV95cUxQRnI1RW1JNTVGcm9YTXlhbzdVSFdadW5kQUFaRXNXR0xxSlJ2MXdlc1JuZ2lSXzQ4YWp4QkRHUTJWaWVNZnIydmNpTHhrT0NkSG9qS0V0aERBVGk0VzF0MjJ2VWo2MHVNM2RwS0JGZ1kyU1c0VnJIcGJsaEl5b182WG45Rk5Cb2Y1eVZoVTNOcXQ5LXl3OTVRSkFNMThybGhUR0FsMm16T3JNTTcxNmxEWm5hTGNsOWhqU1k1Wm9XSTBaV3FNUE43dlhTbXdwZw?oc=5,False,di_luar_topik,0,0,E3_ekspor_dibuka
"Kronologi Kapal Singapura Ketahuan Curi Pasir Laut di Perairan Batam, Indonesia Rugi Ratusan Miliar",Kompas.com,2024-10-12 07:00:00,https://news.google.com/rss/articles/CBMiywFBVV95cUxNVzhzcG1yVTRISmJyWkcwYjB6ZEpJTVpmQllhSWdZZ0VtUGEtQnV5dWhidXJVTmowemxoQ1ZZZ25UQkxWazFsY1djUzd2QS04Yzd3LXFyY1Q3M3dua1JoODZFZWNSWDdpNTdXb19MRzgtenRkTjZiNHJxWWoyWUc4R3NzdkFnZElfU0VPcXhxT2ZfSDBTZVFDSmUzbFM2R2tEQ2tZcEliSlYwaU9mQ1ZRZ2JpZnE1Zl9kWGFfa1pQQV9fMzl5ZXQyMHN2Y9IBvwFBVV95cUxNNkxodmxZTWtzT1Z5X01ESl9INXRiS0hfQ0I2RWxOVXk3NDd0YXQ5ZzJ6cENMTzJKWDF1S0NqMkhad3hEblU5VS14ckJCVnFhd3lnUnVIZlpqS0EwRkJBU3BZMW5lanNPNk93c1drR3NRc0RKLS1iXzU0X0FDc05KeW5vRzJMQ2UzSVZtU0ZCUXlQZjZRQVFYQmpGOXlNeWMwYmZxTUpVekVwUGhQdWY1Q2syTUJjVDhkdUhMdjg1Yw?oc=5,True,menolak,1,0,E3_ekspor_dibuka
Kapal Asing Sedot Pasir Laut di Batam Apes Ketemu Menteri Ketahuan - law,law-justice.co,2024-10-12 07:00:00,https://news.google.com/rss/articles/CBMirgFBVV95cUxOaDBrbTJ0aFBZdTgwbERmNTZLSmNtbTBra1hYX0VDSjlNQ1lzWlZQZUhUX0J5ekg3US1pc01vTHBweG9iOHFfWXEtUzMxWE4xOU1LTVBndzhQZjMwMlVfb20tQnpISjhOUVhTMG1TeHRRSldrZ0FiVGhYeDE4THNlMFJzNy00OVFZS2VyZEh1ZTQybVkyX3ZHaEZLRVlMUGtERVJGQVVKTDdmak83anc?oc=5,True,netral,0,0,E3_ekspor_dibuka
"Modus Kapal Singapura Curi Pasir di Batam, 10 Ribu Meter Kubik Sekali Angkut!",Suara.com,2024-10-13 07:00:00,https://news.google.com/rss/articles/CBMivwFBVV95cUxPQ1A1SXVlOTJKQ0VWX1dQc0t2Q1l4aG94M1p2NS1TYjJDb2ZUX1d4azBBQ3FsakpWV1BsX0lMX2ZjZ1FEblBxRWtsYmRvZ2JOa1NYbElkdm1vQTVxdWlMS1YxSC0yNEwwOUZuUlE2VWZSWVpFV0pBSnpLMmcybEYtc2w2WnBLVVRNQlhqQmR1UDlXWkRuYkstOV96Tmp5TXV4UnhVQzJPOW53OTg4QWZVMGlJMkdRWElwako4YVRkY9IBvwFBVV95cUxQVzdqX1htUHRPZng0Y0ZpckJ4TTA0Y3BLb0hSOGJQNjFzVnhKVkRtVXg5MW83dThhSW9kcDFYcE1CSmFBMEgtbmZ4eHZzMFdVaDZfMEhXdHJvZnlVejVGSlVPbzByc2MtTVdrUGstb3pZZERndHRhUjY3VXI1VnRUUkVSQk45ZHU1UG5DaTE4aU5SNUY1SU1iWjJZc0g4cnN3WnNfa1g1NnJsR3Z1MDZPcHRhZjRIRTFIbVJpU3poMA?oc=5,True,netral,0,0,E3_ekspor_dibuka
Biang Kerusakan Padang Lamun: Pertambangan,Tempo.co,2024-10-13 07:00:00,https://news.google.com/rss/articles/CBMic0FVX3lxTFBCWTZiVGJhZWh5QjNEeHlrYUlRbGdBTDlwM3V0Tml5VjZVcVVXdHY4cFdreXdmSkdzd0s3dEIzU3QtbVRaY1NySXZJYlJRMTdqd2l3NW4wekJyZ0lLeEFwUndxeTBKUk9OVi1mUUNfdjBtc1E?oc=5,False,di_luar_topik,1,0,E3_ekspor_dibuka
Ekspor Pasir Laut Merusak Ekosistem dan Mengubah Batas Wilayah Negara,Bacaini.id,2024-10-13 07:00:00,https://news.google.com/rss/articles/CBMikwFBVV95cUxQUGN4ODAyY0tRRHpjSG5sajJudWgxakhXblVNWTJZQVNNeWl4NG5yMWEwR0tDa0pMZlFRQUNXUDJ3dkVNbXBsYjhHTjFhUDJfbmV3QWVrNTl2a3EtQjdCSG5KY2ZxWngxSG5zQWNCbzZxckV2bXJQWVh5T1lUZ3htZVppdlQtVFIxSWd6UEFsZnpTVG8?oc=5,True,menolak,1,0,E3_ekspor_dibuka
"Singapura Maling Pasir Laut RI, Sedot 100 Ribu Meter Kubik Sebulan",CNBC Indonesia,2024-10-13 07:00:00,https://news.google.com/rss/articles/CBMiwgFBVV95cUxOWV9McE5TYWtRNC11Z3A0aTBXUGxja0Q0UzdtaEp3cnljZWhSSXI2bk5DWmdwOFd2SkFWYThPcW9QSVZRT2xVanR3UHJtc2FEd3ZxWUlBeDZ3cGlpMHdCc2l1QlVDRmhpN09Uc3IxZm9XWnF3VjlBUjYxeDU2d2xLU3Jxc0x6Mk5pTm05MUt3VG1hRHlxaXVZclhzdlZMNnY0VU9XT21YZW1OVXdaY21aMk12WHhBQVo1bnBvRkVma0NlZ9IBxwFBVV95cUxNYl9kNGhST1J1SG9OSG9hTFgtOXBkaVRycTc1T0FzeDRUanB5SVI5dDlYMHdCZzd3MHljU3pGSm9fSnFEWUFsck5fVmZIMmZtaURaNkVZNU83ZW01STZjRmNZekkzeEFvSmFiSXczYWZ4bmhyZVVyalVpWndLSDBMU2tFMTVfT09OYVFidEpIMmRRRG5nM0N0QlBTTmdIMVJwazVoZTFtZmNXYjVCbGFKYXlKSlozX2VRbE01VzE1YU5fLXJBMG1n?oc=5,True,netral,0,0,E3_ekspor_dibuka
"Kapal Singapura Maling Pasir di Batam Diciduk, 2 Fakta Mengejutkan Terkuak",finance.detik.com,2024-10-13 07:00:00,https://news.google.com/rss/articles/CBMiywFBVV95cUxNNEFRX3g5eDN3RjllRXVQR0E5UHlxTkZCN1l0SlpHQjlLdDJyNDJ6M2g1Vkh0YUlRamRWZ0hvZXJIMml2cjRYZWQxM3pMWko5TEtvbHFpYkx0SnRsVVJ6bjVxYVZvQnEyb1ZTU01ld0tqNWJFYk9wbVdYV0FSeFRJa3JxaUZmWGU5MUdNUTIwYWtzeEktR1BXRjBydmMxcEFjR2RpaVhVUXlCeEJwYnJhV2dSYjNsVzVQd2dHeVE2bVNSczdiZHczZ2NkMNIB0AFBVV95cUxOUmIyTTB5d0F2RFhKWmc3QzdDb0NXYlJ6ZE1jWkpfUE9ieHZfWnJnSEF1N2lESU1RaHJ3Y0h3c255VjRld2NzdTVqQkx3c2E2QzVFNmJDTC1BQ2Jpa0RzblMwTUFzWTQ1djRqamtGVmtIcFJnRmU3M0taV1ZlaXNiX0E1djRtSVQxekpwWUxWNkVnc0g4M2ViTXJuM2tTWHo5UUFLX2hzZzRuVkFsNlFKLUhiMVpubjJNal80NlRRcUs3YUdQLUxuUWZrUXR0Tmhx?oc=5,False,di_luar_topik,0,0,E3_ekspor_dibuka
Guru Besar Kelautan Undip: Program Inovasi Pengelolaan Sedimentasi di Morodemak Demi Ekosistem dan Kesejahteraan,Halo Semarang,2024-10-14 07:00:00,https://news.google.com/rss/articles/CBMi0gFBVV95cUxPUjVBVjRFMFRTOHVuWmtQMlYySmNmN0VIenlCejFQamVEQTFCRzBqU3dBNnhqY2FoODQwMDFScGJpSXd6X2JQVHAzeEFLWUdhdndNSkk3YUN1blBTVUZsT2J4MDljVVhvZzktWVJ4cTN0Wm52TVlpVmF0ME5HOXRCMEp1TXY1RDgzeFgyNVRaWjZUZVV3SGJVTmNEUUg1aG5vazlGcVB4SVBzMk9KZkNXem5yc2dQRXNDaEFON0NCQWRoY3hKaWJ4WjlYUXBNbXI5Z1E?oc=5,False,di_luar_topik,0,0,E3_ekspor_dibuka
Indonesia Buka Lagi Ekspor Pasir Laut ke Singapura,Tempo.co,2024-10-14 07:00:00,https://news.google.com/rss/articles/CBMijgFBVV95cUxOeG4wcWo3bXpQb213aWo3QVItdkw3b0tQTTVaMVlRcmY5ZXlvOU9YRUxTTWNGZndKdkcteHhlUmFJeW9jNWM0UnpMY0lqRGE3OVZNTU5tbkdsSWxUTVBMelhZczZSNkNpR1NNRFNISTJscVhPbHBkbkFmOFFMcHpNdXNpUk5aQm5JZTJOT0VR?oc=5,True,netral,0,0,E3_ekspor_dibuka
HPSLI Tekad Bantu Pemerintah dalam Perbaikan Ekosistem Laut bersih dan Ramah Lingkungan,Mnctrijaya.com,2024-10-14 07:00:00,https://news.google.com/rss/articles/CBMitgFBVV95cUxPclIwYVBOR215eXRxZGNYUU1kdy10MVh0SmdtU244N2ktRHZXMmJLbmo2TlU3YXlNcE43Vlc2REtaZ1MyQTVzRllUXzZXbHFJZmVDT3A3RE83VjlzTFZEVzdTeHJOMDZ6WjhKMDJ2SHI0TTZwelRoc2VKU2NsZFB1OWNFekdwdk9ycm1uLTZiTHRWMk9kNVd6aGhlaVNsOWo0OFMyWGxMWGlxOFNJU0d6X25QTUh6Zw?oc=5,False,di_luar_topik,0,0,E3_ekspor_dibuka
Nelayan Kepulauan Riau Tegas Tolak Tambang Pasir Laut,riau1.com,2024-10-14 07:00:00,https://news.google.com/rss/articles/CBMilwFBVV95cUxNazRPRXJWa3VmZEE2b3Q2dHZqWVcyaS1SNEVDcWVPMXIwRFgwNHNBaVZlRG1ncktRVTl5UkdFYW9CMjNjdld4Qkw5VlRrS1VwY1lMdWFoZi1rQnZyUDVsQlNKR3pPTl9xR0ZfLU9ISDdNOWswdkVVaTRGZUZNYUhiNnlMUUp5Mzc0ejg4Z1JCODFkZnAyc2tB?oc=5,True,menolak,1,0,E3_ekspor_dibuka
Dua Kapal Berbendera Singapura Bisa Ambil 100.000 Meter Kubik Pasir Laut per Bulan dari Indonesia,Tempo.co,2024-10-14 07:00:00,https://news.google.com/rss/articles/CBMi0AFBVV95cUxPTVcwamM2a0hSb2g1OEZsT2hwdmtpd2EtdDVob2ozZ0lMZDJUZVRqcjhPNFkxeWwyNFgzUUVKUGwzdGM5RHZUT2x5cVVpclczZjQ5TXpFbUlDa1I2R2psUWZLOVJ2Q2t3R1FaOGR2X29WR2hhRk45Mlp0cWlKODZZUENndmxIb0J3eS1wS0F2VEtXYzlkLXljcFlidEJ5d1NHYl9oTTg3ZHdNbkpwOTBrRk9GRGZEZWotNzFTeUl3aFcxelRkQjljTU5vSVE2NmNU?oc=5,True,netral,0,0,E3_ekspor_dibuka
Tambang Pasir Laut dan Bencana Biodiversitas Kita,Kompas.id,2024-10-14 07:00:00,https://news.google.com/rss/articles/CBMihgFBVV95cUxOMTNzMU13TDF3M2pBNUFXc2xVQmZIblRmM2hyanpWS0E2X1QwS3Q1REY1a25VVVRmUFRtcFpzazJZTlhzbmZ6WGd3bWllbUVRc1hLSmd0eHRmMVhhU1JMaVhCMmVoM0tRT3JCbUZkbWt4TGZWaEk1OGdEMW1mNkZiUUpTeTR6QQ?oc=5,True,netral,0,0,E3_ekspor_dibuka
"Bea Keluar Ekspor Pasir Laut, Aktif Kembali Setelah 20 Tahun",Pajakku,2024-10-14 07:00:00,https://news.google.com/rss/articles/CBMikAFBVV95cUxNY0h3dTlyaHFrMVpqYU0xZWR3SWFXTmpQdHRuTWNrRVVTZEx0Sm84T2FfNjh2Yk5LbVRwRVIta1BqckpnUUZKampneW9uWXlKeDBTNjZDNkJXTWk3SGZLcm15TVYzMkNYUjlwVXBjeU5SQjBWWlg1aDFGa2swWEtYRXhsNmhFTlc4MjhPa0p1TUY?oc=5,True,netral,0,0,E3_ekspor_dibuka
Indonesia Kembali Jadi Eksportir Pasir Laut?,GoodStats,2024-10-15 07:00:00,https://news.google.com/rss/articles/CBMihAFBVV95cUxPanZQYXFkUkNZUmdDVUZCY2lxZnVEX0NUQ1hlUlpaXzBIcFVrVUR0ZjR1UzBvX0gzS3VvWnNJQ3puWUt3YlQ1cnQzS3hZX3oxWm5scDVqUHN0WWgwRmRDcktOVFM0QlNDbDkwNHBBa1JyRGZSZDFkZnE4R1JKTWRfblpKVmI?oc=5,True,netral,0,0,E3_ekspor_dibuka
KKP Tangani 108 Kasus Pelanggaran Wilayah Pesisir dan Pulau-Pulau Kecil,darilaut.id,2024-10-15 07:00:00,https://news.google.com/rss/articles/CBMinwFBVV95cUxNOGYyb28xMVhtZ2FNN1p6MGVGS28zWk5DRGRxS1h3anFReHFvX1FrVDNqOXY1QWxoS01YYURHQjlXYWZjTTV5Y2otMUliUXZrQUs2Y1pZOE8tMGVFMUZLbTEzaGp2d1dZU3c2Qjh2Q0h0YTRReDdiY3VfdHlOaks5YVV3VC1uTUxoZFBsdzRsdTFrNzE5UGRtRDNfUDNiaGvSAaQBQVVfeXFMUDNlOG0zemdiVVNtTnRqbVEwTUN0R09BOUU3M1RaTzlFUUw3ZWpGRUpqemlvSlhSMy13ZG56WkNZQlZ6Y2dPam5BZm8yazhlUTFySHo5ellrQlAxLVBNLVN3R0dHajYtY0hGbzVqVV8tRm1TenktU2VtaVFWSDN0ZkNUUk5IbUFpLWtneFRFYVc4RGstVFFXd2lSWF9OOVdwckwzMzU?oc=5,False,di_luar_topik,0,0,E3_ekspor_dibuka
Inilah Jenis-Jenis Pasir Laut yang Dilarang Diekspor,kontan.co.id,2024-10-15 07:00:00,https://news.google.com/rss/articles/CBMikAFBVV95cUxNbGVFUzBnajFJWHkwaWVyTHZkbmFQRjdwU2Z4RXpfOGJQMUh2Ny12UlFaejQ1R0VJTTFqTGctRGxfVHotQmZzS2tUaGNZems4VDNPMklUUlNtZ3dGc2phTzB1MFVZdlhsam5RT3BYUEZhMG5iUk5meTlPNEl5WlF2M3plcGF1algzU0JBZFNGQVfSAYoBQVVfeXFMT0V2ejVfLTBIXzZjeTVfWjN6SWZraXg3bkRKV3F6eGxpUXRfR3ZwT3kzUTl5X0xOMlJlYUhNREZ3Y1A4Mm10UFhLUWpDV2oxWEFiZmJucE1sOUl0cTZkcXg5SzVGVVRhX3pTaGp1TFBpWDNja2hPRHVyWnBuV19haW1vNU9iR2hpT0pn?oc=5,True,netral,0,0,E3_ekspor_dibuka
"Jadi Pihak Diuntungkan Ekspor Pasir Laut, Apa Fungsinya untuk Singapura?",Tempo.co,2024-10-15 07:00:00,https://news.google.com/rss/articles/CBMiqwFBVV95cUxNbS0wbW0wTGZfM0RTV2RGbFFBTmppSldZc3lybEhYU2NfV3dGMmNSNXJKRjBLLUJINlhIR2wxakE0ZzNUOHFiblMxcDJCWlZOQXFaTkhiVGJRWjZndkJVaDRFV2toWHhRcVRhVDJmYS1YazhsTjI4MjBsSVZYUS1mal9Qc1VrZTl1VEJsQVRkdm5vNDdZMjNpYVllWGRWQVVfQjNFbGhDTGlMWWs?oc=5,True,netral,0,0,E3_ekspor_dibuka
"Kapal Singapura Curi Pasir Laut, Indonesia Rugi Hampir Rp 1 Triliun",Kompas.com,2024-10-15 07:00:00,https://news.google.com/rss/articles/CBMiuAFBVV95cUxQWEFiQ1RJZzFIWTI4QlUxRDk4dmp4amxoWjZvc2VEVGhMWUZuVUNhWWlMUm1jYUlpMElmWlAwYUdnbWlJZHAwSkpCZ1ZBQWFnWl96RGRSNmhmcTk0WWg2RDVxemE5eTBRRWNPejBqNFdJYmxJcVQ5U3k1b1hOSXl0LV9YeXVHLU9GeVYwb0hFS3lfRUw1bWowQkluTEhHS2xSWGpMTkR0MFVCaEdISlFlckI0RXowQzFN?oc=5,True,menolak,1,0,E3_ekspor_dibuka
"Izin Ekspor Pasir Laut Sudah Dibuka, tapi Kok Masih Sepi Peminat?",CNBC Indonesia,2024-10-15 07:00:00,https://news.google.com/rss/articles/CBMivwFBVV95cUxPOWx2anVXUkZkTE9oME1HNWg2TU5DWHVOX0R4a1NUSGQyWG9XV3hORGlwakxwUGswSHVXNWljWGVhbkp3MGZQQ3NqSi0yeGtDeENGZnF5SHZ4ejMwVG40OUd4TkNYcjNqbVdCNENPN3FCR0hYZ091Um5oclk0bDd2NGtZR1Jzam1yendxZHhqUVlTYWs5T2ZxV0ZKMHlpeGhJSmxrZE9XeG1GQ2Z3Q0NWNGhpNFRsWERvalItN3dfb9IBxAFBVV95cUxObFEzY3M3WXhJVXdtWDkzQ05HdmpmUWtCUU8wLWw0UXhLN3JfN2ZOTlQ2WF9EdTE3dlBReFUxRGl4QVBUQlhOM2VscC01SkhQWk5RbkdiRWVBWlVjWHEwTTlIWkltUnJNc2lPVWlselB1V0FDOFcyZ2lDc1F2bktFZjJZSkxQUlhYa0Y3VVhoX1c2N2Z2Z19oV0ZjSzNaOUh6cmVINGp2U2JEYmxjYUxZc1Bsb25ESWlOQUxKU3BoQm1XbHU0?oc=5,True,netral,0,0,E3_ekspor_dibuka
Masyarakat Pesisir Was-was Tambang Pasir Laut,Mongabay.co.id,2024-10-15 07:00:00,https://news.google.com/rss/articles/CBMihwFBVV95cUxPVThpa3BxZW9yTHNZUDhibFFqSXBGRmx5UG03NHhlbTlPNmg2a0lIOVh1c3JpXzZqSG8tRzN0akZXZ0hpSGtxc2VQaGc2NVNkSWhJM0RfeHJHTkd3eF9ReTdEekctSzdSNVoxT0RJWWdnWG1YRFY3aEpERWd6QUNPNEg0WmlNbGM?oc=5,True,netral,0,0,E3_ekspor_dibuka
"Singapura Mencuri Pasir Laut Indonesia, Kerugian Ditaksir Mencapai Rp 1 Trilliun",Bangkapos.com,2024-10-16 07:00:00,https://news.google.com/rss/articles/CBMivAFBVV95cUxQZ09rQzBzWXQtbXdVbDN2V1BVbjJYRVR2dmszZXA5YU52bzJxV0IxSXloNTY3NXQ4LU9jaGg3anNDOHYyU1A5R0xlZlVLSkdsRFBBNUVQU1o4UTZ4SEVqelhQU3VNZHVSOG15cnc4d2pzUDQxSXEtS3FTc0NSSVB5QWFOWjRHaWFnWnV3b2lCU2N4V0xHd042Nm54cWJVYm82aEpCWnhwVHc3amdmYjdFQ1NsR2hhaEZ3WVZBRQ?oc=5,True,menolak,1,0,E3_ekspor_dibuka
2 Kapal Berbendera Singapura Curi Pasir Laut di Batam,MetroTVNews.com,2024-10-17 07:00:00,https://news.google.com/rss/articles/CBMimwFBVV95cUxPanlOajBZallGb1VsWkVLNjZxdXFYVWNfbG5HQkFINVhfZ3pSZjdaWUFTbzFvVGZicWJmZE9GYkw3TFZ0eWJMUUlEYkdFdi1GNVh4czVlWWV2ZlhKWjJGcDhkdEItaU1QbHZnX1ZPclNPZXMzZjMwaDRnLWIwTjZFbEl3QVNJRUhOV3l0b3E5d0duMW5DVUVVZndDMA?oc=5,True,netral,0,0,E3_ekspor_dibuka
KKP Hentikan Operasional Kapal Pasir Laut Ilegal di Bengkulu,Kilas.co.id,2024-10-17 07:00:00,https://news.google.com/rss/articles/CBMijgFBVV95cUxPZXd3RUlrWWtoek40VHBwcTNVc1l0U09vU3NCRXJfeEtOM0JIdVUzT2wtM2wyWklqa2tSSVN5TTRRRnFXb0dGd0x5aWxra1M1a3RiMVYyME5tMTljTVlEd05uSHlIdzlXU2N4V3lGWmJ2Z1RGMkhIV2dfRUV0V0gtNnY4ZFp0TTJVcm93QnlR?oc=5,True,netral,0,0,E3_ekspor_dibuka
Nelayan Tradisional di Riau dan Kepri Kian Rawan Terjebak Konflik Perbatasan,Kompas.id,2024-10-18 07:00:00,https://news.google.com/rss/articles/CBMiqgFBVV95cUxNSW1ZQnNhVXh4UWNOSjVwTUhRaFNtWFFHOWdkaVh6d0k4Z2hnVWVRQzAxME5NUUlMeVUxaXBwMkNKa3lDOXo5VzJhZUdUUFp5dENicFhneG52T0xicDF0UEY2cVJlZ3hQWktleXlvZHJWdEhrYkdEOHI5a29GRDZiSDVFeWt5ZU1ucGk3NzBHQ1Z4TlI3ekRtdlZ6cnk5cGpIYlZUXzZ3UjBYUQ?oc=5,False,di_luar_topik,0,0,E3_ekspor_dibuka
"Kapal Malaysia Diduga Curi Pasir Laut di Batam, lalu Dijual ke Singapura",Kompas.com,2024-10-18 07:00:00,https://news.google.com/rss/articles/CBMivwFBVV95cUxPZ2VoVGZUYWxZNzBaNElCZlAtLW90dW8zeGhmdDdxb0VYOHVXamo3aDVPTjJFb29oQU9fU09MNDAtbllNbi1VeFRRaENKbGZCZjJDTmZLTjE2U1VsSmY1ZTFUYVctcUJuM2phQndtQ2V0MEptRzNHNlJFMTd5MlVpRVgyT3o4S1JGV1ZWLWZVT2VKU1ZwS00xc3YyLVhfOFBuTkZQeFB2REMtcTBhSkRLblZHTTg5bkNMSGZuWHhabw?oc=5,True,netral,0,0,E3_ekspor_dibuka
PSDKP Lampulo hentikan operasional kapal pasir laut di Bengkulu,ANTARA News Aceh,2024-10-18 07:00:00,https://news.google.com/rss/articles/CBMiqAFBVV95cUxOMUxwLURnem10UlpSRGdaR2ZMb0VqTkdBTXJ1WGp6TkJZRzQ5bnJoN3Z6bU1LXzFqTVFyMm1SYVlVLXJzMTdjZnBKcTZybC1KM29feE04QkhRSmJ3bVc5Ujg1VnpmS2psN3h6Wmxtbjd0MTA3RjJkMkNyYW5OZ01hTE83dTE3ank5ZFltZW9XcmpoeWNaQmpvTDQ4LVRVSlV6Y2NPcWpzUWnSAa4BQVVfeXFMT2drc05QYm1qWjdpSFJkQUhJU0xLbzN0NVpGVHAzT2ZYbEQyc0U1cEhTeEpxSlg2RmFfWlRQZ2MtYmNmNTFVNGtLS0tGSzFPT3VnaVdwLVRGTm1pdkxLTjY5YVVjVWJWVUlJRmh3UTdpeUNxT1kzYkNiWUQ0cWJ4MjA5X1FpZXhoVG45MHdKVDRja1lQTThyRldQMDlTSC12MTQybEQ0dUtfaGVDcDln?oc=5,True,netral,0,0,E3_ekspor_dibuka
KKP Hentikan Sementara Operasional Kapal Pasir Laut di Bengkulu,KKP | Kementerian Kelautan dan Perikanan,2024-10-19 07:00:00,https://news.google.com/rss/articles/CBMisgFBVV95cUxPQkNOTmZTZV83RzAxalpFUUVXMXRXUGp0U3lEanNKc29ORzV2bmRiZXdOS1ZRaFh4R0ZxTWUxcmlpTHBaTnQ0RDhFMmxQdWx1VkxuSjNuZVNPaWZ5bm13WVhqVXdSR2gyV3RtaXF4azNsWUVFSC1WQ1lZZ21Zc2Z1aTFXVFZ4LUQ2R090Sy1fN1NDdTRXVkpzSG1yV0J5ZnRPTjF6azFNMlpiaW1MTEZ0MG5R?oc=5,True,netral,0,0,E3_ekspor_dibuka
KKP Hentikan Operasional Kapal Sedot Pasir Laut Milik PT Titan Wijaya di Bengkulu - betv.disway.id,Disway,2024-10-19 07:00:00,https://news.google.com/rss/articles/CBMizgFBVV95cUxPaVlwMGUzbkFiZ2FRLVhiTDl0OVp6Q1NzS203amVyblhrR0NoSzUwd2YwTHZOSEZXZmtFWGRCUkIzQWdtaGFTeVRhR1U1X1ljd3ktYXZ1Tm9mWlp3VUdYaml5dGtjcjFPZTIxYnJTQzJjb0pMRDY1ZmtJb1B5NmNrUVdrSUVOV1ZMdnI0QXc3a2RBZy1ma3RGbDh2WnhwSGdEQmliWnZ0TUw1YmQxYWM4SVBPOUNJVlo0ZXJ4bjdIUm5nQXBlLVlvQUhEZ1VDQdIBtAFBVV95cUxNQ1ZfcG5zNTQzOF9VcDRQSlQ0MXl1WlYzMTBtM3RqUUlDUkRUUlFpMVVZekpxSGRZTVBUZm9ERzRXRm5Zc3ZnUkhZNmVqV3pFbUhQcV9KemRyYnlIT0dBODdkdXdWX2FtdDhXSzhjRGRRdTU4SmVRY3l2Z1B4SGNfVjFKQ2g2WGlHMlBpZ0laV0YxaXNGX3NMXy0ySTdITl9YaExrWElhZ1o5NHBQOVNPeWxka0E?oc=5,True,netral,0,0,E3_ekspor_dibuka
"Aksi Lanjutan, KKP Cegat Kapal Pengeruk Pasir Laut Di Bengkulu",Validnews.id,2024-10-19 07:00:00,https://news.google.com/rss/articles/CBMilAFBVV95cUxQeHl4SHpHYWI4bDdGTnVQS1ZYcVhOdk0zdVBFYkM5LTF3NmJSczVwX0dJV3JpcklodGRsZTNKSHEwZW80MHczazhJUWN5bmVqUHFfbXJUQkpYNWVOdEtycEJuSjdjTGVWQ2RjcF9QQTJkWmlKaFAwV3F1Wm1hcFJzQjVzeG5Md2tQSTdXQ0RndkVyV1ZE?oc=5,True,netral,0,0,E3_ekspor_dibuka
KKP Hentikan Sementara Operasional Kapal Pasir Laut di Bengkulu - kumparan.com,Kumparan.com,2024-10-19 07:00:00,https://news.google.com/rss/articles/CBMisAFBVV95cUxQYUhjdTI1UDZWbzlCZjFHc0ZnN3ViTmpqa0JMMmVSNlJZLVM1YzJoUWoxcWhkZVlWTl9EbW10SkkwV3FIVDF4OHNxVXNTLVFvTGdrMHBPVUdDVTdwVkFHRExoOXREZ3pqRl93Y3k0dXMzQjlBZzhLLU1iOWtMOVdnd21yM0pFOGd4YmFWUVZNNDJsbVVLaGJVRVlHUjhxQTgxUzNEallTSVpnOEpFT2xsY9IBuAFBVV95cUxOMkxuR1d5RHFrXzRSWU14ZHhRRXV1Q0tjcm1TNUoyWm5YWHl4eTM4aEdHbzYta253VkItR3RTNk1iS25sZVRwR2tPYlVlQW5JMmlBV21LN0dsaWNISERNZTZEYkFqS3AzLV9Pb1RrWENJbzFiNnhaZHJSUDF4MUFtM0RkY094S0tTOXJSQWlVREgxM0Z4eXVGeUdwa2FacnE2TVk3dkFJN3ZQNHpJNl8yMjVCT2NIbWVV?oc=5,True,netral,0,0,E3_ekspor_dibuka
Hentikan Operasional Kapal Keruk Pasir Oleh Pangkalan PSDKP Lampulo - law,law-justice.co,2024-10-20 07:00:00,https://news.google.com/rss/articles/CBMirwFBVV95cUxPd2tXNFZqbXdsd3F3X003OFl1Rk9qSXZKcE9YSkVzUkR4OWJEbFhHZ3N4RXEtd1pYaDN4b1F1eDl3d0tIN2IzVy01aHg1b3VHUkJobGstTmZkU3QxakxzaDB5R09jX3B4VmhRZlhJN0xFdTAyQkQ3T3I0MEVUQ1VFalo4aUdNVkt5aFlmWlBjZ1VQZ2NCaHloelVYNHo2Ny1PelNIOEdVZ3JMcEZRME1J?oc=5,True,netral,0,0,E3_ekspor_dibuka
Operasional Kapal Keruk Pasir di Laut Dihentikan KKP,Ngopibareng.id,2024-10-21 07:00:00,https://news.google.com/rss/articles/CBMijAFBVV95cUxPTVZfM0tVQjBJU1VQbk5vY0FtallXQjFWY2l2Y1lncEc1SE1VUi1MUVdBLTFGLXhHbWEzN3ZmdHhkWmV2eDdoaFlyQTFvMnd3QVM0SjlPMnBEZGpqWXo5Z0dTUXJ0Sno3dEc0dlVVaGlQTEZfUjh0dy1aNDIyMDZCRlhuaE9JdE9xQ0c3bQ?oc=5,True,netral,0,0,E3_ekspor_dibuka
"Simak Potensi Volume Pengerukan Sedimentasi di Laut, Kepulauan Riau Terbanyak",GoodStats,2024-10-22 07:00:00,https://news.google.com/rss/articles/CBMiugFBVV95cUxQc1NJNFZOUW5CNVV1d056NkUtSHNCelNWWUxISVFkYTI5VGMycG5TNHh1T0dsX2tvSmFtSm9jWjdxRkhLSE1ZZG1UbHg3dGFKVmdLaWdFOWlucmZ6YUpsQXloU2tjMzdldEhKQzJEUVY1NmV4QzJoUWFpamYwTi0tMVdWOGhfOGhKZUlmdEY1ekVUWUlwbWdTREU4MzBkdmpnVUJiN0xPOGRoa0phazRIRkx6cm9IQldER2c?oc=5,False,di_luar_topik,0,0,E3_ekspor_dibuka
Wamen KKP Tegaskan Jaga Pesisir Laut Bersama TNI AL,Forum Keadilan,2024-10-22 07:00:00,https://news.google.com/rss/articles/CBMikwFBVV95cUxPdWRKTmRzMjJnLVN0cVdYUURydUpnMjE5NXY4anFoaGRuNS03aUhtTWVnSy1Gd0RXUGliWEhjekV5ajJMUTJiYUJsZVZ0UVdvYnlueDB5ZjdDUEwzUFI4T2Q0ODU3S1lIT2w4c0t2UU9IUTE3WV9TdWNCQXMtY3VZUUtFeHFEOTYxY18xemFIWlhOTDg?oc=5,False,di_luar_topik,0,0,E3_ekspor_dibuka
Legasi PSN Jokowi Ancam 8000 KK Nelayan: Surabaya Waterfront Land,betahita.id,2024-10-23 07:00:00,https://news.google.com/rss/articles/CBMiowFBVV95cUxNbVgyczZVblRHT1B3ZEVraDZadU9yRE45cnFnQy1xck0yMkYzV0xVbEJkNmlWd2YteE1QdFdZTmlfUTRFVGptUFZUTlZhWnFxNV9ZVzJqaVE0N2c2YXMzaEctRmN0dzJzMjBoZnZBQlZGZWQ5ZWptWFlOU2pQVGtsQ1lXYVhUQlFfa2J5ZUNHcjFBQ3lZUUdiWkJxOWc5T1RLYS0w?oc=5,False,di_luar_topik,1,0,E3_ekspor_dibuka
"Indonesia Kehilangan Rp 1 Triliun Dampak Pencurian Pasir Laut, Begini Hitungannya",Tempo.co,2024-10-24 07:00:00,https://news.google.com/rss/articles/CBMivAFBVV95cUxPUGRNdWJMSkZyOWJ1LWZfeWh5amxxT3I0RU9jZVpfOEhlaktETDlDLUNIMGFBNlRPNmxHajRQWWo2TWppYzk0LWs2VjRqMnVxR0J2eTVVbmhLME5sMHgxWW03REd5WlU1NFp0elY2c2VBdklEWmxERmlKbExiTDk1LTlJU1JfbGIzcjJ3bkVOSDQ2dzUwbXEwdzNiWnFiTkZRVXNRd1oxRTlDZHpVeHAxUXJhTmhhNDhOMjVQSA?oc=5,True,netral,0,0,E3_ekspor_dibuka
Ini Penjelasan KSOP Bengkulu Tentang Penyegelan Kapal PT Titan Wijaya,Kupasbengkulu.com,2024-10-24 07:00:00,https://news.google.com/rss/articles/CBMioAFBVV95cUxQYlpqU0plaENacXMteTVsSW1TWmtQMWdCTFhkU3NxZFdzU1k5X1NEU2VXbjZGZmQ0LVBFNFVENHlCMm5mdkU3X1NWT0xITDQ1UW5EcDRfMGFyWW83b1Z3NE9GbmgtS2VQWDdsblB4R2dYY3BxcFFhY1F6M040R1lwRkhoUTJtZFhQZW9lRHJmN1c5Nm9EdFQ4UFFCUVBwdGp2?oc=5,False,di_luar_topik,0,0,E3_ekspor_dibuka
"Ekspor Pasir Laut: Ancam Ekosistem dan Masyarakat, untuk Kepentingan Siapa?",Mongabay.co.id,2024-10-28 07:00:00,https://news.google.com/rss/articles/CBMiqwFBVV95cUxQZU9JYngxalExem5veGJPaVhNSWhzMkJYeC0yZ1hNOFgtaUd6QnR3bmRrRWpaREU5SjhPMHU4dWt5NTlpejhYSnpiQjloNmlNQkJpdHNKal9pZ1VXVFM3M210eURQbFVlZWJBUi0tSW94MlhHamJwOG9hOERYaVR6WndaOXA2MThvWndvdGxnNGFOeXNtWDFqUmZBMENlQ3huZTNHaGVOalJfUWc?oc=5,True,menolak,1,0,E3_ekspor_dibuka
"Proyek Surabaya Waterfront Land, Walhi: Jangan Rusak Pesisir dan Ruang Hidup Nelayan",Mongabay.co.id,2024-10-30 07:00:00,https://news.google.com/rss/articles/CBMiuAFBVV95cUxNMWtvZEo3c09EdlRNYmNEZFNpRkJaOWY2MEU3TXNpY3VxMkptamk0NWdIUk5QSzhnYWxYcVI5Z29LWFJhNm5ra1JyQkdrTjBzaEhDenlvTnNmb1VqT0VjQUcxbzVXZ2ZXWVlNcnN1a19Jcy03NjZIUnFWRXVHV3Q3LTRYSW5jRjlRM2IwLUczcm5MUmNUMXBCVzgxMlNEdjFvd09CR2pwV3liSnlsRU9Ob1F3VXdzb19Q?oc=5,False,di_luar_topik,1,0,E3_ekspor_dibuka
DPR: Keran Ekspor Pasir Laut Dibuka Jadi Mimpi Buruk Bagi Indonesia,liputan6.com,2024-10-30 07:00:00,https://news.google.com/rss/articles/CBMisAFBVV95cUxNNFhJZklUZndzMG9GZFE2d196aGRvRmM4cjNHX2kwc0dwdlhPSXkxcXh2YkpxeEdadE5QaXo2dlU0aHA5UU1aNnN6SkVicEFOOU5pQkdpV3VJLThIRGltdzBybzVsTjFmQ2F4S3hBTzFKdXd6TkxmNWlGdjdHMG0zSXVZa3F2bFlkNmMyb1pXRGhwYlA3UzZhcGNZV3M1aTlHZk9Bam8wcnM1NjdLWld1TNIBpgFBVV95cUxNOEhSNU9TQ2dnMV85SUFGT1dPZlprTmpjSnotTFNxQmlFa0Z0SkVteTlHRVkzMzhUZUotaHBkcGdFYllLSXlVZlluM05JT1RaLWJISkYyaENWYWRyMzVHcG1iNUp2NGVZa3lNQU5xN1EzSzd5aDNtSHYxd3VsRmNVdUg5WFllWlc2RXZibTNXYWlaV2IzNWFWd2RORlo5Smc5dG83cGdB?oc=5,True,menolak,1,0,E3_ekspor_dibuka
"Polemik Penambangan Pasir Laut Merusak Lingkungan, Begini Kata KKP",Mongabay.co.id,2024-10-31 07:00:00,https://news.google.com/rss/articles/CBMiogFBVV95cUxNZTNQVnJxdklRSW1qbnNHVkhfY0lBSV9jdUE2YjYzSHpRVHAycXI2UDZ1MXlrS3BXLUpaVl9QNW90VFFFWnZGYlNEdUpVejNsZVVla01peHdvNDAzUHEtWXI2YVc4TF9hWW5tbnA5NEMzWnA5YW5oTGZUMWItQ0xQVW5ReTV5X1J5MnR5eW54eGM4MjNMc24zNmxySXNLZzNZbEE?oc=5,True,menolak,1,0,E3_ekspor_dibuka
Lintasan wisata Kepulauan Seribu siap digunakan,ANTARA Foto,2024-11-01 07:00:00,https://news.google.com/rss/articles/CBMilAFBVV95cUxOaDNNejY0RkpHcG9oRVptYmZyOXJUNUFtTm9JRDh4dVBsdTB0VEQ0NmdoOUx0TjFRby1RNUllaGpmMGZ1a3ozdGlVcDdrRE1yMXRNQXdDdnVibmtBb0tiX0w2OEhXQlE3Tzl2amhMT09qYzIzOEVGQUlEbnBwS05iTjh0dnpoZVFhZkFYampaVURMSnZO0gGaAUFVX3lxTE9mMThxdURYd2lnVm5rN09pRE1uWDVxOTc4d2szR0dxQm9UTnFyWmhhOHZZS0NXUDhocy1yZVliZUNUVVFqU3ZqQVFDZkxjcUUxRVhyZXE3YUM0Z0tfWUZlaG1NN3VrUWRpbDZvY3ZYOWFPQmt4bk9aYkdtTVlyc3hST3dtRnpKWmN5MFRjQ3lzYVI2QmhCcXRDbGc?oc=5,False,di_luar_topik,0,0,E3_ekspor_dibuka
USS Houston: Menguak Misteri dan Tantangan Konservasi Kapal Perang di Perairan Indonesia,Mongabay.co.id,2024-11-01 07:00:00,https://news.google.com/rss/articles/CBMivwFBVV95cUxQWXNyY2I3SmpMaDBwdnR3OU1ZY1l1dWxJR3I3WHJJN3BJU0ZlcFQ3eDVKSWROZ2thQ1FrRTdoaVo1UDNPT0lwekJJc290NndFblBKWlVib2lRSHRLdV95UU5CaGlzYXJHY2J3NlRsVlNqcFFiRUJ0YldqSVNqQklCU3dzNUNFdVZvd0ZlYm9JUzJLejhjcktsSFNKVGtNXzJ2ME5xRlI5MXNiY1doWnRreTJFVHpKTkpwSHBHVDJkaw?oc=5,False,di_luar_topik,0,0,E3_ekspor_dibuka
Budidaya Mangrove di Pulau Tidung,ANTARA Foto,2024-11-01 07:00:00,https://news.google.com/rss/articles/CBMiggFBVV95cUxNSV83ZnBISndqVHg5QVFrOVBKQUhWcVlaS1VTNllFb3JSUGVNa25UcHVpTGV0b3BkYmg4OHJBTWk5cUk2SkF4SXdXTm1YN1I1RUtxZ0xTQ2pZMGNHSVBGOFVCSWJCcWNNMEJraDVPMThUT0JmM2ZoTzhNb01WNjlYM2dB0gGHAUFVX3lxTE9YQzNXY1ZRSHZBWG5vQzFkSldHZVdFUnkxYmFLb2Z3aFdoYXp1X0JMdHNpMW5qM2lJMFpMMVBmRk1XcGVLUUMzaUt0bVZNR3BySG1lb2NfZ1BEblJ0eFh1c0xQLVpXZmJfcjNGMS1UdERNYUFzNHFtQk5NSUNCclQ4bjJITkxTWQ?oc=5,False,di_luar_topik,0,0,E3_ekspor_dibuka
Majelis Tasbih UNIDA: Dampak Lingkungan Penambangan Pasir Laut bagi Wilayah Pesisir dan Pulau-pulau Kecil,unida.ac.id,2024-11-01 10:01:20,https://news.google.com/rss/articles/CBMiyAFBVV95cUxNWWxjY2s3d0xXWlB2WXVwbEtBTTg4WTNSa251WTlSeG81R1VKNjVldWgtTDByUzZYejRibkkyWEswLXkyUFFIN3E3ZTc0ZmFxVzJ3dlRmN01zczRmcGRLX1VEMDZSMy0tNlJXVDdsYXhBaG9PUi1uX1NwM0tUTnpRMmVZZU5xQnR3T0hZQmM1UlNfX3RsUU4tUDBsQ3pmdjZKTE4tMFgxVXhZZTRjdm1SVjJ6SlM2WWl2MTIwM3AyR0p3UUR1eS0wbQ?oc=5,True,netral,0,0,E3_ekspor_dibuka
Warga Was-was Ekspor Pasir Laut Perparah Abrasi Pantura Jawa,Mongabay.co.id,2024-11-07 08:00:00,https://news.google.com/rss/articles/CBMimwFBVV95cUxNelNGVWFSWjJheTZMdzhORzN3cFVZMUFXUHBtQ3plMFhDbmFmSGgyTzBOZ2RjQkctTzJoQm1WYmdpT3dlVHFkSmczRG5IaU94ODRRSFVHbGh6Ykc3bGpJLUZSdzg0MU0wNElBcFpOV3N4LTFqal92VHR6cWZBdll1TnRKSFQxTXZfc1djQzRxNXBDemRkSGN5TGNYbw?oc=5,True,menolak,1,0,E3_ekspor_dibuka
PSDKP KKP Benarkan 2 Kapal Asing yang Diduga Curi Pasir Laut Batam Dibebaskan,Tempo.co,2024-11-07 08:00:00,https://news.google.com/rss/articles/CBMisgFBVV95cUxOUFNRR3BOQmtWVmxaSDVxYm1JdnpZeGkzUjhjWldBc3VEMVdJTHVYWlhHM24xd2F1bmhIMktlRGFWbXpYN2VHWkdBSVJPNnREOXZzbTFPRFAwcmZiYl9KSFhhRnRxMmZJM3owc3pkdl94ZFM1Q3daaDNoY3FIU2wzclpjMC1kRVM1TG5maFktVzhjTV9ncmlma2h5TmtpOEJ5MHlBZGdjUnUwSkRyWC1ESGJ3?oc=5,True,netral,0,0,E3_ekspor_dibuka
"Kapal Asing Penyedot Pasir Laut Ilegal yang Ditangkap KKP di Batam, Diduga Lepas",indonesiawatch.id,2024-11-08 08:00:00,https://news.google.com/rss/articles/CBMiqgFBVV95cUxQN0paUFNHaFlETVcxRUhJaWppa3hMZ1daVXJOSGtERHB4eEZ4STVrSWltR0cwdXlOU3g2M1dieFh5a0gxWURIczVHN0EwdGdTVEs1RkphWjJMRGdmY2ZFOTBQVk11Wmp0bmJqMzI0X2ZuNzNYZ1dSazB6eVZMYU1Od3V2YmRZenQyVG1CNXBPZGpTejE2bE1pUDMtUm45TjY0RkV2Zmd5cEVFdw?oc=5,True,netral,0,0,E3_ekspor_dibuka
"2 Kapal Malaysia yang Ditangkap di Batam Dilepaskan, Tak Terbukti Curi Pasir",detikcom,2024-11-08 08:00:00,https://news.google.com/rss/articles/CBMivAFBVV95cUxOVlRJcHliTW1Kdl9MUGhGN3lxbHRCVE1HMEdtZUpoYld6TVpmbUZBb2dVLW82NldQbVl4WEtvdmRzc2VpcnpqY0NWWUdEZlFCU2syd1NDNlMtSzFwZWozWXpUblJ3bWhfYXh4ZUJSZXFWa3dnX0c4d3U2eHVhWHQtaHlYZU9XS0l5UEJrS1JRWTdWRktvZ01HVE01STBMNU1FNGRXb2p5ZWpVRnk3cFlNQ2lCT2w4ZTR4UWVLU9IBwgFBVV95cUxPNU1DcmtuclFFMW5pQlByYlNxU0o2OENyZ0RKNk9GSkRWZ0RkWFFnX1owWmpHT0RDSnVrMVZ0a2N4ajlrZHhxV2hEWXAxaEZlRjNNYmNQR3R5LXQ5d1V2X1JibURINEVMMFhFQXg1Z2Vnd19jLU93VGVOZHJ1cmlEUzA3M05BWWZCSDFsVWFpM3AySVpwYnQzemg1NVc5OURaOW1rLWFmVUk2N0hWTHRWVXF4dVNyZzYycHFrc1JQdVlLQQ?oc=5,True,netral,0,0,E3_ekspor_dibuka
"KKP Lepaskan Kapal Malaysia yang Dituduh Mencuri Pasir Laut, Ada Apa?",Kompas.id,2024-11-08 08:00:00,https://news.google.com/rss/articles/CBMi0gFBVV95cUxONV96Wm1pLThCUDI2VU5sR3ozOENYeGdFS0stOERIbXN6SEZERFc5Yk02T1V5aHctZ0tDT0ZpdVBJTnB0SlFaN1duRjJESlBpQnVZbkRrUUNBc2ViV1R1U0FfdWg2aUFsYVNMZERYb2VxNDdxWGYwc0JndjRfa0NYMGFwb2xvdXdyRV9XVnhPUVZxTDNFVHhtdlFUSXJDVzNycTltZGxKQUdXcGFGbXpZRXJBT25RM3NLMHlncThWQzgwUU1ob19uMlZWTnJQZTEwSEE?oc=5,True,netral,0,0,E3_ekspor_dibuka
Kapal Asing Penyedot Pasir Laut Ilegal di Batam Diduga Lepas,CNN Indonesia,2024-11-08 08:00:00,https://news.google.com/rss/articles/CBMiwgFBVV95cUxOQ3NrdjRWLXlaR2dRSkdiSXFGS0lWbndTVjlXdXdEZjlOMXppMXBFQ0h5YTVHVFQ3WlF2by13dlQyVkFqaktwSmo5dXJTZnhURnFCd3RGc2FZdFRxMGIzTktOWnFEbm5iRFp1S1AyWmFqS2FGYkE3NkZwck5HOTFNQjZhbkhuY1J3ZkFZUFZ0RG1kUW5mZkNvNjBoWGphUDh4Qmp2UEdNRkl1cFhmXzBHcWsza3hGZm5CMDZsZGphOFFBQdIBxwFBVV95cUxPYzNqelQ2UUU1VmstbnRxZnQ1dnhoVlpYTElXczZBbEZuWTJsN19PV1pXeXR1aktzcXM4NmJTS1J1LVhXeW93THJHVUpXd3BMb25MeFQ1UVVrTF9ZbndGVGRmRUxuS0hZR3piOHZkakRsdkE0cWxBenE1bElLWUhWeUg5UDl4Smt1REhOZHhVVG5KQzdRVDVTNTJhTS04SjJtcU53TVZZUXhBSy0wa0pCdjY0b2ZrSlAyd1FHMTd5MFh6Wl9xSjZz?oc=5,True,netral,0,0,E3_ekspor_dibuka
KKP Perintahkan 2 Kapal Pasir Isap Kembali ke Malaysia,CNN Indonesia,2024-11-08 08:00:00,https://news.google.com/rss/articles/CBMiuAFBVV95cUxOdUhWdGlud3pCckx2bGpCSTNRVFRXZ3V4VHNhdEJQRXF6Sjc4VGJUUWplMG1NejEtVGtMaEM0MFhnOTRQWlYwSnR4TElta2hueF85X21fWDlWOWR4OUxwR1hENW9LZHRJQ1lhVWVtNVdfT1B2QzUyMVRpcDUwV3hwWmFFdzlQVlRub2V2cU53T0dBLXdUcmpDTE9yQkRHd3dDcmhENllPUFE3V01MN2Z3M0wxSEdYdVpH0gG-AUFVX3lxTFBLSEhsUDQtMV9Ea0NEcVNlRVM4YzVxZ1JOVDh5LVZSY3ptcHBzMmFUSzN3NUIwVWt2dFRpVi1QNWVqMTdKZFNxZTZzaHFqdmZ3Mlc5RmFEaWMwb081N0FrSU5lM09hQl92aFdZRFdDNEJWMnp5VjEyRkY5OW1Va3FxRFg1LWNwdExZcVpJSzg1TnZHNlBuV1NKZm9jbk9FUkZYOE5pYks0UEJaTEtBbk1tWGZuTmtocmZ0TkZkUnc?oc=5,False,di_luar_topik,0,0,E3_ekspor_dibuka
"Dua Kapal Pengangkut Pasir Asal Malaysia Dilepaskan, Ini Penjelasan KKP",Jawa Pos,2024-11-09 08:00:00,https://news.google.com/rss/articles/CBMitwFBVV95cUxQQkVrbFVmSE4xdHp4dWJ1bEFnby1fa0hCc1d1YXp5VlhrSlpUVzBkX2x5YnF1U1BwOHdVTkZBbGxzM3Q5LThTc25EMTlKV0kxVEozVGtPV1ZPUUdiLUJRajljSmdfY0E3M3RfemdZQ2lrc3hoVjhLbDFmVTF5UG56LVpkMkdtSDBXSy05ODRQendwVnk4UTRIUU9IOGtmSVg2VUFYRTlGcFdLTUlDZnNNdHNoUkNtNjTSAbwBQVVfeXFMTVl2T1JBaUFlMThjUGdvYzRvdzlLN3ZoNEp6ODNnWWxvZ0lRMEh1a2EwVWlSX1RvblNBX3RTRC1EaXhMTE5TVDRBb1VLdTRFbHM5aFFOOUpYMU5BUUNZWWtwbVBQR0duUmtnSzlnS2hSY1lGRWVRQmdVOXN2MmNfeTZqZldpQ3Q0d19RdGpoTjNpWnJ0dEJldlFrcmRoR01mNUUwcE1hS3N4WTkzQXR2cHAzYkRlc0UyUVV0d3U?oc=5,False,di_luar_topik,0,0,E3_ekspor_dibuka
KKP Bebaskan Kapal Malaysia yang Dicurigai Curi Pasir,batamtv.com,2024-11-09 08:00:00,https://news.google.com/rss/articles/CBMif0FVX3lxTE5EWWFxZTdvajk0YWJrYm5HM3lHWk1jaDk5LXFTQnEtWWo0RngwV3NDRW81aGJjSjdJRUxiMTZ5X3E2d0I0UktnbHA3ZDNXdUJ6RFJlaUhqS0NaSUtEUE0xS01LMkI3SF9QVUlwY3kyWXRKX2IxTS1iblZaNTlxNU0?oc=5,True,netral,0,0,E3_ekspor_dibuka
"Perusahaan Tambang Pasir Laut Gelar Konsultasi Publik, PT BSK: Ini Syarat Izin Terakhir",Lendoot.com,2024-11-09 08:00:00,https://news.google.com/rss/articles/CBMiqgFBVV95cUxPb1htaTg4UzI0blFCZFBJWTcyQVQxdWpqOWVWV3Yyb1BsM1E0ZkFyZnVkVlcwOTQ3RHdOcnB6bUVPY09nalh5THVFandvRVVTVzlOSk5DWHZ6YVl0M3BoVGdHSF9CVEZhVUF3aVo0c1NuVWlnZzhBM0Ytei13X1lpYTMwQWhvdWpLWWwzamdocEFqTUpETXJqbUNZVzN1bDdNM3NKTUJkMGp0UdIBrwFBVV95cUxNTnJ6Z0ZxdXFnSDFjRVFxXzF2cXBCRTV4cHl2UGhpTVBUN3hBMW9nY3NnX3BRTVN0WTNwbDNzbGhvYTlGMVpPdlI0YVNpeW1jd1kySTBxWThxeW9tMFo4TURCWTQ4Y1NBR1diWXMtdzZ4bjFkQUJSd0g2YWNpTUZRbFptT0xFU2NhajI3UWhTZjd1c3VRaWtLcVpfU21qeU9SRnl4ZHdubWZWQVhqLXBR?oc=5,True,netral,0,0,E3_ekspor_dibuka
"Direktur PT BSK Jusri Sabri saat memaparkan rencana pengelolaan sedimentasi hasil laut kepada masyarakat, di Aula Kantor Camat Meral Barat, pagi tadi. (ft novel)",Lendoot.com,2024-11-10 02:14:44,https://news.google.com/rss/articles/CBMi-gJBVV95cUxNTmxMMGx3aGFybFQxRUgyQzJLVU8wSkszbmxxMkxVUGh6NmE4UFJvRXhBdTJwQlJuUDI1TGVfa0Jxdkowd3BuRS1NZ2VlQnB5NENENktaUnJXYTZneWNwNVdETWtQN3NYbkVtZWZDX2t6T0o4Nl9sa2hCOTlNem1veVc0MnJVMG0zQy1qU3hjMkdUeEtrWGNnaUk2dDdhd2x2TkF3dHNjM0ZrR19odndiT0RrRHlFTFJVTEN0ZDZfN25qMEVjdFNTQ09CM1JwT0FJUURJNFBrMlFVYnRMUFF3NmprSXEwakJFd1JWUnRIdng1X3RocEhFN1F0U0FRM1M0b3RtRU9wTDhkWnBsTG0ySEx2MGNBcjZMU0gzT0RnUUFQa3c5Nm1qWmRwYXA5X20yTlJ1TnU4Z09DUVFNNktkTFk2RDRjOVZVYno1Q1h2c1lBeldwczlfOF9YUFR2R21Rdi1IeHlxRkN4LXR4RUs1dUdVTE52TWNaaHc?oc=5,False,di_luar_topik,0,0,E3_ekspor_dibuka
Cagub DKI Jakarta Ridwan Kamil kampanye ke Kepulauan Seribu,ANTARA Foto,2024-11-10 08:00:00,https://news.google.com/rss/articles/CBMipAFBVV95cUxPejRZTGtGWGgxNk9hVjAtN2pvMUtuUThnYUwtaS1SaTlMb0xFa1B0RWJ1Zl9zdTgzOVhQYVFETVFQNjlXcUVnUHdYUl9VVjJVbHlFY0RORjQ1SlVJelV6aEJiaTd4eG5zOUUxUi1wOFdTSHRGX1BmVDBESW5VUkNZWXd4eVdkdTVUQWlOLWFieWp2Z0pxR1dZTjZaT0FUZ0o0NDQzTtIBqgFBVV95cUxNMmUwT0tEbmJ0YVpnMUNIa3lZY25LQlFkbjNGMFh2dzl4QzF6ZlpoOUVuS1hKbzhvUTk5V19lM1UxS20wV1hlTVVBUkloSVBPTlVMSGVZa1dzbTV2ZVByamc0dWpPRUtvd092bndjVEhhTTJ2MDI5MW5NenRfQjRoTktaR1Z0ajczdlRZT0N5NGxMM3M3bjNBNmtlZ1dLR3p2ZUxkYWxhWEFZZw?oc=5,False,di_luar_topik,0,0,E3_ekspor_dibuka
KKP Harus Konsisten Tangani Kasus Kapal Penyedot Pasir Laut,Kompas.id,2024-11-11 08:00:00,https://news.google.com/rss/articles/CBMilAFBVV95cUxQNnpYcEIyYUhBdzJ5UEk4R1d4RlNYSmRST3dEVUkwaDgzNG04Q19KelRNMk5FWkkyTVczQ1psTG4zUXFicHA3dWUzTVo2QXUxMWZPLXVHODNzdXJIal9jR1JMVnVfczhJcXZjRWpPeGV1cnBjZmI5aGRTdWM1d3hlZ3VOa3ZhWG1RRWZ3dW1VTVhxRHAx?oc=5,True,netral,0,0,E3_ekspor_dibuka
"Kisah Petani China Rela 16 Tahun Belajar Hukum, demi Gugat BUMN Pencemar Lingkungan",Kompas.com,2024-11-18 08:00:00,https://news.google.com/rss/articles/CBMizwFBVV95cUxOdEtRU1BRVkNTeTlMamtOeXVELXhOZnRVQWpfWVhqRVJpSEVFaDVUb3JzWFR0SjFhZDdYbHd2RlpGTG50LWtjOXhhSnNHTzV0c0dzeEg4ZFh3MExfcUZyUnRSWmhTOU14aFdHcXIzd09TdXhxM2J4aXlJM0wybE01ZjBnbUU1UjZ6aUFDXzAwbU5ibTItdkFxMElwbm52SHlGN2kwcVpmUEZ4UkdTVXZSWGtBQ21oTkVvcnEyZUtTV25JVDNoUE93MWprRUZMQVnSAcMBQVVfeXFMUHgwOVQwQ1hkd0Q2NkRheHMwOUx6Tl9hLXpjS3d3MXdfQVI1dXFxV01WNTJpS0NjS05nbkVLQVF1NVJyUGFaMXRROElBSURCcDhrZWlrTGk5MWVVV1dEUURwcnFDUmw3RlFUMENlNE5GNlVPWGdkY3V3MTVFOWJIbmVzR1pNSTBDdmtORWFQV0NvNENQaC1BeG9iVzhtMWNJSW5QdE9kMGpnNVBFNFN0SVNwMXp6Mm44UjEwYnhZb0xBQzEw?oc=5,False,di_luar_topik,1,0,E3_ekspor_dibuka
"Distrawandi Nakhodai HNSI Kepri, Janjikan Kesejahteraan Nelayan",gokepri,2024-11-20 08:00:00,https://news.google.com/rss/articles/CBMiiwFBVV95cUxOMndDVngzTzhtMWhRYUNuT0FNQURRSm9GT1ByYUNvYUhUd3ZZdTFTbVJ1Ry1DNnhPZzFqZ1dWOUktMmU4QVFqUm56TGFXRFEyVUlyTFJscnlwUDZsNjc1elYyeVVCdllMdzVpRmVLVmRnNFFyWTh2blFFZEVmNmc1VEFKanJVSmltU1lV?oc=5,False,di_luar_topik,0,0,E3_ekspor_dibuka
"Ekspor Pasir Laut Dibuka, DPR Ingatkan Potensi Konflik Kepentingan",kontan.co.id,2024-11-20 08:00:00,https://news.google.com/rss/articles/CBMiogFBVV95cUxNN0o4YWszbWZFM0tXWVZ2ZTgwT1hySV9obW1QcnBVZmFKaGVNS3V3OHFGWkM2ZWl6ay1XQnlPWGRmMHpyZ3BIWWdZekhmMXJWUTVMdVVqb3FsTnFBdzJlVE1mZlRUNlZZOEZEazNaUWhyaXN4Mjd3S3RmTkhQc1dsOEN6cFlxajVDTEpSTXpIVW5Tak4xVVByNVo5cVhtR0dpVUHSAZsBQVVfeXFMTTlJek5KV1lNUDR6T01WVUwyaW5yVTlJa0gwUU84VEkwWUI0aTgtU1pzd0JkdjFiMjdPZUtmWkhremlvNGpJcktoUzlRRDFza1AxQlNtd0NialREWVdReFZkQVc4R2o0ZkE1OVM3OEJrZDliMTlHakxjanZOcG9iYUNzQ19DU19JZ0oyZEZyMlhmUjJtQVphazJ1aEk?oc=5,True,menolak,2,0,E3_ekspor_dibuka
"Pulau Eksotis di Batam Ini Dijaga Pasukan yang Disegani Singapura, Jangan Merusak Apalagi Memiliki",Batamnews,2024-11-21 08:00:00,https://news.google.com/rss/articles/CBMi3AFBVV95cUxNVm91NlBqMkJEVjlmVWtQWVNid0xyQWYyaGw2RklIM1lta0xidGRZc1p6NmxPLVZfOUk0NEdiMUhPeElubFhpX0lYQ1pmVkVWemIybWE1WXJGQzVDaFNCcHVvTW9DT1NEOGRPb3RDa08tRUlzR2lOSUJnR2Y4ekxuaC1hUzFGVUxhNTFBWGhaMG9XbDVKWmJKNU5vTGp6N1BfYUd5OHNTYzlfZTVVbVBtZGo2MGNvUlFsekRKdVdydWo3LXkySkItaV9TaVJlVkZXNGl6SmZWUWJQVWNl?oc=5,False,di_luar_topik,1,0,E3_ekspor_dibuka
Foto : Indonesia Disebut Bisa Dapat Pemasukan Rp 67 Triliun dari Ekspor Pasir Laut Halaman 1,Kompas.com,2024-11-21 08:00:00,https://news.google.com/rss/articles/CBMizwFBVV95cUxNRmJQanRBSVpFSFdxa2o2M2FkQ0tTZ2JrT3BUanhiY1ZPX0EwWkZJbnNwWWJnVDE2YnZzanFGODZMVGxlYkhwaExxeDhuTXZqc0hnX1NtTGF6ZnN2LTJ0eDJwazd4MjRkdHFtWTBNSFlvcTRVaTAxaWZ5dzl0ZTZVSFNiVGRoZmNlY0hOT3cyM1dFcGhOSWNHV2ZUZ2pNeGxIS2hoZTJjREE0TmFjNmdRVDk1bndQY29zZ21TV0psTGRsTDV4YWNvRUZhQ2VjYUU?oc=5,True,netral,0,0,E3_ekspor_dibuka
"Penambangan Pasir Laut Ilegal Sudah Terjadi di Banyak Tempat, DFW: Ada Ekspor ke Sebuah Negara di Asia dari Natuna",Tempo.co,2024-11-22 05:07:37,https://news.google.com/rss/articles/CBMi4gFBVV95cUxQdnhFSTFLek9EaGppeU5nNllaTGY2YXNweV91bXhKOG5RcG5QM214TWVOSTBhSjBxcGp2dlR6T0EwT3RnWDhCMnJycVBJME5zZWlYVGZSR0l0eEg2a1RyZUo1ZXluTnNRYmNKZnZvLVdxZVE5bGJ1Tk91RERacm9pWXUwcERzb2dnU3ZKbFB1TTdhYUJNMmMtaTV4VUtuWkMyNnhNb3FCRFh4ZklENldXWGdJZ3pIQTdKMWtXMkxTOWxaOUZnN3FUNUZBRVEtNXRfbERhdUJLX1ROMmlOeGV5Qzd3?oc=5,True,netral,0,0,E3_ekspor_dibuka
Syarat dari Bahlil Bila Singapura Ingin Impor Listrik dari RI,finance.detik.com,2024-11-22 08:00:00,https://news.google.com/rss/articles/CBMipwFBVV95cUxPblVMSnJYQW0wbmJvZlRSM1ZObmZwLWFDaHhHQmxKS3NoWXozZnFUb2MwNV9KQ3Y3b1VraGcwTG1lRW56YmtjWW1ZUXpJTjAyWVRnbURQZzY2WUh6bXNNUmpYLWNmQkZhS0g2SjZrZ3lZOWRXdTdLcUlLX3kzMlJJR1pScDVCM0tOMWlhRVhDNTRydGUxckhabnB4Y1VzRnplbXZqS3FrONIBrAFBVV95cUxOYUhoTTkxeDRVTW5VdFRFV21TRTZlSFE5bnJKX2JwZzNuNG9TMVFubnNmYXR0V29jOXVyeDJsUzhyOTVjbk1nUm5WZ1k5QWRsbUhSWWw0cmRqMU4xYlpLcS0tUHhfcld3RG15dzBubjQzVkQyWnpFaW11cnR2eVR0ODhLeHZwUkw0VG9QaEVqTWtQV0hBLXI2VjBmZEk5TlZ6cWNLeHBmdjR0TzdZ?oc=5,False,di_luar_topik,0,0,E3_ekspor_dibuka
"Capai Indonesia Emas 2045, DPR Dukung Peningkatan Anggaran KKP",MONITOR.CO.ID,2024-11-22 08:00:00,https://news.google.com/rss/articles/CBMimwFBVV95cUxNT2psX1c4RkgtTTUyUndNZ1dFa2JrUnFpaTlzS1h5eVFNbF9Mbnd4VVNEeDE2Sk5TWnNyYUJ3Nkl1V3FoeE1meFZmUjBCQ3I4YXh4N2VRYnBMLVVUV3RWb29yQ3ZGNjVnTjFPTVFnWkZtdEFtQ2lMMXEzeGtJRFFWcVJHWVZIQkMyMDVPamt3SHRTLWxYVlZlRE56Z9IBoAFBVV95cUxQclg5MXhuVVlfZWgzLVhfTGszN2Fha0NMX3dEUlN5RzJncnRuWHRvekFEVl9SVGZXb19WbmZHMGxsU084SEhoZFRYbmRsTmJ4RlptWGFFMGRTZW5JX0FkMlpiRHNxZjFhMURPTHV4aWJiODZCbzI3cFo2VE1tektyT1lLOWEwSlhqRk9ZVDJUbzNXa3plQzgtVjJlOXh2dWFm?oc=5,False,di_luar_topik,0,1,E3_ekspor_dibuka
Penolakan Warga Desa Batu Beriga terhadap Tambang Laut Halaman 1,Kompasiana.com,2024-11-25 08:00:00,https://news.google.com/rss/articles/CBMiwAFBVV95cUxOUlA4c2dSaDI3V0paSE1RUzlncW5Sd2pKVlozaEtlRlFvUWRWUXpZRG50OHR4cU1BMUNFMXJscDF1cmZzeXJPY085VWFQWHo5bWVnYTFwMWdUQlB1Y3dYUXFLdW9UMGtRd01VWkFwblM4Rm45Y2g3bGlFdnpjLVp6N1paZl80VXdEVGpEWHBsMUgzazd2OW0wcVlsOUdLcHZaNlZGRU5JVFRpYmUtNjNUVjBUajlpMmpRSkVfaDFEODA?oc=5,False,di_luar_topik,1,0,E3_ekspor_dibuka
Ekonomi Biru Indonesia: Solusi Jitu Hadapi Krisis Pangan dan Perubahan Iklim,Mongabay.co.id,2024-11-26 08:00:00,https://news.google.com/rss/articles/CBMirwFBVV95cUxPNjZqQWxTZERZOTFyX0gxTUZDTXgxeUlmcWx0WWhtYmR2ZHJ6RUhWa3ZWTHBqenNUY3RtMUJqeDlXMEtPLUFpZl9nZDFVRGt3aFA2TllSdVBmYWhCMDB3UUZnY1VISmlTbS1HYlAyM2o1SnBCTm9fZUczTmtnTzE1OUd5X3cxQ1ZmZ1N2c29VUkpjT25HbXh4RWphRllPYk9UTzJSYzBaYWVxNmVuVk1z?oc=5,False,di_luar_topik,0,1,E3_ekspor_dibuka
Beragam Dampak Buruk dari Penambangan Sedimentasi Laut,Mongabay.co.id,2024-11-29 08:00:00,https://news.google.com/rss/articles/CBMikwFBVV95cUxQQ25KcmdqZGdDQ1BOa0hmb0llcU9KQjNNa3hfM3YtaXV0Z1FUYUdCeGVjTUtQRGtSWEE2V0dybF93TmJOVEVNZDZhaUktcnFjYXNRMHZYRkJadVhIMmJfYVJQZW1NUVdOM1NNaFBpWHM2TkYzMVdFT2J4NWpOa1pDTUQ2cE80YUZ1aUh2cC1NY2oyQnc?oc=5,True,menolak,2,0,E3_ekspor_dibuka
"Banjir Setinggi 1,2 Meter Rendam Desa Pasir Mempawah, 5.364 Warga Kesulitan Beraktivitas",suarakalbar.co.id,2024-12-01 08:00:00,https://news.google.com/rss/articles/CBMiwwFBVV95cUxQd3U1OFFLbDdyeVVfUVZjeUt1ZGlGOEpyX3JhR1hENG9DOEJ1MENlek1iX0Nkd0s0OE1QOE5FbGFLY2dvMVZIS01kVWw4YjloTjRTdGhrV3RkSDNlTXVuOW5ZOGozeFc0d1VzNG4ybmk2elZRQVJCVTU2Z3lxVGUyd0FZaXpSdk5oV3FjUUtKcWFKZEpka1N6VWdMejNuTXY3TmtuWWlhX3ZhUk5VcFZoYWdVNEZjZ3A3MU42ZXgyNlp5ZXc?oc=5,False,di_luar_topik,0,0,E3_ekspor_dibuka
Melihat Lukisan Pasir Bernilai Tinggi Karya Seniman Jombang,MalangTIMES,2024-12-02 08:00:00,https://news.google.com/rss/articles/CBMitgFBVV95cUxNMG5PdU1NRF9NUmtHbXlOMDdYWW1mWERraUEtdER4bkRvQUoxQTY4SExtNFIyMzFia3N6UE9UdndFNnhjUFdUdVpoTGpNeUlGdzBZT0ZnbkhzZWhrN2o5MzZOMXhkUnNoREJ6YllIQkRNSjZUbUx6TFg2b250Z0ZIbERzMk1welQ4N0RIY3NoNHA4N2NWa1F0Mi03OF9yazhYRVZtazhYUGRZRTIyeGRHTTRLT2JGZ9IBuwFBVV95cUxOcWZtUWFhN0owTUx3OVJZNmJFdFFVd0lwdnVwTmJZa0ZHaEhCU0NxZUFzaEV4MGpaM21abUQyNU5UZnNpU0cxSi1YOG9tTXJYU0Ricm9WSEZlSlFKVlFpSXRGdEZtUlJKUWYtc29CQ0ZIdVBwTUFJZ1p6VGctYWRweUxnZG5UeTNBQjhkYnhJaENoZTkxMXl6bmpQOHJ3eFJPVUh2YmE0OU1MQTVMSVg0cDI1RWY5NGhjM2x3?oc=5,False,di_luar_topik,0,0,E3_ekspor_dibuka
Dampak Buruk Ekspor Pasir Laut: Merusak Lingkungan dan Ancaman Bagi Nelayan,Mongabay.co.id,2024-12-03 08:00:00,https://news.google.com/rss/articles/CBMirgFBVV95cUxPTlJ4RUE3NXBLR3cwekNpZEZES05QT0RtdWtXSlpkQjIxMjJZY1RqbUlLVWNPYnlqbUMzTWI1blcxZ0xycTNzdlpnMld1UTBPb05QZTJEV081bzFnZlpMNmF1R2JnTWZBbHJxMzVVUExLenFVa1l2WDVYTHJFRjVQdGJiTlNUdk5pa1pwZWF0Wjk1bFlZRjdhWHFXSVRPd0Y3Y3ZDQXBWc0IzOEpEcFE?oc=5,True,menolak,4,0,E3_ekspor_dibuka
"Mohamad Akhyak, Seniman asal Jombang, Berhasil Menyulam Pasir Laut Menjadi Karya Seni - Koran Memo",Koran Memo,2024-12-03 08:00:00,https://news.google.com/rss/articles/CBMixwFBVV95cUxQUmtvZUg5RW9rUkJDck4wbmJaOTJ5Y045aVNHRGFzWGNxOF80N21WN2k0OWJQZEpQdEtRY2NZV040cmhNU3V6ajRlNS13V1B0Zk8tUkdMT05iNzR5MHJiamVwNVd2aGE4UlZOWlIwZmgteXkwdHE0aHpwbjFXbDFrbDg3UWtSaHpSLTV5WkNKSTZyNFJDc0JMMlhMZkhCTlFfVDNrdGRFU01wVFRoRGlrRW5PQk5rbldSY0g2WFNhbUowcmVWTE800gHMAUFVX3lxTFB0dXRUNzM0YTJ0YWhjb0VGWFFERDJyR2VqOVNncWhFSGZVZ3FWQnNWenRhVmxabjFXNWlvMU5aQ29vOWRNM1pfM2FfeDJpQnVrTWplajNRdWpjLWZJWFhkQUNvVVJNdTg1RU50RlNiSW81VlJIYWYwa2Ria1FFQi16NGtlZWZadVNiS1BPc1VjZGRCcElxLW9DMUNGdXlGUzlDM2FGTmo1SlRkQnZUV2dkXzFqaFJxRkEwT0ZRSFdzQW5ZdDg1VWlEbUFBaA?oc=5,True,netral,0,0,E3_ekspor_dibuka
Tiga Kapal Malaysia Colong Ikan di Selat Malaka,Kompas.id,2024-12-06 08:00:00,https://news.google.com/rss/articles/CBMifEFVX3lxTE11NjVuaHMyU3lrTUxzakdya2tKNkstU1F4VnRYNUFVOWEwZkpqTDNuMFpFZkg0T1o0ekxjMVlzZ1hKZktic0Y5TFAxSnpMX3hEYS1wUWFaZHQ4SlBaN3hxSlA4bWhKVFBrSHl2MjJHbmtUVXFzaVNmbDdiV28?oc=5,False,di_luar_topik,0,0,E3_ekspor_dibuka
Selamatkan Pulau-pulau Kecil: Tantangan dan Solusi Kepulauan Riau,Kompasiana.com,2024-12-11 08:00:00,https://news.google.com/rss/articles/CBMi0gFBVV95cUxPR3hkd0pzT1lBOC1MOC1OLWVidkhnSUpiX29pTXJLc2dxckpzSThGTGJCSmN6YXpQVXg5WlVqeXUyWkJReGdHVi14SHpzTWVLU3JXTkFVT3NxeVdnbkMtQ2UxMFhoTVYzVmhSRmx1YzNPSWVNaDRSZ0N5RXlRQW91YUkxNmtBeUVsUy1XZUNjYUlNODRyQzlrb3RNeVpaWW1QTDFtQ0ZWeU5Pb3FtdXBpOXlpSmhLNWdxcGpaaVhCcUhyS1hNbm0wVjYyU3FiQVI3R1E?oc=5,False,di_luar_topik,0,1,E3_ekspor_dibuka
"Profil Luhut Pandjaitan: Bisnis, Kasus, Gaji, Kekayaan, dan Fakta Menarik",Inilah.com,2024-12-12 08:00:00,https://news.google.com/rss/articles/CBMiWkFVX3lxTE1VWmxZZ1lVdHdjRXFOdkpyVHNIUWZ4T1hLWmJuMUxKSGlMVXlrWF83WW5RclFCOFdlNTdCZjYxTVJ0aF9fUlNGbnJ0cTE4UDE1Q00tNTkxb0tqdw?oc=5,False,di_luar_topik,0,0,E3_ekspor_dibuka
Penambangan Pasir Laut di Bali Mengancam Jalur Migrasi Penyu,bali.idntimes.com,2024-12-16 08:00:00,https://news.google.com/rss/articles/CBMisgFBVV95cUxPaTFMSGtRbTNseUhiT0JYMmdENUNnTl9oWk1pWVVhY2w5NzNMcElxYTcwa2RfNEdnb1ZUZlBoYVJQQjVDRm9sQ2kwMFZkTDRfRlRKa1R6Mnh3UTNGa1NRV3NoRXNKY3JkUHF2MHZuMTkwQ0ZBSl9BRm0xbjRvQXlqWTFtRFpEUHBlM2JLcDFKeHM3NlFFcjBGQXNVQmZUd05tVVNJeWlNakt0UTFwWUstT1FR0gG3AUFVX3lxTE5rOU8zUFlhLW9Hckt0VmdRb2hxaXBBR3c1bVJ0S3I4TklYWmRMdlB3ajR1bjN3TWNteU1YNkhJNnhCa1U5dUpCd3VfTGJoN1dEcWN1a255WktZUTdjR24zWDkwZ1ZwN09INzJDQkMwdndtT1JYSEgtb2lldVRhT19EV21DUU5LdUxnNG9HVzNkQktYdFB5cFlkOS1veFIzdnV1QVdrR2RNOXVqNGUwYlF1WXhObUQ3aw?oc=5,True,menolak,1,0,E3_ekspor_dibuka
"Mengungkap Rahasia Geologi di Zona Kendeng: Potensi, Dinamika, dan Sejarahnya",Teknik Geologi UGM,2024-12-16 08:00:00,https://news.google.com/rss/articles/CBMiowFBVV95cUxQVUE0Tm1Bajd6ZnZEc01TSy1CZ0ZQdW16YmJFYlFiaWxDd1F3VWp2Zk9YNWZwZktEV192YkM5cXZjNGIwejdWNU1Kc0NEd1lkNW9aakdqcWRiOTFfQ0ppcGVlSHExOEpEaUZMTzZUbEc0cnIxUlJRWi0wOVhtSXVQZzVyTE1ianFZU1l2RnByUGE2MzFNcVJ4dXNxaEdIT21vRFpZ?oc=5,False,di_luar_topik,0,0,E3_ekspor_dibuka
Industri Pelayaran Keluhkan Pengenaan Pajak 10 Persen untuk Angkutan Laut yang Beli BBM,Kompas.com,2024-12-19 08:00:00,https://news.google.com/rss/articles/CBMiyAFBVV95cUxOX2ZqV0llblBqbXhIaklrT0doRmhpa3lJRXROSms0YUtjVzNlZFRUQmxXWm8xYl9HbXdEbjNMRW9BSmtybVpCaDc3bFZGMmd1dDhzWFo4SXBna3d3WEtFZW1ZR3dCZzFZXzhhSk5PMWdnNU1zLVF5YWQzY0hfcnlNQzZaT3FuSHp1Q3pSVXljNG1PQ05ZeUNsWTIyVUdaWXRNNDFzVXUtSktXeDR6NXFZRHRxY2REUlRNY21qaC1EbVNwSDJsMTlFNg?oc=5,False,di_luar_topik,1,0,E3_ekspor_dibuka
"Pulau Timor, Pantainya Boleh Diadu dengan Hawaii dan Pasirnya Mirip Gurun di Arab",Kompas.id,2024-12-19 08:00:00,https://news.google.com/rss/articles/CBMimgFBVV95cUxPMmhBVHRDM0tTMUdPRFR4QlA5Rm81NUlienViRmM4WjF4ZV9oSUNSdjhMOWw5STltZTlVUWJkY2NWdHJOaW5vbmU5RFp1ejdTcG1RcTE0Zm1kS2lVX0o5Uk4zanFSVkN1TDVnN2dqUTlVWmJZVWlHekFDU1gxRjc3RUZBZ3BQb1RISnZEWGFxRTJvNTJhMk5yZHdB?oc=5,False,di_luar_topik,0,0,E3_ekspor_dibuka
"Stafsus Menteri ESDM: Paling Pesat di Indonesia, Hilirisasi Nikel",Tempo.co,2024-12-27 01:52:27,https://news.google.com/rss/articles/CBMioAFBVV95cUxNT3N4UHZPY0pZWTVrUHhaU2hsSHFQTmhzdlFtQlRLLTdGU2I4aGpkWG5SX1NmR2JvaDIzZ2xRczNJZ2tzZ3pLX1ZSOFZMREJtZ0c4QXpNLTE5allxeUdVM1F3YjQxNmxTVGRTN2NWSlBCX1B2VEZ6Zl9PQTZLQndJM0phVWFCQl9EeDY4bkpidnE0OFRzSFZENkZjSkhleGlu?oc=5,False,di_luar_topik,0,0,E3_ekspor_dibuka
"Pasir Laut dan Sedimen: Menelaah Pemanfaatan, Dampak Ekologi, dan Urgensi Regulasi",Teknik Geologi UGM,2024-12-27 08:00:00,https://news.google.com/rss/articles/CBMiqgFBVV95cUxOdEdmUE1UNWI0MWRjSmE2Mm5BRTF2ODRKTkFKcVBOeEhYcHpmWUR3UEhLb1hwX3hpNkhidnB6UFBvd21CUjNDeklQeVhXakZGN1lBOXM3dk03SlZ0WEpnOUR3anZpeDZaMk5DUlYwTkU2N1dHa09icnZSTkRaalgyQ3J2UTFLYmhCMi1nTlA5aW95S3JTQm9IV0pWeGpRc2xZeUNfa3dXVEFmUQ?oc=5,True,netral,0,0,E3_ekspor_dibuka
Menteri KP Buka-bukaan soal Hilirisasi Udang & Rumput Laut,finance.detik.com,2024-12-27 08:00:00,https://news.google.com/rss/articles/CBMitAFBVV95cUxQRzJIdE9vM3FGb0plN1l0QmI3QXJKczFyYTN6MjRzaUJiWU5IRXVrN3YzRTllQlhoeUllbXdiV1RxRDIwaTlIVncxNDAzR2pTYUVCMUhmNl9Ccm5yTm1raGVTVmZFX3NQQ3lZZlNZcHpGRkZoLXRvZ2RzT0hIaU9JSl9xOWVTV2xUVFZtTVB4WE9Ccno0Y2hrMG5YaUlYaERuOUJCNzNDZmhuWXNNQUNrcWpqaTTSAboBQVVfeXFMTUdybEtJekF3eGkycEh5Z0JzdTdtY25rSkVnRE9JZXIzVlZkNmdTcndUMTlvOC1IVXo0WlFRM2plb19nLS1KX3h6ZkJFUVIzQjBiZk56UjRoZGM2dVZIWHlSQU9peTBIT2JTZzB0Rmp6TmxSVkVUSjBkRjlLWmN0dXNZVkIwUC1neHoxa2tLS2NWVk85SVlaNDJQSnRaLUp4S2RCOTFkcmp4ME9IUzJyMlE1X0d6NGpHNkpR?oc=5,False,di_luar_topik,0,0,E3_ekspor_dibuka
"Libur Panjang, Pengunjung Wisata Pantai di Rembang Tak Seramai Tahun-tahun Sebelumnya, Ini Penyebabnya",Radar Kudus,2024-12-27 08:00:00,https://news.google.com/rss/articles/CBMi5AFBVV95cUxPcXM2YVZYZEJHNzNlRFJhQV9fR1JWaHQxQlA4azB0bUVsaDVHejQ2ZkZwNWJ2NzlXQ3E4d2tmOENGdVZXZjFabTZPd2d3YVhMd1Q3M3hrN3pEV0xwVmV1ZnZpU1RGdjd4ZG9HTTkwQ1NWTlRfcVBiendTVmxTaC1TbTBPWHk0aFgzQzlWRkd4Ylk2Nm50SWtUQjVJSWhpLUJ2Rk5SWWZyZnRYaEQzX1pLTHA4VmRyOEhodjRJRVBVelotSHRTVV9vX3k5Z1RiemY5Mkd3eUtnTHpqWnhhNnR5T3piTzjSAeoBQVVfeXFMTl9LWTRDV1hVT1pnZGpvZGJaZWdEQll2N0xqazMyM2tJUVo1U0lCSlo0a0NWT3Q1dFhwSERhaHh0WEt2Ry03RzdZWk9IY2dHVWFfcFRlS0pBdDh4VldnU0ZjQmg3Q19KVnczQXNQMEZ5eXc5YlFGUWoyamNhRWFCMHZWZnZHYnlRbnU5Wl9DanY3WVVuRGhERW1TZUhmWjRCaWgzWU91cHJNU1pqZ21ZeDdfX0Y1SGdtQXJlVElNQ0xsY1I4ZW1PXzQzN2ZFd0lHbkxvd3NxZzRuaHFkSVVibUkxYjVKYVJLZDhR?oc=5,False,di_luar_topik,0,0,E3_ekspor_dibuka
Catatan Akhir Tahun: Kehidupan Nelayan Kian Penuh Tantangan,Mongabay.co.id,2024-12-30 08:00:00,https://news.google.com/rss/articles/CBMimAFBVV95cUxQOVlKbW1OZDhGS19ZUlJMWEhCcDNXTzllUkFycmYydm5LSEF6TG5aNzE3TW9kSTdhLTdsQlMwNE1JUjRDb2hUb19GMlBHYW9zU2h5MExYZGJ6N2ZOMlVSZS1tQnFrUzhDVE5iMzJfRlNrVEQ1amRBcUJvV1k2SnBUdFphSlpyaWtXSi0xc1FyQk01UFlFcVBaNw?oc=5,False,di_luar_topik,0,0,E3_ekspor_dibuka
5 Kebijakan Penting di Sektor Ekonomi Sepanjang 2024,Hukumonline,2024-12-30 08:00:00,https://news.google.com/rss/articles/CBMiqgFBVV95cUxPbWlXTW9lb2lXdkJoa084Q0ZUNDlETndxUzJHelljUS1xeDNYZDR6QmpzVXlSdzhoQXJtdS1JbFBvZnUtRjJXZm5wYWxFeHVlZ1VjSERnSm14WHd2Ul94emRIck9VYWFCVnN4cVFfd0U0NUtaTW50YmVlYlZKRzlBSzNrbmxWWE9jUC1kWlRTLTF2dW9RTVdpYThuWnlqYm5sQ1h4Zzc3NkJtZw?oc=5,False,di_luar_topik,0,0,E3_ekspor_dibuka
"Duduk Perkara Pemanggilan Rieke Diah Pitaloka oleh MKD, Dianggap Provokasi Tolak PPN 12 Persen",Tempo.co,2024-12-30 08:00:00,https://news.google.com/rss/articles/CBMiygFBVV95cUxNd3FJU09WaU1ONWJSNC00QjQ1Nld3WjRteTFvcVNNb2w3ZnkybktROGJTTGw1c094UzU1LThGUVU5aDZmamowbWI2Zm9SYVRxRFFCY1VGeDVLU1owYndGVXVvNi1jVUhBckxhS1h1NlZPekJUN1h4Y0JLa0JoQUxCel9Wd2Z0SGM2ck1ZSnJXYXZYMjg2VDFxM2xyei1abnFESnF5S3NuazBOMFpVX3RVSEg1VU0yZWNuZVN1ZWJ1SDlUNnNLdmt0YWZB?oc=5,False,di_luar_topik,1,0,E3_ekspor_dibuka
Ekonomi Indonesia Selama 2024 dan Dampaknya bagi Masyarakat pada 2025,BeritaSatu.com,2024-12-31 08:00:00,https://news.google.com/rss/articles/CBMisgFBVV95cUxPVGI5ZDVXcnNna1h6aGFBX29OZDRwM1pya1Zyb0JWUzR4VTRwSlRLWU1lTjhkYzRGaGJvQWx5YnVqc0ZqdGVJdU5Oa0FJQWpUc0lRYjdwTEZNWXRtVkd5bTZTblY3ODBzWlN0SUYxOFg2aElrRVpfYnlIbWFfRGtSYjdXX1k1OUhpa0Uzckl2NGFYcVdRX1hxV2oyU2lYZy05amNSa3E3ZVIwdHJRRHBpUHZR?oc=5,False,di_luar_topik,0,0,E3_ekspor_dibuka
Reklamasi Pesisir Surabaya Bakal Bebani Nelayan Perempuan,Mongabay.co.id,2025-01-09 08:00:00,https://news.google.com/rss/articles/CBMilwFBVV95cUxPd3VQZEIxMi1tZFV5Umxyakl1UHp3dTRSVU5kNXV6MEEzMUpDLXE3N0l2cHppSFR3S2lnQjIzR2JpZm1BeWN5dndsY2QwY1BxQ2YyUWpjalBlZWg5UWM1OTlVWW1ienpnX0FlYmlEdHBNVldSSmlybUFMUjlPaUZZQlhxbWI0bWRYWjV4UkVzcngyVEhfd05B?oc=5,False,di_luar_topik,0,0,E3_ekspor_dibuka
"Pagar laut Tangerang: Pagar laut 'misterius' sepanjang 30 kilometer, apakah kelanjutan proyek reklamasi di Jakarta?",BBC,2025-01-10 08:00:00,https://news.google.com/rss/articles/CBMiYEFVX3lxTE5BWTVCb0I3MkFNYUdCckpYeFNSMDlKTURjN2UxVV9FUzQ5eHU1Y1lGUDVVd2YwQXdSbEU0VV9NLUZycjlhcU04RzE0OHZpZEF3VUF2N0VTbnVmeWZOY3lidNIBZkFVX3lxTE13ajgyc1NGY3ktNTZ5SWVtZkpsaWRYZmxDWWxyUEtEbEtKdXQyd0JuRGFBaWszYWNZMXVBZkRaQmIxMlBabWJDMksycmxjMFgtRFJGbXkwUkRrOTVGUVdGVzFjMmRPdw?oc=5,False,di_luar_topik,0,0,E3_ekspor_dibuka
KKP-BRIN Resmi Berkolaborasi Dalam Pengawasan Implementasi Ekonomi Biru,KKP | Kementerian Kelautan dan Perikanan,2025-01-10 08:00:00,https://news.google.com/rss/articles/CBMitAFBVV95cUxOcG1RRHByWW9MdE11dUNvZ2hrSFNUX1hLNVl5U2YtS2dwZWJqbW9EUFRVNUI0blYxai02YzBYeGdVZy1ZbzM4MTl6Wm11SWc1SU9rSXcxNy1zM19EZG91OWcxZkpkTkptZUcycXg5Q1RWZU5nZnlzUmdycjB1REFycXBwb2xRNzZiVzVDQ1VwWXRuZVJfaUQ0b3NyWXBRS1pXVzZoYkFZd3UxUEktbVNwdVpxNkQ?oc=5,False,di_luar_topik,0,0,E3_ekspor_dibuka
Menteri Natalius Pigai Terima Audiensi Pelbagai Tokoh Penting Bahas Bisnis dan HAM,Kompasiana.com,2025-01-12 08:00:00,https://news.google.com/rss/articles/CBMi5AFBVV95cUxNTGtldmNwSG9sN1BVNjZrNmx5V3g3ek9jNjEybklaUU9rZ3hjcXRiTmJmcm1WbXc3NWs0Vk9yRkszQWwwRHFQWWhndXNGcjlya2s5bzM5UVRKTGRQQmYwa0QtS29tazA2M3JlMGl1REt3MFlXZTl6TUh5ZnNCSnRvV2J0RDc1OEV0T0pmNGtiSklWdTFuR2lOWHZDdGxES2pWblpqa3BnM0lhczhsTkI1RFZBUmFwY0dWUnhxcC13MzVaREpMOXd6a1BTMEtKS1A2RjlmOGxwV1pNUnJOLTVSRVV6bXE?oc=5,False,di_luar_topik,0,0,E3_ekspor_dibuka
Menelusuri Bencana Abrasi Pantai di Kabupaten Jepara: Dalam Sudut Pandang Pekerja Sosial,Kompasiana.com,2025-01-13 08:00:00,https://news.google.com/rss/articles/CBMi7gFBVV95cUxOR2VzakFCRWJmdDFsRHF6dW1pbWpwbXNGdDcxQjZGWm1tbE1aOUt1Q2F2YXlEZzhGazlVaW1Jc0xtS1JuV2Z6cF96dGlMeGdNTzJVbEpxcjBXV21SS0s2eXVFbGRMRmJVSk8zYkpYeEVXYUFFY2l2MUpnZUFtWlowcklteGlDWnZKOXN0M3V5aXRBN2tCbWZlM3NsYzlvZi1ZS2FJQTRaeHhUY1Jvc0ZXOUtQOGRsUkJ5dVZVRVF6cGd1WEt0dnduRFBJVlJrdnJWQlQxSUVEOXRMODEybC1XTGZEZ1d6UHhzX3E4aVNB?oc=5,False,di_luar_topik,1,0,E3_ekspor_dibuka
"Tidak Berizin, Ombudsman Desak KKP Bongkar Pagar Laut di Pesisir Tangerang-Banten",Hukumonline,2025-01-15 08:00:00,https://news.google.com/rss/articles/CBMi0AFBVV95cUxQbllpaEFLV0tid0dkNGs4Z0dZR19vZFJaSjRkajU1VnBmSnJKQlk1bEhrNHFyeWpCYW1kT192aEtDRm1NWGZUQWF1LTFPaXRwSzJReFlrVnktOFcxLVFHS2pKaV9GcklhNmFDUzl3Qm40Y3JNa2RES2h4YUFlMGtKR0dPTzY2OExFaTljMHpfQWI5akp0cVY4aVc0dWZGOW5kcnp2RXNma1cwTWVSc3dYM3JyMzlpbGx1Y1k3cGRrN2RYelM2ZnJYUkhTOWFXb3Bu?oc=5,False,di_luar_topik,1,0,E3_ekspor_dibuka
"Video Dugaan Pencurian Pasir Laut Beredar, Polres Loteng Turun Cek Lapangan",SUARANTB.com,2025-01-16 08:00:00,https://news.google.com/rss/articles/CBMiqwFBVV95cUxOYVlIS1pZZlN5a2d3cnNSUWRIeDR2cXU2SGVfNDIxcGtYeUJLNVJrX1lybzR3R2RPT2RGTnZWbjhJTWp0R3Q2RlA2bHFBMVFINHR1Q2V1ODRNZHI0eHFJRnptRVlYYTJRS1hDWHh1d1kya0JJSDlNejdXSDFYODl6RW9ONmhQM2dMR3Q4OG9jb2ljZ2pSTVF0cVhuVG9rQUpadGk3MHdwRk13QzA?oc=5,True,netral,0,0,E3_ekspor_dibuka
"Bahas Kerjasama Bisnis Pasir Kuarsa, Ketua Umum HIPKI Temui Aryo Djojohadikusumo",Batamnews,2025-01-18 08:00:00,https://news.google.com/rss/articles/CBMixAFBVV95cUxQZW5oTEtQYlFVbHh0TThyMkV3WDN3TWJ4QTEzSjZ4N25pVVl4ZVlHdjhaYUhGNWpkc2VyUV8tZi1uczFzdkMyRWRjUF9TZnAzN0ZvcTRDRDdkcDdDNzFBNWZUWjFOSk9ZUVJ4TXFaTDY3SU5mTndmMHNXclBPU3hMd3dOZXZJUmZMNzlSOHp3dG9jRTRGRElsNWFSc3VYYTN0UEZQQUpELVNRdEhDbDUza0pWb0FwQ2xrWHJmNFBGVFQtTmxj?oc=5,False,di_luar_topik,0,0,E3_ekspor_dibuka
"Sebut Belum Ada Unsur Pidana Pagar Laut PIK-2, Polisi Pelayan Rakyat atau Centeng Aguan?",Suara Nasional,2025-01-18 08:00:00,https://news.google.com/rss/articles/CBMiwgFBVV95cUxPWEtEUzVPNzI5QXI5R0dsYzVTWmxrSTkxWGZsTkwzQnZLR3pFTjVidzlUb0JIblpkOEl6MmotVTh5S0IyaUZxRVhEcS0zNFpDSEFsRXdmZk5KRVFlMkMydnBjQWJzS2N4S0dRQzZ4czk5aUpfMDFveHJvbVJvbVJuSGdYZnVJY0xmdWhuV3ptZ2xpZFl6VXQ2RlozMjFTNl9hM01jVVYzME1CQmJmWHpqQ2w0ZWdBcWNtMUFLOVhMNkpZZw?oc=5,False,di_luar_topik,0,0,E3_ekspor_dibuka
Pengerukan Pasir Laut di Sekitar Golden Prawn Jadi Perhatian Masyarakat Bengkong,Detik Global News,2025-01-18 08:00:00,https://news.google.com/rss/articles/CBMirgFBVV95cUxNUVp3TjVWNGJGMnlkMG5wZmJSbS1seHRTcWhDMWVob3A0N05wdHg4NDl1UklQOXdxMGxNTjNfbG5JTDNQSE5ob3NzTlFlY1p6RXcwMUJsRksteC05d3hyd1Mza3FKUWQxOHdYQUJGZlJDQjNuS0FWb2RQbUNpOG1lclFDMnFHa1RUd0V5WHZ4QmVkdEdhMUUtNGdrd2tGbDlPX0NMTGM2bk5La01WQ3c?oc=5,True,netral,0,0,E3_ekspor_dibuka
Menteri HAM Natalius Pigai Hadiri Perayaan Natal Gerindra di Gereja Tiberias Bekasi,Kompasiana.com,2025-01-18 08:00:00,https://news.google.com/rss/articles/CBMi5AFBVV95cUxNZi1Td0J6NVhyeXU2VkpidjhpZGdaZmgzY09BLVg5YTB4bTBydzJ3c05tQXh4eTVJMW5kOEZpbDRfMjJVYmg0Ynk2YXQyaWVjcU8xazQxOFM0RVlIRWMwNGFOeGtNb1NsUlVnd3hVV0VJcmJlTUo0bDNTTGV6aDQ4VE5aTFhETjhrbUw0UXhieEsxdjh0b3otVnNmbzdGTWJPMXNKbUxTUnoyVzdvVzVrTGZQRGd2SVJjU1YzZ2dKUHZTSWVzV3AydXRNZjRodk5wbW45eGY0bHl0MEdMajB6NFoxVmI?oc=5,False,di_luar_topik,0,0,E3_ekspor_dibuka
Masyarakat Menolak Kenaikan Tarif Tanda Masuk Pelabuhan Tanjungpinang,RRI.co.id,2025-01-20 08:00:00,https://news.google.com/rss/articles/CBMiugFBVV95cUxOQnMwTnNyT0lLNTJUX2hSdDd0TVV6bVdLczVWbThIaTdYd3RCSU9iLXVIbmRXWkhOYndQc21SdkVEaUoyNUpmUUEwWk9tWVN6MVM1ek84TWVTaFRIM25nbmdKb1FBYUxSal9uNjJJZWhtblI2R0NydjFkSWdkTWpVU2RNQnhlRGtGaThaaHNoRXA0aVRSNjc5QjEtUzQycmdKYktKRDJJZi1xWkpnbWVyZXZJYkc0M1NfTEE?oc=5,False,di_luar_topik,1,0,E3_ekspor_dibuka
"Pasir Laut Pulau Pari Dikeruk Demi Pariwisata, Warga Murka",Suara.com,2025-01-20 08:00:00,https://news.google.com/rss/articles/CBMipAFBVV95cUxOQlk0Sk9FWGRfQmdSSk1IajNLLW84NGhqMGdyUDRMTTBYNERzY2JFUUg4blFPRERtMFo3aXR1S1dPV2Y5MVBlZUV6eWRtWEZERlg4WWpvRVJXTTVKbkdpUEpjM3ZFYVFVbmJUSHZvYU1CTW9YWVB5RkVndDBFMG5jbTg4SmlDaElQSEVHbS1QdlgwNHo0MEo2UnJpT21lOEF2bUJxLdIBpAFBVV95cUxQcEFyS2s2ZDJDaVBtT3FJcDdla2ozOGdGUHFLMHdYbEtmaVpFYktSRzUwZ1lnXy1Tc2JZUlZ4TDl2UGtOWHd5TG9XMmkyOTkwYWVacEdiOWNnT3pBdGd1d3EwQ2lsLWxNWEp5bmN3UTVhMmlQWGk3TWZBWW9oWkg0VU9ZbW14dU9mU2FTaFpCQms0VmxxcExRelNlN2VveXFJblNlQQ?oc=5,True,netral,0,0,E3_ekspor_dibuka
"Kembali Hadang Ekskavator, Warga Pulau Pari Desak Pencabutan Izin Proyek Cottage Apung",Tempo.co,2025-01-20 08:00:00,https://news.google.com/rss/articles/CBMiwwFBVV95cUxPdHZncTRNbFdOa1hzR2dxTy1WQnQ2Tl9ITkxNSDRfYUZZd09HX2dWQlphc3gyeHQ2UnZyeDdCcXNOd0hSMzBoWW16MnBKV050SURqRzJBT3lsRWlDNHoxT2lNS2tqc0ZtTWFqRmhnY3hPNjAyT2E5UTRVNEZNSm5VRXBFLVk3U011Y2Zwb0RaNWJ6WF9YOWQ1U09EU1ZmeGZoczdHUHlmR3VkdjMwMmVBSmlYUUlIQ211SUlOMF9XRzhXeXc?oc=5,False,di_luar_topik,2,0,E3_ekspor_dibuka
"Hentikan Perampasan Ruang Hidup, KKP harus Cabut PKKPRL PT CPS di Gugusan Pulau Pari",WALHI,2025-01-21 08:00:00,https://news.google.com/rss/articles/CBMiqwFBVV95cUxPbWt6WW9NUjAxekFjMHZkNjdCTDNMa3lpelpXdWlMZERrZERQbFVQV2RUVmRzbFBjMTVVTTNRaXZiUzF2QzllWUVpQWhpbmJ1UE0wTWNMN25ydGU2LWdNVnNiVjdiTVRYR29nRzBqWmM2LUZqdWlBX00xM3J1ZlFBNVdtbi1CV3NQQkV6RWd1VFR5VTAtTk85T045S2pLNWdNV193N21QQk15T2c?oc=5,False,di_luar_topik,0,0,E3_ekspor_dibuka
"Singgung Nama Anies Baswedan saat Bicara Gugatan ke PIK 1, Kholid Nelayan Tangerang: Agak Tenang tuh",Tribunnews.com,2025-01-21 08:00:00,https://news.google.com/rss/articles/CBMi3gFBVV95cUxQczRRNUZzZnNPUkdlNHVic1J4TmJmY1R0UGlqOVY5R3I2NlcyT3RHS1VJNUxWUTZ5ZHBNdDltNGZFWjBzMVJiUzJtS3AtbnpGbkVBeVJEUm4tWTZoNExwajk0QUVmRElGcTFWb0hodHJHMVdDZnpyY0RPVXA5bWQ2aWJxUFJzQ1M1R1hET1hUcDdpOE83M2F5OVNFZ29FWlFNcFZ5VHRLZldyY21id2xrbTNmYlVGMUlZUzZ3N0c1QnBNWUM4emNmV2h6cEI5NlJiOG1xaGhYN0d5aVhDLUE?oc=5,False,di_luar_topik,1,0,E3_ekspor_dibuka
"Pak Kholid Nelayan Sosok Cerdas yang Lantang Bicara Soal Pagar Laut, Netizen: Bukan Orang Sembarangan",Zona Mahasiswa,2025-01-21 08:00:00,https://news.google.com/rss/articles/CBMiwgFBVV95cUxQR2MzVVh4MkdNWHhQYjBzRGg5UnZidU1LS1ZuaE9uMjlrQ2RBd0FqVjhidEMwODltSmRJV1Zld1pxNjZSOUNEdDI2ZUlzVkp6eHJuZXN0V3R4WnpfenlnMVRYSFNZejRPcHYwMWlxODZjN3Q1MFg3VDRPQk9ISkg5QnVJX2NubEl2YzdUOGVGSm4tY2YzaENpN29BeVk4cDN0QnNVVzlKVlJ1ZGJNWGRPTXgzWkdoX0lEdmhPU1k1c2x1UQ?oc=5,False,di_luar_topik,0,0,E3_ekspor_dibuka
"Banjir, Warga Wonokerto Bersama TNI-Polri Buat Tanggul Darurat",RRI.co.id,2025-01-22 08:00:00,https://news.google.com/rss/articles/CBMiqAFBVV95cUxOaThNS3R4NFEtZHVWSEhYOFdZRjR1bllUbmRqaXlXQ0htcUFCa2N0ZGEzZDAxVGlHeUpiZjh0SkdYbHlXVENuZWNyemR2ekhGX2tOZ1NYbVNVcTEydnN4NGlnT1VNWXk0dV9lV2I1MFlKN0xXdmJFaDZEaTB3dEtScldGNHhLMGRISWxJZmt4cEhkYVotdzh3SmVoMHc3LWQya0hyS2hRTWY?oc=5,False,di_luar_topik,0,0,E3_ekspor_dibuka
"Kini Terusik karena Pagar Laut, Kholid Nelayan Ngaku Hidupnya Sempat Tenang di Era Anies Baswedan",Suara.com,2025-01-22 08:00:00,https://news.google.com/rss/articles/CBMi2gFBVV95cUxON1ZIaHVwOUZvczZwTEVpZVZGcC1nWGQ1b2drXzFGX3Q4THNNVXp0WVRYUVhzTV91WUhqQ01rSzVFZDNaOGhfVTVjRmVlS0hzOHRPcDdaRUdJYjRsbktwY3FERGJtNWFzWEwzVE5aako4NmN0dk13SXBhY05UU0tNMmU4UTNOci01aWdhaUVvQlBraWs1dW56UE5zLWFrMjRZWUJEQ3ZrYlhEUW01OFo4NGhDU0V5ZFBraWR4enFiMzhJSy1rY2NxcnlTWTdUdWVDZ3pMTTFVdV81d9IB2gFBVV95cUxNdUF2Q0VCSVhwNHJJU2pjZDZySFhEVHJGX09sWkJyb0NsTVZuOXZFUGM2d2o2S3JnaFRtdGZUeWdWdmVScV80eDJIT08zWl93SllxbGVHLXAzbjlseUE0akNmWWx3Y3Vyal9FZzhweVB5cWdmMEd1SkJHMElQd21pdF9XUGNoVXUwQ21nNXByQUVWckRMS2FsdDAzMU0tWTdGZGRtVEIyOE1tSll0aHZLZzBLWVB2YmFGdG5idF95THE3STY4aFd4TzNlUGtqQ2hlcEV0NzloYXlUdw?oc=5,False,di_luar_topik,0,0,E3_ekspor_dibuka
Pemprov Jakarta Jelaskan Aktivitas Reklamasi di Pulau Pari Beralas Izin KKP,Tempo.co,2025-01-23 08:00:00,https://news.google.com/rss/articles/CBMitgFBVV95cUxPTWZhM2lpVlg0blpnSEI5S0ZxN1QyRnJZOVh6MjBMLWlNaUc1N3pPd0lla082U2E2UFJCWXVnSnRpdklkZFFiU0RQS05NeC1wN1RvQ3QyN1U2djVfMVowYjV2MzFpYWpRUGl3T205WHNPbVl3dDlqczhBTjNJSEIwWHRMT0xJTUpVMUtzbmYwWm1YbFZvbTQ5bDRvUjczdU5mWXdWcWZ6eHZhOVlJX0tLWFpXbmd5UQ?oc=5,False,di_luar_topik,0,0,E3_ekspor_dibuka
"Adang Excavator, Warga Pulau Pari Tolak Keruk Pasir Laut oleh Swasta",idntimes.com,2025-01-23 08:00:00,https://news.google.com/rss/articles/CBMiwAFBVV95cUxNY25OdVZNc3JDR2E4TjFaQ1BHNzJRZ2lMTjlCdlU2c01vUno5cndGakR3ZUVsTWpSVExpeEhIbXpRa2lwX2VIaTlDOTZqalF3Z000SHNvZGhjV2ZtTU5Icko4c3JQS3BIRjN1OWZtUUFKRXRtWWQ4dTJCLVlDUERheW02TEZGYUVmTkRVSlJtOHd1cXRkVF9rSUh4enU5RER2SExTRmhsZjNsSFdRWHJ6UTFRM0tCVjFDWDd3dkQxd23SAcYBQVVfeXFMTlhlaXp2Q3FZRE9WU3pyMmZCT0Q4Sld1Z3ZhNUNnY1VCREVTeHAtSU5VQkVacmFDUmQzMnB4cHpjRHdITUNiUTdlTVIwR2NWS0txMmQxWHA5RnB5M0Z6eElnOEsyZ1dyNWszY0J6XzV2dWZ0QkhtZG5RbDJCSXFDQjJWaE12eGF0UGdGQkQ5Qm5QR0ZUWHAzUTJyaUQ4aVNid1RvOXd6VjdSTmhWYUFmVFRBcE15d2hVNkZOMG1XbzBfLTBOVC1R?oc=5,True,menolak,1,0,E3_ekspor_dibuka
Abrasi dan Reklamasi Bayangi Pulau Pari,Kompas.id,2025-01-24 08:00:00,https://news.google.com/rss/articles/CBMieEFVX3lxTE1DanZtSVFyVi1CSmNocDdRSXpwdWhqTFZYTVNiTll5eEJNejFmRF9xNWFlX0NxR1NZMUJpQ3pjcV9fRUZrUEw3S1cxV2dNeHdHQjdWblRPVnZtTW5tbDRnNVFrLUw2eHRwekVuQU90TXF2V2YzWGNZbQ?oc=5,False,di_luar_topik,1,0,E3_ekspor_dibuka
WALHI Desak DPR Batalkan Rencana Beri Izin Tambang untuk Kampus - Kilat,Kilat,2025-01-25 08:00:00,https://news.google.com/rss/articles/CBMiqgFBVV95cUxPc0N5Z1ZQRHlLeUstWWg4bGV4NnNrZ2xBcnhiV0l4MGVxbUVzMDBTNkpObTRRcWowVXRFV3cyWnc1WXVnTkp5bWxqNVVxVzdtd3VNRW1Fc2U4T1MwdmdnQ1RUMzYwMjVPb3JHazREdG1pXzZuYWo2UnlNWmc4SVZ4TkV3QzdYNWp6TzEtOUduTjNyWFU2cnk1SFFYZDZVazZ0WEkwakFNenJpZ9IBrwFBVV95cUxQSDYzeWhRVDFITVFoU3JlUU42RG0zS2xJS0VoaVRyd0RLalctNThkYVZIRENIMzZuNDNBUUVwSlJSUWswUFlDelA5YXlKTlJSYWxkXzlKMWE1VUJxb1FabS1obHdvUHE5cThlREg2VzU2UUIwOWZ6N1FYeVFmRGJ0R0pjWUlGQnZmMVo0ZDBEZTlBZWJtQ2lIdm5LRnU1ZG1xMV9HN3YxVjl1YXhDUExR?oc=5,False,di_luar_topik,1,0,E3_ekspor_dibuka
Akademisi FH UGM Sebut Secara Hukum Hak atas Perairan Bisa Disertipikatkan,Hukumonline,2025-01-25 08:00:00,https://news.google.com/rss/articles/CBMixwFBVV95cUxNcnQyc3NQUU5rYVBSOFg4TFNhMFJXdDhQelE4RTdHcDRjdVdTWWU2Sm5pa2QtQzcxVEx3SUFNM1ZLT3FUeXM2eFJ0dUp0dy1KNzEtQ2tVYXVNYlE1WWVGdnp1NjJRMWJES21oSmlOMTc2MkFScEZqWmRTQ2FLZG1KX0VBcmkyS1Z5X0o3YW1CZExDN3oyVXdIT0hNZTBlNlhhellPdmxzNXpSTlNPeWh3RlppelhndElieXNNdkp5YzRQSC1iUjNv?oc=5,False,di_luar_topik,0,0,E3_ekspor_dibuka
Pemerintah Hentikan Proyek Pengerukan Pasir Laut Ilegal di Pulau Pari,Kompas.com,2025-01-25 08:00:00,https://news.google.com/rss/articles/CBMiwAFBVV95cUxQMk5uLUxrUFJlSXZ4V3FpTXZINkRyenFUZXdRN2tOM3Y5U0hYcFdGVXVteFpqQ3c2ZDlaUXJxTTNHWlRWb1ptcjBzR09BZGFTMV8tZ2xRX2NCaWlhZXc1NnhJYUVfLVZHR1U2ZWM4VDBqTW16VnZtaVFVVjQxOVlGSWxoYmV0WWlvMTRQVC1VUF9JTXZESWl6TEVsc2phOGVMWkpIWlFrWGZxbk1NVVQ5RkJkRXdyUV8yTFVMQTh4b0k?oc=5,True,netral,0,0,E3_ekspor_dibuka
Alasan Dedi Mulyadi Minat Ajak Ignasius Jonan hingga Susi Pudjiastuti Jadi Penasihat,Tempo.co,2025-01-27 08:00:00,https://news.google.com/rss/articles/CBMivwFBVV95cUxPbmFjWF9jY180NXNHcng1UzlvV2xtWW1DTE5HV0YtYWtFQmtIZG1jUnk2U2MxcFRXSkJOMjRDckJicnhveHZLTlVORWdsNV9TaFo1Q091UllVX2tTMW1uZVZ2TDFodFktSDU2WWthcjN5MjJjeDcxcTFSZ2dUY3F5Zk1oUFhkcm1aX3poU2JraGJfcXQ5bmtGQlJDeU5XZDBWQjRva3k0RS1ydEJ5ME02NnRJbHN1TVlTVGRLbmJBOA?oc=5,False,di_luar_topik,0,0,E3_ekspor_dibuka
"Ini Kronologi Penyegelan Pembangunan Pondok Wisata di Pulau Pari, Diduga Reklamasi Ilegal dan Rusak Mangrove",Tempo.co,2025-01-27 08:00:00,https://news.google.com/rss/articles/CBMi3AFBVV95cUxQaTR2ZENxVmFUN2R6b1FnZ2R2M21Wcjl3eFAySUxfNEtjdXhLa1NiVmFMLXE1YW4wTnplb05URTgtUGt1UEw0NUJWYTV3VmZvYmFNUHFuTGhWOGRHQW9zYlQtaDJqY1B6Q0NXVWYtMFNqRWFiQldmNXlPa3NoRENUTDM3WTdWRTFTQl9WeXdVVm1wSm1Kb1lESWp6YWQ1UlFkZk1LVUZMbmFlbHk0WTJ5RGdPaUQ0aWI3R09uWEhBYnU1N0hpajNDRXFLblRCcWVobkNON0RrM0FTaHVq?oc=5,False,di_luar_topik,1,0,E3_ekspor_dibuka
Pengerukan Pasir Ilegal di Pulau Pari Picu Abrasi dan Ganggu Nelayan,Kompas.com,2025-01-28 08:00:00,https://news.google.com/rss/articles/CBMivgFBVV95cUxPMTFBWFd0VGZiMHl1ZUN6U2VEc0o4bDhiUGtLd1RfSHEzZG9OZ2pIYlRPS3hkN1RqenZmY3otUHlqMzVhb2dKQ0I1blNCTElSaUlqZWpMRllSRDdkTWhqLWUxVlJSbkphZXFhRjBUZEdVcnFHWE90VFVuVkVCS09CMUJ4RzNRRTJnQ3VQdnNCSWNjeFdodDU1UFdydk9pa01ZSWVpSTJjQ05KU1JBU1RpQ1dtM29BTzEwTGh0NDVn?oc=5,True,menolak,1,0,E3_ekspor_dibuka
"Permendag Ekspor Pasir Laut Tekenan Zulhas di Era Jokowi, Regulasi Tipu Tipu - Sawitku Id",Sawitku,2025-01-28 08:00:00,https://news.google.com/rss/articles/CBMiuwFBVV95cUxQZkxhMTdab2lWdHBoelJkU3hFblZaa2JsSHJlU2kxblFyQ19reE1mc0xObXA2VU5mSHYyLUdzNDE3ckctNW42Nzc4eHBLSVlSVngtTWk4VHJkR0dfRzNSZ3o1RHdQSjg3WllrUHB3Y0Q1UWhSSkkzWnQ5WGFQdVV2d3FXekxsaEN4bDZwVEZ1aDBEekxwbnl6eXNaZHA2ZmM1NVdBSlE1d1lJZGlpQkJsaDZvbkJkX0JocWRZ0gHAAUFVX3lxTE1aTHVvUnhSQzd2U29NM1ZVNGs4RkdnZVp4ejRTUXNFMmxOOWNGazZqSFZVZlZVMlVWWVhVYWRldEd6Rmc1ZEJwb0NGcVkwcnEyLTRTaElIMndlaEVaNnJPOFk1d1o1andpMUpuM0JmMnUzT05uamRFRHAtY052R0xHdU9OdVJSZ3hJQ0UyUFFWc3FNdWNoUktadjQzc0JXMHo2cFhwaC1CMTRpLXprSVhTWGVqR2tzY05USHJBejY5Ug?oc=5,True,menolak,1,0,E3_ekspor_dibuka
"Foto : Pemerintah Perlu Tindak Tegas Pengeruk Pasir Laut, Beri Efek Jera",Kompas.com,2025-01-29 08:00:00,https://news.google.com/rss/articles/CBMiuwFBVV95cUxONE0zWWdyX1ZwTklzN2tVMFp5dU5UX3h5VHNNR0tfdmxOcUNBbF9GQmJCM3pwNGlTbGg3ekFnTlZrTlpSRzFvNVZPQ3kyTjh0VG9tX0FwanZ4dTJmcWx3WGttMkhBTUM4d1lEa0R4TUU4dGQycW9hVnBXcTY0aXpyOFZzMFo1V2VCMExlcmU0S091R1hZTFdwTUdneWNlck5Zak5oXy00enhXSy1FYk13YnpnTGJOZUZOSkVZ?oc=5,True,menolak,2,0,E3_ekspor_dibuka
Pengangkutan sampah akibat banjir di Cengkareng,ANTARA Foto,2025-01-30 08:00:00,https://news.google.com/rss/articles/CBMilAFBVV95cUxQRjJKTTJnbW9Dd014ZmZ5N1lDSUFkNzhZY1hRekk5MXlpZkp3eV8xTFNHUWtWT1ZqaHdpaG90QkVDejBBSzhfZVlfTjh5XzdFRXpUMk1IM2ZjME1kWlZDM3MzbTdUV0gtMl9DZF80emdiRVhHWlMwRXRidHJIejI2WWdqRVFtVERLUDR2NzFoU3FWUGFG0gGaAUFVX3lxTFBiR25oQjJ1dnJKazNNLTZyd192enFsTUVxY1BHTWNSazYtYTN5SkhZTXNSM0c4UmcxT1F6LWRtSXhfRWJzUEZjenEwZG5fb2VmX2daQ0toTG9aRU5XRTY3Sm0zT1FtVWV3NmZEYlV1dlZaSzRWbndDX0JqMmx0UGR6clpVbWRYQllHcEZqeTZSMUhsZkNtOVB2Nnc?oc=5,False,di_luar_topik,0,0,E3_ekspor_dibuka
Sepak Terjang HRM. Khalilur R Abdullah Sahlawiy Dalam Menaklukan Berbagai Bisnis Dunia,ketik.com,2025-02-01 08:00:00,https://news.google.com/rss/articles/CBMixwFBVV95cUxNczBXNzBYREJhUExTMWwxVWZMMnFpMDlzOGRMOHZCaFVROXAyYWlJV2xYVVJQSXdoWVhSX0E1dHI1U0lFSEExNHRVY1gtWS1RSVdqemVuV1NpTkJwLWtCaWluMnU3N2c4NElfcHRQbUJ5LUJRdGI3bVdvTmI3ZTZWaEk5ZXJaZElkQy1VNUg0RmNkczAyX3hLdnhHM2JWUTQ1cFFEelBGMUI2QWRTTHlfYTc3U1Fybko1SXI2c05ibHA1SGR6a3dB0gGrAUFVX3lxTE11NEhIN3NKeFFHWFhPc0RPWlZrNDc3dlV2UnVrRXN4eFNxcTFHamdmT2dRYjlfN01EWVRfNGp3ZXROOUJSbDBia2o4eU02OXVyZjNXLUhabG44eW0zcnpCdWNEMDBmblRGRXhTS3VhSFY2aERHSmpqamQ0QVI5eE90ZFdmcFgzc0ExZkp5LVFqZVM3dnVTQmhCVktkLUtOYjR2c0FmNnpNeHVmVQ?oc=5,False,di_luar_topik,0,0,E3_ekspor_dibuka
Muhammad Karim: Ekspor Pasir Laut Rugikan Nelayan dan Ekosistem Laut,Balairungpress,2025-02-01 08:00:00,https://news.google.com/rss/articles/CBMipgFBVV95cUxPNUxwNTdIaG94LXZOOEhmbUxvTlBSQlVJQThjN0JLQm5JM3BVR2RJd0Q4Y2x6Ry1yb2JKTUtleFZPNE54ZW9jTUtHejcwLVpoU0JHemJNa19uR3dFYmQ4S21zMWk0RGpOb05Qb29IaVRfUUhlRlI3ZERFbnBtektzOXhobW0wSXRudHI2QVNtS2NZRjZmR1NPOTNiaUFkdEpKa0x2eWhB?oc=5,True,menolak,1,0,E3_ekspor_dibuka
KKP Dalami Dugaan Pelanggaran Pemanfaatan Ruang Laut oleh PT CPS,VOI.ID,2025-02-01 08:00:00,https://news.google.com/rss/articles/CBMimgFBVV95cUxPUU5ydHZxQ1M0aDhBZWtiUENkV2FFSjItcnRHblUwZ0FfZF9zNjYyWkZKZkZkTTVvR25HUDdPZ2lCWVdIMlllSWFqUEdCZk9qWkgyb3pDaDA0OU9BLVlBZ3NhZWFxa0E0SEdTb2NfMGFfNzk1V0hzdjRBZ0dNc2xHY0VZc1BHbGtrMVBWLVhhVXNYTm5SaGlrU3FB0gGUAUFVX3lxTFBKVGhYUnJBTVk3WXk5QUI5aE1rSUtaZ01CakVQWEZOOVNOeHpuTmRoLTFUNmw2bVNnWDF3QkZKUjhyeHR5elowWE13R3QzbEVtc2s4eUU3Q2tiRVR4REVGYWlON1dGQmlxbEkyU3RlT3h1UTdoN3RMUmY0V3U4TDZwRDZ3WnExRzJxY2tha1QtTThaVFE?oc=5,False,di_luar_topik,0,0,E3_ekspor_dibuka
"Penambangan Pasir di SBD Terhalang Perda RTRW, Kepala Cabang Dinas ESDM: Pertambangan Tanpa Ijin Itu Pidana - Victory News",victorynews.id,2025-02-05 08:00:00,https://news.google.com/rss/articles/CBMi4gFBVV95cUxQanZ2TnBmbTc1TW80MzBqdF8wWTZyaUJaU1Baa01fWndoM2NtSEVhcnQ0ZVV3TFZTcHRUakVybHZLb1dnazVGbWotMExFWlpLRVQ3T3N5RkVTcnBoMnBnNVV5ejIyRkhoeC1jZXZDSEFoS1JlUjlIODB5OEF5alZCTVh4OXhFTUc3ZjE3UzRXNHc3WFo5WF9VQTZUUUVGRnhJLUczSWZyc0tCZ3htaFREa3BUSS1YdDRiN1RZamlJd0NOSDRJdDMzSUQtak1BWWhwU2JPbWlIMElxS09nU191NmlR0gHnAUFVX3lxTFBsVW5ZTldsQVlCUzQ3bHVqSEVVQS1YSjhJMG5UZ3hhYlAwa1EzSktmZjRXaGdHQXVrbFI2aFYwekpWQmU5N0Q2VHpxYmhndDBQOFh5dzdpNDJKN2Fmd0Q2M0hFNnRMUjZJRW5GS0ZNUi1kYmFyeUVCZFg2UXA5T2VVa0MzR3l5R1ZFZkVFSVA1XzN2MHY3TjJvbTEwOWZCcm5Ja2VWVmxqbkp4Z1lKWk9fN3BPU0RyZEZwREZ4V0o2dHFGelZlaUtFNVg3bDdoN2RXZGlLVm1mOExYdVRPbk9ZVDBqWWg4QQ?oc=5,True,netral,0,0,E3_ekspor_dibuka
Kepala Desa Kohod Diduga Kuasai Proyek Pagar Laut dan Pengurukan,Tempo.co,2025-02-06 08:00:00,https://news.google.com/rss/articles/CBMiogFBVV95cUxOb1VlSE00TC1WQ0tKZW5FNHUxNTIyTkZnUVNQYTBocW5xS2gyd3E1U1h2SWVhd1oyNElRQWNqLTNjYWo5dUxEd1otTlRuMzBkMldvWFd3Ty1QSnR5TUhlOE1fSnRCYmp4MEx2b3RMMWp2NFMtSmdwT1FGa3NMRUNTOUJINnZ3S3hhSUJDbzJFSTB6UjFJYmtvdTNoTEJ2dkFxVXc?oc=5,False,di_luar_topik,0,0,E3_ekspor_dibuka
Front Nelayan Indonesia Desak Presiden Prabowo Copot Menteri KKP,batamtimes.co,2025-02-08 08:00:00,https://news.google.com/rss/articles/CBMipAFBVV95cUxQUEQ3ci10eTJ0aEhWa2ZQcG9tYjZIcUZ1a1k4eFJ0UVd1bmJVT2l3bjU3cnowMmZiMzdibXV3YWVnWkJKLVMtMFBtRmJVN0dhaDZxd2d0bjZJOHZObW43U1FWZUN6bWQxWEptdFVvS0RpTF9JQXg3ZHkwZlNEQ2gxNDNiZ2h0VGdxNk8wNHdHVE4yclJfV0VsUXNQcElhTUZtYXBKWg?oc=5,False,di_luar_topik,1,0,E3_ekspor_dibuka
"Pembukaan Kembali Ekspor Pasir Laut: Analisis Dampak Lingkungan, Sosial Ekonomi Masyarakat, dan Ekonomi Negara",Kompasiana.com,2025-02-10 08:00:00,https://news.google.com/rss/articles/CBMi_wFBVV95cUxQYWZ4aEhYcklwLTVzdWpGZWRGaWh3MnJEUHhlNXB0THdJYURpMG5FcDF3d3JEcy0tMHpjR3IxRmpXTHEtUlRGMWQ4V3dSOXc5WWM2Zk9pcTc2ejZZMkV0SnJsdGM0YVlSYVQxUlRTWWJsQ0VxMXg4Vl9LUnFPZm1idUtkV2Jzc05qaS1Zb0ZselhGcnYxY19uTkFZQzNMMEUzZkFzNkM3cXA3ejJyWWJEbGljd3l6U2NwYmN5M0tWa2hqbTRQNFd4SUZ4ZV8tX2FBZkdjUU9jdUxkVWZHbmZ4Z3ViVXMyMzJaYVFHXzd0NzlxTzdNQTVwQjBhcmZVTGs?oc=5,True,netral,0,0,E3_ekspor_dibuka
"Penambangan Pasir Ilegal untuk Reklamasi Resort di Labuan Bajo, 7 Kapal Diamankan",detikcom,2025-02-11 08:00:00,https://news.google.com/rss/articles/CBMi0gFBVV95cUxNenZkMXZ1a0Y3YnlfZzllZWc3Q2JjbG8tUHZfSFhlUmhoUjROM3dUSG9aZ0lna0JFQTFIb3JxWjFpTUtpR1VBUmxoMjhjN2p5ZllUeWFsei1kNlBpSWwtZzNkdHZoVE5sM3poQUl2bFdBWFlCUVA0UzZ6ck5xMlhHS0hHMjlCNmZicnY5cXNFVEZHMC0zc1BEV0Q5TlpIQlI2X0RxY0M2VldCSzU0U3ozSm9sR3ZNSG1NakY3VlRhaklnUmlvaXNEc3BhQm00NGtZWkHSAdcBQVVfeXFMT3ZJY01obEtjY2VraW5hMVlZMTdaUXUxTG1BU2Fyd3lUeTBnZ0J0dkNRRkFoRXoyR2NJaFIzV1BYTjFQSzMtWkg0WWp3aEdrcFhKWDVRSF9MNlU1Qk5PaEVsRWQ5TmJycEs0alBzbFpmYk9UZUVKWm5KN0hjTTdpVU9VcGVVYjE5VV8zalZKVWdFcDllOFMyTmF3NHA5UzlMd0Q2QlRPZzcwWGFDYWphM3ctY0JfWm5kUmdjREZxejIwNXBSeXJIemxNeV9fb1RNSVFyal9LNkk?oc=5,True,netral,0,0,E3_ekspor_dibuka
Hukum Islam soal Pengambilan Pasir Laut,NU Online Jakarta,2025-02-11 08:00:00,https://news.google.com/rss/articles/CBMihAFBVV95cUxPQTlVMUNUdDJ1cWJqSDQyN2dNdmwzR2tLZFpBMk5lSjhmWHZkYXNEcFk3T3R2QUVaMlBZcVc5d0FJVzVGZjNEZDlqZFFnNENGMU0xbktjakxYU1BYLTRBX3Z1dGJJelJldk5SVGxiWkdUWDBvdlRsckExaTNBV282OVV1eG7SAYoBQVVfeXFMTXU3dlZKa0d4OW5wSF9RbW5rMG1qUklQWWRUQkE2Vm92RWF1ejZIYmZvRWJ4cFRSamNDcXlmX09SX2Y3SkJ5OXllRURaVWVkNktKZGFKT2Z1VXZnZ1lqd3lCal9QckZoS0NOeDU5LXgzai1aZFAyck5CM3J2dTh6SW92c1VUdDMxMHR3?oc=5,True,netral,0,0,E3_ekspor_dibuka
TNI AL-KKP Rahasiakan Resort yang Reklamasi Pantai Pakai Pasir Laut Ilegal,detikcom,2025-02-12 08:00:00,https://news.google.com/rss/articles/CBMiygFBVV95cUxNNzBwVEhTVW0wRU5ndmZRYVZhcVR4ckgtVGRKQVRTSzNhMDB4U2I1Vnh1ZEFTUkFHSXlmOVJ4Zlp0WkZYZU1nOFJlbGNDUktuajdjUHM3eWlHZmo0S0FQTnFWMVhNdXdMeHRoUFQ4d0NTaHhuMlNsdnBGZHVHWHhYMlBsc1FLYnJHWXBjMzRTeEgzZXFRTGtCdDktcFZJZXdQSklIQU9TZ3pVcmpyeldaSWIyTFBXS0ctRWhKb0RyRzJhZEU1TXZoOVRR0gHPAUFVX3lxTFBKd2Z3LWs0XzVPQVh3ZnZwTE1GNjc3R0FkTVhNYlVkMUgyWF9faU5MQmRxc1BtLVhBWkR1QUl1ZDFxbVJielhkZDVrbTNEblhRbEZVV3pIbEdMTGFpdVJpVFNVdndIWlp5UGIzRzZWQmlYc0d6V3p3UTBwbmhXckxsWFRnZjVmTS1aYk5yQ0F2bFB2Yk44bC1TUmV1blY3NWNrWmVOWnZQNkxpZFU3ME0tODYzcDdySHpmcmJrcUI1QWZEa1Q0NF9BeXJMdlJiQQ?oc=5,True,netral,0,0,E3_ekspor_dibuka
Susan Herawati: Pulau Kecil Akan Tenggelam dan Kita Melihat Oligarki Berkuasa,Konde.co,2025-02-12 08:00:00,https://news.google.com/rss/articles/CBMiqgFBVV95cUxQSW5BQTBETnNsOWNrSnRkU2ZROUxBOVNOWmoxcWxqVVFDbzV6YmJSQnBaTk4yOUF6d1hHWG0wSlJERWFDZmFOblpRNi16ek0yNlJvc084UG1uMVNGUk92RnAxeEROUnRIbTgzd1hhQUtlNS1RWTBDV09DS3llWllrOTRmbm5yUGFmZ2h6Xy1iMFVUOU9Ebzl3MFZEVVRHVHNCamV2VzBTejJVZw?oc=5,False,di_luar_topik,1,0,E3_ekspor_dibuka
"Heboh, Pagar Laut untuk Reklamasi Pantai Mawatu Resort Labuan Bajo, Warga Rangko Ngaku Diajak Untuk Jual Pasir Ilegal",Info Labuan Bajo,2025-02-14 08:00:00,https://news.google.com/rss/articles/CBMi6AFBVV95cUxNay1WdEFvVWo0bU9TQ1g2dXZfYWJnN0w1VUlFWGx0QlNPSlBhTWsydlF0UnpOWmlHOUlZcm9XcVVJOXB6VUhjYmhGclp3Z3VXQUQ3djhBMGN3NnFtbWhsd2pfV3RmNkJTSDVBU05IQ2RhdlltaUhoRmNiWkpDRmxBaVhmMmtmLVRfMG0xbngxd3h1QjlkUlJhYmg2TlJpWGtLNHFMYUtGVXdQeTBNN2p4cDVfNjBhdVptNXoxb29mdmNvM0pWTmlIYWplbURGdnpMdmJHbFFrMVh4cnVSU1FiYW51V3NyOFRO?oc=5,True,netral,0,0,E3_ekspor_dibuka
"Kondisi Pelabuhan Kendal kini Sepi, Sedimentasi Parah jadi Faktor Kapal Tidak Sandar",iNews.ID,2025-02-15 08:00:00,https://news.google.com/rss/articles/CBMivAFBVV95cUxPTTNHeTFyaGFMeS1GRi1tSjU3VW5VUDVHWU1oVmxaYjVJc0gyUDdkQUE1LWIycmIzVGlkYmJtWVFURXF5VFFDWjVjekFUbllTX0lfRnFkNkZCUlZGdTJNaE9fZHBFSmI2eDd2OC1xeEt4Rl9faUllNFYxTTBYQm9kaFk0MlRzU2VFeURFM3NPQUVLRWFZZWljSk9DWmtpM2NsUzAxcnRZd1hpbGlfWi1OcWsxSVJxSjhUczF6NQ?oc=5,False,di_luar_topik,0,0,E3_ekspor_dibuka
"Menyoal ""Wisata Keruk Pasir Laut"" di Pantai Batu Goong Kecamatan Cihara, Perum Perhutani Dinilai Tak Serius Kelola Lahan - Banten Ekspose",Banten Ekspose,2025-02-16 08:00:00,https://news.google.com/rss/articles/CBMihgJBVV95cUxNXzFWZDBwWWtmNTR2VUxMR2xFNzY2OU1QdnJpWmF1cmlRYWVMd0VzcElfRmp0VzlIME9OVmFVRExUZ05pNEh5VVV3SFdtYno1c21YNS0zYkRmQU9YODRmOWZQaWtBb21PUm5ka05ac1FXekpQVlRUeUpqZEhTODluaFpVRFlESzRxNkliakVrbGhLVXlEQ3dTVlZUR3I2WmdCUXJDaFQ0SzlFd3hYYy0zemRYbVQ5eW5HdUtTOFdFSGRQX21HR3Fmd0VVTHdaeUhsd2k0X3diWklTSWJua1JFcEFlckQ4SG1vMXpoNUZLd3U0Z1BnYU43QVhibm9PaVR1Q3phbEt30gGLAkFVX3lxTFBmVEFUZlVDRG9iNDBYTmwxTURBcjBsd21GVkJrQ1h2bm4tcngycmhWZzc1Q3FTT3VoelBxQ1VQZHVCRVQ2ZnhxYzdNUDZsOGxlc2xrLUVLQU5qZDJuOEFMX1h2eUhhU3VyR3JrQzk4bmxIT0xoOVUtMXkxYWo2TGYxdXI5UWExbFdSNUFIMkEzVHh4VmJ6WWpEYzE5UjViX2ZVSFhDb0pob1AzWm5ycno0SWttWk5jaHlxYWw4NGtEeWtud3U5dHNfSnFlS1gzay1adFNud0V1WU9RR3VkNERwR0xhWm1NUTRwcFBrYzNwbzE4bGlBdmNNUHU0VWhaYy1MVWVRQVFBckF6TQ?oc=5,True,menolak,1,0,E3_ekspor_dibuka
Rocky Gerung Baca Agenda Tersembunyi di Balik Teriakan Prabowo: 'Hidup Jokowi! - Warta Bulukumba,Warta Bulukumba,2025-02-16 08:00:00,https://news.google.com/rss/articles/CBMi1gFBVV95cUxPZGNvWWZvU2JNeUVNUnN3YnRYZzZHdnhreXdGX3A3Vmctd2JuNGZNNDJYSlV3ZWg0TDlMaVB3ck80cWtUbWlWQnByUHVxRklTM0JqUUs4VjU3OFBqUmRiSXJQZnFsQkVEaW90dVVFR1FLZ3h6QU5pRXdpek5oeDNzYlRpWHA4SW81a2h0QUctQi1OTXNOeUs3TlNxREpBSjQzRk5tQ1hCd0F1SXF0c3I5NHJhNjJvT3V5aVduSFZQY3duOHlCQjU2NXFSbVg1SFFUTU9ONDZR0gHbAUFVX3lxTFBlekFqRlNidWRwLVI5Vm82bTdWTlppT0dxRlMyNVdienRuZnJ3d1UxUE9sblpKMHBuLXVNZHQ2SURYeTNmc19uY2xvbmVPOS1uTjlHeDN1T09Uel9SbC1kMFFONVZrUVBYRlc0X0FLV0dHbl9BRjNpQlJEdmxoS1VublByU1phWjRsWGRRZkZIWC1idU12QmdaYklLNjhHYUdDSzkyNWRIbmZkYnpxODF2eW9YSWpsQWNTYy1OQWlDSEVJMHVsV0pZbUpTQzVFT1lvdW5xbHBiZmUxMA?oc=5,False,di_luar_topik,0,0,E3_ekspor_dibuka
"Bos MNC Land Hary Tanoe Angkat Bicara Soal Polemik Proyek Lido, Apa Katanya?",kontan.co.id,2025-02-19 08:00:00,https://news.google.com/rss/articles/CBMirgFBVV95cUxNeWlJRlNTS2E3bFRTVnJKb0M4Ql80Nm1ray1kektmbUFDbHlHeG5hUlJtT1gxMVNodi1lSEV2YjEzM01hZ0kxdUpxRmpmWnk4YVF1dDRMQ3p5UGc5ZmFSdGNaSmY4aENQeER6M1R0UGJIUDZZcnF2eDNzdE5qNmhhN3dJcFlTUWp5Z1lGR3dtWFQwTk5IbHVPWDdraEFlUVdJeVR4Y29WVURyUmRaUUHSAacBQVVfeXFMT1pvR1o4bTduMGdoV0pQRFhxSnFxdEg4VjdpWTNvb2p4X3lXOE5GWTh1eFZyR2EwYmJsRzZ1VGpoU3hhaGVvQUtzb1BaeE84bHp4MnFUOENVQWZrNXZIMWVKeGZQVlhRVXNYMkdXODNCU3MzZ2pVY052NENBbXhmU0NxQk1MY2IxQlRmanpxOWdRVnkzOUpra0tlNkItU0Y2T2NXMXNnTlE?oc=5,False,di_luar_topik,0,0,E3_ekspor_dibuka
"Beroperasi Malam Hari Sebelum Akhirnya Dihentikan Aparat, Aktivitas Tambang Ilegal Pasir Laut untuk Proyek Hunian Mewah Mawatu Labuan Bajo",Floresa.co,2025-02-19 08:00:00,https://news.google.com/rss/articles/CBMinAJBVV95cUxPNUVPVVdubk9zTWRwckpBT0VvWWlLYTdGTlZPd1RQeWhiNng4T2pubmdzelJvLWZnOGhIaFVDWktkTFg2bkZKcllNeGNLZ1JaVUE5REgteUdMZnpzYkJNaDh3d2d0WDBqUFE0LU95cC1NUDB1bW9CcXZMN1pLTFgyRXE0UVEtTG5CamlaZ2Q2ZFZDVlE0elU0ZllpOEswUnFTYTRTNEJ6R2tYSXRubmNTLWhvZGNEd2l6TkxsYUJVdjNpQS04TzlrU3JnMXZpTVFPUzR6d2dYQXhTVnpjMjZPSHlvREZuU3luQ2dTU0xraDA4ZmJyUVpRVXF3NnQwSHVyQlB5ZGp0X0xIdEpIZk5LTEliRjdDX3pmXy1HNA?oc=5,True,netral,0,0,E3_ekspor_dibuka
Proyek Mawatu Resort Labuan Bajo: Pagari Laut hingga Pakai Pasir Ilegal untuk Reklamasi Pantai,Info Labuan Bajo,2025-02-20 08:00:00,https://news.google.com/rss/articles/CBMiywFBVV95cUxOOXZyZmVVcUxsNnA1ZU9mdzRtazZzNmU0Z2ZyYzZUaDJ1bEh1b0t5SEhjOGRkYnpPZTg2UFVQMTlub1hoR0ozWWhTV2xwMmdGVm9kSFJpUGhZaGtOa25zVXljSWR2UTFlTjNLMlZ4RGJ1MDIxdlMxMzB5cTF3cFN6NjB5d3JsdEJTMFZSZ1hTYlRVbE5iYnZ6cUl1dWx5MnpRZHo2cnVqZFhYYi1NOE9KLUcycms1WkxKZ0x2V3J6VDhTNFk3ckVQdzRzZw?oc=5,True,netral,0,0,E3_ekspor_dibuka
Tambang Pasir Laut Ilegal di Labuan Bajo Diduga untuk Reklamasi Mawatu Resort,detikcom,2025-02-20 08:00:00,https://news.google.com/rss/articles/CBMizgFBVV95cUxOajlqcElVLUhCb25yZ1hpTG1DZWJQMnc2NHB4Uzc4SGJ4dkU1SDdJbXRhZHNLRjNiUmt4YVNKQXI3TnNtQVJsMnBhMkVNTkV2bG9Oc2k0QU1rZXZKVUNNcWc3aEJVME8xOUx5SE9pS1VrQUtkb2ZuUjRPaUsycHp0a0VEU2s5aTFBNWdQNWJjVnpuVXlkRUdUbjVsZldYYkxlN3JvSGpQQ0xXQUZUcnZ0WkFwNlgxVVVvUnZDeTJ1dmJtdW43WnkyMFNLbUktUdIB0wFBVV95cUxQb2ZYeEN4Mlo2c2wyTElOcUFQR3dSUU9LaklXRHVmVHc0N3l0Z3JmbEhmeUNKWE50aEZpU3cwZXRQMWJBUGNpVEx5NkhLaEtzX3BVdURtTGRXVGZWWmU2NElyOGlaOXg4aEFuZ0NHcVdNbVk4RXpwb2tZSUxNUERWakRMTXZzSzR0N3BzSjRfdzN6VEd6bExrZG1Hd09ja3pqaGF1Q0o4UzZCcjhIZXdqem5nek4yODA1YnhxeUNiR2IyUkV0bS1TVXktLTBLZUVCaXBR?oc=5,True,netral,0,0,E3_ekspor_dibuka
Susi Pudjiastuti akan Menjadi Penasihat di Pemerintah Jawa Barat,Tempo.co,2025-02-20 08:00:00,https://news.google.com/rss/articles/CBMipAFBVV95cUxPZkxKOF9LR3l6dmVjNF93Q293R0VRTWFhb1NIYXZXMVdoQkxDVndjZnc0clQzSVVXeWZDdnk2WTY1X3VvdGNjb2VIakR4TlVaaklLd29aU0JzWEx6bjJTbFBKM2FfTk5RSHlYMVZmMFB1QWxqNU9QYlBpS0NBN2F2LTJYcEhMbElkbm4zX3JxTy0wV2JFRG90Sm5kMnRMbWZyWUFDNQ?oc=5,False,di_luar_topik,0,0,E3_ekspor_dibuka
Kejari Takalar Selamatkan Kerugian Negara Rp7 Miliar dari Korupsi Penambangan Pasir Laut,sulselsatu.com,2025-02-25 08:00:00,https://news.google.com/rss/articles/CBMi0wFBVV95cUxNeXpFajJYZl9NYVhUTzBjcHZMTUlTVDMwa2VjUHVac0xhWmdRc1B6VmRGRzhTTDd2OWxoRzgxalVDV2xQWDU1Z01PMEFUYUV0WnNoOGdYcV9GZnRNNERydUVvWlVoSV9Zdk5WRllCZmI3VWw0VUZJVkxEcjR1X09OU29BNG9aN3UzcFI3cDdteTZteDAzd3h1SmVwVkpLbmx4OEFzbWNyT0lMUFRSVVlkZEcxM3Z0NmVudno0YnlLRkE1OUdfdTYwZGgwZmgweUFBQ0U00gHYAUFVX3lxTFA5Nk93djAxWGFrZ05vWDNsNFpiUzNnMTF0RnA0UFREMmNGUTVoekI0MDBMeklENEFVeHExQXROWERoRVJBTVR1U2tjYzdHcFVDSHhHdC1LUzFNeGxZRkxvV0h0bWR3b1JGSjVfWnZlX3Z2a0tHWFZrTHFMZDZNY1RMRWlXT1lIcmVLdjAzQVUtb0haWTJSRjZZd0JqRFg4eU1qeXN6TTRFcUtLbTRIaWVCZGxwUW1OSHNadEI1dGNkY2tRMzM5XzJOX3lnSVB6MnRIQWdINE9RRw?oc=5,True,netral,0,0,E3_ekspor_dibuka
"Coretan Dinding Kota, Adili Jokowi",VOI.ID,2025-02-26 08:00:00,https://news.google.com/rss/articles/CBMid0FVX3lxTE0yT3BHTEpCTF9QQlZlS0J2TUhtTXJxMzRCQXFwX2FwVU9LR1ZvWG83X1pZRDJxMWVxOHZDUWhZRk5fc3ZSZ1UxbjJ0UTFMNGJ5M1ZyZEZSN2FKUXdtWm5CaTl4M2l0UV9hZGFRNWJ3TnBPTHFISXpF0gFrQVVfeXFMTllSSWgtQkRiRVZRQ29pU2NqRTZFWjFUWC0xRkJkWTZ3VG5XMWd5YndnSTVVcDdncXBwbmZpdGhMUjBwZEJDRk1iSnpPM2lrQm9JdjlxVks1ZzB3dmxvSW9WOEFnenFSb1ZfZXc?oc=5,False,di_luar_topik,0,0,E3_ekspor_dibuka
"Kejari Takalar Selamatkan Uang Negara Rp7,2 M di Kasus Korupsi Tambang Pasir Laut",Ujung Jari,2025-02-26 08:00:00,https://news.google.com/rss/articles/CBMiugFBVV95cUxNV0RYMzFpWW9BWUlZZDl4bGhwWEU0cFhWNFYxNk5aQWV1VEIxOHNUUVVNNURNZEM0MnQwcFBmSEdmT3pnLVdwTU5NNGJKemwwdUZDdWpQX0NGcFRTSU1DVzFhUW9mZUVUVmhJZEY4WjZtQzRWQ21vUG5kTkFmWm93YWljeDRBMDRoMnFoSkZKUjU4Vy1GLVR4SmJqVVBWY3dMc2Q0bC1oeWFpZzVZRU1sWkhsY01CNEFZSUHSAcIBQVVfeXFMTUZ0amlKeUE2Ny05VUZhOW5CbGNEUjFVNi1Tc2J5QjloMEFLckFPLXpXaEdTQzkwc1h3cDE1OHQ5OFlzbGtDcFl3aWhVeUpLWXhvVFowLUV4US1nQUd4U243Vkd5akNtZ0YxV250UzVDTS1nUklOMTRsbFNkMlZDR2tiY1ZfRVhfYWV6ZXNzdkJwYWYwVC05QTFjc2R5V1A1QWsxT3prMVA4Rzh3akJYYzFuTEJiU1BOV0Q4dUVCVTVxY3c?oc=5,True,netral,0,0,E3_ekspor_dibuka
Rusaknya Pulau Pari dan Masyarakat yang Melawan,jaring.id,2025-02-28 08:00:00,https://news.google.com/rss/articles/CBMidEFVX3lxTE4wTWFlU3RDR1dwTmFWR28tM2gtQ2RkdTMtdjQ0SFVOSU13WXRoT1FBbUFWSVkwdktnQ2sxYTVEdG9xemZWRGhQWmVlazR6UGpuVFJUT0VKMkJPRTJJUVI5OW5GdHpjQzBXYWdDUk1hanI3cmtw?oc=5,False,di_luar_topik,2,0,E3_ekspor_dibuka
Mendag Budi Lepas Ekspor Perdana Kratom Senilai Rp 17 Miliar ke AS dan Eropa,InvestorTrust,2025-03-01 08:00:00,https://news.google.com/rss/articles/CBMitwFBVV95cUxNdS1nQU9rek9TUkcycjhPcU9oRDRDU2dnVmlHdEY2ZTJsXy10TlF5SkE2YW8taDQwS0JwZXZCRm1zZ0ZzUWZfdHVDTW9nNmplWHc3ZHBoTlBnOS1CZkNScU1sX01WQUVoc3lpSC1fNkFQVVZEdmU2NTNYU2hqVERwT3FCSERpelRFcUJTaUxYUzNTMDdNSWNPQWFITmJLVTNRcV9UZE5oQ1VCcVh6LVUwY09qaXBRM2M?oc=5,False,di_luar_topik,0,0,E3_ekspor_dibuka
"Mawatu Resort Reklamasi Laut Labuan Bajo, Bupati: Tidak Haram",detikcom,2025-03-05 08:00:00,https://news.google.com/rss/articles/CBMipAFBVV95cUxObWctUkhUSHpVYjB3Y2dDLVFKZ1lpQzhUd0ZuNnk0ZUpfRjdPRHV5OHQ4dUlqY2I1MkM2UkpkSUlrb2R5YjNsc3FGTU5fMGRTM1BiVW01MUdMR1NreTJKQnNXQlRZUkpTc19wM0hXVDF0aW1fcXdXS0RYMEVxdFZuaGw0Z09ZaHowbzRYa1FBYXZHSEVHcXRfd09GU2lpMVltREdHcdIBqgFBVV95cUxNV0V6NnNGNzlGd2dRV3Rtb1ZGaUQzNTR1MFZiN201UDNDUEpOVnhTcFdiM2RkM3REWkpPbThwZG5VQndRRzdkdlUzdUpaVEQ0VWJFTUthdEdLa0FWN21TSW5UOVdNZGJ1dG9uVlBtTl91Z3dpM3RrZHF2X21pN05yOUp4WW0ycUllQzRRNEUxVTlISkxxbFMzRkZyQU82dklfN2xGem1SVkRRQQ?oc=5,False,di_luar_topik,0,0,E3_ekspor_dibuka
"Minyak Hitam Cemari Pantai Bintan Kepri, Wisatawan-Nelayan Teriak",CNN Indonesia,2025-03-06 08:00:00,https://news.google.com/rss/articles/CBMixwFBVV95cUxNV2treF9TTUZxV29WMk9ZWGtQQ1JWWEdKS2d4azhzOFhQU3dFcndrdzVRNGNBNWhVMFVlNHNlMWdHSG9CXzdKTzE2cnpIR2prMmFRc2YyMVc5UnFLWnplU2o1LTdDekR3YzJaZlZLQVBEN0cwc0pmN2Yza0pQSV9GX3RhblFwVGc2S1RQeVVjX0JBLTd2UUx2TVJtZ3cyVExQYzA0LWxOUEhQR3daUUJ0YjBvMHEzaHBuRlcwSGJoMEpIOUhLZlA40gHMAUFVX3lxTE01Y041cFBrSmFVdEYxV3JleEZNOE1MdmNqTzJBc21FUlpYQUxBTXd6NXhCOHd6a09raUdIa1FNSVJLa1FjdVBzVE5ZeVNmZnVjTGhVdzIzWjN5NDBNeU5XMU4ySjBqQVYxdDl6aGEzM2g2dnBwQlozQWhjZlBUbElmQzE0N045T3kxTHRXY2JSYmNCcFpUNHg1azhSdTA1UnJFRlZiM0l0TlVDMXVGenVZUEtXQXJWN2ltbFNBYjBnOUZmQTRFSkl3akJ6Yw?oc=5,False,di_luar_topik,0,0,E3_ekspor_dibuka
Formapp Kecam Bupati Edi Endi Beri Lampu Hijau Reklamasi Laut di Labuan Bajo,detikcom,2025-03-07 08:00:00,https://news.google.com/rss/articles/CBMiuwFBVV95cUxNUExmdk9Db0RTRTdMUjloQlpTVF9zbVJRNzlXOUVoMjZzZXdvYlhfXzVtQVU5VmFpUHNxYnNrZ1BjWjNZdVhQeHVralV4M3JvLXpiZzRoOVR5WDR3VzVhbVZYYUZmNjNPTDBpaXJDcmh0ZHllM3JHSUpxVTdXSjBpMXl0LVl0ZmpJYnNBNFBaTHVxbTAwa3pKNlBHZmcxQTNrd0NJaW1yaEdyOW53OVZ6a2dZbHI0N1d2amVv0gHAAUFVX3lxTE1YY3RjUkJMd0VuYzFtVk05Z0d2VWNRUmdlVnN3aEFtSE1nenRUYWtVcnNZWDRJZDQxTUpHUU5lOXpXWmtRY3JETzNWbFk1c253LWZuMFRoVENOdkw5UjliVlN6VjNpOGE0eWJBS3pISWF4akRnVDltSjhpMTU5RnRPQ1pBSzkzZkZ2cXppUTVaY09aVE1sOW1wdzRKbXBZeC1ZczlVR0RNWWNSMjFfVU9KX1VpUkJUMmZaQm5uWUlXOQ?oc=5,False,di_luar_topik,1,0,E3_ekspor_dibuka
DPRD Tanggapi Lampu Hijau Bupati untuk Reklamasi Laut Labuan Bajo,detikcom,2025-03-07 08:00:00,https://news.google.com/rss/articles/CBMirAFBVV95cUxPU2hBZEJ6b0w3ZjE2Nko4LTZ6UEExb1JKYmNBWlgwaWhpRXo1UXZ5NWo1bGlVcjlBZVVSM2RIZ0pScUF5U010T3JjQjcyeUxlRmlhS0NJdkhsMzE0UFZ0ck5aM050ckVTTERzeWpiSlRraUNwRXZUV1k1RnZWd1BoUWs2NHpKRWZMNlZ5YURkeWR1QnJTbGZyMkhQVG9MZmpFUktQcjBkendrVWZZ0gGyAUFVX3lxTE9VcDh1eHhQalNhYnQyODFRTWpXeC1EQVFoZjVIWFl5LUpEUWpyZ0NFYVk5RjJtQjdTV0ZiNDZHV21uQ0l4b2tMSFJWS0NnU3E0R0FTM2cxVjROTVZDcEZrSUtCMmpZTU5KYjhJM1J5dld4a3hTbmo5Vk1yT2tXNjkyQ01Kc3ZTS1UxTGF6RGFQc2dkb1laSllvMFpySjBEQXZ0Yk5CWk1xVkc1WDl4elRkc3c?oc=5,False,di_luar_topik,0,0,E3_ekspor_dibuka
Puasa Tapi Tidak Shalat: Ketaatan yang Paradoks,NU Online Jabar,2025-03-08 08:00:00,https://news.google.com/rss/articles/CBMijAFBVV95cUxObFctZkp5X3ZxdlZwRzJTdGMwLUxaZV9McWh4OXY4aTB3cFUzLWxIVGhma285a2F4QTEwcWtLU0JsNk9JeFJwc1VNM19aU29FVVFTSGhQTTNOYlBvSjRsb2pseW1EcjZXLUk5QkZtcFcxdTVlcU1DaHFrSHF6TXNGT21zZXNIVzlTd2JzWdIBkgFBVV95cUxNTE90ekM0cVEwWFJrMGtFQ0E1emE4WV9kcWdIRGxxY01SZGxFWG5KWnJWWXJFQUlzVGJPcnMtN0JkWloxY0lsUW9WWkM3ck52VV9wc1Y3SmxyQWg4eEtNXy1mTWFYQnVobV81MmFBdVhjbnNwVjJ1amQ1LU83UXU5NlJfeXVtVU8yYVZQY05kTk85UQ?oc=5,False,di_luar_topik,0,0,E3_ekspor_dibuka
Pemkab Malang Rancang Pengadaan Pasir Voli Pantai untuk Porprov Jatim IX,Radar Malang,2025-03-09 08:00:00,https://news.google.com/rss/articles/CBMizAFBVV95cUxPQk42NEc5Yk5nY2FKdzgtVElLSFpIRUZnZFV1cEh0UmUzN0ZRd3NzeVl2NGtiTVhOUDZfUDJBeXd4NnFiRGQ0MXFsWHJKYTZsVkJ4RlJuTmNiSGhUTk1kX2V4Mkc1RHFFMHlPRGtWTzh2QjlPbkRqLVBjdGQxdzgwT0V4TVZuSFlfLU9tOXR4ZFNLdFF1N0J1d0EwQnBQOVFJVXp3TEFvbkx6QklsSF9Rc0ZrQTFDWVhjUVV1cEdoa0lwaGgtc1c0NDJTVmfSAdIBQVVfeXFMTWswX0EwbWI0S1pnNWZmdzJfMFdjZWRiYkJNUElSeHdsYTltWEhvdTJKcUJ1N3BXaWJDTl92WnBZaXFpV2VieURQT0hCMXJrcC0wLTFCaVZrTXl6NlJRendsSHFLd2kzZW9TOHp5TTUxZzhaMXJ0T1RqVHNaX25xclNnbXlhZ3JzX21hZXJCLXRvOHBScmJtYUlJdW5JWGxVUXgyb3dzRHVWX25qZWM2NFRPd1NkWVJsUkJjWVhiNXZKZTNCbGFiV19RZTVObGFyeFl3?oc=5,False,di_luar_topik,0,0,E3_ekspor_dibuka
Petani Pangandaran Berjuang Selamatkan 500 Hektar Sawah dari Serangan Air Laut,Desa Merdeka,2025-03-10 07:00:00,https://news.google.com/rss/articles/CBMipAFBVV95cUxNdXBtMERwcWhMeVBGX2JPaVR5aFdFdE5SMHVpWjBRQVhIWTQxQW5HTVJIR3A2ZnZxQUhxVlZKdXdtcV8yS2xZZTktOVhTNl9zSnZXS1hheWFwbFJKVlB4Yk91TklYTFFVUzhxQmpRdzN6TVFDdXgzRTZmM0k1VFQ5Vy0xbHNwMl85Q28xVHFBTVE3WUhIU245Tk4ySlgyNFpTcWJYRQ?oc=5,False,di_luar_topik,0,0,E3_ekspor_dibuka
"Pastikan Pembangunan Lapangan Voli Pantai Tak Salahi Aturan, Disporapar Kota Malang: Ada Adendum Perubahannya",MalangTIMES,2025-03-10 07:00:00,https://news.google.com/rss/articles/CBMi9gFBVV95cUxQTHYwZkRvS05oc2NtMkFlTEQ3MVF0eEZsbHlDd3VWRmRFa3dYRXhDQUJveGZEQ1MyRHF3VnMxSlJndE91c3UyRWhNRVR3M24xR0RfdWRBWm9KcjYxaHJvaFBIRzNIQjMzQUN3SUhtMDRmRVQ4aXlJRzlNQjN5N2Fiek5EYWJ1RXFLZ0lSYk9IcERyTzhKQUROdUY1RnM3M1JlX2FaSUxCaGp5QTZkLXdNZ1EzbEZCY1FvaFJybF9pdlVjTjRFaFZodmFCYmZnUUhkYk5mN190MGtENkduYWRzR19zU3RHYmJEcFc1d3Awdm9MMGV1cGfSAfsBQVVfeXFMTTdUajV2U1NwcDViUmwxb0MxX3RFSmkzZDQtbUdkbWZ6LUcyS19FT0p0XzlkOVVpb0dLNEt2Y2JQZG10Qkl5Ti1xS19MZ2Vfd1M1dzl2R1cyZkVuOGRLbXpvVWxSRks3S2JNZTlvZlFmVFExZVVKUjBXWkdaZjdkV2dhb2Z3eWhiUFpnUjQ0aFF6UHZBMWVkUjV4TUN6MXJKUER0Sl8xUmptcmwzWWNraVc4OU9oTG9xLWJ5Zjl3Ul9HR2JvLVhJOU9fN1BYRWlGZE1yVDdTYVdiNzcwWW5YZHprcS03VkpscmpfX1gtajRJSVdEM1dJYTFEcG8?oc=5,False,di_luar_topik,0,0,E3_ekspor_dibuka
"Saat Bupati Edi Endi Klaim Reklamasi Tidak Haram, Kendati Mawatu Resort Ambil Pasir Laut secara Ilegal",Floresa.co,2025-03-12 07:00:00,https://news.google.com/rss/articles/CBMi7AFBVV95cUxOcXFwckl4VnE0blN5eW5xc1ExeXNXVFd5bXAwWDdHNjVjYnZEc2hMTHM1aDl6UlJZTWVmWlp3cmltY3U5N254ck8wc2RNeUdkN25XeWxwUjVFWGRmSU1fRnlDT21xLUc3MTVCWThUeTYtNXQ1Xy1mTGhROW1wUDZkSnZ3Z2JLTjNfeU5LZFRsMjRSNElHanRjenBNUWFBTU5oY25XQXZ4Y1ZnTmVvREliMzZ1aHFWQURSaVhUM0o2YjZMclJxcnZjM3pKRHdocVVfRjl1eXpUYjExaTJmNmY5VnZkVmQyMWxfaWtRTw?oc=5,True,netral,0,0,E3_ekspor_dibuka
Dari Asongan ke Pemilik Toko: Perjalanan Salpiah Rintis Kerajinan Laut,detikcom,2025-03-14 07:00:00,https://news.google.com/rss/articles/CBMitAFBVV95cUxQZnRwR2U4T0pFVzZMbUpaaXYwMURrNWc4Q1dmTjczSkY0cUxnSHRWV0w4SUxXNmNkZXJ1SzVYbl9GYXpVZXhLMlZkUUc4MmdENU9mckhXQnZmcTJSTThUbHcyQ25Na050elhzNFYwMFVVaGN0LUdBMURqbS1kZW9qRE0ya2hBaUtIQ0hJanhER193STJGS0pxOGdxMHlFXzhCTGdBNHl3NmFxdUZ4YnFNdW9WWEvSAboBQVVfeXFMTkpYOTBfVktUaDJ1TW9hck9FNGs3UmhWdVo1cDZqSFlUbE1vbUFFVE9veGZlWHQ5SXNqYThCVTRnNnVRYWM5dy1DVzNnRVBaT0Z1WEVDX2tpU3U2Q0h2QjUxZ3FJc2VDMHR6SnU1ZFlqdmQyWmlxaVdaTHBFdmVTYUNGUHp3Y3VWZm5DRG5hTGZ5aEdQUzZkYzVhZUZTZ3dHQ0hpWl9vMHRiMzRxTEFoRmZUSkZkbkxVcjZn?oc=5,False,di_luar_topik,0,0,E3_ekspor_dibuka
"Ingkar Janji Manajemen Mawatu Resort untuk Wawancara Soal Penambangan Pasir Laut Ilegal; dari Minta Jurnalis Tunggu, hingga Klaim Sedang di Jakarta",Floresa.co,2025-03-18 07:00:00,https://news.google.com/rss/articles/CBMi9wFBVV95cUxOM1pFWFN3Sk9nbmdNajJZZlZJMXRsYWROVFAxRFJ2UjlRSVFreGZsQzJ5anBxQjBmZXRHY1R4eWwyeEQ4bXdKc0JZQWxKV1ZqN3FpSTA1anRJVmltTzVvSC1waFlieTd5cXgxc0ZSeGNwU3lhX050VHZYeUk5X1AzWWtVcjYxbDdnbGU4U3lDZ3FrZ2E1YVBXcnZLSm9kbnlSRTJSazBhVnhlZ3F5V0UxTWdVa1ptU1V6SC1aS0VCM2ZfYXEtNXBmZDNGTC1OeHl6NGxnWnltMUQtM0VqbDRMa1lkRnNLWUpxZXpRRzJYT21ob2xSdWdv?oc=5,True,menolak,1,0,E3_ekspor_dibuka
Pengumuman Rencana Usaha/Kegiatan Penyusunan Dokumen AMDAL Kegiatan Pemanfaatan Sedimentasi Pasir Laut PT Galian Sukses Mandiri,lintaskepri.com,2025-03-20 07:00:00,https://news.google.com/rss/articles/CBMi5wFBVV95cUxPZm5tSXZIREYtNGN5czBaVS1zSk01Y0VNSi12T1ZSUVctQjBNdUNMbm05UmhGMlNGd3lVTGdtTWREcUZRZmotenJEUG9CeFdxUUwzQlkwX3BUVGprM3pkSzh2UklXYjJNcXJPMWlIc2Nzb0JjZkhadTVlaThWVTRIVC1xQUR2dHUxN2JvVkhqQjN0N0w4ODNMakhjSVM1Qy1GckdrXzZoX2gxVEhmenctTXkxN3NwbFFLT0hzQlc5OXRONkZxYUVCY0p0NUxxTU1JY1hkQnV6Qk1NWnhxV1djNjRjWHFsM0k?oc=5,True,netral,0,0,E3_ekspor_dibuka
Susi Pudjiastuti Kritik Respons Hasan Nasbi soal Teror Kepala Babi: Ignorance,Tempo.co,2025-03-23 07:00:00,https://news.google.com/rss/articles/CBMiswFBVV95cUxPTi1YUU1BaFp1S0xxRV9MVUI4WjRkSkRMVWZIdDN5cnR1UUJySzVHM0xOUTIzMnJjZ2dXTURFZFhWQkFpSTB6OGQ0VHlQNUtPUlRKdmhOSlBoYVM5d09ZUV9BdDU4THZYTkZOa2tjSW5vV3FfdDlxS2RKWGlidkdFbjA0UVFHdWRvelFjU19zdDJvQW9wMjJ6dFM4Q0kyQmc4TVowM2k2U3M2ejJ5QWVuSU1aTQ?oc=5,False,di_luar_topik,1,0,E3_ekspor_dibuka
Pagar Laut Tangerang Potret Karut Marut Kelola Pesisir,Mongabay.co.id,2025-03-23 07:00:00,https://news.google.com/rss/articles/CBMikwFBVV95cUxOUXhsTndCcHZZR3NWcEpfWlp1X0NRamluNzVNWTVtbjh5X2lRa3ktdlNkaldkVkgtQTRQbkFIWlNXY3FvVHFLaGxlSDhybTEzQmQzT19VWnNDQXZ6NUQzZmFXbmRyRE42cW4yNHJfcEVtaElfczVFemlZR1pveHRoaTBJbWwyWE5OckNIRGVuQTFXUDg?oc=5,False,di_luar_topik,0,0,E3_ekspor_dibuka
Transmigrasi Lokal di Rempang Bakal Picu Konversi Nafkah Masyarakat Melayu Tua,Kompas.id,2025-03-29 07:00:00,https://news.google.com/rss/articles/CBMiqgFBVV95cUxQTkNVQ2R3TWlUSG5sVVhHaXF1SWowak9wRzE3V0NNdzNDU1hBamFHb0tMdmxjZHA4dTM1TS1fcmFPUFh4UkR3QVBJUlVQS1JkQ2hYNkxjaGxOblVKUXhZalRWeFdfWmdYUS1qd202SnQ1VmlNbFNVeE5OWHBaXzY0QWVUOEJoNllNRFBkcGV1WmhCMzNYRDE0QVFkd2JMY3lGTUNZSkl2QXZ4dw?oc=5,False,di_luar_topik,0,0,E3_ekspor_dibuka
"Hotel Arya Sumba Dibangun dengan Kearifan Lokal, Ini Kata Arsiteknya! - Pikiran Rakyat NTT",Pikiran Rakyat NTT,2025-04-04 07:00:00,https://news.google.com/rss/articles/CBMiygFBVV95cUxOMmpSUHNkNHJ6WjZYYmdOQWZRS2c0bC1QSU55Ti1EOEZqN3RJWlhhbERpNE9RbTVYb0Q5TlRPdkxNUndSVlhTVm5uTGRQTjFLTnoyRlNWX2dtdzJIN1VSUWlxRThRNkh1RHZ3ZndSZ0NwNm83djZlYnVzd0cwbDgyZG54U3JXN3RLY2ppUlFuQURPV084Z3ZYQmtPRkh5eWs0cU9SSGdMNkVTSUFObUJUekNnZEc3TmxRc3NYMkpYaU02M2EwSTJURFFn0gHPAUFVX3lxTE1lSmNSQnR4U3d4RmUtOGdnbE80S2UxcU40aUFJWGdTZnhoOGNucTdLTEZSWVNwWDVxREJKQ01LTlI3ZVVDNEJESzVJbGk1ZGg3bXlfdFh5ZUNSTlhPSXpRLXZIZlZvM2lxdlNzckhzeE5rcWJiMl9tUWNtWFJGVkprV2pnZnFPSFR0T0JXSk9kRVhLMmpEeUVZUm9GbDhmZ3RoVVZRaHhtS3p5RlJOYTRjN3RMRXJSQmI3RmFVSjJoX2duakRsTVRfYjQ3b0FzRQ?oc=5,False,di_luar_topik,0,0,E3_ekspor_dibuka
Menanti Hak Tenur Masyarakat Pesisir dan Perempuan Nelayan,Mongabay.co.id,2025-04-06 07:00:00,https://news.google.com/rss/articles/CBMiigFBVV95cUxPNjF5LWxuX24tX1pvejd1RVluVzg2M3JjeTZRTGtDUURxQ25SUVJoUlBBazg2bW5mSmQ1TEExNHgtVkNncThHU1V4NDMxaDNseFVNelBpVVRkaDVPY0ZRa0ZrUHgtYjZrM3ItNXlHV2FMcTRXdFdiOVhsdkxsbTU5Qjdsa3c3T21JX2c?oc=5,False,di_luar_topik,0,0,E3_ekspor_dibuka
Pedang Perang Salib Ditemukan di Laut Israel: Bengkok Akibat Pertempuran 900 Tahun yang Lalu,Radar Papua,2025-04-10 07:00:00,https://news.google.com/rss/articles/CBMi6AFBVV95cUxQVGNtR3QwUk1jTXBYajRFeE8xcVBLNDAzWkJ6enp0UjRkVkhpcU1RT0lFY1RubEc2aW1pVFBkUWgxZk5kb05BQ3BFRWJBS1BXRXNTcEJBVWFwbHdnTUtvc25kT3hHQnVCX2QzTG5MMS14MGF4WDJrb2xwVy0tbm1xaE9oa0VOUzRmb1hiSE9ocVREejA1NGRZOFlkLW54eFk1bWtIdXAyLThUT095amw1YU0xZ0c3S1U4RGxTcUdFakJ6TVRZX0xzM1FvOXF3M0Z1cGZjLXFRTTlaZHdDd1ZtenlmT0hkUXpC0gHuAUFVX3lxTE1mU0JPMUx5cmttQ0t2U01TOE4xQXNqdXJCbWVlb2l0MFVmMldZd3p6NUZjN3Rsb1RqSWxpbVowNnNscEVLSnBkSXdLQ2daOFRXNkFzVzRPX0t3Vzd0TTFNNEpxbkl2YUk1ajlJM3B5YzJIckJUaVFoRGg0bWdKWG9kQjZENnUwWmEzZVY1c0dHV0pBeG9rNElKajFZUVRid3VIT2FjdHh0R1BRUVEwUFhObllwSUE4NE5uWVkzRGtFakJ3QTBNdzcyclMydURMQi1HbjlDZVhTQ1YzVU1uaXNza3BFbDFnYTVTUF8tcEE?oc=5,False,di_luar_topik,0,0,E3_ekspor_dibuka
"PT Marita Makmur Jaya Buat Gerakan Tanam Bakau Secara Masif, Aktivis SALAMBA: untuk Cegah Abrasi Pantai dan Tangkal Ekstraktif Darat-Laut",RiauPagi.com,2025-04-11 07:00:00,https://news.google.com/rss/articles/CBMi-wFBVV95cUxNRExQMnluS2daZVBBMXJoUXVWdHlwMF9jclRha2psU0dXQjFDN0dfMVczQzV0REtaeW54bFprYnVTWkt0RXpzR0xBdGZPU2ZDU0pJS2JMdmx0VmVDeEZXeXZNdDlNN0ItemxNS2dnVTUxSTVZRjZvaV9YOGVUTXB0NzdjYjZQMjcwYkhJRnREdnkxUVVqdkdFWHVfNlRWak52dDkzam1vOHB0cFlXOFFqbEVTQkYzWGU3aUJjWXVvaDVYT0pPcnRYcm5BdVpSSzg4YmVrU2tNYzZyX080eks3a1FHbmJvaktYYmRxa0g1aWVwVkRsbzduaU9rWQ?oc=5,False,di_luar_topik,1,0,E3_ekspor_dibuka
"PT Pinang Global Indonesia Milik Pengusaha Asing Abaikan Surat Kementerian Lingkungan Hidup, Ini Isinya",MODUS ACEH,2025-04-11 07:00:00,https://news.google.com/rss/articles/CBMi1gFBVV95cUxPN2tPU2RUR3FFcXplU051eXU1ZFNsSWZ1d04xMkktekFhRGxOdEdRWjNJeWRFd0FNa21NNVNlSTZ1al8yUlBHRGNfUmxYSWoyVUt1c1BSS2xBU0FjUW1PTzVnWFhDczdReC1VTmJFdFd5RmRjU0JWdVo5MVNmMzZNczVnR2d1YjJkSEVqX2NBVEd5SmExM1hkSlQ4NHV1d3pfakFmVGt0dnAxelNWZ0h6YUc3a3ZuZUpIVEJnSk4wUXpZOW1aNUg5bDl6SHZBQ1U0SUpla013?oc=5,False,di_luar_topik,0,0,E3_ekspor_dibuka
"18 Bencana Banjir Landa di Indonesia Akhir Pekan Ini, di Mana Saja?",SINDOnews Nasional,2025-04-13 07:00:00,https://news.google.com/rss/articles/CBMi0gFBVV95cUxOMGNDRWp1TE1mR3dFeFlPcVFBYmVSekc3STlGRFZHQ1ZPYWNtNkN1QVVRS0l1SWJvTW91RHF0VG1PNE9CaFo1TGtxVEFrcVNjMkljMzRVTXlONm9tUjA2a3JVZFR1c3lmcTV5WlBKQjRKbUJTQ1R0MHd0U2l1a09jUWJwWHRITEtXV3Y3VV9lX2NOQUVYbU1QaW41eW1qd2FmMlpIVHZvUGZ2TzExSGprSWVjTUc4UDRWWk82SmJzYjFuTXpsbGUxRm94NUxGeDZMMHfSAcYBQVVfeXFMT05zUWotMHhLcjJlRnJBdUQ1Vm9yemt4aTJOUk9JVkFUYzFyZldkUmd6VXR4QmNINElubUdyd0swZDJybl9zZ24zTWhkVW9JSVpNaVJZZ1d0ejQ4TnJqbVRwZnZUWW1FbXJRRFNwQndRVGtKMjlZSHEzYWM2aVkyOEVIYktQMlhCcFNFZXdvU0hMYm5mVF9GLUdXbFhYN192aTFlelhrc2dVcDFLNUZwSVZYTlpjcDdLb3k0NjRycXhFUVRkZm53?oc=5,False,di_luar_topik,0,0,E3_ekspor_dibuka
Konsumen Developer Glory Hill Berencana Tarik Uang Pembelian Properti,Wajah Batam News,2025-04-16 07:00:00,https://news.google.com/rss/articles/CBMirwFBVV95cUxNWFQyVEVZSU4tcmY5WF9KM0hkNnZCM1JCYjRMckdKTU1zam82NWk1LVJKSklwZWVrUGVSNUg5N1EyRGkzandzQnRaeGN0MExnYWh5YXpaQkpCU2hhaXNQR1kzMHNTbERIbXpZMzlRZGljakcxQ3Z3OWdWd01zc203TVdmdjJURm1wc3p1UEx3SUY0OXlkbmNHbVRsNWtCdG1tMmJmbF91QkZBLWoxS2dR?oc=5,False,di_luar_topik,0,0,E3_ekspor_dibuka
Para Kartini Pejuang Pesisir Tolak Perampasan Ruang Hidup,Mongabay.co.id,2025-04-21 07:00:00,https://news.google.com/rss/articles/CBMilwFBVV95cUxNbUVTTU5ZMXQzQURUcFYxc1hsNjYxYjNxY19vd2JSOGxNMzJvaDU1ZnN6SVBwV2tKbHUyWlhqU1hvSmhrZk14dldyREhRR0YyOXFzVzhUcU5TMEE5d1ZVNDdQdTVBdjdOWHN2U0NBQlNNR1IyVnhOT1FnRU9tTmVLUTdyWkhLM3ZEVUdDWG1LNm1semtaQTA0?oc=5,False,di_luar_topik,1,0,E3_ekspor_dibuka
Nelayan Protes Aktivitas Tambang Pasir Laut di Bintan: Belum Ada Amdal,CNN Indonesia,2025-04-22 07:00:00,https://news.google.com/rss/articles/CBMizgFBVV95cUxOOEUtN1V0NXkxdU5nU1RhMzhlQ3B1SkZEekdUVld6TGZtb0RJRGpSa1F0c2k3eGtrQmhVaXJmLXFBdUYzaGg1UjdyLThPVnpMV214MHVqUnhlTDVRN3dUV1B2ZGhxOUsxcnktd01ndndaSHZPWmp2eHh2WXhrTllpVThDbnRualF6RjVDbXd0VHRYcGtMZzNTbVphUmRuQVpDSzRqenl1bjN4Sm9sckViTEJQWTVZVkJnYy1UamlEUnRZamZrSW4yM3dnRXFrQdIB0wFBVV95cUxPNEc1SXg1YzZudkFHb3lsVUQ0Wlg2MDluVjdyU1ZvcnZFcEtVYnlSQmltT0FJWDlSVmtMWGNHazAyQmtNVl9sT3I1aVZMa0hDdXlUUnhsZHpDNVVMVzhYTVZwWmZJZ2VjQUQ1QUJlbHBacV83S2dYTVhseTVwMUVfZVkyNm1yalFvbWRkeVVld1VKSmFyazgyS19CR29XRzFkWTE3emFQc2RfV3NoNDhWeFNZMmIyT2x0NllJWmtucWo4QTV1aGhMVjVYZEdKbk44cnlr?oc=5,True,menolak,1,0,E3_ekspor_dibuka
"Bupati Dan Wakil Bupati Malaka Lakukan Mutasi Jabatan Eselon II dan III, Ini Nama-Namanya - Lintas Pewarta",Lintas Pewarta,2025-04-23 07:00:00,https://news.google.com/rss/articles/CBMi1gFBVV95cUxOSE5YVnJzTUU5TEtReUdlZ2ZuM2YwckRXUGgzd1dSc0luWWloV29RbXA4RjBYa3B4NGZBcm9KNU5kMGhwTUNaUHdUdmFxYURlWjhsTklQWkNYRXR6QUtKS0Eydm1JRzY4U3pvcUhGempPeVRRNTFOT1NIUk5MSEtHcGxUSGNSTE5tZXZtZWR3N2dLX2pGUVBlckNLRG1UYlZRYkxobXg5aWlxTFpDSzhiZE9id2NuSVJNcktsVnlXYmUzMndXOFNLUmZRWUxQTHNtX01RWEJB0gHbAUFVX3lxTFA4LThwdHJXLUJFV2lFMmdDcFFqajhhZUVfQzlFclRmS24zdlA2ZXo0bkpKcnJoQy10N0pneUlfc0RGOEhjNjVId1BOTzZJQ3pHN01MWExaSVlPRFlWZW96VlNwZ194MFpUQlJWV3MwNTNpX3FzWXJGdEFod09DVnVmbE5pNTJ2bTJRMkdsN2RyLXd2LTBWT2ozVV9iVFV2VTRzSkhsMkVQaU14RFFWQkZ1ellWbWcwOWE2eDJNNlY1NWJ6S0pnOFVpNTFWT0dkdGZtc2tmZ3dBd3h2cw?oc=5,False,di_luar_topik,0,0,E3_ekspor_dibuka
"Pendangkalan Muara Aik Kantung Jelitik Ancam Ribuan Nelayan, HNSI Minta Solusi Permanen",Kompas.com,2025-04-27 07:00:00,https://news.google.com/rss/articles/CBMiwgFBVV95cUxPV2lRMXItaGlLRFdpX2xRbWZLT25fTHZPaXltSE5YUUNsbks2VWNhdHF1aXFQYVpXTy1KUVJpMk1Qd3hHMVJDT3JFaTRzNl85bzRmRDd1ZnlHUEpqZXA4TDlfSHpCcTFIRXJLdUVqSm5rZDdkMWg5c3ZvWkRoRGZ6MGVGZ05SNU9nT2FqZXk0VjVXdUNsYngybFRhNWZnNGI1bGcyV3h0SER1eHg1SDhxZjBFdVcxX1ZDZzFsT3FKTWg4dw?oc=5,False,di_luar_topik,1,1,E3_ekspor_dibuka
"Formasi Soroti Dampak Penambangan Pasir Laut di Kawasan Desa Numbing, Bintan",inikepri.com,2025-04-27 07:00:00,https://news.google.com/rss/articles/CBMisgFBVV95cUxPdENCcjBHTHNkZkhOb21qTlBBY0R6N1FmVEhIRUE3Qk1pbUE0UWVSdkVWbk01OUJTTUx5UHd0UWFCUS1lLXhEclZSa2RnYmNFcUlkbS00aHNEcmxfd1JxaXVDelhQOHN2SG13eS1PWWIxNGJNdlZLSkIyV0pWOWRSaHdiNFJ0dnZCbWtYNXVlT3BBTGxVb3A4WE01QUVxSDdsd0tieGdrYkowczB0TThsM1N3?oc=5,True,menolak,1,0,E3_ekspor_dibuka
"Ada Rencana Sedimentasi Pasir di Laut Numbing, KNTI Bintan Mengaku Tak Dilibatkan",Harian Kepri,2025-04-28 07:00:00,https://news.google.com/rss/articles/CBMirgFBVV95cUxQVEpuSno2LURNaDlBYjFkcElmNnhZZmZnRDNtUlN6OXBUUWhMd1FRN1dIcjhFMWFNTTNKSUI1R1dVU3RZMmJ6Z093eGYtUG1leGVhYTdrN09KMHBub0tEanRYRXZMVjhCdWRrNHk2bk9mU0JXMzFKeHFraE1ld0lxYjk5SDE0SHZJX0M3a0N6aHRHcVBwNWNhdzJlaVJZSG9xenh4SHViNER0Y1g0VHc?oc=5,False,di_luar_topik,0,0,E3_ekspor_dibuka
Warga Desa Bubun Minta Tidak Terbitkan Izin Galian C PT ANS,waspada.id,2025-04-29 07:00:00,https://news.google.com/rss/articles/CBMilAFBVV95cUxPN25OM1Bya0M1MTNWei14dzhlLTAxZ2xRbWhlNmU1ckhxVXA0cTN4bHhRaExCU29CT2JCcmFiRE04T3dmbXFtdVE1SXZad1JCaWlfSFpscWtaVHJvNWE0WnZCcFBHVWY3Y0RxakhFN3dna0pkMElDeHVuVWU2N2MyaUVIMDdsdnRJdnoweWFpRW5qaVVt?oc=5,False,di_luar_topik,0,0,E3_ekspor_dibuka
"Maritim Indonesia, Potensi Laut Indonesia yang Luar Biasa",Media Indonesia,2025-04-30 07:00:00,https://news.google.com/rss/articles/CBMiogFBVV95cUxQeVBiUEFUWURtcXQ4ZXJHa09KV2U5Ynh6R3dZai11R2YwQWVIdWloVjNwWUhmU0xMNVFrelNkWk9jbVRUN2ZhR3F4RXlSMEE2VnFXcmVSNWNWOFAxYkdPd1A0WHVCc0MzVDNzMVdZQ1V0c0tDM21MSGtkTmdfUnYySXM1QVlIVG5vaVpvNGtVejlOZl8tVTV0LVlhZDBDUmJzUlE?oc=5,False,di_luar_topik,0,0,E3_ekspor_dibuka
Kuota Minimal Ekspor Pasir Laut 50 Juta Meter Kubik,KONTAN,2025-05-05 07:00:00,https://news.google.com/rss/articles/CBMijgFBVV95cUxNVWtHUHJGaGNnWkczQTVSbUhHemYxcUY5cDVVcm1NeHBHQ2xRRHcxNThORDdsUEpoLUhfRnZPa2xSWU9EbzVVc2lOdndDbVR4RjU2QmZnWFJfNEhzLWhMZTM5UFhtNXEtUm1FLU9kbWNHR1N5Sm9aWVUwNW93bm93cW1MS2xJdHRVWl9wUmZn?oc=5,True,netral,0,0,E3_ekspor_dibuka
"Sulbar Tolak Tambang: Moratorium Izin, Hentikan Aktivitas Tambang dan Cabut Izin Tambang yang Menghancurkan Ruang Hidup Warga. - JATAM",JATAM - Jaringan Advokasi Tambang,2025-05-05 07:00:00,https://news.google.com/rss/articles/CBMiaEFVX3lxTE91anY3eTctRk14SENBbDBhNS12MXZRZk9mbmdVSF92X2ltdHNZQTBTQkFmS2J2cjZFNkVIVkVQNWtCT2VzZVlDMUxiUWRqMm54YTRNN25QQnlWdkIzMlRIRzl0ZDhDeGpM?oc=5,False,di_luar_topik,2,0,E3_ekspor_dibuka
"Bangun Tanggul di Luar Cakupan Izin dan Reklamasi Pantai, Mawatu Resort Labuan Bajo Dinyatakan Lakukan Pelanggaran",Floresa.co,2025-05-08 07:00:00,https://news.google.com/rss/articles/CBMi_AFBVV95cUxPeVA5Qy12VXEtM01wN01HTUlpdmQxQWRQLVVod1c3YnVrYndXVGtiNG9MWXJ2eWJCTVh4ZHVGS1Y2Z3JYdWxlMzgtNmVSUTRSNW5GbFF0MTNacU5PQndSR04xUzg3aGFHcW1IUVR6X09EWUdNRWxCNEtZZ25WNXdlQXd1ZjN5aHlFVG82YnNNQzNkVGlkR2Y1TWhOSmFMRVFRbmRkMEQtNTZ3Y3AtVVN5Y2F3Ml9CR2Q4cS1xMHBCRWxxeVAzQ0ZvbkZYOXVQVnVvMGJQM0Y2ZEluLTJHQ2d3U3RiNzFmVWJVeHJpZGppWUtZUlJwcFh0SW4zRzk?oc=5,False,di_luar_topik,0,0,E3_ekspor_dibuka
"Pengelolaan Sedimentasi Dimulai, PT Rejeki Abadi Lestari Gandeng Masyarakat Bintan",lintaskepri.com,2025-05-08 07:00:00,https://news.google.com/rss/articles/CBMiqgFBVV95cUxPdnplZWdyVm8tU3lTRzhMQnlpX0pidUMwaXVXaUJ6cEhXazVqaGYyNGkzZHRMZXhoa3hNbnNQb0FZM0RPVVZLTldqWFZqdEM5UHM5a3BGb1pnQU96dGVGZl9DSU5ONC1LNFMyNllkbzJyejFGN004aHlONWxyN0FpZlpfR19XcUtIalZHclF0NklGOFJZdi1EZlFOM1R5ZGxEYU9Zb3VLR3FBZw?oc=5,False,di_luar_topik,0,0,E3_ekspor_dibuka
"Listrik 24 Jam Mulai Diuji Coba di Desa Numbing, Warga Apresiasi PT RAL dan PLN",lintaskepri.com,2025-05-12 07:00:00,https://news.google.com/rss/articles/CBMipgFBVV95cUxNTVlWdlVpQkhVUkNZY1VTN1lKclpCbHJfY1BadzdJcVhTWVNrVzNkaHJfSHNzaFVBZU54cjFYU1FpOVJES1ZsWnBnYVlrNUlRS054NkVENnZWZ2hEOTYtQzhKU1lPb21CMzFOb3ZxWjE3SUJjRTJNWW5HbHowaFBKTHNBazlKMmg1SkRaT0RQTm5ISWxDb2hqbVdwM1B0TV9FcGpaTzZn?oc=5,False,di_luar_topik,0,1,E3_ekspor_dibuka
"Tolak Tambang Pasir, Warga Protes ke Gubernur Sulbar",Mongabay.co.id,2025-05-13 07:00:00,https://news.google.com/rss/articles/CBMilAFBVV95cUxPZ0hEa3dVUDNzWXEyYjlLT1F0b1JZaEVzM0tCZGx1OGNNbjY1SUxNRGNiWjExd2luLTBUblotblJhWkdLRktPZ3dOeVN6MXdwSEFuS2tMajJuSFNXcGNIRVZINU5LOXl4anBGYUgtX0xCZnphdjlhRG5qOE9DdUhUSkNSN0NkbTZUS0xhektqRl9uMnU4?oc=5,True,menolak,2,0,E3_ekspor_dibuka
Demo Nelayan Kepri Berakhir dengan Komitmen DPRD Bawa Suara Nelayan ke Pusat,Batamnews,2025-05-15 07:00:00,https://news.google.com/rss/articles/CBMiwAFBVV95cUxONXhDbFdwZXlHQUwtRW5RZ2Vha0YxbzNJWFNEcHZxWUdVNEhrV0c0ZEllRGVZTlRmbkZMdEI1SmZlcFlMdUF2Uk5VUnZmZks3U2ZLOU9aSWJUN0RVcUx4Q2VTRDl4ZWVnRXEzN2gxd09OQWI5OW1BZXBaT2NEb0t0WUJmZ2JCbjdHaG93RDRVTnFsLUFTM01RTENIRGo4V1VkMmwxM1BvbUxtY1NFNWhNYzZHZmZqdWJsbE9rVFNqZ0I?oc=5,False,di_luar_topik,0,0,E3_ekspor_dibuka
WALHI Sulsel dan Komunitas Lingkungan Gelar Aksi Jelang Hari Keanekaragaman Hayati,Jejakfakta.com,2025-05-16 07:00:00,https://news.google.com/rss/articles/CBMitgFBVV95cUxPZHFRdFVmZXJoNjZBV1dvZnI4QXVhbXJEaU1Yb1FWOTBwdDNMSUlaX0NlYkZGMXBwRXVURGMxYTBmTmJTY1djZjRQUWNQdE9JTmduX251NGx3dUE4RUJ4UnRuZ01Ga3BhOGx3VEJxeEtkSFAwVHE3bmtHNTZ4OGZDOUEybllBQW84SDQxSHdpSzZJSW1mVmtlT2hGWXVLaFdPMjZfYURIRWZObXZBeU92LUtZbTF6QdIBuwFBVV95cUxNeUVQUk9Sb0pJeGZfS0oyeGE0dlRvMnBUS2RLeEhWbE8tMUhpNUtmLTE0RDdpYlRkN05ra3BaaThsVUV6OU5jZHQtNGx5MXlfU0VWbHA1R1BzWloyOHJ3RkE1SUgtZ2VFWW02REpEeGhIUmZUakFBaWFjZHprS250Mndfd1JySDR1UlVaemhyNFYyeXVMR0xQaDFtbXZnT3B1X1ZZNVljcXVVM1pycnpqeVNqb2JFOW03RURJ?oc=5,False,di_luar_topik,0,0,E3_ekspor_dibuka
"Nelayan Kepri Gelar Demo Tolak Tambang Pasir Laut, Desak Pemerintah Berpihak Pada Rakyat Pesisir",TransKepri.com,2025-05-16 07:00:00,https://news.google.com/rss/articles/CBMi0gFBVV95cUxPOVhuZ0Y5X2YtTTB0Y01FT3lWWXd1czVSYUJveUNENXpyRElEc0hYeEkzbXViVFo3UlVuN2ZyZlF3Z0NfWUs5ZE95M3hBTk1YYy1OcEFQWTBJcXZZZjF0Z19nWlZYeUxzbXhqN3FBV1JjRzNsOEw4eTFCa2FPUzJqTDM0RENNMm04NF9xbHY5OXd1TFNFN292cXNrNzdMNjhLU25fOEhpa0RPVFhNOW03VF81c0cxYlBabTJ4c3JFSnlWTC1kVmI4cWhkQ29xYURCSXc?oc=5,True,menolak,2,0,E3_ekspor_dibuka
HNSI Bintan Tak Setuju Ada Sedimentasi Laut di Numbing,Ulasan.co,2025-05-17 07:00:00,https://news.google.com/rss/articles/CBMiWEFVX3lxTE9GQkJRMUl3STVpQzlTUGx1R0VGV3o5Qmp4ZnViZERCMHF1YzI1RGRsdjhWRl9OSGFXMlVmUGIxTTA2VlcwNmFsQXBlbjVlVW91YmJFbUVQbS3SAWBBVV95cUxOU3lrUlNwTHM4eWxVbDExcm9kZ29SNDJQZnRKQ1JyMHBPWGJKeG95aWt3OTZ4eC15bnYyTklVMEpTRGNNYnNfd2MwSDB6Y2NtVHNkY1R2ZGdCYXhENS05OWs?oc=5,True,netral,0,0,E3_ekspor_dibuka
BRIN Kritisi Praktik Perampasan Ruang Laut dan Pesisir melalui Peluncuran Buku - BRIN,BRIN - Badan Riset dan Inovasi Nasional,2025-05-17 07:00:00,https://news.google.com/rss/articles/CBMiswFBVV95cUxNVW4yNDZkMlphY3EwRVFiaVY5YlJiWDVmQ25zYkVENnRLWkdmaW5rWF9sZ1IzS2h5VUwtQnFHZjFmNG1zalBoblFRUVpMenJPaUt6WlVoN0ZYM2d5LUM4UVlPWWlGal9CSTVDTUNMektTOTR4ZVFwN2NNVzk3anBQRGpiNEc3UzZFU1Y4VW9Ga0lhNTJtZXpOdTJ6MjR0LXQtNk5URk1SSHFxR1JhZmtZeXdIaw?oc=5,False,di_luar_topik,0,0,E3_ekspor_dibuka
Jejaring perempuan pesisir menjaga laut dari ancaman reklamasi,Ekuatorial,2025-05-18 07:00:00,https://news.google.com/rss/articles/CBMinwFBVV95cUxNMVpFc0w3eEpkMTFKdC1EeVhYQ000Q2p1WWFoSEdUVmxmZWlLb3FGaUJSdDRYOFF3cWU1SWxaMFoxVG9ZckEzY3J4a2l3OVdVZkoxcjY4b3ZydnZ3ZFlWWU9VUVAtNmJNUzhRdlRQbTJ3T05oZXNVQkhaRzhUek80ZjZwS1hfRE5ESk5JVmNfSEJQcjA0eGI5a250YUkxM1E?oc=5,False,di_luar_topik,1,0,E3_ekspor_dibuka
Penemuan 6.000 Fosil dan Tengkorak Homo erectus di Dasar Laut Selat Madura,Mongabay.co.id,2025-05-19 07:00:00,https://news.google.com/rss/articles/CBMirgFBVV95cUxQejRDUkI4aE5Dcm1kbDR6QS1YUXdDR2JwV1ZPTWs5Z1JScS14bmJmeFJsaHFoTzV4SkZBc3hXVURMZEFWZGJSTHNpZXQydVV6NUxTZjdfTkppblNKdi1GZl9ldFBrVEFUZFBJOTZYb09rNzRXbGZPTHhmcDFPLXhSZEtZM3c0U2lXZUZIZ0FCTlczWXd2MkJ3N0stUmJJMFpYUU44UGJDam5qLVdVcmc?oc=5,False,di_luar_topik,0,0,E3_ekspor_dibuka
Pengerukan Pasir Laut di Desa Numbing Bakal Mengukir Penderitaan Panjang Masyarakat Nelayan,SERGAP,2025-05-20 07:00:00,https://news.google.com/rss/articles/CBMiwgFBVV95cUxOWHY5SFpmenFCQUE2MzB3cmlKYlBjeWoxRk9TQXA1RHptZFlNOU0xMjBiN3A1ZmVMTUZzaUt4SjR4YzZZMGZwYkYyaE1scjN0Qlc4dE5XcFFTcnhhendLSzUyTXJ6VnlkQkdqdXFwYWZXQ21aS1hLMjdFYzRwLWJtUVV0WDVJcXNmTXhPbl9XNV9QNEtoVWF4WWIzMlRzWGY0V1Y1aHFzN1RzQmFZRGh3QkZ1M005UGRicTNsN1ZLbkxTZw?oc=5,True,menolak,1,0,E3_ekspor_dibuka
Temuan Baru Fosil Manusia Purba Berusia 140.000 Tahun di Dasar Selat Madura,Kompas.com,2025-05-20 07:00:00,https://news.google.com/rss/articles/CBMi0wFBVV95cUxPU2txS0dHd1lCYjlyeV9TYi1PMHlxdlM2aU5PV0NFeXBYVGFNbm0wWndBbVRtbXFGdDBnbjFDLUJzZGUxeThTamR6clFOZk5BZUdEcWF1RExhYkZ0MUw2Mkg1QndEcjhQT2ZGdXlpZkZPOVFiZXNlMVFNdkpldi1SNERuRkFHQ3RRRU1DdEd2MGxJdzVWQl9rNE50SVBCQjMyODFidU5vTHlWdlVvLUxGaXVEU1p2SjNlR0hZSGVENzNaYU1QTFBhVWtsZHhuYlB6Z3N30gHHAUFVX3lxTFBxWEM5Yk9JUzBQZExCYkFreHdfMTRnSnJBM05PSDJGbTktT09IMktvQ0pockJrUXBzN0JFQ0NoMjg5OVl1ZVEtSDBYNGxGdVk4NUxIRWtXZlRfdUFLT0pZTXhiaDhBbEVUTTFjMWV1R3k1YVdFa1pWeks1TUc2OTVfT01mdWdXWkExeEMtOUdIUWNPYnhFaTQ3YURSd095aC14eHRIc1d5UGRoZENYdUpla0ZNeEJaOXhzSlVxd1JkQ0puOEktY00?oc=5,False,di_luar_topik,0,0,E3_ekspor_dibuka
Waspada! Ratusan Barcode BBM Subsidi di Kepri Bocor dan Disalahgunakan Oknum Nakal - Kepri Post - kepri.pikiran,kepri.pikiran-rakyat.com,2025-05-20 07:00:00,https://news.google.com/rss/articles/CBMizwFBVV95cUxPSWFGYjZpNUg3R2hzZ0xIb3NlT2NIU2RnNmFNSS1kNWE1OUZMVUR1eXBkWFRzV3EybE53RjF3d3AxWkpHMlptell0dklmSE1JTG5xX2QyckowelRyOFUySGNFYlJxeEJaVFV5NFBhNmc4RDI4cTEtN1ptLTBsVlBRc3QxWTBqcGk0WkkzOW9EOWJ0eGlsZjE4a3UzMTRxaGFIaEFsTDBjRi1JeFJ0M0pPbFllRXpuUTZKUFNkUVlDU3MzNzEtWTRIaW83RjloaDTSAdQBQVVfeXFMUHN3bVUzN1ZGdXRFVnhYeVdIeHFwOXExb2JFVkJWdXA5MnJnTVFnZ2dIVDR4dFl5V1ljU1pjMU40T0JVM2hNdHNaQ0F0aEV1ZmhyR2pCOHhfOUVxUUlSWTByZ0E3SzBsblFyWEl6YlZRVno5bGxFMFJIZjJTY0VTQ09RdXU0S29jamczSFVfa2VwTlZFY1lyRkw5clc0bVJfenRFa2JFRXQzcXEyNVo2Tks4UjhFYXpUVVRHSTVLLUxlWi0zTXFuSkJBUzk4ekxFN01wdGk?oc=5,False,di_luar_topik,0,0,E3_ekspor_dibuka
Sikat Habis Kegiatan Ilegal: Ini Kawasan Pertambangan di Lampung,inilampung.com,2025-05-22 07:00:00,https://news.google.com/rss/articles/CBMihgFBVV95cUxNN0x2RzRjLTNJNXAtUjJpSmhMcURGb1RvdEdIM2dQV0RsOVpkd0ltU0M4c1Bnb2F1NlhqRVhEa3hwYmZ4V3JOdUUySmdXMm9mQTNGVmtRUkpYWm5PTDU3bmk3a0Y4MDhJUWIyMTZzZnlUTGN0OUZxVDZMeHNrMERzWVZvWmJIZw?oc=5,False,di_luar_topik,0,0,E3_ekspor_dibuka
"Wow, Kota dari 140 Ribu Tahun Lalu Ditemukan Terendam di Selat Madura",TIMES Indonesia,2025-05-25 07:00:00,https://news.google.com/rss/articles/CBMixwFBVV95cUxNdHNQem0zeWJTS19pUWMyZ1RGSmQxU0NlNUVvT1J3VW5lNmEzaHhoeVpLYXV5NG42TjdybnVXRWdWZ1puT1l3RGlrY0x0QVh3YTRKRUt5UDdUOE4zZERqdUhsemhHZXNERHRGRVdqUThyU2NjbXFQdjJvOEhUaHVJT0ItdDlsLTFJYlJFRU9hVV9XVkxjbU1BUTFSR0VBR1QtaHlpV1g3bUYxRDc1OXp0S0p2Q1lZUWpnay1lYU12RWJqSHBIREw4?oc=5,False,di_luar_topik,0,0,E3_ekspor_dibuka
"Produksi Bahan Tambang di Banten Tahun 2023 Naik Signifikan, Pasir Laut Jadi Komoditas Utama",Manado Post,2025-06-03 07:00:00,https://news.google.com/rss/articles/CBMi1wFBVV95cUxPRnUzMTYxa1I3eTE4OW1KYjFhNU9FMmdqS3Jwd2xoNzZKMkVGc0N6WXpfTDVhNnhUVmlCdUhqRzFGQkZLWXR2blRHTzhJV3I2OC1IZzlXcDR2VFZ1REpxcjJaLU40dVk1TDhpY3QwY2xNX1EtQ0RqTEpNUWkxU1ZQZTA2TXZkX242bF9NUXBUb294YklJZWl1YkpDT1Z0emNFNHlCdUJJdzdHN1dxZFJaUW1LaE03eFFvQ0NuNjlOVVNhTHRMR09zQ0J5dU85WWhWb0dVb2ZxRdIB3AFBVV95cUxQWlJrZ0gzQ2pvQ3dnT1NNNGZSYXNjTHlNQ3J2YXBYcG1VVmhycDlHcnNZNzlVRGY1dnZid2g5YTN2b1lQY09UaUdjekhnbW95N1BScmJwSnJiaF9YaHNjN05rMWZGaHhneXB2Y0k3TlJNZHdMdXdWek5fWWxnS0VSZnZDdG96Y2k2clBnVVpLU3RGT3BlWV9WbGdKdlhLM3dMSWstd0pfWWxKWFVxLWtFNVFJd2RsQmU0VXZIS1d0c21NMzFSS2Ixd09KVUEwS3k0bjQ5Q1hfWEpsei1Q?oc=5,True,netral,0,0,E4_pasca_putusan_ma
Raja Ampat: Kenapa Pulau-Pulau Kecil Harus Bebas Tambang?,Mongabay.co.id,2025-06-12 07:00:00,https://news.google.com/rss/articles/CBMilwFBVV95cUxNMGFha1V6UUdEYm1zb1RoMVhRQTVBZDF3T2l6SHgwd21fWlpuUFEzQV9rU01LOXFpUDQ0MmhjWjR5aTlkcjd3bjNFajNWelYxRi1mRlhYb0JKb2t6RDVIZHRUVGNHajhOUHNUaldBak9weXNaNFZyTlMtZG5lMGVCWlh2MG04UUZ3NTJueFJnajVJRGNoS0lv?oc=5,False,di_luar_topik,0,0,E4_pasca_putusan_ma
Aksi Aktivis Lingkungan Protes Kerusakan Terumbu Karang Wakatobi Berujung Ricuh,Kompas.tv,2025-06-13 07:00:00,https://news.google.com/rss/articles/CBMiuAFBVV95cUxNTDNwOGN5UlpKZHc2WTJyRzdLdDRJeFlvNTVTZGFxaE5hTkR2cXhQT1ZObWRaMFNieHpMSU94RVFNMEVVSjBLOFN2MHkydzkwYWxGNmdiTHM3WUp0NEswa3lOWVJmdURnWG12c1RoOVRxcWFGYXVJSXJ1OGo2QVk3N3FqX09QdGdpcWRwQ1hfdjJLS201RUxscjRxX0RJNlBNaTVyLUpJTXZFWTA0UVFuN1M1S1NWcWhY0gG-AUFVX3lxTFAtczgxcWFsRG5NSDBFcUNjenFSN1UzTExjald3RVY5RnN3X2s4bndnZTlSemNzWXloOVN3eUJzdEtjOU1WLTVvNUo5YWt2aUpELWdSWldENTNHb0dfYzdEUDhYNGxLU0xRNmE4UXRBeFpwRHQ2NGxtdzhkWEppNDl4Y1BIWGtuODhLa0hVSG5fOWhMN25DQ1RvZ2Z5MFhmV0lDQnBPeTdVV2d4U2RPcWNweGt5Z3VSR0pFel9tYlE?oc=5,False,di_luar_topik,2,0,E4_pasca_putusan_ma
Setelah Terbengkalai Pelabuhan Kendal Akan Beroperasi Juli 2025,Jatengnews.id,2025-06-23 07:00:00,https://news.google.com/rss/articles/CBMiowFBVV95cUxPSnNEZzhjSWgwbUZZNFNzMDZOTU1ScGRIb3NKTVVuVzJYUUx5MHRKaENlNUtHSC1nY0IxcGNsdUxnemZIVTNyM0l0d3pWWXRYM1RtejlVWVNIU01KVGZMQXNTQ1dDS1h2VFlQczhGODg3TzRZUGx1ZnFNeGNFZF9FTk92b1U3S0d2N0dBWHNWRWZscERmTFdHVXlQQlpGS0IwaFM00gGrAUFVX3lxTFAwY204akVLQUEzRm9VN2lyaEJ6dG9GRzhOc0FXVGlWRHNMYjYtb2VMLThlMXpKMUd0c1JXTG9WdE1pQkliTmVQekpYM29HOFVTSlRzRDV6eWdVNzZibFAzX0p1QVd0c1lsR2VGVmI3Z2ZUTEdwOUlkQ29FWG41MjhrMS1ac2p6cGJvV2RieG1EakFWTUdrWm9QYXZaMjJzME5nVGZ3SmxNcEN5TQ?oc=5,False,di_luar_topik,0,0,E4_pasca_putusan_ma
Lima Wajah Pulau-Pulau Kecil yang Rusak Karena Tambang,Mongabay.co.id,2025-06-23 07:00:00,https://news.google.com/rss/articles/CBMikwFBVV95cUxNZmNiTkFOUDVxQnByOWxDWl84OHZsMURfTXpHTm5YRmZhUjgxa2Z1NnlYUEJNM3dSdnJXQWVvUE5BWUZGaDhhVUJwc3NBdHh5NzhsbXJzdVo5MFNrVDJEczd0WmQ5cVZpZEtPSDJTaFNCb2tIX09KNHFJSWlnRHgwc01kdlFxOTFlUk9KNm1CdEpiUE0?oc=5,False,di_luar_topik,1,0,E4_pasca_putusan_ma
Jeritan Warga Pulau Enggano akibat Pengerukan di Pelabuhan Pulau Baai Bengkulu Lambat,Kompas.id,2025-06-24 07:00:00,https://news.google.com/rss/articles/CBMivwFBVV95cUxOTjJFSDVGdUh4cE5qZDdab0N0b1BGWlRwbWVwSXRoSXFsZHVZMngxOWctdm9BbVVlUUxJM3hIdWM1Uklya0ZkMlR1aFhoSjlQWWN3V1ZfSUtocDJEQi1pWnlXY05ZZGx5REFHdlc0TU16UkczMHpvX0R0UEtFbGc5YTkwQXJCYnhFUDFiSGU3MXBpU2Y0cEVkU1hkNk80ejJ6cG52bU1uQXhTbW5mWG9YYjhURjdwS3V4VDh6Z216cw?oc=5,False,di_luar_topik,0,0,E4_pasca_putusan_ma
MA Putuskan Pemerintah Tidak Boleh Ekspor Pasir Laut,Tempo.co,2025-06-25 07:00:00,https://news.google.com/rss/articles/CBMikwFBVV95cUxOeWwtWW5WYmJqZHFVbFY0dURtTjM5SjJBRTg4Qk41MTRucGQzZVVqUHBrOVJVMFZaLXZHb01JUklRTEwxeHhsNUNUWEpuSlRtRUxnbnlPUE9tcWRuYnNTYUZZdko2NkRCZHdQbkhMQ2c2RTNWVTYtN1NHMzdSUmdWNFBkOTBXdURxamN5V1J5c3diakk?oc=5,True,netral,0,0,E4_pasca_putusan_ma
MA Putuskan Penjualan Pasir Laut Bertentangan dengan UU,Hukumonline,2025-06-26 07:00:00,https://news.google.com/rss/articles/CBMirgFBVV95cUxNQUtYaDZBM0k4S3FMREFTUkhrLXNXTWNTV1EtdVhRYWFwc0FDMHBzalVteVJKTThiRFhUUlVSSE9XZ1dsbnY1dkVZUlhOdGN0QWVQWDd4RndJakFkRVdXX0tlSWFlSXFGbS1wMTJQQnZnbFhBMnpWeGQwT1Q4UTBpSnIxMWdTQ21qUjg4NWY1bDVteVhSaVRTNGxsOVRBbW55RXZUUFVYVTRXd2lmX0E?oc=5,True,netral,0,0,E4_pasca_putusan_ma
MA Larang Pemerintah Ekspor Pasir Laut,detikNews,2025-06-26 07:00:00,https://news.google.com/rss/articles/CBMihAFBVV95cUxQYng3TktaRVNrWHJyWWJDb3RBQnpQSDZkSTdwMEpCVEwtZW5NRFJKMklhUlZwSEhvUjVlRGJrZ1VHcnVsbzVyMFpCWHpnNm1PWHI2dzRKdHktMGVBQTJMeHRtLWFPUGRPU2J4blkwWFVMYUJ4TXdYS05uZDJOemNxRmtEQVTSAYoBQVVfeXFMT0V0cUs1ekZFQlhoWWJETDdiT0l1YTVoMm1IU2dVV2RTOFdRMUdoZmZwWDV5TVFyenJzS29MdnlOeDhkejBieEpLX1pDUEZJTlkzOU05Y1ItclQ3azFCRTFqeWRTbm1iMTV4T0hmamdFVkp3LTQ0V1dSaVRyc2tPNnZvVkZaZGR1RC1n?oc=5,True,netral,0,0,E4_pasca_putusan_ma
MA Putuskan Pemerintah Dilarang Ekspor Pasir Laut,Kompas.com,2025-06-26 07:00:00,https://news.google.com/rss/articles/CBMipAFBVV95cUxQSEItOENiU1c4dkZ6enhxYVZYa2FnLW5HVUQ0Q29tVXRaMmVERzJZR2labVZneDdXNHY3T2FtQ0V0SlNDOC10Y04zNDgtcUx0M1RjQVNQYm9XQW5uRFBhUG01bUptZHBhZjlPQnVkS0ZSMWVpTFFFQ2hMZFJ0T0Q1aTJ2bXVDMFlFV1BJNHV3bGtTYnI0aFBBTWgwTUpjYWRfSnkxZw?oc=5,True,netral,0,0,E4_pasca_putusan_ma
MA Larang Ekspor Pasir Laut yang Izinnya Terbit di Era Jokowi,CNN Indonesia,2025-06-26 07:00:00,https://news.google.com/rss/articles/CBMiwwFBVV95cUxPOE14MnNTNk5BN3YyS3ZHUEZfTnpVVUhfemhEbjd5TkhVQ243UkNHOEY0eElmbTFramdFWnl3XzB6VEx4MXpWSzA4NVpNZ1EzOHlnR3YyRWxuR1VjbXhnWDVRbnJQV0dJMWFuU2lCLUlpdXp4bkNiV3JqRUhWUlBTSXFWTXRxTVQwdHNyX0hwUkROSThwaUJYQVFvMlUyakFxdTFuU0F1SkRoS1hwZ0Z1aFpFYXRPWndlOFJnNjNYZTdTYU3SAcgBQVVfeXFMTjY4MXdESlZOeW9xQVZDazktLVdHbWdDUHotWEsxNG1NNV9Fb3JjYUs2eHdHV3prZDdsa280U0ZZZEhIOXhPT0FXZzQ2dlVvY09qeXZva0VpR05aQXlucmR1V0pKTVY2UFVOSnJxOFc3eFVTblpCT2dOb0VQREVkRURYeE93QVdZSWRkNlJwSjZlTS1ibFhDWWFDd29vaUxUVjJEZG1WRWZDVk4zckc4T1ZLTVUzcUhreEFQdm8xQlg4QzBza2hVdzU?oc=5,True,netral,0,0,E4_pasca_putusan_ma
"Tok! Kabulkan Uji Materi, MA Larang Pemerintah Ekspor Pasir Laut",SINDOnews Nasional,2025-06-26 07:00:00,https://news.google.com/rss/articles/CBMivwFBVV95cUxNSDVnSVhGYndmNFdXZTN0aEkxLWJUV3NVdXBXOW40TWZHRTNzMjFzWEx6T29vWnREQ1NkWG5IRXJJQk1TM0xXV2JsTDJzS2hjVmRzMVpvQmZXbllHX0lFSFhtcWxKemxDcDdyeHVDWWZfOFRqWmJ4U3dzcThmWm82cEltaENFRkUyTExObTVNMHFWZDhYTUVNdkdLZnVwUVlXUEVVMTFZMWhzYTFLd3A1SEdDdVFhX1Y3dElyazBJRdIBwgFBVV95cUxQLTRGaHYtMUVYaExySWc5UmdrYXdKbk85MHpabXE2b1dWU3d1TFBoWGNpcGlVN1U4ZFp5OEZKX3V6S2dUOVcwaWJidEM0SGdwN3pwZEN3VGRtNkNVNlhPbC1HVTl0SGFpOHZpMXhVeGZNM0tmNEJSWDZYdWROTlkxR0x6ZWpYdXNvV3JBVGI4Ny1IY1ZBZFZSNndTMWJxSm9pdU8xX2FYbGZKamFHcWgwZnB5ZGt3QjZxMnA4ZzZtVEdHUQ?oc=5,True,netral,0,0,E4_pasca_putusan_ma
"Larang Ekspor Pasir Laut yang Diteken Era Jokowi, Ini Pertimbangan MA",Kompas.com,2025-06-26 07:00:00,https://news.google.com/rss/articles/CBMiygFBVV95cUxPNm9TR1dKR3ZWYmUyVjFCeXYzazlJRVlIMFhPdThvSWNiRm5KTkstWUtoTEk0NFQtcXhtX1BWZkhDa1NuSlVNYlI3dmJsOTlBbDFRRWNpbnRKbXM5bVZpeElqY215RmN4eU1Qa2R5eDBoS21GS2plTk5VX0lYZHlrQnBoa09FX1Z2Q29jdVV0Z0JjaXA5ZWZIdkRlaEt0RmpzXzFkQ1dOVGUycV9xckRMTVlxRkhyVWFWdUE0MG5aQmNEeldleDN6cXpB?oc=5,True,netral,0,0,E4_pasca_putusan_ma
Kilas Balik Aturan Ekspor Pasir Laut yang Dibatalkan MA,Tempo.co,2025-06-26 07:00:00,https://news.google.com/rss/articles/CBMilAFBVV95cUxOeHBFQ1ltVTltSU1TUUdiMU1vb1FFVjRPdXRBYkd0N2xrTEtrSVFKR3gwbUFXM2NJN21qZHAwQzNZaTlWOENjRE9pY0tZaXBLZWZhSmVBYlNZcGdLdm5aSnI1dFFyaEJMTktiUGp5NFZocVh5ejFKNVNpdnd3c2E4TE03ZVIxRDRJOVNpeGZJUzhkV1E3?oc=5,True,netral,0,0,E4_pasca_putusan_ma
"MA Larang Ekspor Pasir Laut, PP 26/2023 Bertentangan dengan UU Kelautan",Kompas.com,2025-06-26 07:00:00,https://news.google.com/rss/articles/CBMiwAFBVV95cUxNSkVFQU40bU0zX2FzdGNvMldZcGdDVmFPTlVCRFZodlk1alA4V0JkME9Hb0lwbXQwSmVLTEIxZURlOTFEZHdLT19nOHBTOHBqTFlYVllnbEpPMjRIVFc2NjlnT3NkeDFqWjRLekRxdm5mZUJBQXcwN3AxSmpCR0FiYkpsUkpEYUtCM1k4NWpsM1U2NVlXTHhTZDBPWjF5eUh6TzhNVVc3dXlfalA5clNpaXlRem5YS0VRVEh3WTctU1Q?oc=5,True,netral,0,0,E4_pasca_putusan_ma
"Kapal Keruk Singapura Operasi Ilegal, Sedot 10 Ribu Meter Kubik Pasir dalam 9 Jam",Portal Hukum,2025-06-26 07:00:00,https://news.google.com/rss/articles/CBMiugFBVV95cUxQSVlyYXVENUpHTm9QR0liVzBvQXpybk14d1d0RFYzdkxvUHVBMmhRaVpjc2FFYXR0ZUY0QTZBMkVCY3lrNEVTX3B4c20zWlc3ZHVYRm1CMTlDR2VFRXdHMXlhOWNpRHljVFJrb2FLZEMyZkt2TXpwQkRCcFdsTGhFWVNOWTROcDVZd2JFX18xUHRpeU1jTk9yaGZsQVJCYXJhaGNTV0RGU1dxWm5FeDl5eE1OclhYdXFVR0E?oc=5,True,netral,0,0,E4_pasca_putusan_ma
MA Batalkan Aturan Jokowi Boleh Ekspor Pasir Laut,Cerinews.id,2025-06-26 07:00:00,https://news.google.com/rss/articles/CBMijgFBVV95cUxNbElDdlVEaWtteTE0VEpVYndRaW5wXzhiZmtXVVEwUThCemZyNks4Sy1PTlI1Q19jYm1hdkJ4MFdldFhmcTNPaWRMRnhHOWlJR3hOcnFjWFZmYUNacEp5OFJ5eTVKMXJRMGh6UFZ6THVfUTlhaUlmX0R1UWctUjl4Y1VOS0U4Nm9FelcyYTRR?oc=5,True,netral,0,0,E4_pasca_putusan_ma
"MA Kali Ini Waras, Anulir Aturan Ekspor Pasir Laut",indonesiawatch.id,2025-06-27 07:00:00,https://news.google.com/rss/articles/CBMiggFBVV95cUxOd2hfdGJPdWk5M0M0N3ZLSEh5UVhlYWstWm9POVprZnEzY2RKYzJDRFIxY3p5clZ1Ql9OMHJ3bW9rREVZY1p1YXJ1QjN4Q2w1OThvT0hqX3BWRXQyMURTX19aUENTOUdRdnBRVC1oY01Db01pX2NfRWhQN0dob2tFaHNR?oc=5,True,menolak,1,0,E4_pasca_putusan_ma
Putusan MA : Larang Pemerintah Ekspor Pasir Laut,Mekora.id,2025-06-27 07:00:00,https://news.google.com/rss/articles/CBMic0FVX3lxTE1qb3lfdDZjZm0zaTFSdThMd1B5bkVIUnluaG5zNElLRWM2MnRyS2xQUFlIWnRnbUFhQjNDLVRWRXpxc0tFcFdMdGluWGU0bzBTaHBjMVZETW1oa0dOZlZUaU03YUVZMEZnWVB3TnM5b2JfZEU?oc=5,True,netral,0,0,E4_pasca_putusan_ma
MA Batalkan Aturan Ekspor Pasir Laut Bikinan Jokowi,politikindonesia.id,2025-06-27 07:00:00,https://news.google.com/rss/articles/CBMiiwFBVV95cUxPUDI4dkdXMUd5SVZCekFMdTBRSzdKN29TV3U4b2RpeUZqaldLX1FQNnR5YWpGTGtQYmZWcnY5UHg0T1V2RUduakdSeWhaVVVTalZacTIxWlJGUjdPbWVJMXNLYWxHLXhGSnhJUEE2U2pMS3ZFVWx3N3BIVmRLa1picXFMQVppRWlwbFRB?oc=5,True,netral,0,0,E4_pasca_putusan_ma
"Pasir Laut, Putusan MA, dan Nasib Ekspornya: Apa yang Sebenarnya Terjadi? Halaman all",Kompasiana.com,2025-06-29 07:00:00,https://news.google.com/rss/articles/CBMi5AFBVV95cUxPY3lONEJFUVVYLXBEb2piUUU3alU4MldjdE0tY1RobHFqa1pZMTB3YVk1X2pQbHZjQ2FzYXN6WE55aGw1cVVWSEtOX3ZGeDhWcjBXM1hDRVFHSU83SFB3MVFiNXdiSWxlaUdVU3QycWR4S0hONXQyYU14blRUckxkbGg4R1FtLUVfaHhpVjV5X1NSTkR5bGY3czVVajVXaVpCVE0yWEMyMDRqVXFZNnQ4TzFoUkFBVi05VnBYQUZmd2JwNDBxMS05WHAwOGE1eHJ6ZDdQbzh6U2RLMjF3R2NMbG5uSFc?oc=5,True,netral,0,0,E4_pasca_putusan_ma
Muhammadiyah Desak Pemerintah Cabut Izin Tambang Pasir Laut,politikindonesia.id,2025-06-29 07:00:00,https://news.google.com/rss/articles/CBMilgFBVV95cUxOSUhOQjhqc2N1bTkyN2ZQY19Tdm1WX2lub1dkaUZHV1JpYXd3Y0pPTlQwaW1xa3FTNDdtOVVJV2xzZ0xOUUNtVVJCckswMlFwN3V4VmdROWVycEEwMEFzel9yTUFUTFlNNHlKbkZqX0hlV2NqQlIxRVhSYWtMMWVHN0VBd3d5VVBOcFRTbG9LbjEzT0V2NWc?oc=5,True,menolak,1,0,E4_pasca_putusan_ma
LBH Muhammadiyah: Putusan MA Larang Pemerintah Ekspor Pasir Laut Jadi Sejarah Peradilan Lingkungan,AJNN.net,2025-06-30 07:00:00,https://news.google.com/rss/articles/CBMizwFBVV95cUxOUzRqaHFtRlBuaDFsRGpYdXgwblE1MFVUWmVxQ0V0U2pjWWcxem54Zi14d3JneGlZRlFvMlRUNUUxNDVvQVJReTJObFRzUDRsTWZQU3MwZWc4cnM2elRtY3NQUWVmZlZEd3BuMlZYY0VvY3lORjFVOHduWHBGNXg5SHhtQzAxaTVBaE40dERrVjdHUy1LS3VkTHF4blZldlJ0NExWSzAxVmtqX3pMcUJoRHctUnc1Q0RGbFpiMXpaRTdLVGUxRklGaGdvcVNGUk3SAcwBQVVfeXFMT0VhZmNrRkNLS2x5TFEtemZ2a0Q0cE1kTGlTODBLa1Y4RU9DTTRfdUJyb2xuMUV3cWhMeEx3cS1YOWVBR254TGhwM2xpN3phLVI1OThnNEhhVVc4UVBnUjY5UGswanlnMXNzb00zT1B0UTlKZTdJc3kzNFoyQV9uZ2hJSEZfVnU3T3BzQXhjWmkwOGtnbUQwSVlST09UTk9oZ0JIZ1F5bEluQkRaM2d3VmduRzJKTFVuTXZId1Y0dXI5eHRyWEFQZ0hLMnd5?oc=5,True,menolak,1,0,E4_pasca_putusan_ma
"Angin Kencang Terjang Sangkanmulya, Satu Rumah Rusak Tertimpa Pohon",Kuningan Mass,2025-06-30 07:00:00,https://news.google.com/rss/articles/CBMilwFBVV95cUxNbGduWDlUeExxT1hFcG1LMnlYWGJJektoSElrNWJZSzVRZ2h1Tnd3a3B4R3U4U0p3d2wyeXY3MzAzeTF6QUJEYWxlQjRmS01DMDFhbGpacFBUQXkwZnRxaDRidmFDOTJmbU9XTUZrY01HU1lmYXRJVmh0MWR6UXBwSTZUcWdabmQtbThhamV3bzlwOGJDbFFB?oc=5,False,di_luar_topik,1,0,E4_pasca_putusan_ma
Fun Fact: Pasir Laut dan Fakta Uniknya yang Jarang Diketahui,Kompasiana.com,2025-06-30 07:00:00,https://news.google.com/rss/articles/CBMixwFBVV95cUxPbEE2aE5Rc2JUUnFDZHJha3EzejNndW5KWjJIYkEwYW5rX1VoZ2puWnZJa3VFLVUxZVd1Y090a2dlb3d4R2wtdzY0blJwN3JrMUhvX3pNZ0JHckdReEJXbjNfNV9HSm1OclFCeGhmYkJsemR3NlhSUndUc2RjR2tlU1daUFl1YWhQV3VJZ29BRmlxRlVDYlpjNmRKXzUxVWtXSkM1elRNRURSNVlKYkZ2SlNrdm9nNEpaWDVmZkhyaGFaSTNfa3Zr?oc=5,True,netral,0,0,E4_pasca_putusan_ma
Walhi Jabar Mengingatkan Bahaya Kerusakan Kawasan Pesisir dan Laut Indramayu Bagi Lingkungan dan Manusia,BandungBergerak.id,2025-07-01 07:00:00,https://news.google.com/rss/articles/CBMi6gFBVV95cUxOUFRIQnNFOG5RRU9jSVNNNTNtdlM4UWFYNVB2NFFRT2JWaTFLOVdxa096bnE1MjQ3MnZ0UDFRTnprSEp5MF91cE54UUxVQTJnS1VtN0pVZmNLWGpkSVpDNDE5M1VMUjVXVUFqUHlLSXhvU1M2RmowRHF4eFREN2RSTElwWTVQeDJOSV9GSVhSOXJrdTBLUi1TV0N0Q2w2N3pZcVZwdFVSQTNVdHlzVlIyeTFkWUlMdUM4TG5DTkl6dXd1dlAxOFJKWHZKS0xlZExSRU01d0MwVWlVRGZ3YURkRFJCalpBZTk4UHc?oc=5,False,di_luar_topik,2,0,E4_pasca_putusan_ma
Hari Kelautan Nasional momentum evaluasi kelola SDA laut,ANTARA News Sulteng,2025-07-02 07:00:00,https://news.google.com/rss/articles/CBMiowFBVV95cUxNeFZtRDRJeU1OQjVFWk44X3FrQVdNb0t2TTA4RnptTjN2RWxCXzlnMnRELTZmSUllRHVCOW4yV2oxTV9sOUpENTJFdWNVa29pUzN0QU5SSHBZQkxmRmJTTmNnUU5hdC1tOVJFMVJLOHcwUGp5M1RwNzIzZTBDclRPaWJQSjdGZG5VbkVpbHRubjM2RS1fZ2NCRURYZEpYNWstX3Fr?oc=5,False,di_luar_topik,0,0,E4_pasca_putusan_ma
Ini Desakan Baru Auriga Setelah MA Batalkan Aturan Ekspor Pasir Laut,Tempo.co,2025-07-05 07:00:00,https://news.google.com/rss/articles/CBMirAFBVV95cUxPYVdiaWFhZU9VbksxX1BoUnpmRlNjby1yNkdOT1Q4UzRVWW1qMm5TcE1Tc0lqWnlfckFGcXJOSXlhckZQYm5idVcwNkJfRUxqU2xfb2ZoM0JMa2ZBV1FORzBaRkU1TklabXptMmNmbDQ2eVYyTk0weWFHQUFXeWZlRGwyQXN5c255NTdMR1plTHAwV3VxUFk0bk15QUJpSmthcXJjMHdWUjR3OFF1?oc=5,True,menolak,1,0,E4_pasca_putusan_ma
Menanti Pembenahan Pasca MA Cabut Aturan Ekspor Pasir Laut,Mongabay.co.id,2025-07-09 07:00:00,https://news.google.com/rss/articles/CBMimAFBVV95cUxPVnFJNHowdnRMeEdfZExOSXVKdEJKTWthVnpwWFRJZTVHcEhiTFpPSkUyX3hiMFlmRklQOTN2OUctOXpjMXhDVmFhbGFRRlhjRXp2TWF3Rzlpbm9HaS0tTHc5YThRMzUwLWFOV3ktel9ReHMtS2s2T3g3OWJrSm9IVEo5ZktVelNMaVZ0Z3dfeVNzdTlLbEtCVA?oc=5,True,netral,0,0,E4_pasca_putusan_ma
KKP Godok Kebijakan Baru usai Putusan MA Larang Ekspor Pasir Laut,Tempo.co,2025-07-09 07:00:00,https://news.google.com/rss/articles/CBMipAFBVV95cUxOTGpKWTlwU3o0NHUzcnRUb3hNREJ3eDFlYkJ3dEtmRFlNTDRhS0FWcnFCdXdPUkp2MVBGWXdkS18xalYtRV9RenVhRFMyeG5VRzJoMTNKMnNmc2ZReGVIMUItTUZGUDJteDd1eExyM3IySlFXd2YzRjJ3eWdUdlVXNnFnRXB0NUdhUmxobVlQeVdrRmU0UXFUMXRGVlpsdXdFZ29iMg?oc=5,True,netral,0,0,E4_pasca_putusan_ma
5 Kebijakan Jokowi yang Dibatalkan Pemerintahan Prabowo,Tempo.co,2025-07-10 07:00:00,https://news.google.com/rss/articles/CBMilwFBVV95cUxONWk5ekdWRUVqa1BKN3NqZjNnaWZQeEM2NVBMNElhMkFoSXVEaHBtQ2hyemh4LUJGU0hHSzBmclZIM3ZyNzI3MmkyV1V0ZFB6T2dnTFhPQzJIWkVxclJyeUs4Z0N2VFFYYmtEVElvU2xaYVROZ09VM2VYcHYyVTFSV1BiZERScnp1M1pSeU1nUXhXMlRnQWFV?oc=5,False,di_luar_topik,0,0,E4_pasca_putusan_ma
"MenKP Sakti Wahyu Trenggono Minta Tambah Anggaran Jadi Rp26,71 Triliun untuk Kampung Nelayan dan Tambak Garam di Pantura - Sapa Nusa",Sapanusa,2025-07-11 07:00:00,https://news.google.com/rss/articles/CBMi_gFBVV95cUxOcDNaV2FpcUd5NHpCNW5nQ1BjR1V2MERRY3B3ckxtb2w1MllqVjVPblMzMXR6VjdNd0lzRkg3d0IwcW41cGpSMzBOTHF5cXVtSl9lVjA4UHpMTjN3OXFVS3hST2NiZVA0RkFMS1RqekJiNFBlNndzaXBGcElOQ1UtcUdrMlE1Ql90WmZnQXJoeEV2emsyMGQ1ZlBfSHcxaEZSMFhCRURlTTBNWDBrZTNHSEozWnB0dkhRTVh1NENMRU9VNlM3V2NzWkRGTnh5SGlLOVFKNC1JSi1CNWN4Q2RDLXlvSmJDMG9xTW5iQW5GRVBlVEUtSWhtUFBuaDdYd9IBgwJBVV95cUxOY21fdkxyNF9aWUFiX0duMVFBRTVLelVPQ1ZYQ3gtcHJTNzJEU1c1TjhCa0s4LXVsWHFnYjM0cGtnaXhibkVZZ2ZLdklGM0xaeTFMYlNNYTZtZEJnTFJIV0NLQ3BtLXVTNS1fQXNQdGctbWJuS0lVcVJxa29tV0d4QXJPSTY5V2xMSFo0VVJMOXJZOGhOcnYxNVFxYlU5dlZhOWxJV0ZXdEhNRmNjUDVHM21qNzBGZE82LU5wNjBnLTItZTFHbU5hSTFZZEU1SHBpOFdzV3pEMVpjQWsweTR0MGVqVDBkOWVBY1dyelVsYmdBTmdRTzBJUG4zZVdZMkk2NTJB?oc=5,False,di_luar_topik,0,0,E4_pasca_putusan_ma
Pakar UGM Dukung Uji Materil Pelarangan Ekspor Pasir Laut,Universitas Gadjah Mada,2025-07-14 07:00:00,https://news.google.com/rss/articles/CBMijwFBVV95cUxQeUEzVjVoSFNqUW1pZEgzdGdvWXJ1Zjg4eHlmQ1MyQW9HMGlQRHZTZ3FNQ1NjVnRBckFWRy1TalpUeEgwd3ItWnBVYnIzTzJja1hjeC1xMms4aHU1eXNnb0xJd3FVbnVDNVVyaGFsYnowQTlYb1NZRDVvLUt5LXVkcTNEbkp3Q3BfeXlwTTk1QQ?oc=5,True,mendukung,0,1,E4_pasca_putusan_ma
Ratusan Izin Tambang Kuasai Laut Kepulauan Riau,Mongabay.co.id,2025-07-14 07:00:00,https://news.google.com/rss/articles/CBMiigFBVV95cUxPSTBBX01uSkYweDZKZzNYN0wxZ3d4NS1Va3pMaUk4enpVWWl6bE9DOF80N0l2eG5jeEZjNnpwaWI3M0ptbklvMnloTFhDdkduRzdodmVTXzE4NTRjb2E3ODVOWlEzMmFuWTJoM1VxR1E0N1NMQ0F5bkpqT0d0TTZFUktvUm1BSlh5Tnc?oc=5,False,di_luar_topik,0,0,E4_pasca_putusan_ma
"I-EU CEPA Segera Diratifikasi, Rina Sa’adah: Peluang Meningkatkan Ekspor Produk Perikanan ke Eropa",FPKB DPR RI,2025-07-15 07:00:00,https://news.google.com/rss/articles/CBMizgFBVV95cUxPeW9Yc1RNNDlfV0RybjhFSUpxeFkzSUNTaGFGZE1QSWFveHVUdmpMc0I2UHVxaTBwa2x2TXJvRkJZWFlnSVBzcDZCQlQ4YU9pazhvRVlqb1JCTmtobURtWnlFVVhNcWRyck5CakMtWmVYM05tb1JtT2RieWhZSmVEZjVMOUhjVkxJZVdBcFFJQ0lQSzV3bVRmUnVxOXJnZ3ZiVklIVmVTc05TN0RWTmhybEszRzdkTWFkaTdfeXZTV1ViWWNPOVBNd25lR3kzQQ?oc=5,False,di_luar_topik,0,0,E4_pasca_putusan_ma
"Tongkang Bermuatan Ribuan Ton Pasir Laut dari Tambang Rakyat dari Karimun Masuk Batam, Diduga Langgar Izin",Batamnews,2025-07-18 07:00:00,https://news.google.com/rss/articles/CBMi5wFBVV95cUxOelJDZ0dabXpmRnV3bFU1Q3NiUU9WVW5OeWpYMHVJbjhFYlVEWV9fTWhBeDE4YXBlVGhlbU9qOXFZLWtnc2V6VFdyQnNpcnNPLTVBMnZXVHF5bUNjOXhyUnFuVlh4bGVLYlV4VE9TNUdwWUN4QzRWZm5XZTFCRi0wWHZFdDUxYnlTemlWZGZTSzJwb3R6T3NZWWRXTGd4UlRDdUNvZktOQ1YxelJxbE8xMnBhOHZJY29SQ0tvdDl4bFJxWFNwMTNZR2tOQndLMXFoME81blkxcnctdEZzYlZGREdFY1JVTFU?oc=5,True,netral,0,0,E4_pasca_putusan_ma
Kementerian Kelautan dan Perikanan hentikan reklamasi dua pulau di Batam,megapolitan.antaranews.com,2025-07-19 07:00:00,https://news.google.com/rss/articles/CBMivgFBVV95cUxOX3VtZE9mWG9IeDFaWlQxay1ROVBpQWpOeEJWaDZGNV9jS0RzU2F4UWFyNXlLbTREcFVxYVludjdaUzRNVVVRQ25Ka1dqbm5iQktmMkRuUEhWVldVbjJxY1lBSHZxaU4tVllnakhMdVpuV3lRcnVCVGhRcTBLUmxmNXBOeUVOenlKOFZUbXUtMXlLaU45UTJsRjlvTEowanY0LXF3X0djbFdUWk5IV3hwOVcwMkZxYnd2M3VuNmlB0gHDAUFVX3lxTE1KVEVfVXJ5by1uSmdMSHNDWXBJYlBjVjRWeWg5dEpnOWdOUlZXM3RRR0VCcDZyZ1BSd3dFYm1sMDJfTnlUQTBNM2g2Ym0tWDFVMjd0STZoRFpQMDAwUnlEOWxoa1VjcVVHNjNVZEV5QXpNWUoxMjFBNTQ2UU43U1hRcG9wcEtKQlJlZUxGd25xTHA1Sm12Sy00R0wyanBXS2RZZTRhM0VMTUtLeXRnT3VjNWxrU1dwZnAwdnZYWXFjc1o0bw?oc=5,False,di_luar_topik,0,0,E4_pasca_putusan_ma
"Tambang Rakyat Pasir Laut Edy Anwar Bantah Ilegal, Klaim Miliki Izin dari Dinas ESDM Kepri",Batamnews,2025-07-19 07:00:00,https://news.google.com/rss/articles/CBMi0gFBVV95cUxNbUVXRHlCbC00ajFTZzNSbG5ucTlMRU5SeFBCRnhDLVZIQ2JjTU9OMk9FN0pWdjVDSUVKdE00SE9iVzl2SEhYU1FEMXlLWXVMRWotOExWRU9pUU96VklvWWFFclVSbXB4OGFNWXhIWHBmMGpSaDlhdm5VS292dlYzZnBoVWh5eU0wTGJJeUxBWUxTNWp4a3M0cGV3b2drRnJ6b0Jucm95TWdIZlFtb3RTU3JEOFZwQ3g1N0k3VFUwX1dKejRpNlhHcWZSb0VxRU42d2c?oc=5,True,netral,0,0,E4_pasca_putusan_ma
PENGUMUMAN AMDAL,lintaskepri.com,2025-07-31 07:00:00,https://news.google.com/rss/articles/CBMingJBVV95cUxOcTBkblNSRnJHbFZkRWs5RHJPVDJYUlhUSlA0WDZrdFFSQk9nWkxIVHdjai1TNGFNLXRmLUdQYjNhMVh0a2JJclRFMkpFX2FTbXl4RmRwOGJidmZkd0dqY2ZOZjBwbnh2NWJhN2txYkN6MDVnZkV4QUVkT0lfQzFIaXB5Ti04S2MweENVaDdtelhVT0MyWE43QnJZVDdCTWlRSUNZS0xQQ0lfRzNMWnlsN1JrMlE4Q0JsVnVlY0o1MVpZV2Z2cFdiV0luOG5UNkIwWUk4WE1Fc0sxaW9yVXhHcEZJeXNHTWhaQ005STY0SmU5UkhkT3hpNERPalJ3OTB5dmhWTWdBNW9WWC1QZ2NpdmhVMmV5MGdNSzBtN2Nn?oc=5,False,di_luar_topik,0,0,E4_pasca_putusan_ma
Pengerukan Alur Pelabuhan Pulau Baai Ditargetkan Tuntas Sebelum 31 Juli 2025,Kompas.id,2025-07-31 07:00:00,https://news.google.com/rss/articles/CBMiqgFBVV95cUxQWmZHWnJSMlliRjJfX3VPbzhDNV9hZ0NjcmhwNHhHckM0WXQweENLUFdFYVlWamQxcE1ST0VKb2ZsM253NUJyS2ZiVVFXRWRINC1wc1JGYmxJZ2xrcHVqd3hEUE5EbU1yQU1vLWZIYmt0SU41aWtCRzgxYklYNGxmRkJ4Y3ExeEZXeXhGVlZrVUQtaERvZHFGNTFacXlPUm03MThOM3RWbmJ5dw?oc=5,False,di_luar_topik,0,0,E4_pasca_putusan_ma
"Gerakan Pangan Murah Meriahkan HUT ke-171 Kota Koba, Sinergi DPKP dan Bank Indonesia Tekan Inflasi Pangan",bangkatengahkab.go.id,2025-08-01 07:00:00,https://news.google.com/rss/articles/CBMi6gFBVV95cUxPMFozWnVtUmhDUnBlLXQ0T2YtVV9DZ1o2eG5rbHQ3eW1NOC1MSUh0dHhGbUhfWFdVNVloLUg0VHh5M3hCNHh6Y2RLVnBxRGFyZEV1NDY0RzRkNTBId2YyZ1NhWWtUTnFXVzZHNHhSaUx0WGJzaTYxbFBhaHlpWEl2Q2p3Qk85UGhYNEtCMVhTczZiX0dQdWpaWWJRRjJiYmZCd1lJNmJOM1VWd2ItdGVjUVhnX3AyV3lKNWZCcEhhYnd3YzdGQnRTOEdld0VxNkw3dkY3TWVSOTZCNVpVQWN1TnJEUEpESkVGT0E?oc=5,False,di_luar_topik,0,0,E4_pasca_putusan_ma
PSDKP Benoa terjunkan tim telusuri reklamasi di Gili Gede Lombok Barat,ANTARA News Mataram,2025-08-02 07:00:00,https://news.google.com/rss/articles/CBMitgFBVV95cUxPZ2xZXzQzaUZ2Um5aZjJsUHBEMFcxaDlVT1E5YmQwRUY2bmhjaVFSVEFkVWdhUXNrVmlpaTNJeW5LUVVPTXR3MklnbW9HdUw4SWpXNTZJVEtYb0RjcnRpQ1Y4anNFeEpWcFJSVDBTdzNwWmJ6Sy1uS0s2aVd6ekduZFNJNUI1SU5NWmtxS1MyU05EbU5HTjRCLUpkN2ZTSlNnWlgwek1sdVpsS2t6TWNwMDdVOVg1dw?oc=5,False,di_luar_topik,0,0,E4_pasca_putusan_ma
Laut Jawa Krisis Ikan! Nelayan Geser Melaut ke Timur dan Barat Indonesia,kontan.co.id,2025-08-03 07:00:00,https://news.google.com/rss/articles/CBMiqgFBVV95cUxQak15WXdrb05iT0ppN1RFZ1ViRU4zcVU5WjQ0QWFqNWNMcm02cGZEb0J1SXMzdlVac1VtYmR1N2s3dW41WHloTHBsWHB3Ym5xdUwwOW1VM0FPenU0RWFNQV9SZ3RXOVd1UDREYjF0WVdJRmg3UWJOSXBDUm84RnpSSVdNcFZiLXhyOElHcXRaQ01rcmx6RldTbkp0ZDVKbVJFVkNIVk90TXBhQdIBowFBVV95cUxNVzZleTNGWnJHR01CMEI2b3FLekNkNDhWMUhoaDBSNWMtWExFcGZaU1VHTENxLW5fRWRSTEc1QXUzVEtUcVl0MGdQR3U1dVBCczJuMlU5aktpaktXVk5TQW5pR0k2a1FBQnJIWGZONHVKLXM0NUpWYzhGcmFTX05WNlV5d3Jfa0ZyTW1MR1h5RjB6ZnJjX3dXTU9PV2dMNDZ1Qk8w?oc=5,False,di_luar_topik,0,0,E4_pasca_putusan_ma
Lanal Tual Serahkan Berkas Perkara Tambang Pasir Ilegal,RRI.co.id,2025-08-04 07:00:00,https://news.google.com/rss/articles/CBMimwFBVV95cUxPU21NSGpsZFAwOHlsOF85MWl1WDhiVU5vdlJTeVROZjdlTTdNRWFIRUdiRy1IZ2tGRTNJdXRlN1pObHNWSzFQbktHUW9qT0poZjAyX2czTEkwbjR4SHVvbFhreE5IcExMdkd1dDNTUDhOU0xCeVRtUzJoMkxCTG9zN1ZYX0JLdjltQ3NCVVhKclhFNG1SUkJHVVFJWQ?oc=5,True,netral,0,0,E4_pasca_putusan_ma
Aturan Perizinan Berusaha Ancam Pesisir dan Pulau Kecil?,Mongabay.co.id,2025-08-04 07:00:00,https://news.google.com/rss/articles/CBMijwFBVV95cUxNdzN3aW5ESkF4bVVQTnFWM1owNXV1eW9XV2xuZGo2Tzl3eGdSRkFDblNrN0JFZGRvMGxybkFGLUxlSTNNVnZucU9SYXpDdG0yMGdfZXpDSzgwZy13dzNWU2M1bFNMVGlFQ0F1bGxqZU52TDE3MTZJSmpsY2NpMmpZTVIySFZfWDZOT3RjS3FHSQ?oc=5,False,di_luar_topik,1,0,E4_pasca_putusan_ma
Nestapa Nelayan di Negara Maritim,Tirto.id,2025-08-04 07:00:00,https://news.google.com/rss/articles/CBMiZkFVX3lxTE5XbG9uM25nRmZZejYycFMwcHEwS0ZDYnpCTTNNUHJSOW9MUHQwTkpLMzNvUnBaenlidks5QTRreEQ5dGpHSEYzdTAzSWJJcS16RVVYdUdsOTFIM0ZDT0ZldkU1SWh2Zw?oc=5,False,di_luar_topik,0,0,E4_pasca_putusan_ma
"KKP Luncurkan Program Laut Bebas Sampah dan Kawasan Mangrove, Jaga Ekosistem Laut",kontan.co.id,2025-08-06 07:00:00,https://news.google.com/rss/articles/CBMitgFBVV95cUxOdXdGRDVPSVNYa01IcnNNYUg0Rkw5bEV2dEEtWHF3ZHR6MnJLMFdJRVljYjllTDRaRmhkWUFBdC1jMVFqWF9XMnRiOFliV1hRV1Q2SVNTalJrbHcxWGNjeFpxNGRCSEZvR3pudE8zb0lic0hVZ3lUVmswTjNOZGRlZFBUYVNuX2FyZkk5Y1FsS195Uk1lRkVDbjhOOVprMG10SGJodURzTTJBY3RnOHZCRTN4S01Zd9IBrwFBVV95cUxOdFYyX0lndEpFVHRGcUNlLURjWFI0c3NyTjNrT1R2LU56T3JfQ1A2WndfNGhDYzZRNUdZaEQxazlrMjhTLUY0U1Fhckh5LUNVb0QwREFEYzA4c0ltREVtdGRGbDJ2T2RZR1BuQk0wZTRrTGdGcDUtbHd6NDJVWVZUOFpKRXVFN0ptVnI1YlBiTmlENV9JRC1jd2c0aUlfTEhBelUzN3dwMHk3UllPU2lN?oc=5,False,di_luar_topik,0,0,E4_pasca_putusan_ma
"Cerita Peneliti BRIN Temukan Jejak Tsunami Purba, Paling Jauh 2 Km dari Laut",detikcom,2025-08-07 07:00:00,https://news.google.com/rss/articles/CBMivwFBVV95cUxPRzFielNzWlNwajg5ZEZxTzYtbV9HZ1hfRnpqWUQydF95LUVLcktVUlU2OGlLZEljWUFGNm9yS2tLT1lUeWJRdThSVzNmZHo0SVdrSzZ6ZzkxdzVwREdCM0Z5OWtVYS05bmZZTG9PSTg5cExBajdzZmdEZWNhcGM4Q3JJQnFRUlJSNVltV1JBekNLXy12ZXhVSk8xUld0NmVnQXVxRUs2NEtpTEUxenE4YWVvREc1aTRTeGJTeUZIc9IBxAFBVV95cUxNcDc1V2xYcnBUZ2d2cWY1dWpQSjdTMXpPTjdTNnhFU3M2OUNnclExUGdWOUd6LXpPc0Ywa196aXJtaVFqUEpycm5mQ3ZvVzNxYldLRy02SjVkQTdoU3JTUmpkZWNURG1wQnlaaVRTV3B0WUJ1SGV2YmgxWE1veEIwblozOTVqMWhIOG0xQlFFMm1nUEJFQTBnd0otbk1XZTFoX3hScG9STUpJcnpyekx6bWdLVUV2ZEZTVGNuVTVwMDUtRHRq?oc=5,False,di_luar_topik,0,0,E4_pasca_putusan_ma
"Soeharto Larang Ekspor Ubi, Megawati Stop Pasir & Jokowi Tutup CPO",CNBC Indonesia,2025-08-12 07:00:00,https://news.google.com/rss/articles/CBMixwFBVV95cUxPUXpPaUJ5MUFHVFM5YWRrWFNLRXNmRWdSZU9aZ3Y3dFNhdGVmRnJkTThiNTBaN1FCZ01Gd0h5blhud1JtaHRBVXQ5bFgwNVRGalJDVU0yNk1GZWFJaWZxcFNfdm44WmRKMHA1QlppVjVKbUpYbk9TQnB4cWdPQmpSOE9YQWVpYmhfa2kzdHpaaU4yX2Q4NDA3TE9uU2JlcUFtYVdTTUVZNGpXNjZYU3FLR3UzUDR6QTVoc0hOU2hfUnoyQjlJUV9r?oc=5,False,di_luar_topik,1,0,E4_pasca_putusan_ma
"Kalau Gurita Memang Cerdas, Mengapa Mereka Tak Pernah Menciptakan Teknologi?",Mongabay.co.id,2025-08-17 07:00:00,https://news.google.com/rss/articles/CBMirgFBVV95cUxQXzFBZDVqRUhaWDItRzZYaFlKb1U3bndnQnlGNThiOVVhLVF5bHUxekt1MW44S3A4X1RTNGhFa1dlYmQ2b1cxeUVQSG9RZmdMYm5XUnJEQVJLTmxqQUtvYkY4US1iS1gzU1VnUDd0cTdTbVFaWXBmeGJVcEs1ZmtQazFaTjZxOUVQV25yTGhaUEt5aVdJWG52S1dIVGdiTExNMkpxemQzNWZuRDhDemc?oc=5,False,di_luar_topik,0,0,E4_pasca_putusan_ma
"Persoalan Pasir Terhalang Diskresi, Bupati SBD Minta Warga Bisa Ambil dari Kabupaten Tetangga - Victory News",victorynews.id,2025-08-18 07:00:00,https://news.google.com/rss/articles/CBMi0AFBVV95cUxNLUxZYjIzU3pHSVdlSzBZRFVEbnJ1cC1KYllYQ1doUERDVVJhRVFyM1F6SEtEcGplMXlhY1hPcE1EcGgwR0NkenlJd3NBSGVralpUbTFfMXhJVEduRjBxSW41bHVuVmN0ZTBNcUdPc3ZxWUJmUi1pV3d5aDNjbUNMaXV0S1NpU3RzdWtfNnEzbWNITUJ4YmlWUXNITEd1NFlaOTRUVTlDbXM5a3RKcTZNbnN3aW5kYWY2dThSSnczMnQ0UGdYRnRLajZkS1I0RmFV0gHWAUFVX3lxTE9GMG4tbjJiTHBZSWJpVlllVndKdmNUWlJJRm92SGNSa3h1YXFtLUtWRGppU1IzY25pM25xWFItb05mY1dDd0Ffd3RXYXNEYldKUGNZZXRoNzFRSzktUDBKcmhOd216TGtCRmNPV2xtQ0RkYXZEcFlobURKSHdIb3BvVWgtOXRsWTNIbGNzY25wYnRVRHJtaUgxaGwtMF9FWGVKMDJYLTI0NEk2a3F6ZHJZY2hGNXhLQjdvWmhNdXlkZERzdTM4UEdyZDdjdjdUYVRhNUdxT2c?oc=5,False,di_luar_topik,0,0,E4_pasca_putusan_ma
Cerita Warga Pesisir Karawang yang Bertahan dari Gerusan Abrasi,Kompas.id,2025-08-21 07:00:00,https://news.google.com/rss/articles/CBMipwFBVV95cUxPYVVUSU9KbXBpeVA5bk1IbVhMNnllZjZSYjBucFlCcmxiMDZCcXk2WTQ1VmFPX29qbGJKa2d5VGhULTlKNXMtekpzdXZlQVFYc2Z5b3lzeUR4TzRETXVqbTJyaEpzRThFeDFLaVNkX2JTcEdwemhhV3cxVlZOa0F2LVJvQml0a2FPbnFXdFhfT3RaU1Z6M3NFQTA2UWRndmhxdkw5SDluOA?oc=5,False,di_luar_topik,2,0,E4_pasca_putusan_ma
Intelijen Maritim Partisipatif Berbasis Nelayan Halaman 1,Kompasiana.com,2025-08-24 07:00:00,https://news.google.com/rss/articles/CBMisAFBVV95cUxPQWtia3lEMm1hWEdOSHMyUVBKUG83VVlyX2dNMWFSbDJyYkRWeGtSbTJGeEVCakd1UG12M0NaVGhKZXdKa1ZST0wtMmpOUXRlRzBCRDExNnhvUGZsZEZKNjF6RG44d3ZFOFBqRklBeXl0SVdRQmhSclZMdXNvWEUzQVk5blMzNFkzZklFQTVSTW5mY2k1X3dfdGJ3ZkF1akdEZmJvNDJkUG9kNjQxSXB0dg?oc=5,False,di_luar_topik,0,0,E4_pasca_putusan_ma
"LBM PWNU Jabar Gelar Bahtsul Masail Kubro di Haul ke-36 KH Aqiel Siroj, Bahas Isu Aktual Hingga Problematika Pesantren",NU Online Jabar,2025-08-24 07:00:00,https://news.google.com/rss/articles/CBMi9wFBVV95cUxOclhZZUFOS0VVVFBHM2xpaEt1ZFllcjYyM2JSSWFucEtSa2l5YkZiSFdrc1p0Qjg5SnlFNlBXMXJyTkZFYnNVYThqaGRFcVdYY011X0JFLV81a2tFa3QtSFJDQWhKQ29YclpoTW5hODdheWJ6OVoxd1A1M0lpY0RpSWZ3c1BDT241RHB1ZFlpcThiRkJINmlwUG43SFhFTXJwZkREVWhaZ3Rfczg2aFJHMVZSSm8wbG9LMmhYTC12YWtydjNtZ19OU1NQekRweDV0Mm1zdnY2STJLdE11MWticUI4Y3ZvWEZRNDc2c1c3U0d5ZmRiX3Vr0gH8AUFVX3lxTE9aX2RtRG9lTDBuU3RueGRick5Ha3MxNzBGSzlLSUZINFNwa3R4MThDZWpXclhHUko5R1hWNVRoT2RqbFQ0SHMwbk90dXIwU1AxamRMeVlyNldaWnJGSFBIa3VGbWF2elFkX015bWZhZ0RYS3dVUGl0N2pNak1ObG5jR1V6Rzl4NVZXajBfTXREMlhpUWgzcXFQNDVhZDd3ek1rSjdJRXJva1AxQkdGVGV2NTRneWMtLXd5Q2VtS3BzRXd6M0VVaEdXeXpoOVdsZnZrZWtKR2ktRURsbjFZeTNNNWhjQk51NnU3aDZ4eGtaM0dwNHNNOExCbnhVSg?oc=5,False,di_luar_topik,0,0,E4_pasca_putusan_ma
Blue Economy : Kunci Pemanfaatan Sumber Daya Laut Secara Berkelanjutan,Validnews.id,2025-08-27 07:00:00,https://news.google.com/rss/articles/CBMipgFBVV95cUxQUW05OU1UOFpDS0NCd2tmVU1rb2l0ZDRUOGxKcjlTd3UtSk9Rb3FTcHFZQ2p4QkxnNkFYOThybUFPX0x5a21LcURPY2t0akhYTTdGdzMwUzdWODdSVnpzRVdSZXNUdjhZY0VZQ1FtM09fN002M0x6eHdWRlgtRWtLNnBsNlN1LTdnc0ZTNVlfeXh6cWlNTjNLZ0RKS1NrRDk3eVJxa0Rn?oc=5,False,di_luar_topik,0,0,E4_pasca_putusan_ma
China luncurkan kapal keruk isap generasi baru,ANTARA News,2025-08-27 07:00:00,https://news.google.com/rss/articles/CBMikgFBVV95cUxNM0xDMkp1XzFtZy0wOUV6ZXlRSFdUMV9EWXNFMUlXR3hIS2RKc3hyVk92MEhfUExieE1obERSZHdjREkwWjRfWTI2dzFySjFsdThVTmV3N2UzQ285Q0lBZEgzRnl3MjRuWVhFN2NkREZiRlZoLVBwSm5OOTVReWVXQzRpZTIwQXh5MEoxbFozbWxfUdIBlAFBVV95cUxPMWVTYkI3cWJaamJxM3BxM05SS3A2c29PNThJYnRhZ3ZpdVU0aUpCSm1vLXl2cEYzR2c1cVdqRDhMNDQyVnNrcWhmOWswT0NMQ3BFNlVxeTZyaU5WcEp1MExEclo5ZFdDdHhMR0lFblB2MmdkaDJfTGNIMkFlR2hwWjljU3dLY3NUcnlNV1ljbFBqcU5m?oc=5,True,netral,0,0,E4_pasca_putusan_ma
Suku Laut Pulau Caros,ANTARA Foto,2025-08-28 07:00:00,https://news.google.com/rss/articles/CBMickFVX3lxTE5qeWNBYnJFdEJBU1cxbWlud3duRUlMV1lBTXVDTzhVSnpnT0gzdUI2TFQzV1RmbWpMVDFyU0lmZDdUekpNdmllTl9VanBkd3RXc1hmMVRubFhjdFFxcXNDYjRaUXB5dXQyZnhkNVBlM3pHZ9IBd0FVX3lxTFBqTUJuTVowLWN0UFo4R1BHdjZINVhoM2NveEF1bkJrTWZZclJ3eG1GWVhBbTE3T19KcjFBVmMxOUVtcE9reEg2TW1FY01ZVEFSOEFCMjZ1djBKV2k0Q3Q5UU1RSjVsTENlQ0MzekZiMVZHa3dwQlFz?oc=5,False,di_luar_topik,0,0,E4_pasca_putusan_ma
"Menjaga Rasa, Merawat Tradisi: Kisah Kerupuk Belok Bu Euis di Juntikebon, Indramayu Halaman 1",Kompasiana.com,2025-08-29 07:00:00,https://news.google.com/rss/articles/CBMi5AFBVV95cUxPNDl3WGljaGRadWI5WGhPWmw2R0RlTldySF9PelBBTEFDRWt2ZG9PNGNiMUhuUC1xeVhvMldHVkcxWmRlcGxUX0RSdEQ0WDR0dlV2QldLODU1dHpLbDg4aGZSandzWi1mQUlNcmZJRTNEaUJrT1VWa3BqTklxazRXY3FUaFNHdTdUN1hyMWVQY2ZSVnNxRWphUnhNQTZfR19salhIVE1QbDRBRUVkSTVRbzJxbjZoS0NDdEcwTkh2X2ZsRVo0VFVZQTNJbC1Dd2c3QTJXcHF6SUp5WmJVRURZY1ZDTGQ?oc=5,False,di_luar_topik,0,0,E4_pasca_putusan_ma
"Unjuk Rasa, OKP Cipayung Morotai Desak Pembubaran Satgas PMPPUKR",tandaseru.com,2025-09-02 07:00:00,https://news.google.com/rss/articles/CBMiowFBVV95cUxPX0VrNkx6MXlkM2V2UXJZTW5CRTJEUGloWmtwX2c3OUVDc0Vub2otNmJvTW11ZjRnWktldDZQbmFieWZ5N1VjV3RqWnlxR0JRLW5QUnNad3hNeVJkUmdrLUU1aEVKanR5M1dhLVplWFdsdXF0d01zei1MdUI3UmFQd21rMVk3eS0zZzNuT0JCYlNPanFGbGhaNnNWaG5rLVJEbkV3?oc=5,False,di_luar_topik,1,0,E4_pasca_putusan_ma
"Cegah Provokator, Pemuda Muhammadiyah Jaga Wilayah Hingga Pelosok",RM.ID,2025-09-02 07:00:00,https://news.google.com/rss/articles/CBMiywFBVV95cUxQLThPY3pvM3MxNzdWMV9GYkpXaGVuT2JZdDJpMWZFdVBpUFhkaXIwOFVRaENiRHlzMGdDanEtTWZSVUxpQWlBRE9YOTZwd0ZrT1djMDV0TXUxTkRHdC14X3ZBNjZTNUdTdU1LSnJTTmpQTUh6Q1NER2xPU003QjVpSWFQczEybTg2MGxmU0tzbkNpZXAzYm9RTHlKRE4xZ3dhNjl5ZDNnYnY3S3U4MjE4TWhscnZ4d1FVRHFJc2J4a0FpR2haaUQ5bUFGWQ?oc=5,False,di_luar_topik,0,0,E4_pasca_putusan_ma
"Rencana Sedimen Laut Dibahas, PT Fahreza Duta Perkasa Himpun Aspirasi Masyarakat Karimun",harianmetropolitan.co.id,2025-09-04 07:00:00,https://news.google.com/rss/articles/CBMizAFBVV95cUxOc3RQcDZLZWNXUS1vNFhkcnJWc2M0M25PWXNLQlNNR0VGRmFoU3RvNzFPR2dSemZKSEZSWW83MDFrTXhaTjF3cFlWY0dTaTg5VlhmOTBIYWxvVUpQeF8tZWVFYVI0S0lCNkVXYWpSckUyb1dfbUxaSlFPbnZMd1NQMzB2VVdKa1U0bTVfazNUOXZ1M204RW5LNnVBS1FQSHVlX0lNT0dNQ2VoYW9hWk1NRlZqQU9QdTBieUVmbDlOVUNZQ3hkVGVyMzYwQ2TSAdQBQVVfeXFMTUE4dXgtbTJpc1hTb1FtZGpNRkNaRmhWeGJ2SVpWaFRoRnE5eWlCN3l2NWRpU3hOQUs5VTMwUmxQVXB4VHFGVVQtc0t6ZUdNWFF4Z0ZWeHdUcUllZHc4bUxQeUZ6alNsRWZ6STdCZEhQbUJNazVlOVhBLUYxUXV2bG0tbE5uWXI0bm9QWnN3c0xIRDl6SEhLWS1RdFhvUUJuMF9MdlcwTDVXWEh6ekIxYkJXaVE1cFhKSDdnSHVhSGVocUt4V2g1NDZUR1BhV25vTXFMOFM?oc=5,True,netral,0,0,E4_pasca_putusan_ma
Menghidupkan Kembali Warisan Bahari dari Baskara Bakti,Bangkapos.com,2025-09-05 07:00:00,https://news.google.com/rss/articles/CBMinwFBVV95cUxQSGRmN1ZoTlA4X2VPYUdOOW1LMjhHV3U0LWUySjU2UnVQU21HNldDcjlZZnpvOXpKdmVETVpBUTNmS2NlSUR3b3BnWGx1d0FkeHpkMzZpd1JvQUxGOUFJSlVYX3BralpXRWg0THRJdnRQMzFHNzA1ZHUxSHc5MklrT2pnQVluT1FESmVPc3VMaUZHU29xUlRtczhHRmZwdE0?oc=5,False,di_luar_topik,0,0,E4_pasca_putusan_ma
Penyelundupan 20 Ton Pasir Timah Asal Babel ke Thailand Dicegat Petugas di Natuna,VOI.ID,2025-09-08 07:00:00,https://news.google.com/rss/articles/CBMirwFBVV95cUxOdE9TNjI0dFpKUDNwX2ZXc3ZfMzdrZ3hDWkRVNDRCSkFRcVBpRGFFcUFDWDFXd1lkQTVjQmtKM2ZxUE92eXdRM09FUFJOd28ycGNyTHRuNldYM0JPZ3QzVTNELWlYd2NkY1dFa1FsMlRObjFtenRScDNtd2VBM2JyZEhEYWpQdWxCQ05DNDhYYmwyLXJJbEJVOGZ3SUtsWXdFNVh0TDlMOXotajdrckNj0gGrAUFVX3lxTE9Ed1h3emhPXy1nYVl2TVVuQjRVLUJCS1R3cjRYT0RhS3A0RXl1cVRsZTF6alA3OHNBejNjVm85SnFhRkZxUENscU1VR1EtUjRlQXNYcHJLLUZTQVpiZnJCNVJSM2oyQ01sd3dNZVY1YWVrWDY2aUtmUEMyVF9Uc0p2NlM1QUtDNDVXY09POFVVdEpKRlZ4dzJJUjZWNkU3eS1XdWFWR3l1b05ZYw?oc=5,False,di_luar_topik,0,0,E4_pasca_putusan_ma
Perlunya Peninjauan dan Penertiban Maraknya Tambang Pasir Tak Berizin di Tana Toraja Halaman all,Kompasiana.com,2025-09-11 07:00:00,https://news.google.com/rss/articles/CBMi6gFBVV95cUxOY0Q3YnZPTEdZUThzS3JzcWRBVUhnU1l5SHlJNXFtUjJYMXI3Mlc0U3kzazE2Q1N5NlhyNEcwcXhQT2F4WWtuTVZRXzlkNDhCTjJpVHZtVzN0TzE5SDl4SDFKam5Cb2lhVzhDcnE5SHFMUDRrc0NyejlIWlRxSGRlMUJBdzl1NXpZWVNkUVEyNE8yWDlSV0NnSlRGSGFjWXZIUXNDMllyalduQXZBVGx3a1BmVXNaOUZIdFRTdC1QZ21YQ0RFbFRaUEtTTXkwck9RX0YxM3ZJOHZTVWVuMDVYM1hlTUJkbDNEb1E?oc=5,True,netral,0,0,E4_pasca_putusan_ma
"Beri Analogi, Heri Pemu Dadi Bongkar Kesulitan Pasir di SBD Hingga Tidak Mau Lawan Hukum - Victory News",victorynews.id,2025-09-11 07:00:00,https://news.google.com/rss/articles/CBMiygFBVV95cUxQeFBYbnZrd3hHNDVvSm5FUk1pSllud3V6OTNRZkg2T19uTTdydjFHN3ZidEFNa09ZMkI2LXJucFhxcHdEV3BqRWVfblBhZVZsaUFObERKMFl4bEhocEhSMUxDLXNza015dWNZSjk4am1MNUUzMkFTZV9LRkVtQ0NJSWF4M1JKLXhmZzRHWHNBeC1vcHV1ZjZxcnpFbVFzVlNrY25Xc2pwdlYteGE5WXNhVGRqM1pTelMtYUNsY2tqUzN2aUhGbWVyY1h30gHPAUFVX3lxTE9UVERLcVlGWWFRSXZXYmpyTkZsUHQyRlJqS2hUUk9nS21GT0ZYcWs5VXVUNHdzRTNzaDZLSVZvX2VQendjdWc3NF9zanNWUVVhOFZLaWROak1oYUp1UjRrb3dNeDRCNTFPaXRFT0l1N1g0RFRoeDdPVDBuU1Y3RElOZDdjUkp0RTEwbDR6QS16eENnRjBfQTFZVFBwMS1BZnJjUnBucnVHZzhXekxOQmFVVEpJYVAzSXBwVHB3aHlmT3lfZWd1bTBjWS1PdlkwUQ?oc=5,False,di_luar_topik,1,0,E4_pasca_putusan_ma
"Muara Sungai Cokroyasan Purworejo Tertutup Pasir Laut, Sawah Beberapa Desa Tergenang Air",Kompas.com,2025-09-17 07:00:00,https://news.google.com/rss/articles/CBMixgFBVV95cUxQcHhkUl84dFNmMzBPaGQ0cTRrTjR1MVdscXRNaG5Ra25SbXh3U2kwM3YyYV8xek1MSnRXbEtGYlRrZlRJUzcxSy03bEwwZjFKTGR4cUZqdjBiR2xRN29YQy1LaG14X3ItSWR1SmhDM1lQQ1Jtdmo5dzRkNUE5cTdFZk9VWVk3ckhCY2hIRmlJUVdpZlNadm1TblI0WXVLcjNhejFPV1JLSVNmRWZCV1I5TTR4X3Yxa1B4TzN1czN4TG9NOV9oT2c?oc=5,True,netral,0,0,E4_pasca_putusan_ma
"Waduh, Akses Jalan Menuju Pantai Parangkusumo Tertutup Pasir",IDN Times Jogja,2025-09-22 07:00:00,https://news.google.com/rss/articles/CBMiugFBVV95cUxQWVNDN1RFOEVTa09aYjFscWRSUGFYc2tDZWVhM2tTNURHRFk2WVJfVDF1YUdJYUMwaEI1bGw2S1BwU3k5QnFId0RaSDZ1am85bDA5YUY4S3hqRTZsQVRsX0tlRTgtR2VsMXBDdTZmM1Vpb2RHMmJBQVU0STctRlNxY1hXSXNuVnVmVHJMSnRoUmY4ZlNUMWhsaS03V2pCRExFYlV2cFFfa0tlU2NHZ0ZVYmRLeThlRzZ5TkHSAb8BQVVfeXFMTllDeDJwVXN6bDQtSGJEeG9DVWJ4UlJqbUpTNEQ3anRGOFpBMlVsclM1Z3NmV19qSHBlTW9xcEd6RS02SXpRV2hMRmhCRGpCa2JWZXRfdXRaaHA2a0h4dHpRMGppaDBUaXV4SEVGWFl4Y2VVeFkzU2V3eW9WOFZjck5od2JIUlRZYklta1g0MVloQTQ4WDhCYW1ZOEF6ZHFfRklvYlRsTU9MSVoteU9aZmpqMzdHRFpkdmNCejZmVjQ?oc=5,False,di_luar_topik,0,0,E4_pasca_putusan_ma
"Fatal! Tambak Udang Tanpa Amdal Ancam Ekspor Babel, Kasus Kuncui Kian Disorot",Asatu Online,2025-09-22 07:00:00,https://news.google.com/rss/articles/CBMirwFBVV95cUxNT3NMZEhXbHJkODByN1B1eXhvc25oazVwdkV6T2dQMHFHSVI5SnBST2xDZ0Zqcy0xMmYwakRsMzNHRURETVZrUEhKYWhPaXBsZmhqTFNzM3QxbFlGYzlnQklWVkI5QVpSRmJIa1g1MW9GRzVWVzMwcnItVHhlRmYyV1MySEp4ZmtBSVExM2dSV2xQUjlRdTRrc052NmlGekRXemtJR29CbjdWOTRocDlN?oc=5,False,di_luar_topik,2,0,E4_pasca_putusan_ma
"Mengenal Pulau Burung Langkat, Lokasi Bermigrasinya 'Burung Mancanegara' yang Belum Banyak Diketahui",HARIAN MISTAR,2025-09-23 07:00:00,https://news.google.com/rss/articles/CBMixAFBVV95cUxNeHNTUU80WWRNRko0bXE0QmNfVjdCeER4VG1JUkppSEp5Q19XcVEwNFM1YWt3bnRReDV1aGhCSURlM05XVnlXNEdiTGFjRXF3TUpTd24yZnZMSE5KV1RaMmRjX1pIb3NlQmpYcjR2WjNQNDdHVDhFVjVWTXA5bUg0MmRzdExpdXZjRVJQUjczQWxpWS15VGw4a3pJYTdsUzNrNEEydDduRVQ3cDZzSVUtV0JQNm5paGE1dVlnc21tczF5eml1?oc=5,False,di_luar_topik,0,0,E4_pasca_putusan_ma
"Tambang Pasir Laut Ancam Pulau Babi di Karimun, Aktivis Desak Pemerintah Bertindak",Jurnal Terkini,2025-09-23 07:00:00,https://news.google.com/rss/articles/CBMivAFBVV95cUxNQ3ptLTc0WHBaRnpZNVplb3ZkU09RaDAtcHUwZXVyeElCQy1WRWRMSVJLQUNnVkVwU3lJbWhiQy12a2ZISk10TFZzYXZ6UW9hdU4tVGJkZFkxNWNNRVdFM3VYa0NOMXA0d1NmQWUyQTRXblA3NGp1UEUtZDhfOHBoSEd5ZnMtR2RySEJDMTBvSWxJVFgyNDA0NFhzcTR0OFlWWVBOVWd5TFI3eHZrNENTQjhieTdLOVlyZDAxSQ?oc=5,True,menolak,2,0,E4_pasca_putusan_ma
"IPR Pasir Laut di Pulau Babi Disebut Terhambat 'Kuota' Eksplorasi, Kontribusi PAD Diandalkan",kepripedia.com,2025-09-25 07:00:00,https://news.google.com/rss/articles/CBMiswFBVV95cUxNdVVDQVdrd242M1JmTFpPRW5fSC1Mb2dsazg1S0xXb2V1cHZfbU5acDRVN0NocDN6VlFLMngxcGwyZHNrdi1HNW9pXy1TR2NlMGlSeHJ6cC1ZZ2hiUkV5NnlERHJMcDlpVDVrYktaNW4xY3RzMEhPLVpab3Y5T0l5Ml8zUXVLQUtkeGtCMnA3ZkRIR1RyQ0dJN1pxYi01WFB1SGJ3NDNQNU5PY3J3LUp2eDlDOA?oc=5,True,netral,0,0,E4_pasca_putusan_ma
Mutasi Polda Metro Jaya: Kombes Iman Imannudin Gantikan Wira Satya Triputra,hukumid.co.id,2025-09-26 07:00:00,https://news.google.com/rss/articles/CBMingFBVV95cUxORWNjUzRXS0RKYXd4NjN5NkF6bEo3c1d0QzZtUEttdS1GdHgyVDVPbkt5WHE4X2RwSUxZeE85bTF1aEh0RmV2b093SzBzOE1GZEVjM0tRRHI4Unc3Zm9kbHNqR0IxVUJMWDRySjZJbEFxTG1ibk9nNzQ1MnFZMkFLWTd2WHBRNW1tWHBBeWR5dzdka3k0TkZHbjNvVFhQQQ?oc=5,False,di_luar_topik,0,0,E4_pasca_putusan_ma
Tirta Mahakam Resources (TIRT) Beralih ke Sektor Angkutan Laut,KONTAN,2025-09-26 07:00:00,https://news.google.com/rss/articles/CBMimgFBVV95cUxOMGdsSWJVZ1R6LWF2ZWRzOEhvTTVySE1GWEdtV09aQWc5cVhTWkNlRnFpR004ZEM4VzBGSnZWUEU4TXM5MVJRM3AzVnBwa2NidEoxaTlPV1B3UWlleUxtZjB4ZHF5MFJHRE1saVhlZmRRcS13VGZvSnRZblNBRFI2dnowXzU3N2NRVzNXR0czY3JZWTlWN2QxUmpR?oc=5,False,di_luar_topik,0,0,E4_pasca_putusan_ma
"Dr Tasrif SH MH : Putusan MA Terkait Sedimentasi Laut Sesuai Astacita Prabowo, KKP Harus Melaksanakannya",Kabarindoraya.com,2025-09-27 07:00:00,https://news.google.com/rss/articles/CBMixgFBVV95cUxPRGNVMVI2R2NNRnVPZzVFUHg0M242RW1pLTdLYWM3emszdGdMOXpYcVVMUVR3ck5fQkY2VUNoQzlzNDBWaFk3YlhUVC1wQmxyX0FRYW1GcDZ6WXFZX2g4Q29BZlhQVmp2UXdiVm5KSzVYcGlCcjZsc21mODZ2aVNqMHc1eWpMLU5WcFFzR21jR2E1Qy1lNGV2UHRYams2RDZkdnByMEd1NzVKX0FpYmNuWU5vX2NoVmpaSFVfcUVQcVZwbTIwQUE?oc=5,True,netral,0,0,E4_pasca_putusan_ma
Suku Laut Terjebak di Lautan yang Terkontaminasi PSN,sumut.idntimes.com,2025-09-29 07:00:00,https://news.google.com/rss/articles/CBMitgFBVV95cUxNM2l1NVZnc0o0X1VPSDJ4VC1aNzdGTG9rbm5oSmFZVU1semg1MnFCN2d3N05pblZoMkhIdmhHX3FxRmxUUUtIY0xIQ1NLczlLU1l1Mm9jRTUwRWpEM2tPSlY3ODMxYjVvN0J4RkxWMWYxUDc3RzVWbmFjUmhZRUladWZpdjljTnlVM2ZEcmVteVpHQWttSzBHbDJJeGJfOWdoOVBhWlVpV0xwYXVBVXM1cHFZV2Jld9IBuwFBVV95cUxOU0lzNFYtUFBua2lmUjhkWWp4Z0hmZklTZXZBZ2dvQm5fY01WeURiblJUQWJMdXFoSnBpOE9ia3d3dUZiX0VVX1M0NEFVbEdsZVRIWDNEYnRGQ211b2prSHNabEVDcHluYnFRcUJRRkpMVkQ5U1doeDBDdEZJM0Juc19uM3JFUEFLVGd2bzhvZXRLcTlOLXNjdzlFcFlJZGdYWjJoTUFxbzAzQTFHU1dKVU5rNURqLVdOZzJN?oc=5,False,di_luar_topik,0,0,E4_pasca_putusan_ma
15 Prompt AI Gemini untuk Foto ala Penyelam di Bawah Laut,Tirto.id,2025-10-01 07:00:00,https://news.google.com/rss/articles/CBMiggFBVV95cUxQUmRIZTlsWUpHc3hqMGhZandwMW94Rl9yNmtfckZxSXhDZlBaMjlCRnU4YVdtTEZsZVR2ZHByMlBCQk8yVnd4NnN1cGNLV2tURWk5Q1pUMUhsT2VvOUNMNnh0TXhRU0RWRHBSaDlkRGVQRFRUdGZRQjhUcmZRZmtSYkF3?oc=5,False,di_luar_topik,0,0,E4_pasca_putusan_ma
Mahasiswa Sultra Desak United Tractors Bertanggung Jawab atas Dugaan Pelanggaran Anak Usaha di Konawe Utara,Suara Sultra,2025-10-02 07:00:00,https://news.google.com/rss/articles/CBMi1wFBVV95cUxQNGhKUHdNejhGMnZ1VDBKTkp6TTBfVVNGUW9CbnNBSlB4N0ZBSzJPRE4xNE5LSEV4SlBEVmdXakpMaFQ3YktRMFZaeDk3YzVhNjJrNWZpYXM5YWRwVjRiY1llN2dfeHRnYTB4QkNhbjVJSUMzQXViOWxtSWloZ2JXUVJMOEJiaVlqdjZnZGpVMTREYURVdHdCdzh6TDJOWDNSdFpoYmhIbjNTYWpNSXNITHMxekRiX2N4VHNHelBESThPM2JTa0R6ajV3SWZMMm5TVnUySGdLMA?oc=5,False,di_luar_topik,1,0,E4_pasca_putusan_ma
"Sulsel Genjot Reklamasi 1.440 Hektar di Makassar, Dampak Besar Mengintai",Kompas.id,2025-10-02 07:00:00,https://news.google.com/rss/articles/CBMipgFBVV95cUxQems1NC1vVUJFOXVmMktZT1BmbkhnSERjVG1vMDFZS1UtcUNQUlhEU2wzRXFuMVhGaWhNd2gzdnJFTE1NdFhPMm9ncEp4eXRxeXlLWEwyZzNrS2V1ckpaYmd5Uy1Hb1hwWTd2R1I1S3dqRUpWVzFtVENBSmNTTWI0THE2ZzVVWkFDMGJzV2ZWcW1vc0k5WXViaVVfdVlndVdtck5nZ0t3?oc=5,False,di_luar_topik,0,0,E4_pasca_putusan_ma
"Kantor Pusat PT Stargate Digeruduk Massa, Didesak Bertanggung Jawab Pelanggaran di Konut",Sultranesia,2025-10-03 07:00:00,https://news.google.com/rss/articles/CBMisgFBVV95cUxQSXNWZjluVDhKb1EwcW1wLXBaTkFzbW5tWFU5cWxZVWVULTNxR1VQWl82VkEtMTVvbWhHYTV5aHRKN05fbTBsRk9kbkd4dVg3R280T0VFQ3Q4N1MtbUVXR3laVnRvSnVVb2dTeDBxeHlhRlNxLVI1N0JzLWNuNk1aV2VQcFhmSWVnd0NGc3kyMVkwelFfeUVEeG1Uc0FibWloT0JUa256cFY4UVE4OEExZXJR0gG6AUFVX3lxTE5uQ3NJUnZiaEI2VGNKajg0dko5WWhtY0x5aEZGQ2lHMDc4VTRRUTRmYlpxT19SaFEwZ19TZ2Nad2FUYmdKVkp0U21MeWN2eWFodmk4TTVjQ1FDUy1TWWdfMHVHRE1PSHRGV000c3hOQ0x3cWIwMHY1UVY5MEhHWGtyVWFEZVhfdjNLRzAtT1drQ1VxT1R3V1NDdlJncjFMZGRPMFc2VzhaYXpVcDRUTmhJeVRBNmdmeXZKQQ?oc=5,False,di_luar_topik,1,0,E4_pasca_putusan_ma
"Viral Video Ekskavator Keruk Pasir Laut di Buton Selatan, Pemda Akui Adanya Tambang Ilegal",Kompas.com,2025-10-07 07:00:00,https://news.google.com/rss/articles/CBMixwFBVV95cUxQbmJJTUphY1dxamhjb0ZkQ2RkaWRpcXM0dmZHd0RMdzdDUU9wQi1uN0RtQmZvRDc3eDAyYnNsU2RGTHhZS3V0VHZWOWFZZVBTVVdBR3QweXp2LU13SjhaYzYtQ1ZONjZpbHNka2VCUUhpMzRGOWVPamc0NURJZUstM0EtSHJ4ZHlYOHdKaEs1azRGeWg5Rjh1dG1RajdiU0xyWUJHYmJfUGFHWW82ZFdRNF9Cb1VLUUxmZDBaSlpOaDEtc0JDdURn?oc=5,True,netral,0,0,E4_pasca_putusan_ma
Madani dan Satya Bumi Kirimkan Amicus Curiae Gugatan PSN,betahita.id,2025-10-07 07:00:00,https://news.google.com/rss/articles/CBMimAFBVV95cUxPZEtLXy1iR1lpTWYwaS02WjZ2NkU4TmRHbmVodXpyN0U4MWdObG1jc2VSMk1ieDBsSmZ1S2haMF9oU0d4RHRGNkVEYkZkTUduWV9xNDVWREFQX2tpNkpBNENSbjV4NExlRWNCalVNWmpyenJXaGk2UmRfWV9lN0s0OVZIMzNJSUlBVnVxcGVQcG9LVnFTMGRGWQ?oc=5,False,di_luar_topik,1,0,E4_pasca_putusan_ma
Pemulihan Ekologis di Pulau Pari Terus Diintensifkan,Beritajakarta.id,2025-10-08 07:00:00,https://news.google.com/rss/articles/CBMilgFBVV95cUxOMUlGblZfYmYxYlFlTmdCVVk3QnJlUW82YWNJckM3WGVodzFqd0t2ZjVsM1oyUDhuRGtLWC1ralJ4cF8zaWRMZUFPTk4yMnJhUFd4Tk5XZTVMamZDWmJ6aUgzVGVvWTZRYTQzbkZ6aVktaTFTQWl1bW9KZnRGVG16dnRodEtreVBBd2NCZGc5bURVWkxZOGc?oc=5,False,di_luar_topik,0,0,E4_pasca_putusan_ma
Pemkab pulihkan mangrove di Pulau Biawak akibat pengerukan pasir laut,ANTARA News,2025-10-09 07:00:00,https://news.google.com/rss/articles/CBMisAFBVV95cUxPRnNxd09mRVVXeDRkUE1UaWFCLUxYeDRzNHJCejV5aGs1NERXa3NCYlZJWjU3Y1p4NHhPX21seVBLRmZNcElpUEVOOWFlUy16QzhJd3A0R2hhTWdxQ2E5NjFnLWV4bFpBZG81cUo4eS1iUmJNcEVqRUxfbl83NWpub2VoamlDS0s2bFBXcVFtbW1XVVI4Q3JDWGZPNVlpSE9NTkdROU5jaXZHNkNRRzNrbA?oc=5,True,netral,0,0,E4_pasca_putusan_ma
Pemetaan Sanksi Hukum Pelanggaran Pemanfaatan Ruang Laut Melalui PKKPRL,dandapala.com,2025-10-10 07:00:00,https://news.google.com/rss/articles/CBMirAFBVV95cUxQSTZ3WG1EeGkyMHhMRWFPY3hOLUQwbVVfY3BoalcyWEYxMUgzMENYSFdsczRnbHZzR0x1dEFkYTUtemQ1UzR3OVZUWmN5OG5Nc1NCaXA4R2dNcHM5UUpPSWRoZ0NBcjRPOXpTeDNCM0p5RjRhSTZWMkotOFRNclJiZGJESmVwMHdGYTV6b0FYNVBRMFRFRWtlc0lxTGhRYjNvOElpYU1uc2xrdm9u?oc=5,False,di_luar_topik,0,0,E4_pasca_putusan_ma
"Ketika Laut Menuntut Haknya, Dari Antroposentris ke Ekosentris",dandapala.com,2025-10-13 07:00:00,https://news.google.com/rss/articles/CBMiogFBVV95cUxNY29Ic3RYaWh3bThVOG5nVWlKSWhBTllFcFAtUFQyZ2pNSHFlMEN3ZnE4LUo3UE9HcGs2Q05kU0dKSVNBTWMyWjZrQ0dhcnNsV011dmEzeHgyb25LMHd4N1AyMWlUblNjZWpCRmtGUDVHc0pScFlwUTRIcEZnRkl1QkxrazdxQUc2UDY5V20teEZCY1hLQ3dBT2JkTWoxcVhsRWc?oc=5,False,di_luar_topik,0,0,E4_pasca_putusan_ma
Warga Terus Tuntut Cabut Izin Proyek Pulau Buatan Surabaya,Mongabay.co.id,2025-10-15 07:00:00,https://news.google.com/rss/articles/CBMimAFBVV95cUxOMzY0cnhYTjRLWDF6em84UU1JcklKM2N4ZU9JSWQ4WGM3cURnazBjRmQwcWNZMUw1Qk9DalQ5TnBScmhfZkVmYnQ0OV9teDJNd1gzWHc2TUktTUJWODA2XzY5TVdvOFdqTF8xVGdscjhvdW82bTIyRVhiTjZOWl9kVWJqV3VtVHRoWVVUSkRvWEZxMnoydFF3RQ?oc=5,False,di_luar_topik,2,0,E4_pasca_putusan_ma
Suku Laut Pulau Gara,ANTARA Foto,2025-10-17 07:00:00,https://news.google.com/rss/articles/CBMicEFVX3lxTFBsWW5Dc2NBTm1GN3h5bXNVa0p3WXBpYnVUNDBaZVJMUUFSeXJUZU5MOEZnd1B5TUpsVmtja0RSZ2Q0S1RpX0pmQllWUkVfLVZZYzl4RFB3cmRjQXhYeDNVTjlUbnhFZXZRcWQ2eDNUWErSAXZBVV95cUxQNjZmMkpvQXpQRlZ5UFBrLUp0ZTFMRU9lT1BLdzUwc3NfdDNSdm5URktHdmxNRkV1cS0tOHBxVXlYeEFwV25TcnNlOWtTWllKMG5vRW1iRnphczlWaUlPejRjRngzbHMxM09hN3NMSUxPcG9ad0xR?oc=5,False,di_luar_topik,0,0,E4_pasca_putusan_ma
"Jejak Geologi Masa Lalu di Balik Semburan Metana Rungkut, Ahli Kaitkan dengan ‘Gunung Lumpur’",beritajatim.com,2025-10-17 07:00:00,https://news.google.com/rss/articles/CBMitAFBVV95cUxOVHBXX20yMFJObjNxbVZxMkJNbE1lVnZmdURQUnhfek5jTC1hc1JnZUNGRDRGVHY2bHhDQWstSmw4cGxxNFhQcTlGT3F2UnY4OFNxOGlFVjZZUy1VeTB6UUgxWWZVMng4b3lBSTRic2s0di1WQk8zS2RURFhENkg3UDdMRGNpck5DLWx0TTBFSTlTNlFwZEE1Q0l6TDdmbFZWeGVmN281WEVieGdlcUtPNENRQ2E?oc=5,False,di_luar_topik,0,0,E4_pasca_putusan_ma
"Target MPA Hampir Tercapai, Efektivitas Konservasi Laut Indonesia Baru 25 Persen",Hukumonline,2025-10-17 07:00:00,https://news.google.com/rss/articles/CBMizwFBVV95cUxPYUExRENRaDNGaVZOSm9tUWJRVC1vVmFqM1BPSEVzNHphbHNzR3BGbnVmdEx4WXY0Vk9aREx5cHB2SWV0clYydTR6ZHl1emt5YW1WM19OTi03V3ptNVR4eTlEb3BGeFBnOG1feWY5RVpuMUQzWUYwVzNOVkhKLXBuZjRBTkthV3p6d0QxMDRkRmk0MndRdHl3R0xoc1lPRTM2RkFGR2R0THBVeEluTDBrUmRyamF5b0ttX3c5LVp1UTNfNmdfUGo3QnAyWGFaQW8?oc=5,False,di_luar_topik,0,0,E4_pasca_putusan_ma
"Eskavator Keruk Pasir Laut di Aceh Besar Belum Kantongi Izin, Kocar-Kacir Saat Didatangi Petugas",Serambinews.com,2025-10-17 07:00:00,https://news.google.com/rss/articles/CBMi1gFBVV95cUxOOEx2Z3E5X29lTGZKQ3ZVYWwtbGxwWGdJM3lWSk5FS1NyYnlzZFQ1cnRTSDF5aFJxN05FTC1PMWRqdFVRYlA3ejlENUE3bTU2amdTR3pDRDVxUTZOcGtKNUpXbWZoNjBBbkd2eUpnWXJSV01zdmZKcXZQNGs0MThhOTZVOS1wcUVnc2M1WDljWlM0RHlybFE4aE5QbDFoNHJMY3dsbHpaLUN4WWV4bXFNMVdvU2pFTFJWcEVPNjNzQllldU5mZUZRUFpkQndCTjVfMW5xQld3?oc=5,True,netral,0,0,E4_pasca_putusan_ma
Seriuslah Mencegah Penambangan Pasir Laut,AJNN.net,2025-10-18 07:00:00,https://news.google.com/rss/articles/CBMihAFBVV95cUxNeWYxZjFqM3VfLTJrRWt4RXNfS3lIaWh4Yl9FTWljdjlsTm5EZlNlNE0wZ01SODFZZENiSHRvdWtXVHFmSUZiakpKVkpYMnMxbmdzM3NrdFZYRTdvaXdUeDRyODJRUXBmTFgxekdrZzkwQThkSTlhV3JaU25RR19YOHY5ck7SAYIBQVVfeXFMUG5LUENkVmE0azFWQjdGRFh1cWtPSHN0UDU4VWg2dzJBZExqd1Jub2VrU0hGR1RRWE9ySlhzaXl6YU1CVG5fUVl4dFpvZE9kS0JESkd6NXU0MF9vdHk3VkNiWTBKdm93VWpkNkwyc2NVOTlIdzQwbThPeC1NRU1qM2luQQ?oc=5,True,netral,0,0,E4_pasca_putusan_ma
Kepulauan Seribu dengan 113 Pulau Fokus Dikembangkan untuk Pariwisata,detikTravel,2025-10-23 07:00:00,https://news.google.com/rss/articles/CBMitwFBVV95cUxQSldzYUFlYWxsQlcwMFpnM092V1Q5OVJzZzNvVUI4aW1LOENqSzlvbDJZWlQ2MU5vVDVmd2c5T1lqSnNBMU1FOXJVRWdXMTBSMkZUcXZXdnNaTkJxSEtUUTJFVFBvSzYyUDBsSXZhZV9ZbDVGQ1FOeHBnTmN3WVIyZ3VVWTgzajlEVkdzMlNRYURvc1cxQTc3NmU5Zkxld19JV3JIckR3T3ZzRHVYMzFjZFBTRDRmNTDSAbwBQVVfeXFMUDNlYXZocks2U09MeVpUUGJuSWw5T203OUJLa09pQXlwYWg3LTh1OGJKRVhtNy1zTk11RVF6MnNkVkViUUxUbDlVS2h4ZFljUFB2MldaTk9NMEpZVzcyNjYxc05hZnpJQU56a3B1QXRkOWktVWNyMFNIWXhjRlVvVVVkWmlsNlI2QllYVTUxTWR6ZE1wYU5DLTd5VXNGZ2FQM1pjZWFVQl81SjVNZHhrQXVQSXJ3S3AyZ3ZucDE?oc=5,False,di_luar_topik,0,0,E4_pasca_putusan_ma
"Wisata Kepulauan Seribu agar Berkelanjutan: Atasi Sampah, Punya Hutan Mangrove",detikTravel,2025-10-24 07:00:00,https://news.google.com/rss/articles/CBMiwAFBVV95cUxPeGdIMkFxSTdXUzZmRXNvNGxTTFN1eWc2ZHk1MDdUTkpDQ1UtUmV5WW8xdEI0MlM0Q1JyS09oSDlaVHIwQXNseklQeDlTdlhJV3YzVVk3Rzg4aG5xd0lXT1JEbmJieGpIQ1I3SFE4Z3JIbTJidGx1YmI5M3pnUFVPRGdpcVhzWG5qeFVfRTJfdFZwTFh1UVNXM1VkcU9pb0Iza29hR1VHU0pZSzJlWFpQQ0pTZzNVNkhQSEFsczJRVHXSAcYBQVVfeXFMTW0tR1U2d3BKM3NMdUlZcnpvMnNrWkstX3FUdnlZOFBMQWh0UURsOGN3M3dvVGhoQjNhQXA5cnFCaDNRUGF0Qk1sNllQOTdEWEdLZkw1MHhDbGdzX19zZVZsWktIX1BHY2dtdnFqSkQzNVZVa0drNE1hRW1DTl9ZTHFwa0tVRHpkQlQ1MkZCaDJkT3g3SWhSWjNSVFMtdHM5YmduNHV0MmpuNnpLcnowaGRnOHNRdmRaVDA2bjBqbXlfdWExTnpR?oc=5,False,di_luar_topik,0,0,E4_pasca_putusan_ma
Pelarangan Pengambilan Pasir di Sumba Barat Daya: Antara Perlindungan Lingkungan dan Krisis Pembangunan Warga,Kompasiana.com,2025-10-31 07:00:00,https://news.google.com/rss/articles/CBMihgJBVV95cUxQT2Z5dzV1M241YmgzREY5bzQwbW1KQTdJakFaNWtNYl8yTUE4X1dHMGJHcnlFa2dRUU1acm5QWVNXTkdpdUZqSUI5U21UbmY4QmlaRVFQWXVJb2VORlgzNlZ2ajNpTkZpQnB6ZXNNa2NXcXVrLVR4ZmZobzlacmlhVzk2QjhFUTBjU1kzVzBhdG0xb1F2Um1zTEJIMWNQaU9NMm5XWHEyNVlfS0c3cEJLQjVfTmEtaWgxUGVxZW9MOEJFQVk3U2liUUdmbUM0U1lvY1dBWXpEN3FLc3l2ZVhfM3NoOHVmN2NoLXdhdkFxeXJ5aHN5NmM1TnRLTldYcW1pbGozRktn?oc=5,False,di_luar_topik,0,0,E4_pasca_putusan_ma
Padang Lamun Musnah Jika Kenjeran Surabaya Direklamasi,Teras.id,2025-10-31 07:00:00,https://news.google.com/rss/articles/CBMiuwFBVV95cUxOc1duTUVuQmVsZkNpLTh6NGtsMDNBeDZra3V4TTZVeklLYUc0YkxwbTJ0YzY3U19CNXZOcWdORlVZcENsMmJSU2JfSlZJQUw0ZEhsOS1aaWRscHFDbTM2UDhoMHZZLTJHNDVxbHYyckp1QmxUeXpPeHRHUWdvODN0TmlmdWxWamREcTNaMXYtN3lzaVFpeGdrMERiOFl1UGtrVHEtd25aX2toMUhKUzl0b0gyRGF3dmZ1eVpJ?oc=5,False,di_luar_topik,0,0,E4_pasca_putusan_ma
"GERMALA-K Aksi di Kantor BPJN Banten, Soroti Dugaan Penyimpangan Proyek Jalan Sukawaris–Tanjungan",revolusinews.com,2025-11-06 08:00:00,https://news.google.com/rss/articles/CBMivwFBVV95cUxOVGUzS1cta0tkM1RaZUgwZ3licEFHbGwtZm5Ha09PajR3ajA4NTduT3hQR04wQXV1M0NLX1JJWFZuUURLVzYzR2RXUFVQWm9sRTFzeUIxOW93UnIxbmNkZTA4SmN3M3dnQkRPVHFXT3A3NTJXb1djbFJHWnFzWTRiVmtlWnl0Zm5ueG83c193cXpKMzhFdHNtajZoWlBjdXJ0TTlpRWg3UnlETHhybFZVWkdnRHpKS1BhUUNmWmZhYw?oc=5,False,di_luar_topik,1,0,E4_pasca_putusan_ma
"Pariwisata Babel, pilar ekonomi baru yang harus dikelola berkelanjutan",ANTARA News Bangka Belitung,2025-11-07 08:00:00,https://news.google.com/rss/articles/CBMisgFBVV95cUxPd0JIWmxnY1pZV2ZfU04yNERLSzZvcTZ5T3Vpd1o5ZUdhUHQ2bG53aWR4aVBTZ0hHLU1qM2pQN1lqT003eFpOUmJ3dGNiUmx0cXd0Y0luc2dYWGw5ZktHelRzNzNzTFVua0UxSk5KSFBDX2ZFelZtWDdPVWVDQUlOdDJPbzJxQkpWa2g2MUQ5TGM0VTB3QVJrc2Zqcm5sN2xxbmVoUUMyMEx2aUNVdXhWU0tn0gG3AUFVX3lxTE50QmpPRnIzajdfUk9IU3RaMXpuR2ozelBqYk5SaElkTTZIOVNKeHRTNDBNNXh3TVVoRWxDYmFOMjRUSG1ETS1jMGVjYUJKT1c5RklYbHlTVE4teGMyd1psUDRUT3FJbXQtZGUySUR4eGl2QVAxclozcTFUR1lXamd1RDdqVWJDbk1JWll5dnNLeGFkNkhBVFRWYVQ0NEdRbFAtakp2My1vdndGVVBqUldIQnlod0gxYw?oc=5,False,di_luar_topik,0,0,E4_pasca_putusan_ma
Purbaya Bakal Kaji Penerapan Cukai Popok Bayi hingga Tisu Basah,Tirto.id,2025-11-07 08:00:00,https://news.google.com/rss/articles/CBMijgFBVV95cUxPeDlXNTRDa0xSR0pfdWRVWFh2X08xYjNnSGl2NDNWNldBVThMNkxIYmNGeE5GUTJWMllvYno2QUFETXViaXRPX1JfRFdzYjNocnNOTmdvZkQ5RlJKUjZVdW96N2NfR0E5UnJNSDVJU2dqbHNlaUFhNUFXd1FKVW1hT1hITndpdUJSMTlhRkFB?oc=5,False,di_luar_topik,0,0,E4_pasca_putusan_ma
"Gunung Kapur Ciseeng, Jejak Peradaban Kuno dan Sumber Air Panas Alami di Bogor",bogor.viva.co.id,2025-11-09 08:00:00,https://news.google.com/rss/articles/CBMiuwFBVV95cUxOMkZFSnpPU0Z0N3hRbE5iV2dPX2ZmQVpmaGNHbUJrYzJvUlFhWm5WVTBIZnl0dE15Tk5PSmN2UXM3b3RnSmJidXhKckFZUTNKQW5Zb1lNQU45QWpqT1lyWHVtQkhEZnc3ODBncEJic1ZqakZHQmFhUG8yWGFodzNyancxX3FJUkZ1TmNVMC1aRFBYUGpuSzlxd0NFM2Z6cWNZR0VaY2hjZEMzQV9kaWFTOXd3NUlRdnlHbFl30gHAAUFVX3lxTFBlSXUteFJaaVVBdjhWelpnZHRFMWs0RUc0T3JMbDItQjRodE1peG9wbTZpUTZwUUF5QTdhWUVUZ01tNmlqMTVKY3RjelJCYm5qcGpQMC1PbU01RThCUmtjV194SW9WTnlWNTBvZndfZjIxczFmUGxWc0ZvYVRBWjZaTHdicDBYSUx0akZwMVVicGUwZkFpNENtdk1CRGFDcHR2Z3R2cnRrWFBkUWk4X0ZyOXYtcS0waXU0N3FRbm1tUQ?oc=5,False,di_luar_topik,1,0,E4_pasca_putusan_ma
Lariang Terluka: Derita Warga Muara Sungai Demi Tambang Pasir IKN,Project Multatuli,2025-11-11 08:00:00,https://news.google.com/rss/articles/CBMimgFBVV95cUxNM2tzd2ZvOHM3UDRZRG1VYmhNbENWWWF5VjlDaUpndjRoYnI3NGZFQmdfYlVlVUtVYWhmV2ZDc1V4M0FDTGNlaDJfTnpSYUFNQUI4SkRQb2YxemFLN20zXzdqWC1qcXBaRE1BYWp1VElYa1BRSXpiYThsQlJpaTJNMmx1R0pGdXVrUUhnamJ3cklGamlVeU1waGdn?oc=5,True,menolak,1,0,E4_pasca_putusan_ma
IPPM Desak Usut Tuntas Dugaan Korupsi Proyek Pengaman Pantai Raha,Radar Kendari,2025-11-11 08:00:00,https://news.google.com/rss/articles/CBMilAFBVV95cUxQcDRoMWFmVmh6c0RXRGxEdmZEenBHTHp4OU5pTzVKam51aERuTDh3ajBxd0JyWGNIZnlPRFV0dmp2bEswTmdBaDZjcXNyUEJKelBjb19McnV3b3hKVkhmZHdFa1czaG9FNDlVcGxJamRlU2YwbGtMTXFpUUpVV1h3VDBLZmpLMS1BY3ZiUVk4ck85cGtT?oc=5,False,di_luar_topik,1,0,E4_pasca_putusan_ma
Pasir laut untuk kebutuhan bahan bangunan,ANTARA Foto,2025-11-11 08:00:00,https://news.google.com/rss/articles/CBMijAFBVV95cUxNVnBDQ1MyblBibnJjTWllN0tsLWxGNC0xeHR5cHpUNm01eUJGM2F6QVJ4MFE5b1h6RGZlYkR3MEJRZlB5NlpvZXVMeFVBWi1rby1FLW52NzVWQ1c4NnRuQjFQVDI4NXJURldpNXFPcHl4a3lsemtxVV9ielhqWk1WVmhhTGMxQ0RaTXJQMdIBkgFBVV95cUxPc2lsRVFTWEljNHRocU9UVTF1aGJTSkN3V3hCcUJQV3AxRzdwd1R3am1ORFRzWV9zVDNjdGNhVm56QVc3Q0YxUlB0cWJNMlZGVHQ0TkplNERBRGUtMU5lNndLYmZ3RDY4eXRKLXB0U0lNOGxSbUpDUG96MWFrSmE4a0pjUTUxWFltTXA2TDZLNDdhdw?oc=5,True,netral,0,0,E4_pasca_putusan_ma
Pasir Laut Jadi Sumber Penghidupan Warga Pulau Bacan,finance.detik.com,2025-11-12 08:00:00,https://news.google.com/rss/articles/CBMiogFBVV95cUxQeVpZSXU1YTdjYjBhUTRMNUl2MGcxdkJUMVpGbnJ4cjJzTkktaHBPWXNLTGFablowU2ZQZ2pINlczTXpUWEZfc0Jsd1AzaDFJYXF6d3g2enJxejl4N1JrSlFWclgxOUlTMk5pODRmeElGaEx4a0NnMEpBLXN0cDN5MThJZHlYaWJ4Z19wRHhWUzRRR3hTNkZyZTRaV0dMYUZBQVE?oc=5,True,netral,0,0,E4_pasca_putusan_ma
"Shopie’s Library, Literasi Diantara Bulir Pasir Laut",Popularitas.com,2025-11-14 08:00:00,https://news.google.com/rss/articles/CBMiigFBVV95cUxQTXQ2N1o5VHpXZ3d2c3M1M2U2aDQzREFKU2h3bnFtYm9LQjZVcFJ4TXl3NXlCZDVzUGRkeFVwNG0wZUxUb2lxOW9KMWdzSk1SVTJETzJKaFpHVU1PUmE2TlZ2NXVDUEM0blBmekxxeXVzTTJkUnN6ckVfVGtKUGZmQVA5S3lzZDNpdGfSAY8BQVVfeXFMT2RCZGNLbm1iU08xaExaQjlnLWFSRXAyOGdKR3plYWZ4NjhJaFd1UnlGY3dWNElVeXdxWUQwc3FzdDlNMi1TWHdFZkx3eEdMZDktTmFDVnB1U0MwQjRQOGUxSW9QUDlpemJhZ1FkVUR4ZFhVUm9JSHp1OEROYUpRaWZ5VklnVTR3SVMxSkxtUnM?oc=5,True,netral,0,0,E4_pasca_putusan_ma
Nelayan Bintan Temukan Mayat Mengapung di Laut Berakit,Presmedia,2025-11-14 08:00:00,https://news.google.com/rss/articles/CBMiggFBVV95cUxNSXkwT3NzTzk0V2ozbjlwc1RwOS12MndWSkN1Vk9iSnozeXVJbGxyMlJOOTNodnExWjkyRDFjakJmQ21BWkNqUENZZDBJRG11Q21aanRGTjg5T0ZwZ3Noc05YTXUyckUtYXg4b2ZSNTN6TEVOWjlVN0wyN0ljMHFMNWx3?oc=5,False,di_luar_topik,0,0,E4_pasca_putusan_ma
"Kunci Jawaban Bahasa Indonesia Kelas 9 SMP Halaman 125 Kurikulum Merdeka, Apa Fungsi Laut?",Sripoku.com,2025-11-17 08:00:00,https://news.google.com/rss/articles/CBMi1wFBVV95cUxOLWJpQnU3cWNNQ2tBYTRJQVBIZlFNWWo4UGVjZEFMTVNvQkh5V29GVFAxSWVqc1Bland6aExaVk1iYTlNeWpLa1BsclBoRmx4SXVwMFBsSXBhb213Q2xfSUZOcFdkdWwwSENLaENtaGZTb0xzLTRIQU1leVZRUkpkSFVET3pEWVBpSFJXeFU1T3lGVzJaX3MzUktmRGFxY0RMVkpjTzhvSE9lWjZfT0d0NzhxR1JUcURBQk52eHJWaG85enVCeTU1b01mQTlHTUtWX2JwUkdJUQ?oc=5,False,di_luar_topik,0,0,E4_pasca_putusan_ma
"Pegunungan Tertua Dunia: Makhonjwa (Barberton) Usia 3,6 Miliar Tahun Masih Berdiri Tegak",NNC Netralnews,2025-11-17 08:00:00,https://news.google.com/rss/articles/CBMiwgFBVV95cUxPdGdTUlM1Y01ZNnVJanR4WEYzQndpM2d6NGdkN0l6a1YwdTY1ZkxqcnhyMHhTWFNHM3gzVHZiZ013dGIwUVcwejEybkJaWnVpZW9xSF9tY1A2SDhEcjVNTThyd1dKOXdOOXVQWW5pOFFxc2JzZnl5Y1A4cUxjZ3BVbklQb1Z6SVJuRkFwWmF0U3dEZU5FVkdtLXo1R0dpTWRrNFU0LUVXOGtrLWh3bGptZTBLZ21qdlFIYTVPWF9zZFAxdw?oc=5,False,di_luar_topik,0,0,E4_pasca_putusan_ma
KADIN INDONESIA DORONG PENGUATAN SINERGI DAERAH DAN TRANSFORMASI DIGITAL SEBAGAI FOKUS EKONOMI NASIONAL 2025,mediajustitia.com,2025-11-18 08:00:00,https://news.google.com/rss/articles/CBMi3wFBVV95cUxPTGM0alBJLWhrR3Y2OS1ZV0ZzMHdVck84X05xZEpDZUg0ZkJnM3NXa3g4cG5HbTZIb2JiR3h5dlR6SXBrY0EwUGtRSENfc0NIZkJMU2kwTURoeTc0MzA0d2FLeXRSQ21rQ0JmUGRpMzdNZlpJOE40VjJYSkktZ0U2Qm15RUdUTmJ0OE8wazhlZzhIcWUtNUJuV1FyVkZwVm00WENJYWZ4enJqUDhIeDJaY2ZaQ3lPemlHbzJLaWp3MElaYnRibTBHZG9tY1pLRkxrQjJyVFc4dEVlbXFMMW1v?oc=5,False,di_luar_topik,0,0,E4_pasca_putusan_ma
"Menggali Nikel, Mengorbankan Surga Laut: Dampak Pertambangan di Raja Ampat",Kompasiana.com,2025-11-28 16:26:46,https://news.google.com/rss/articles/CBMi1wFBVV95cUxQeml1eFFPNkN3aTE2WnFvR1p1SkNjN042Q3pmeGcwUFl0ZTIxclRnSHdtOHlHZS14ZmN5Y0xma0FTOG5INDFwY2FkdkVOT0N0M2pVZDlzdVNnYzZ4bFJzeXVyYkMzQkhXb3FPVlVRRzVrRWZJSjRlWE9EM2lDVDJRVF9FS2lGSGZMd19LSlRzblJXVlkzUmpIY3E0dE1ONUpROFNEeEJOYWljSUVHQTZYSm1WT3ZpeGtwWFF1NVd3UXkzdEJ3TUVoTVI2WVNsWE9SUmRyZUh4bw?oc=5,False,di_luar_topik,0,0,E4_pasca_putusan_ma
Parade 16 Perahu Perempuan Nelayan Soroti Kerusakan Pesisir Demak,mantranews,2025-12-01 08:00:00,https://news.google.com/rss/articles/CBMie0FVX3lxTE1TamljbTRfTk1tOThha3dtTXdOOHZIZ3c5Vy1YbkdaQlFIQWVrQTlZMEFyVGE0aVNIcDR2WUZJOF81ZVA0ekp0OGRVMG52ZkdxSkFtV0lVVTBMdnpLMmNjWEdkR1FXbnBIakxrWEI2bV9iZlZNZ0t3Y1d3QQ?oc=5,False,di_luar_topik,2,0,E4_pasca_putusan_ma
"Sawit Bukan Lagi Solusi, Negara Harus Berhenti Korbankan Alam dan Nyawa Atas Nama Energi",Project Multatuli,2025-12-02 08:00:00,https://news.google.com/rss/articles/CBMiuAFBVV95cUxQY3pkQlpnN3VnUnN5YWlLbjdXQ1dvZzNFNG1GX0tZaV9NX0R6ektZdExRaE0yZ1ZoVm1nYmtvQUQ0bXhnVTN4aW1vZHg2akpuaFdha0hZNUpBQmY3YnduUi1pMWRYSTcwZmFNZVdFOTNWbXhEUUU0TmlZMHBRTzJlVmlMaHQyZTNfY3RFbG00VV82bFJEb3ZoeXVvb2N2ZmZzMFc4blZDSHBrUHlnajVSbVJUTDFFWV8x?oc=5,False,di_luar_topik,1,1,E4_pasca_putusan_ma
"Mengenal Treasure Bay Bintan, Daya Tarik Wisata Terbaik WIA 2025",Tempo.co,2025-12-08 08:00:00,https://news.google.com/rss/articles/CBMiogFBVV95cUxPVVVhb0QwMFh0ejZWUG0zUUt4SkpvODdHbTZUbGY1S0FyV3hETTN3SWhPTFBRX3FfTE05RVM4d0tid1l1UVFzQ3JiQlo0TF9YX0l0ZEh5aUJFdGpaUE5aMXlMMExyWm94cmpiYUJCUHMxMDNRUXYwMFVnVUtJQldidmxXWjctVHJtSXIwYS1jQ3lmLVN5cC10M0ZuVkc1TjVTNGc?oc=5,False,di_luar_topik,0,0,E4_pasca_putusan_ma
"Anwar Saragih: Banjir di Sumatera Bukan Lagi Bencana Alam, tetapi Bencana Ekologis akibat Kebijakan Lama",gesuri.id,2025-12-10 08:00:00,https://news.google.com/rss/articles/CBMi4AFBVV95cUxOOXVRWGtqanhWOEJnaUhudmtic2Y1bHhpSVBBeHJUSmtDdDc0Yk9DOURyTXJGQ3haR2lDbDMyM2pGX0RsYWVzSEM2bFg2dk5XRUNqX3pQaVI2S0JsMDdnLVJ2bS1WSGhfQnJpRlBQOERrd29yWFdkUG4zQ0FJeTFHbmNUN0xlV3hDMWpaNmdtNFlDejFobVcyTEN5T2ZsMFlZcEZELU9pcVd2TTFnX0pQUlRKYTI1eGEtaG5ZRS15aVhsV2JnRVlmMzAxZ0x1aG5xZTdfUDdVZlphRndnSXFTTNIB5gFBVV95cUxOYmNCQXpjSnVlYWZoUldCemFqYTBwZWxmMGVieFlyLVZqejAtdk1GR21zS0xSQ2RESERxTFZGd1NFMUZObzVWODlteWZVU1hCUktsckNMVlRMWkhPay1JVk9QNmx2ZGx5QWl5VEJ6THdjdjZIOG9qYTNzYWszWGMxSXFMUTZDbUJVSy0tN0V1dkktcXdpandOdU54eWdMbmVzZG9seU9qb0ZFaDh1ZkJkSngtcjl6VFRFbjBzY0FPbWRPTFpaUm9COFhwU2pnUVphR0FZVnVkb0NTNlFxOXI4RXlQUVkydw?oc=5,False,di_luar_topik,0,0,E4_pasca_putusan_ma
Jokowi Harus Hadir di Pengadilan Ijazah Palsu - harian.disway.id,HARIAN DISWAY,2025-12-13 08:00:00,https://news.google.com/rss/articles/CBMiigFBVV95cUxONXQ2Y0I5elBaVzhjYkpCSFB5SDltZzBjY01VZDFnWERXaFVheVpSSExrSzNVaUFNdlQ5QWFwOWNmNVNYVGxqM0IwWnc0RVQtNS1fQm1KSklTSE5vbVQySmFtUlNUMjk3UHowclphSXlDb3pGOUlHX01aX0o2WHU5bE1hdVdBRWttQ2fSAYgBQVVfeXFMTTJDUHc2NE5YbzhNOE5SYm9lNnNBTUF3enlYV0JINWVFWVkyMXdBOW1BU2hmUXMyazFuUmxPVXppc2xJS3QwcHNRSUU1Nmt6UFdObWFnOUlkVWc5NjhPQ2F2RjFKY0xJZTF2RW5xTzJmS2hEcF9MV25peFR4T1ZYODZnU0hsaVo0cQ?oc=5,False,di_luar_topik,0,0,E4_pasca_putusan_ma
Pemblokiran Kapal MT Westama Bermuatan CPO di Pelabuhan Dumai 2007 dan Nasib Hutan Sumatera,Jubi.id,2025-12-14 08:00:00,https://news.google.com/rss/articles/CBMiugFBVV95cUxOZ2NlYXhFQUlpeDAtbW01WWxBZVFqN043dFFtSlVqTmhlOHlscHhJXzI0RGdpeHVpTG5CZGdCQUtYemprX24xQ2NGYTFZNENwLWN4M2pvREpSOXZJdEdNUm5SR3E5QWxiV3g2RnN3UG5KQncxYUtvNXVTUGJoU280enN2Sk1YY2l6Zl9LSGk2QV91ME9RMXV3bnBXTmNUWFdSUl9UZnFVNVdVMjVBT05tNGZzVlpUdXhQNHc?oc=5,False,di_luar_topik,0,0,E4_pasca_putusan_ma
Menakar Arah Hukum Laut Internasional dalam Kebijakan Maritim Indonesia,Hukumonline,2025-12-15 08:00:00,https://news.google.com/rss/articles/CBMiwwFBVV95cUxOdDJRajVZMGRXWVBoZjYya0Q2a2ZST055TnFVdDN3WlhTUTUwMkdFcVJkUnRPNkNXUFRPZnlPUDBWRE5CTUh2Zmd3bWJrS1Q1Z1QwNlZqY3Rua1pDbEJTbDNJcktTY1c2RnpEc2lVendibHpXSlRvSmFpUjVTWjBaOWFNbC1UbFlwR0FzSkZXUnBvSmNGMENVQjdtSkhvX2tZU3NCYjVaQXNNb19CVndZUE1TZFRXa0s0WHdndThXU3RBaWc?oc=5,False,di_luar_topik,0,0,E4_pasca_putusan_ma
"Hadir untuk Warga, Polres Lingga Pantau Dampak Pasang Laut di Kampung Boyan",beritainvestigasi.com,2025-12-16 08:00:00,https://news.google.com/rss/articles/CBMiqAFBVV95cUxNR21GdDk2QmEtZi1TSnhWaU1lQ1FsZFJiTUwyNjB0Q3pNMmYzdTRuenE0SEF4YUQ5QTc3OS1KbHhfcFBVOVVoeTI3MDk3VHd2X09FNmgzeFg0RXZiS0h3REs3VWVKTDlDT3plcmtEeE5DdmZUUnZUZ2o4QUxhYXota2d2b3Brc21Mb0lUYlpHOVQ0bjlBYUNDRDdydTRJYjdwUjg4UmprQ0g?oc=5,False,di_luar_topik,0,0,E4_pasca_putusan_ma
Dampak Reklamasi Pantai Terhadap Lingkungan Pesisir,Kompasiana.com,2025-12-16 08:00:00,https://news.google.com/rss/articles/CBMiwgFBVV95cUxOdlBJX193OFh3QW4yNllwamtKUDdwclZtTndZRUZEUWxHQmRsMkhtS3J2NHVWTzhwWmhYdkp5ZTdQWHY0NUhIY0h0OHZ6aWQyR2NBb29vTFFjMzVGZ21vdkIySGU2VGpVZ1R6bmdCX01vN2VrdUVDQmpYbjBZV1d2VlJrcTFuRG5GT0hMMUpPalJKM3d4SlB3Zm5jdF9qLS00ZklHODZyTXd0ZV9JZUZfYjhzNUNiQkF1ZDdYa3h6WW9EUQ?oc=5,False,di_luar_topik,0,0,E4_pasca_putusan_ma
Citra Satelit Tampilkan Pulau Gundul Kepri di Tengah Maraknya Izin Tambang,Spatial Highlights,2025-12-17 08:00:00,https://news.google.com/rss/articles/CBMirgFBVV95cUxOSmxXSEVVSG05QWFubjlJY3FTQkgxRWgxSzc4OE9ZaUlRRGpVQnRDT29oZ3M5VnNCeTlFeDFpYXF0YksxLUMxV3BMQ1g1MXNTSzYyX19xUGZKV2lYTHJFLXBtLWtGYVBEQ2pBbUNubWNvTUF3bVdZVTJpR05odDRGbWlzSlRFZXcyWU93N0RxeS1aRWFGYnJacWpOMkVrRm56VW8td3EtX3Vab3A2Vmc?oc=5,False,di_luar_topik,0,0,E4_pasca_putusan_ma
"Pemilik Senaya Beach Temui GAK Lampung, Bahas Dugaan Pengerukan Pasir Laut dan Visi Kemajuan Pantai",iNews.ID,2025-12-19 08:00:00,https://news.google.com/rss/articles/CBMizwFBVV95cUxQWkVCV1pTNzZLYW1ZMXBpNG9HSjFsYU54VVJVMmY3SVF2RHdwNk9tRFl2T2I0S09rbFRFMzZPMk9GUF9Qb0xEMFJZSVpFaEZSVHhkYnV1UFpOZFNPblhDNVotMlFBLUNtYjI0dUZDVFVySHVoV1NpeElOakRBMXA0c096ZTFVaVVBY3g2QW9UVHdyUTdBRUVXNVl1cFdEQko5QjJYUndaeDZTV0lTU1g0em1TVUU3YV85ZXNIb3R3aTVSOGRHbExfRGdjMk93SjTSAc4BQVVfeXFMUG1fc01kRDFfbGpTQi1jLWRwTUk4dHlkVW9DVUUzRGY4MjR0UGdpV1UyT0NlSFZNMUFSV2NsMmJLbGFKMEhPZ1dqWGdzV3c0VnFWVlBLRGZtdmZ5c3g0Um1QWjJwQlNyQ0ZJckZPb1FlYm95dDNfbVNtQkxxbjU5ZVRfa3IxbXBjSWpJTG51SFlzbmJIMmJMNE00VkxmUFZBV240VE5Nay1sRjJ2NnNhQkxHNmx4Z19oTmRZeTJDdFVqRUkyeHRURTl2ZTRSdmc?oc=5,True,netral,0,0,E4_pasca_putusan_ma
"Antisipasi Banjir Crystal Bay, Warga Minta Sodetan",NUSABALI.com,2025-12-22 08:00:00,https://news.google.com/rss/articles/CBMikgFBVV95cUxNS3FYSWtFaGZyS1ZReHBFbFh6cGVGeWlwaV9HQXdhUUxCNlRPN3BrOFRyOUJsOXBVM1I3UF9FZ0psT1lrLWNXcmZNVFlUSThpdmhpckZESlRwVjR1OVFjWE5Nd0NNWUZpRXBSb1V6cldQNm5hUldFZk5hejQ3Z2ZyNHpKN1hYTk1oQlR6cG00S3RIdw?oc=5,False,di_luar_topik,0,0,E4_pasca_putusan_ma
"Profil Freddy Widjaja, Anak Pendiri Sinar Mas yang Menggugat Kakaknya",Inilah.com,2025-12-23 08:00:00,https://news.google.com/rss/articles/CBMiTkFVX3lxTE85Tmp2MjJFWENLMUFaY3lWc0J0NFo1VXMyMmY2dmp3TXpNbGJTVlR0dG43d3V2Z3pqejRDOHpvQVBUdmszRHRMWE1ZNVlKUQ?oc=5,False,di_luar_topik,1,0,E4_pasca_putusan_ma
Hukum: Gugatan iklim warga Pulau Pari atas Holcim diterima Pengadilan Swiss – Bagaimana perjalanan kasusnya?,BBC,2025-12-24 08:00:00,https://news.google.com/rss/articles/CBMiYEFVX3lxTE43enVUZE5hV19lb183M2ZYOVBTdDRpbUNMS24ybUtSNXpkLVNqVkswR1pVZ3RGUjFuaXRTNVRTYUo3R3hhNUgxcmxBT3FtYTdYVTBGWGtBRk1pdmR4cnhxetIBZkFVX3lxTE8yTTdtZUZySnRiRjVtbjYxVHVGSlhyX1lUOEptRWl0dm15Yk9IRE4yeGxvUXFIYzEzVDZVcFhxT1dZUi1qUUFWRGdKYjF4a2t0VzRJLTlwdWM0VWZKOEd1dlplQ09oUQ?oc=5,False,di_luar_topik,1,0,E4_pasca_putusan_ma
"PARPI Kumpulkan Pemangku Kepentingan di Bali, Bahas Naskah Akademik Reklamasi Pesisir Nasional",MataKita,2025-12-31 08:00:00,https://news.google.com/rss/articles/CBMiwwFBVV95cUxQRVJDM0RFdVZMYzF3MnRGc0xXRFRQZUhzVVI5czUxS2R4RVg3M3hGY2VCQkVIMVIxaVE4QWpWZ3NNcGt2ZzZCVFhyOWhmeFRtZHU2dG5HR0pneU9mVklqUE9MT0hrc1hDbHVMUlRXcVZHV1ZVTjRwN0ZfbzIxZ285ZGtrS1BCUEhGU0MyTG5Ld3FMX3pESzdIcXlrWjgwMHhubVlBcGRaUElLWTFIOW5sbGxhY04ydklSSnAydDNoZy1Db1U?oc=5,False,di_luar_topik,0,0,E4_pasca_putusan_ma
Masyarakat Pekon Paku Keluhkan Aliran Sungai Muara Yang Tertutup Pasir,mediasuaramabes.co.id,2026-01-02 08:00:00,https://news.google.com/rss/articles/CBMinwFBVV95cUxOVENSeUhwLVRqS3FfREdHR05wNjhLZmtFS2cxenJ6dldfdGUtanpjU0hnZ1RPeGYxd0dHOEJTanhkWjhSVjFwanJsdmsxcHptaG5ZcFI2eFNfRi1jV3JicWZIWVdtQV9NTmZab2NqX3A3Uk1tNFRnR2dHNDI5ZEtBUEFISFJJLU4zOVRNU01rTTk2M1pIT19pTW1pbnYycWc?oc=5,False,di_luar_topik,1,0,E4_pasca_putusan_ma
Gus Lilur Bongkar Drama 5 Tahun 'Perang Dingin' KKP dan ESDM,jatimnow.com,2026-01-05 08:00:00,https://news.google.com/rss/articles/CBMilAFBVV95cUxNU0hKMy1UQmhLNFFzTUVnUlRtVG16d0tqU2VlY0sycE5aaWVnSkxoaGstTUhUQWtLNnRtZl9NWVBfOWdobVhHRkUtdk82YWNjR3FDallKLVpNQ0pvVWNmS2pPSUhsRXdMcHF3OE9hRWI0RzdxSWt0bUEteldxN2VhendlSXFoMkc5MjVERFJjUjZhY1hS0gGaAUFVX3lxTE9rbHBWc1BoQ3I2NUlpRmlkQUZrNFFjdTgyV1ZlbEJ5Mlh4cVRCVFVfZnlSVExrSkRLTG9kTnBNbGVKRkp6aVVLbHR1b1NlRkNQZmtjaDFCZk5TLThjdXFKbllsVC14WVE5ckpVdi1wRlZpV2JxdjRDY0p2WUtueTNLLTI0anc4NkQxRW8zdzhmMHFPMmQyTXVtQ2c?oc=5,False,di_luar_topik,0,0,E4_pasca_putusan_ma
"Pasokan Pasir Laut Diduga Ilegal Terus Mengalir ke Batam, Kapal Tongkang dari Karimun Disorot",bursakota.co.id,2026-01-06 08:00:00,https://news.google.com/rss/articles/CBMivgFBVV95cUxNMHpVblhfZ0F3OG5GRmFrUUdyT3BudjhOVFl1aXNlZlp3TldNWGhHUEhaSVltdWx2WVFHMHlROUtaUWwwOUg0S2k3QlNfbFFmZks3NFFaSnk3cmNLUGdjZEg3M0VBMVNZNVpGS1Z6TW5nVEhHNXp4SUZLV0txTFhwRFJkbWNLbzBSXzRpdEU2SW1YX3ZTMzhINVE2NS13cU9WR0M3VW8yNHo1S3hvNlIxbzV2Tm1saGQwRlZ6WHlR?oc=5,True,menolak,1,0,E4_pasca_putusan_ma
Cerita Para Penyelamat Satwa Laut Terdampar di Yogyakarta,Mongabay.co.id,2026-01-07 08:00:00,https://news.google.com/rss/articles/CBMif0FVX3lxTE5zNkZ5ZVkwT2JQcG9FU05tTWRoR0NYelBaanFrWGdJSGZTNVFzOXJiNFh5ZGE0bUluZjZlenEtZmFmR09BejgzVU96Q1M2S0ZhWmhma3R0aTVJU0lmc3pjVnpXSGRhR1A3V2tHUWdST05SemoxaDNTZmRZZnBrZlE?oc=5,False,di_luar_topik,0,0,E4_pasca_putusan_ma
Daftar 11 Perusahaan yang Konsultasi Publik Terkait Pengerukan Pasir Laut di Bintan Pesisir,Gotvnews,2026-01-09 08:00:00,https://news.google.com/rss/articles/CBMitgFBVV95cUxOSE1tQmhXMEtlMGlWSWE2RnBSSC04M1lDNTlJd2NNdTQ1MjlualRIVUVQeUEtQk42ZVdLS0JIazdJQ1I0UmNyUmI3N25JanZmN0NiU0JSQWhjWnltOENlTnFqdTBGb19GOHdqaC16WXRlZnZvcG5ESndPSU1fZHIwT1FJUWJiVlYzbGdHeGx1SFMwTEVGd1NENkJMcGE4bnhZOGxYRHdTOEUwWUFaUFV6b0xkeldLUQ?oc=5,True,netral,0,0,E4_pasca_putusan_ma
"11 Perusahaan Tambang Pasir Laut di Bintan Gelar Konsultasi Publik, Ini Nama-nama Perusahaanya",Presmedia,2026-01-09 08:00:00,https://news.google.com/rss/articles/CBMitgFBVV95cUxNRGljcTlseHFJY1EzZkw0d3pseGZDQWVQQ2FoVkxCczdqTjNoZmpnbTliMG82NGdfc3NnVHg1YWRod3JXLUVYUUgtdkJaVE1HWVZxeHZnS3FTYl9Jc1MzbjVUYlNjRjVaT3l0dFhkZEMxa2JWVW1ZZG9Zd0FpVHh1NkdZbVVSb1N1cVRlUzBwenR3cmI1a2sxWDVyZUpmWU1tY3lHcWhhbTNGcUh5TUtUb3JqTnlTdw?oc=5,True,netral,0,0,E4_pasca_putusan_ma
"Dari Sebelas Perusahaan Calon Pengeruk Pasir Laut di Bintan, Baru Tiga yang Urus Amdal",suaraserumpun.com,2026-01-09 08:00:00,https://news.google.com/rss/articles/CBMiwAFBVV95cUxPR2hJQzd4OFU5V1ZIUWZQMHBiSjNlckNZcGhkTlpMY3lLeHlTcUs0dG1qcXRKNkhuWDFxdE9hUmxJeG4tVzlSczZPWHRNcmUwMUFmdEFka2pmSGhSYVB5a1FHcnp0UEJaMHJBM2hRQlZQZ3ZmaF80SUhrMkxhWEpBRTN2aTdRcldpN0ZYcE9KMzJxVkRtckdGUjhiajRHMUFmUFRxZElDZmJOMnA0UlJOS3lUN0ZXc09QdFh3WFJGa3c?oc=5,True,netral,0,0,E4_pasca_putusan_ma
Kalender Event Kepri 2026: Bazar Imlek hingga Lomba Yacht,Tempo.co,2026-01-09 08:00:00,https://news.google.com/rss/articles/CBMimAFBVV95cUxPVkJzNjU5XzVYSHFhZm1CdXdaNzl6LW1SUE5PSXZ6M0FRTFNUbW5uWWZDRnROdXJMbnEySDBjMkQ5NkQtcnR3MlNJLU45TnE4V3lQM2RiQmVDS21Mb05pNmhlaDhFZWk3RnlJb1VyN2hVcm5LN18yY202Vm1GVHpxOVRQX0Q1cjBKVk81dkpVNW53RWFWa2NtOA?oc=5,False,di_luar_topik,0,0,E4_pasca_putusan_ma
"Fenomena Pasca-Banjir Aceh Utara: Muncul 24 Muara Baru, Warga Lapang Terpaksa Reklamasi Mandiri",Kompas.com,2026-01-12 08:00:00,https://news.google.com/rss/articles/CBMiyAFBVV95cUxOSGE0WmxxY0FvWUxUWVo1ZTB0YWR2MWt3cnZyWmJUZ2JuRTExSVUzMUlPdTFyeXl5cWR2OVljZXBLVFRYS0lLeW9pRTdacEpJc2FwMUk2ZGU3VnctNjRpWmZOOE9EY25IUVVJRUNZTjFJYWF5clRPWTQ4RXlZN0xuX0dEdmFLaFVfbXpVZTZpaHV2NWc1UGFRYkQweUd2azZYVm1JMFEzbmhFc0VOYVl2aTdqd3hVUnBOMDRLdEIzUENEY2pKUEZ0UQ?oc=5,False,di_luar_topik,0,0,E4_pasca_putusan_ma
"Saat Penambangan Pasir Tradisional di Kaltim Terhenti, Warga Kehilangan Tumpuan Hidup",Kompas.com,2026-01-13 08:00:00,https://news.google.com/rss/articles/CBMizgFBVV95cUxNX2dqenAtdm1LZW5VSHhYQVlnNE85bENBU05tTXBEdmtleEVXRTBmMG56VGlDMjZhdTctMHNGaHo5TWNiVzFkcVNkOTBOUEoza1h0aExPZGc3NVc4UWFlVXpZekRlcURwc2YzelNybHZJcEJuYmlkZEFGTFBEV3VnT3JKRHRSLWJkRVhyZUR5TEUyTlllWkN3X2xUX1piRU1vZkJWcmQxd1BJVVdROXh0Z0NHakM0OV9HNHRBUFVaazlTeFV0MzVHYkgtbGpCZw?oc=5,True,netral,0,0,E4_pasca_putusan_ma
11 Perusahaan Gelar Konsultasi Publik Pengelolaan Sedimentasi Laut di Bintan Pesisir,inikepri.com,2026-01-13 08:00:00,https://news.google.com/rss/articles/CBMivgFBVV95cUxOeG1ZSk5OaGxVelUzQV9UOFFuNHUwT1d4ejhfQldpUjUzSE5zdTFGVFlSQjNsLWc2QmJuYW9hOXU3T01yQmI5dTYxNFh3ajgtLTBFa19nczJvN3JsS0R3T3dpMHFZWEJmOGFJNGZmbkNhNmVxZFoxXzNNaDFyUmdjMDdpaUFVcnpidC1vVERpb1cyR2RkREgxaVZyMU9YNTliN3J4QVhnOTRnYVk3NVRqbjdnaWhKbEpXUXV1Ykl3?oc=5,True,netral,0,0,E4_pasca_putusan_ma
Pengangkutan sampah di pesisir Muara Baru Jakarta,ANTARA Foto,2026-01-16 08:00:00,https://news.google.com/rss/articles/CBMilwFBVV95cUxNd1NIV0ItX2lOMWxWaXVIMHBySGZncTlSZW1qV3otdDNsOGJtQ2ViMTdudkt3bHgzc21rRkVRSEVxd3Z5M0VWaGU4emR4NzZRQmpZaW5xRjBDYW9pWG5PVko2Z1EtVks2Ti1BdENqd0FTOEwta2hIcDk2VW1scEFiejRrRWRtMEtaVlFuakVmN0NWV3dKM29z0gGcAUFVX3lxTE5qYkVkRm9wRV9LOURzUWVuYXpNWWV0OXdWZ3pRRlhNOXNXSU1aZ21HTVJoeDB1YTlnejNzRHhTMnpZWWh0NlgyWkhxSzN2VGw2T0ZKQjktcUltUURrZGlfUkhiZGNGZDRTeVlfdXB1NUVKTnNIR3NJQkdNQnREQXU1TGMtNnlXaUVLN2JHeDdWT1FqYV9qR1Rwdkxicw?oc=5,False,di_luar_topik,0,0,E4_pasca_putusan_ma
Kepala Desa Citeureup Klarifikasi Isu Penjualan Pasir Laut oleh Warga,radarnusantara.com,2026-01-17 08:00:00,https://news.google.com/rss/articles/CBMihwFBVV95cUxNeGthc21Qd1NHcjJHUjc2UnlHb0hOaFlJWG5nUHRpVFRFMVZNRE9OUUdtYjJkN3EwTXdmS1lQR0M1OXB2SHpKX0Yyenl3UU5Ld1JERVdMTXFqWTNoUUJJZXZqcERwZ0V2SEs4dk8yV0JBMmpoc3ZPSEZIdGQ3TnF4ejc1cGxmM2M?oc=5,True,netral,0,0,E4_pasca_putusan_ma
Mengenal Fenomena Whirlpool dan Bahaya Pusaran Air di Laut,Kabarin.com,2026-01-20 08:00:00,https://news.google.com/rss/articles/CBMimAFBVV95cUxQSUx5MG05QlVqblhKNzRFODc2Y3lWSFlnZndJemswbHBjTzRHX1kwVlB3NUpENHllanA1WmwyMnB6NGt4MTFfWTg2a2g4V3FTZWt5dXJxMmhWb1Z3bkJhTWl5ZUVQbndxNWlLTmVEYlNselpZR01KSVVfWklvNWhURmJXWl9GWHB2djhGUmszZ25BcGp6Qy1actIBngFBVV95cUxPclEtLWpGcDExSWFtUzh2Y0lZZXBOSldaQ05LU2RMeUk3QUZlbjdneGpVaE5VZkZRSk85ZkFMaV9uMlN6VVR2YUQycTBQcGcySDBJWG1UTjBaVFdHMk8talR2YkJmUjFlaHpreVJfckplUWM2emVxd2xlZlRfYjRMVEQ5NTJiVlh5RmZQaklmM1NxVUVFMHZUZ2hGSEVpdw?oc=5,False,di_luar_topik,2,0,E4_pasca_putusan_ma
"Kamis, cuaca wilayah Kepri diprakirakan masih cerah berawan",ANTARA News Kepri,2026-01-22 08:00:00,https://news.google.com/rss/articles/CBMiowFBVV95cUxQYXJDRFd5ell3a2xnYVZ2Qjdkdl96eTBqUFI3eFBEdllJbF8yUVFGS1lHMk5GTE9SRGNLY095U0RzV1g2eDYxSW1YRlA0OURvTHRidEVMU25kN0wtb091QWh3SUV0Wk9mZVNUemhPcUlfdUlSQzVCX0R5bGlCdDJocGRyZ1BVdDJ6LTJaaW5vZkZESG5tQXRtY1cyY0syZW4xc2Y0?oc=5,False,di_luar_topik,0,0,E4_pasca_putusan_ma
Pantai Bintan Kembali Tercemar Limbah Minyak Hitam,Tempo.co,2026-01-31 08:00:00,https://news.google.com/rss/articles/CBMikAFBVV95cUxObWFLUWU1VkVOejNsNnhCaElUWjR5NnZXdU9LNlhaTDcyanF4S3VyMTdMMTRqVzF2MXQtcVRQeGpfZHdxUTViTFdJTkctVTA3aFR6TTkxSkRNX3daaXdqWXNnbmEta2FaVDFnVk51M0JqRmY5VTB1ZVExVjQxUU9TeTlHcWMzZlZYRFdYYmpJVno?oc=5,False,di_luar_topik,0,0,E4_pasca_putusan_ma
Bintan Targetkan 300 Ribu Wisatawan Mancanegara pada 2026,Tempo.co,2026-02-03 08:00:00,https://news.google.com/rss/articles/CBMimgFBVV95cUxOZkNJZERRUGNWREZNdmRNempoLTMzNXhWSWtLUWNSckJ1RjFIZWF0MlZQOGQ5OFZpRlRaRUstSlB6UU44bko0Q0o3M2xRb0g5dktnWkxzaWdmUkMwNlZ4WHBrb0xQeTNIYmVIUzBHZmR1SlpPMmU3VFEwUHZmQmZ2c0NVNmJhc1o5anVRTzU0OU1zR3FnMWZoRGR3?oc=5,False,di_luar_topik,0,0,E4_pasca_putusan_ma
Konflik Batas Wilayah Kalsel - Kalteng Kembali Mencuat,Media Indonesia,2026-02-04 08:00:00,https://news.google.com/rss/articles/CBMinwFBVV95cUxObW9ndmpvdjhOc3NWVHhHdmFPb3h4TWt2SFozczZmUVFDYTY2ajhTcDZwOGZ5YnNoTE13bVh2LU9LV2hkMHU3a2JrSXZKYU9Kc3M4TlBJQlFRNDJpVHlzSlV4R2ZGbVA1X2dtTXVmM2I4cXZBejZIb21vMmZyRjZraEhXS0kwblpjdTNXSjRwX0JDN3RWQUpEeFZLelZTU3M?oc=5,False,di_luar_topik,0,0,E4_pasca_putusan_ma
"Skandal Galian C di Rohil, PT AKM Diduga Keruk Tanah Timbun Kawasan Hutan Demi Proyek Sumur PHR",Kabar Riau,2026-02-06 08:00:00,https://news.google.com/rss/articles/CBMizgFBVV95cUxNcTZITGxWNGtNdVQ0a19VMTVjWVRmM0t5YmVrSDBEdklnNkJlZHdzcTFtQUVRX2hiMm1XYnRrTGUzcWlvMXNSTjF0emtpQ2d3ekVmcXI2NW1kaFM5U0ExbnVKcnRkdWpGUGgwQ2tCRDZpbUhpVVB4RFhqRnk4ZG9wcE43Y2VTejZWbjFwZFRUOVFNLXhvNDFaMGhwaFZ6Tk5ZVDVyMXpZUjZ5NUxMMnl4d2Rvb25mdWFtN01oNUkzNkJUVjJQci1WZ2w2UXN4Zw?oc=5,False,di_luar_topik,0,0,E4_pasca_putusan_ma
"Aktivitas Industri Masih Berlangsung, Kampung Tua Panau Digempur Debu dan Lumpur Industri",Batam Pos,2026-02-08 08:00:00,https://news.google.com/rss/articles/CBMiwAFBVV95cUxQUkc4XzBtSEM3M3otWUV2WFE0RUZDR2NhdFBHblRQOGRNdjNzbjVHdS1YX3AzUzVobmJ5X3dLSDNET1FFU3hqd0dPUlJKUE9lTGNrUnlNWWF5cWJfSkhtRlZyNml5VTJOY2VNXzZHZmJCS01uamZaZXEyWVYyY0VSWmZVR2t3TnNPNWIyVHlSLUxLQjJuZjJFWS1YdnhldHlkMzN3MEtlNjA4R3lyalBCbS1lbjR2MEFzUVJ6QTRNNmE?oc=5,False,di_luar_topik,0,0,E4_pasca_putusan_ma
Desa Wisata di Bintan Bangun Pariwisata Berbasis Konservasi,Tempo.co,2026-02-08 08:00:00,https://news.google.com/rss/articles/CBMinAFBVV95cUxPZV9obUtPaGVJeTRNTFplWHc4Q2Joc1pXYjQ2UUdHbmtqODJuT3l4YkZJQ2ZCdGhCM0dpcWtpNmVwRHBKMTBDanlmekhkckdodTQ1enh2WFhBUWdGMmswSXFGYlFwYkduZ25BYUlmTmZJOHluUmxlUU5fRHp0Vmc1Q2h5eTUxd0FpUkszVHhCSlBuaW1vYWRtejRacU8?oc=5,False,di_luar_topik,0,0,E4_pasca_putusan_ma
"Membayar Mahal Ambisi Pertumbuhan: Dari Konflik, Bencana Ekologis, Hingga Krisis Lain!",WALHI,2026-02-09 08:00:00,https://news.google.com/rss/articles/CBMiqgFBVV95cUxNS2l2OC1XX081czNLa3g4d3YtSHZaZ3JRNGRLUm1ZMTlwMVllWGhBdnY3R3U3WUF1c3ZvNnZiMktFTkZUd05OYkdocDJfdi1KN0xLb0tOaEpoTURfSXFHNTVzR3NhclRsRUk5bEJRbkE5UDJYOER4a1hrM1BVbE04VkF2Y3FSTWtZMFYyYnR1TWU0STdTc0RwS293MFRJX0Jod3lpcnhjZUU5QQ?oc=5,False,di_luar_topik,0,0,E4_pasca_putusan_ma
"Hanya Tiga Perusahaan Resmi Tambang Pasir di Bintan, Selain Itu Illegal",Riaukepri.com,2026-02-12 08:00:00,https://news.google.com/rss/articles/CBMirAFBVV95cUxPdHJEeDRoQTRkQ2ZFTExJb3pNdHhyREdOa0Q1c3l0dVJVQjlnMVRTY0NrLVoxOE01MUJuSjVHVHhQdTdaNWlYd1JDbm9IYjEyOFBGWHNMdjhGT1ZoVmZUaG82dG5SMklWWXF1TXBqczJXNlR4THNSc0JnM21MUWVQSk9vejlTU1ZmVGJzQjEySjBtMHdTd2ExZklydE1LcE1MRElTendoLUd4WHVJ?oc=5,True,netral,0,0,E4_pasca_putusan_ma
Mawatu Resort di Labuan Bajo Belum Lunasi Upah Pekerja Lokal,Floresa.co,2026-02-16 08:00:00,https://news.google.com/rss/articles/CBMitgFBVV95cUxPZndqSWVveXUzWE8xNmxOaUV2ckRkQ3pqbnAzWGljbGtVbDBTZUhEU3hVSWNyYlVrdUFzWG5mVDFEOERtR2lNZHd0VXM4Yl82dktuUEdrMEJ3ek5md2dSUFo2SUo2SThPeEx3TDNKX1lHYV8yRWs5QkZlNzE3cG9Ub3pwODhqYnhjdUFsQzRjc1dadkxiQmNtTlRiUHhoMUVXSFR0X2VCNTF6OXlCYWJ6Y2g0LUI3QQ?oc=5,False,di_luar_topik,0,0,E4_pasca_putusan_ma
"Pulau Gusung Petrik, Surga Pasir yang Muncul Saat Laut Surut di Kepulauan Seribu - Kabar Alam",Kabar Alam,2026-02-19 08:00:00,https://news.google.com/rss/articles/CBMi0gFBVV95cUxNanVYYjVBOUhpWE1mZVVRbml2U0JJNTIyeVlNM01JZThWekpIeHJKVnROcDFnY0ttUFNLVXNlMkFzbFVoeXdnd3FpcVV2N0pJVXQ0M2ZyelRvaG5nb3E1c2J4TFY5YkwxM3dXZEJ3RmkwWmRhYUVadjdIWEk2WkVBNktmNXllT0Fpd1cybW1lNGhPd05vbWNCRDNiWlZFaVZpLVI4ZGNRQzI5eDZxb2tOYWF6OVZzQ2phaFhwNjJkTzVGRWVzVHVvLTJhVzBkaGxhM0HSAdcBQVVfeXFMTW9UaWRrNG91dUxTQzJjWVl6dmgySzdPMzVfcHJPXzNsektmb1BkRnZTN1lDd2t4anY0cDR2Mk1ZeFljTTJTeHpsdmRUWmcwVmsxckNSTGZDUE5FM2lhYmotQjhfd3BZMl9td0VJUkZIYThXdTZYTXNhLVBSdDhqaXVfU2JhaF96Mjlmb19ORmJPeDdkWVZSUFpyNkw5WG5rbS1wNlJMUkNWSWVhcGlzWVZPbEpWOENxTi12UmU1ZVF5WXVXS3kwRzUtZnF5WC1oR0wtMW1ucEE?oc=5,False,di_luar_topik,0,0,E4_pasca_putusan_ma
KKP mendorong pembangunan 2 KNMP di Kupang untuk menggerakkan ekonomi pesisir,ANTARA News,2026-02-25 08:00:00,https://news.google.com/rss/articles/CBMivgFBVV95cUxNTFFvZHRIY3p3ejQwMERMa0o1ckJBN3FQVk81LTRWS0Rlbk91d2g4enBqOXFGekx2bnM3c0JvMWxobjlYY2dKZnozd3pkN2ZWZW1uWVRseDRJSE9feG54elN5blN2WlZnYkdBVkNIYU5uOTQ3bE1TeWxpRGtaQldGczQ1M2tWUXpDSTZWd2pZczExM0psUVF5cHBMTEQ2VkFKNS1YeFpLNENxMmxrcElIVm8xZHFMN0ZQUms2NXZ3?oc=5,False,di_luar_topik,0,0,E4_pasca_putusan_ma
Babak Baru Megaproyek Giant Sea Wall - Bisnis.com,Bisnis.com - Ekonomi,2026-02-26 08:00:00,https://news.google.com/rss/articles/CBMikgFBVV95cUxPazEwZXBHNzhoaVFMSGgwbWFIcHZlZDRiS2MtSWVFTWl3dUZOQUJkRGhNb2d3cHlnSFBuSkNjb05pTTgyd3lEUUhNWnJhdFFqZ3ZiQTJsaF9mSGs2aHJaSVhKRThEUWM3enF6X1YtVmloSHFXVnBzemE3S1lEWEt4bmx3by1lSVprNVlaV0JJUHZxZw?oc=5,False,di_luar_topik,0,0,E4_pasca_putusan_ma
UGM dan CBM-B3T Perkuat Riset Biomaritim di Wilayah 3T,Universitas Gadjah Mada,2026-03-02 08:00:00,https://news.google.com/rss/articles/CBMiiwFBVV95cUxNVTFBZFd3a0RYU19melZFSUFWcEJJRG9nNkVsS2hXUnByQ1dBbkZXUUg1Z0hsRjU0azVwdzhRT2RBdk1CczczNEFRTUItM3pMVkhZMWttbUs5UEFONTBVbXdjbUEzTE16S2cxWmdlUm1ZYlgtM181dWl2aVF3T2dneXRSOEFfWDVfNk9v?oc=5,False,di_luar_topik,0,0,E4_pasca_putusan_ma
"Indonesia Buka Keran Impor Etanol 0% Tarif dari AS, Ini Syaratnya",InvestorTrust,2026-03-03 08:00:00,https://news.google.com/rss/articles/CBMipgFBVV95cUxNSTNrMkJ2SHJmbktvWTNxTlp2V0dMSHRFTkttcWZ2bEF1bW8xUjd2cE1wZVctYkhSQ0VqVTRvZlJiQ1ZTaWxZV0thT0JsTGFYbVhrMXlOZmdNc1pTcU5jM1E0ZWNpQVNTMTVCWjAyOWwxODRLc1N0T095N0VsejJDLW9NWThCaU0wQ2FvNFBScUNobHBoandqMFBwcC12X2dmaGlubFdR?oc=5,False,di_luar_topik,0,0,E4_pasca_putusan_ma
Menanti Sanksi Tegas Kasus Kolam Limbah Nikel di Morowali,Mongabay.co.id,2026-03-03 08:00:00,https://news.google.com/rss/articles/CBMilwFBVV95cUxQSDdKMW4xQXNuakVUNHhuNFB4c2I4UGplX2QtaVhlVjQ0a2Zta0laTzhYcGZOcWtPcDJjX3lpX3o1eWJXT0hsTXUyUHRMYi1vMXZ1b2FUWHN4ZnhWN3Vac3E0WGtGTnNnYl9qUEN3V1F2Yko5VzlVcl9yRWNWejVZWnNIZ3RNUWtUb1FzUFFGejhhaVJGVGtj?oc=5,False,di_luar_topik,0,0,E4_pasca_putusan_ma
"Tolak Proyek Tanggul Laut Raksasa, Walhi: Solusi Palsu",NU Online,2026-03-08 08:00:00,https://news.google.com/rss/articles/CBMikgFBVV95cUxPbkF3VEdqa3NCemFZZ2tJRFNydlN6a2MyZkl1anNGUUtrT19fN3dMWDVlb3pMaHFnc0duOEM4Y1prWDcwcHlvMGVZQU11VWtPWTc4QWRzd19STUwzZm54TDhabHZTQ1NZdW92d0ZiUWJ5LUFlR1B3NG5rSUhtVnJkVVlBZGhtc3h0NGxaSjhYdlpud9IBlwFBVV95cUxQNnZZcE9OZjZTVTVONE91S3FBOXVzMFB3X2I3Z204RFRQNVlvVXZpTEJUODI1MWpNei1BamkzWG9XT05faEVnbmV3QnN4UzdwemVaM3BzOHpOWUp6bWhwNlQxQVBHQ1FzdzFUTTBlSWFwTkVCVUwwOW8waWFSLUMwNHYxWW9jcFJibkJyaC1ERUN5bDA5Qk9R?oc=5,False,di_luar_topik,1,1,E4_pasca_putusan_ma
"KM.Makmur Jaya Karam di Perairan Marapas Bintan, 9 Penumpang Masih Hilang",Presmedia,2026-03-09 07:00:00,https://news.google.com/rss/articles/CBMimgFBVV95cUxQZVp3NlMtRTdlYlFYaDY3cExMZkxKeUVNa0V1eDdxZlBGNDBJY0VIVm5veG1WWHBCMkt0MFdHMXNUYzNqU0lMVWEzNG9PN2tZTm5tTE9vMVd5UXlucHowcTBWU25OdkdLZWRLTjhQZUN1b2pQdi1HanlzYTlvLUp6ZW1VVlBlLXBrUEI3MWhzdVNwVW96ZU82VzhR?oc=5,False,di_luar_topik,0,0,E4_pasca_putusan_ma
"KKP Terbitkan Permen KP 6/2026, Ketentuan Ekspor Pasir Laut Dihapus",Ecobiz Asia,2026-03-13 07:00:00,https://news.google.com/rss/articles/CBMikAFBVV95cUxNLTJWSlYyTnM3SVE2a0pJYk9mV21sOXQxMHRtWUFQVEh1MTNtUVFFNWI3eHJJX2NBTDVIbVBHWm5tc1ZERVhRdWlQdTFaaGh2VFpVVTdLcnlYeFNVQ3lXZ210X2pBWVFVajc4QUItNEp0UWtqQkNBd0FDTlpUZXplSmh0d09ZNDBDaTRzTVFaSnA?oc=5,True,menolak,1,0,E4_pasca_putusan_ma
"Fenomena Unik, Sumber Air Tawar Muncul di Bibir Pantai Lon Malang Sampang",RRI.co.id,2026-03-15 07:00:00,https://news.google.com/rss/articles/CBMiswFBVV95cUxOdDF3ZkZTeXBYMERtR21ydDYwMnZXdVl1TkdFcVFTc3VqNkZsdVdwbXZfem4yQmtQay0wRzlGUGJsN1huVklzRm9WTWYwZHpGamFvaVVVUnZDT1ptNmxKWnUyc2JTSGlxZkUyNkQ5VVM2bm53UUNndW1ITzlhTmF2cmhoamdNYndpeGlQUXNqNmYycDFHRFB1REhQNFY1akVzV2x4N2dnN1Zvb3NMeEVULUpUbw?oc=5,False,di_luar_topik,0,0,E4_pasca_putusan_ma
"Penolakan Eksplorasi Pasir Laut, Nelayan Meminta Dilibatkan Rencana Penambangan.",kabarinvestigasi.co.id,2026-03-18 07:00:00,https://news.google.com/rss/articles/CBMiwgFBVV95cUxNVFpnRW0wYjNReG0zcW1VSDlJZ05rU1ZEWml4V09ycHFqeGNNdmRINF9aelhJdVc4TnZxVXRSVDlSeVNNaFpWenRaQXI5a2tCRTU5WHR5bkk4TWNGVGZIU2pHZWwtQUtWX0c1WWUyUWdnWm80Ui1rZGx6eXpwVmF6bTAxd3RmS2M4a0pFaGVrck1VcmEtYmN6SW9fTTBwUDdVclZMZUlFeHA2QVZBNkdGcjVsN3ZQYUozLUMyN0l4Wl9mUQ?oc=5,True,menolak,1,0,E4_pasca_putusan_ma
"Wisata Pantai, Awasi Anak Selalu",RRI.co.id,2026-03-22 07:00:00,https://news.google.com/rss/articles/CBMigwFBVV95cUxNdGZ2NnRuekJibl90NGZuTmdRcC1ST3VYbXNvODUyNkFKckhEVVo2TERYbmZDUkhobmhJbHV4cnF2SWxFZ24yYWlwVnY3WXhxQzUzYkpfa0FfR3R6OVFYamZRLWl6SlItMjh3akYxRkc2dDAwcVhfZjFPQzh3VkxCWUlhRQ?oc=5,False,di_luar_topik,0,0,E4_pasca_putusan_ma
"H+3 Lebaran, Pantai Cibendo Karawang Dipadati Pengunjung yang Antusias",Rakyat Jelata,2026-03-24 07:00:00,https://news.google.com/rss/articles/CBMipwFBVV95cUxPNkFJU2xZc09zMU85WS1BVTA3d0o1Q0ZkVlI0VUFOZHktTEFXallCWjk3Y01FaFlNNC1fbnkyaDk1Vm05Q3ZJUXZ3N00xazRyVThycjM2cnRpblIyVzNDSUd2akJ0Zld2RzNtMV9rUmt5TkN3Ui0zaXVlajBYNUlQaHVIVWQtQXc4Nk9SbHNmN0Z4ekltX1EwaDhVQV95cUY2VTV6YWlGZw?oc=5,False,di_luar_topik,0,0,E4_pasca_putusan_ma
"Bintan Tetapkan Status Tanggap Darurat Karhutla dan Kekeringan 2026, Ratusan Hektare Lahan Terbakar",Presmedia,2026-03-25 07:00:00,https://news.google.com/rss/articles/CBMivAFBVV95cUxNQ1FHYlFqT3hYak1HV25sUDdSdUZIV0x6RUUtNGtlY3RuSkRpX3lWTEZMY0FMdkloREI5eF9WOHh5Z2hwUURFRFU4SEs0OWRudVJ1Yk9KOHF2d1JVRVpuemJGS1VmZ2lvbS1HMTFxUHloUUlDdTA4c2pLdExnWDdpak85UmtiOTlpdUVDaWo0YmhONWFKa1c1WF9BUGFHMTdkVWg3Szc1bFpjSE1ET1pPZThjS2dmT2lXZy1pRQ?oc=5,False,di_luar_topik,0,0,E4_pasca_putusan_ma
"Nelayan Pulau Numbing Tolak Tambang Pasir Laut, DPRD Kepri Siapkan RDP",Batam Pos – Kepri,2026-03-30 07:00:00,https://news.google.com/rss/articles/CBMioAFBVV95cUxNT3FfejNGa2lYVmNyMW9Obk9BTy1XTkRnM0lsREZqWWh6N05mUFdiS3gxZFp1MGF4ZGVweElGZHplWXcxY3I1Sjdxd1ZjZktFUHN4eldYQUhfakp6ZDdWd2c5N0xPa2YzYlBiX0s1QWJ6T0ZNbHdZSWV2SDJmYmNiUEVCa1NGamxQV2ozcnFlVmhScHowRHJpN2J5MnFXQjhF?oc=5,True,menolak,1,0,E4_pasca_putusan_ma
Anomali Tata Ruang: Ocean Grabbing di Pesisir Kota Kupang,Floresa.co,2026-03-31 07:00:00,https://news.google.com/rss/articles/CBMisgFBVV95cUxObGJfV0dJT2dtdDBWQzhZLVJOc29FckR1ckVnX1JYTWhXRGUxaGNxY1NJQnFDWGJ6S0Q5c0dLa0NaWld3c2xHZzNQZVotLVg2N2ZVc2V0YUZKa251NnYxMkJsNXI4SEN1TnFvOFJ1LUdyLTlTVE9OX3Nsd0t4ZlcwSDdobEoyVV9yMUNpQzdKTmZTVExwdVlWd25mRUI2bGI2ekFPbkRIRk5VXzN3VVJkOVRn?oc=5,False,di_luar_topik,0,0,E4_pasca_putusan_ma
Kodingareng Keke: Pesona Pulau Tak Berpenghuni di Makassar yang Mengingatkan pada Gusung Sanggalau Berau,Berau Post,2026-04-01 07:00:00,https://news.google.com/rss/articles/CBMi5wFBVV95cUxNMFhvMVFaMUczNV9ZUl9wWFItZU91S2ZIb3lSVkMyNGlDTTNnYW1vcXQtTXA1djY2RWhxYW5LU25MdlJpc2hDalQ1X2FLMDNiMFRSR3NQMTk3M3l2MEpJYUN1cVdPbEJKZlZ6NHdqUWNNUTVjVXNLV0lWMTY0YW9XQTlmY1BqYjZaNndKMm1BMXZMRFllbms1MDBuU3VuSTZfWjRLX1VOLVZyMXcxVDZ5YlBpTUdERWNubndZRnEtV3lkNnBzd2dlM0h1cmZZdFVTVzdHM196by0tZl9OXzEzQWxYc2l3dVXSAewBQVVfeXFMUHpVdjNPUkRsWllzOHE4RkQyYlUxVzhobjBzWWVlZE9BSTB5Z1dSWHNUVng1THFpVVpfN3VUQkpGR1ZVc1VpQjZJekNKLUN5MllTTTNBc25CVWlGOUhYcVZ6X1lJMlk2Y3FvYkc0YXBBdFJhWVpPSXYyS0lZN181QlI5akpuSU1MMUJrNldIQUh1dmwtaGtOV0w2UVVvaDhmVktRdXlOTWpPaFFzNDlPWG5xNmMxT0VwV1ZyX1RCWlF2aTR6eEwwWWNEMy1QblFMRzRmVVRmNlNXdU1JUkhyOC11RFdwRlE1Zk9VSG8?oc=5,False,di_luar_topik,0,0,E4_pasca_putusan_ma
Koperasi Merah Putih Kuala Sempang Catat Laba Rp21 Juta dalam 9 Bulan,Batam Pos – Kepri,2026-04-12 07:00:00,https://news.google.com/rss/articles/CBMioAFBVV95cUxQaTd3TjVVaVRwaWVZdTEwX2p6UjFVbXZsOFVQQ3JfZ2hOaWxhU0R0RlhsNkM1c2JURFpjV2RXR0hFNGxTZkh4UFk3SVEyUnYyVktfOUxLNW1ibTNodEZraWQydEtsN1E4U2UyQjZ6UmxuVG5fTUhKTDk0ajczSFZFMWZPcFdOMlQ4N0I2TnR0OFd3SVFVSC1HLVZVWVd1a0lx?oc=5,False,di_luar_topik,0,0,E4_pasca_putusan_ma
"Tambang Pasir Laut di Bintan Picu Konflik, Nelayan Terbelah dan Resah",Jawa Pos,2026-04-12 07:00:00,https://news.google.com/rss/articles/CBMitgFBVV95cUxNUW0tWVJfaGQxT2pYbXNlTVpCVXhtRTRoZHR5WFRMOGEtc1JhR0tpMzBjTWM3MVY5UUdrUDRsd3Q0NVNNU2liRFdIQjZrMy12dHlldW9SOGw4ZDdDcUd5T3k4d29Uem8yRGNzZHNKcGVScjg4akNoLVBodmlOaGlfdkd3RFNmNEV2RTZWOUtJOGNMLWpKZUlieWNvTUNaOFkzd0RkeXA2UXA0TWtuSXZ0WjBiZTVvZ9IBuwFBVV95cUxQZHJPTGhGcUJxZWROWXRiRTExNHNObjlPU0xWZDBJamNKTmwzdnQ0UmxqZmF6LWxtaUVBOXNjdXFXaW1jelhha3VZYnRMaXBCck0wU2pIOUNXTW5MWjRxd0JvYXh1WU5PVGZLcHFsTVlrME1FdF9mY01qdGE4LWNKUEM5SFlHZjNIaUk1M3FES1B5X1ktZGd4cUozMTNOV2VnbFNiOUpJbTVLcTBIVExxZWtseEsyYVpOZU9N?oc=5,True,menolak,1,0,E4_pasca_putusan_ma
"Ribuan Nelayan Bintan Tolak Sedimentasi Laut, Desak DPRD Segera Gelar RDP",Batam Pos – Kepri,2026-04-12 07:00:00,https://news.google.com/rss/articles/CBMipAFBVV95cUxPZVNPX0hYckhvNkU1Ylh3RVY4VDA1aWJMQ2lQZEJXWmxyRHo0V2tPR0VUQVZtUFZpRWx5VXFJTG5fa284Q21wX3gxLWNiOHBYYXBfSk9yak9JbF9UeHdlTm15Zm1LNkdBdXA3MjdHcnR2WDFvTUhkUERZS1lmOFZqZDk3ZTZaTU5wUVViOU1NbzR0YXpSSnZuSEdGU1hDMnNMekNkVA?oc=5,True,menolak,2,0,E4_pasca_putusan_ma
"Tolak Aktifitas Sedimentasi Laut Pulau Numbing, KNTI Bintan Bakal Turun Demo",Ulasan.co,2026-04-16 07:00:00,https://news.google.com/rss/articles/CBMimgFBVV95cUxOcS1WZEJYQXFjMENtUS01STJQS1lVLS10dTRwR0h2VHlJLUJUM3JqUS16SURqdDRjY095ZE5aZW1YYXYzRVREM2tVLXVMY1RQbGIweE13Rm5EZTl6Y19WV3JPenphWHpjb0E1RmtMYU1ncDJmQ1Z3MTI0SHJHdUg4UEFHb3l5dXo3UWhMbm03SjFUQ29YM0plQ2tR0gGiAUFVX3lxTE9tcHFKUUpJVzJrdVQ3T0kxVGFwcldoamJnYVVzSUFMbjkzMnpzclNLclg2YU1UQnpURHA0S1V1MDZJQWQ1ZzU4Qktla2thUmczRW1Nc2w2eGJ3Y3U5akhBeTZKcFVUOEtpOGxRMFdXN1lsNy04bW1jR2xJTzh1YlBzOXQ5cDBEcGprQVVJUkt6Z3Y3YzI3UjlMNldKT2NDWHI1UQ?oc=5,True,menolak,1,0,E4_pasca_putusan_ma
“Pertumbuhan Memiskinkan di Morowali Utara”: Menggagas Mekanisme Pembagian Manfaat Industri Pertambangan,Radar Palu,2026-04-16 07:00:00,https://news.google.com/rss/articles/CBMi4gFBVV95cUxNYkJyamRJWVE0WFZLTnVMUEdOSFBnaG1rUnk3SEluY1hYLWxCZ0EzWWF4YVI3YXZhMTBjSC1lbVA5dUMwcHdrSTBPZnp4cjdNc3JpRl9fTy1JTnIxS1lWblNPaTRnODVjOE5CSWl2d01hMXJpN1ZYM0wyYW0zS3NOb3hJYU9sbmZRMjMzSUM5TkxuTzR4SmhpWWhmUGtJWDNNLTlFRUJBQ0FEN0N4Sy1POVh0ZTdPdlhWUlc2UlFJWUtTMmY2SjNJTElfakVPalFDTzEyamo0RThuaWJnNzNLMHZ30gHnAUFVX3lxTE1SWFJuT25IdHMteVp4bGQ4aFZMaUphSUJzTjRmWTZWbVIyXy1QTFJON3QxQ0N0aXRyQlRMbG5PQTBhNzVwWERfWGdUMTRDMi15RGlwdWlRTXVzZVFEdlRBSnoxZTNkX2YxbVdjeE1wbFpzLXZHdWRLWG9oLW1oYWRIYlM2a1lJNTAzd19zOFhGZG9JclIyNHhIaTZmbzhwSjlmcjJ4YUdTcHRzWWZhUFJrXzhtLXYzUEhYX0Jydk1Vb1djMnltSGtFMl9GRHlyc2xFS2Y0ZnJhajM2cWE3TDBleTZYeUZlVQ?oc=5,False,di_luar_topik,0,0,E4_pasca_putusan_ma
"Warga Numbing Tolak Sedimentasi Pasir Laut, Khawatir Rusak Ekosistem",Batam Pos – Kepri,2026-04-17 07:00:00,https://news.google.com/rss/articles/CBMingFBVV95cUxPSUtEZm1jaThwZHhkWnhtTVhhb3FQckp4WnFKaC1QY1FNbmM3Rk96VklrS0ZteFM0cnd1TmxQeXVVSHdmRTgwQ3dhLVZSUGsxUjk3VjNfbVg4aGctMkxKVDBFU3o4Y3Y4NGstYmNZSUpHSnBEME5ob3gzeFdwUVBXSW1YNUNwdXE3VXJHY19LRWNaaHVYQjJ5YkRURmkwUQ?oc=5,True,menolak,3,0,E4_pasca_putusan_ma
"Warga Numbing Dukung Proyek Sedimentasi Laut, Tegaskan Tolak Provokasi",lintaskepri.com,2026-04-17 07:00:00,https://news.google.com/rss/articles/CBMimgFBVV95cUxQd2UtSjFiLTZ3cm5ZSU1ROG4wdWloN05vNERjdzhZWVlGMS1SUWRmMUQzTnhwMXRSNlVjZFI3V2ljcEEzTURWMy1HRDRyRzhPdnRDaVpYaEx5SHJkNGRHcXdXNmpQQXhhQkFSMGsxQUg3d1BvcXd2UlRnamF6MUpRWGhxMjdYVnM2cHRqUU1CcUlFSkczUHFMU25n?oc=5,True,campuran,1,1,E4_pasca_putusan_ma
"Luar Biasa, PT Aquanur Sinergindo Bebas Keruk Pasir Laut Diduga Secara Ilegal Urug Pesisir Desa Bubun",topmetro news,2026-04-17 07:00:00,https://news.google.com/rss/articles/CBMiygFBVV95cUxNdmhhRU1INC1GOEhna1JIenBMb0dFM2l6U3oxNmpNMjJuMnNpaC1VR0RvZTV0aDBtbTIyeEROeGFVRmlOVkc4SDBkU1hFQy16TXJmX0tKWG9XeVJYbmhfVHlJdkdEaUJsYTY1UDNhNjRiTkNHY0s2S1lZX2x6dmRpT29jZEt4bWpxa2hDQjJVajhhaXZ4Tm0tbUpMa1JPcmxIQjZXQ0VEYjA3ejVTX2lvQWtuSXJGMlc4ak4xaUVBdmM5WmszSGVWcUx3?oc=5,True,netral,0,0,E4_pasca_putusan_ma
Proyek Pengeboran Gas di Langkat Diduga Gunakan Pasir Laut Tanpa Izin KKP,Orbitdigitaldaily,2026-04-18 07:00:00,https://news.google.com/rss/articles/CBMipwFBVV95cUxQOHExR211N3oweVdEbVJuMHh2NDJpQkI3QjEwR2k2U2QyUlBpRDdiSEhYTTNKZk5mMktZLWk2am0tc0lldGw5MndHZVBqNDlwS1lDRGRsSHdyVUJZaHZhVVlGeENRMHVERTRuQTk0WXVFeDlteDJiZVFtYjA5NTIyQUhsTHBLa0pDYzhmWktDSy02bGlzOXlDZTV1MWRDUmZyd1pLZUFPNA?oc=5,True,netral,0,0,E4_pasca_putusan_ma
"Malaysia Tangkap 2 WNI terkait Pengerukan Pasir Pantai Ilegal, Simak Kasusnya",Kompas.com,2026-04-21 07:00:00,https://news.google.com/rss/articles/CBMivgFBVV95cUxQeERMbTYxQlp5T0hZdkJuU0pPRU1aUUFCcUR0RWlPTE9Cc2hrZk1wNnpDdkdURC1IYUU2S3FlVXBGdEVOc2RZT09sZnYzQ2E3cjhFSC1UMzlEUHpQUXJRdWNaNVVycFNzS0FXRmZOT0VuZ1NtY1RpSXloYlF4WU9yQTlBTHdzLU10OEl2Q040V1F5QUk0NkVUU0hBVHNQajI4aEJKQk1GcjRzNkNRRE5iUVBINDFNY01sdmlUaGNR0gG-AUFVX3lxTE9iWjkwZ09sdFVmTk9zQ01iUXg0cWgwWGtxMVlpTmZQbjNOLUtSTGQwbHE2azlKVEc1NnkxWlJKbjZMemV0RjlGRW9rN0xzZmhESDdXYmJJbnlGMDEyZ0tFdnNLdUlkeVpSb2pkN055MVhhZWE5Qmc2Q2o4MjdUNHJTZERPMkZoYjN6eXN3WEFuVlhxWXRXT1I0Nk1KOTAwYXFEVGsycHpxbjBNbzY0cjg4M0pueWRXTFppcU9hckE?oc=5,True,netral,0,0,E4_pasca_putusan_ma
"Kerusakan Lingkungan: 1,8 Hektare Mangrove di Dompak Dibabat dan Ditimbun",Jawa Pos,2026-04-22 07:00:00,https://news.google.com/rss/articles/CBMiwwFBVV95cUxONFc1S25wZFdVdnZwT2tKb1pGaWNVdHZSckVGeDZQU1J5UHZJaXJ3bjBYY0hLUFBQTkt5SGV0Y29ORERqNkJnQWxXdGJkM0ZwZU1lcUF6X0l3LWlib1ZjNUM0enBXZU04UC03bTR0Sko1RWZEalIzN0RyelI2a3g2dFNQMmhaMGZVZnNfZXBPSXZLOGVhanMzZV9oa3R3NmstUUFya29RbFAzWExFY2htV2NYRXJ1b2g0WTI3QllWd1FNRlHSAcgBQVVfeXFMTmxxZ2pqMUR6T2hfX1k4UXRZVFZPN2N1X0xWRFgtZm42WVg3S1RDMm00WEtjeXJJSEtNY21YQldBT0JvN1ktMVhPSTk1c2ZMdGJlUnVhMGdibVNreU9hemJJTTRudUxRby1VaEh3VDZCUUlPT1prZVo4UmlCSER6UGhKU25YWmhpdHFwUEVzNmJDOUJvR3B0U2JWeGRCa1QyVWNVaklnaWhaSjliVnF0NkZXeHlMRUVCcURfTzkyNVN5WnZsYTJMaks?oc=5,False,di_luar_topik,1,0,E4_pasca_putusan_ma
"Warga Bintan Pesisir dan WALHI Tolak Proyek PSN GB-KEK Pulau Poto, Presiden Diminta Cabut Izin Proyek",Presmedia,2026-04-23 07:00:00,https://news.google.com/rss/articles/CBMivwFBVV95cUxOcXRFU3U1MFNfa1htdnJFX2lEZ252WHR1eURsMDZRNlQ0LXBreHZDNXp0TnpNMlJqZG1lNUxPa0N0MEd6Z18yZWtQTEw2WlJOYV9tdE5wenZuU2xwR1AwTVNMQlFsS2xUU3JhZ3hYYVpZS3ZLcjVJLUZOWHQxVUpCSkZ1dmtWeWRPeURKUlhwTVhPWnlKT01QOEFicTUxRy1VcTJpRGg4cWk3aGp5M0VmUlpoOTNwZUVidnJuaDE1TQ?oc=5,False,di_luar_topik,1,0,E4_pasca_putusan_ma
"“Darat Kami Mengalah, Laut Jangan Diperdaya”: Ultimatum Dato Kaya Bintan",beritainvestigasi.com,2026-04-28 07:00:00,https://news.google.com/rss/articles/CBMioAFBVV95cUxPVnFUd2lkTlhfTHM4Um52LS04ZEtCSDlGN3hBd0JIWlFHS2s0TTFfeE5mOTJ2LTUtdmlDdm1Gb1dFczRQTTc3bV9rV2hoV1RlVC1HVkpwOXFtZWtOdFF3dG1jMmRaOTdISy1Mbm5LQ1dnUXpjclZvUDZjdHZZX1NUMk1mUm1wVURpTWlVQTRKUGlraFFmWm5HRElPRUVIU2Rs?oc=5,False,di_luar_topik,0,0,E4_pasca_putusan_ma
"Hasil RDP Belum Jelas, Nelayan Numbing Soroti Proyek Pasir Laut",Batam Pos – Kepri,2026-05-03 07:00:00,https://news.google.com/rss/articles/CBMilwFBVV95cUxNS3pKYXhGMnZaWHNPYkNTejNhWnd1YmU2ckt4a3JXdXF1X0ZDcDN6WjRYcWlWc2FwQ2dhaWw3aDZoZ0h1RVNRMWhTUUNFalRhVnp3U29lTUR3c1hoNzVZb0lJNjRyWmlIZDhpNENHc3UyUTRGRlYxZmFqVGFGeWNweFhKQnhuS2FvS0plQmt1YzRqMnN1emQ0?oc=5,True,menolak,1,0,E4_pasca_putusan_ma
"Tindak Lanjut Permintaan Gubernur, KKP Survei dan Siapkan Perbaikan Muara Perikanan Dangkal di Aceh",biro administrasi pimpinan setda aceh,2026-05-05 07:00:00,https://news.google.com/rss/articles/CBMixwFBVV95cUxQUXJJZjViSFdWVDg4cm9ZSWtZUTlidFlNZDRpcnk1VW8xZ0lnY0tYeHFYOW4wV3dUeXEtUmtQTDlOUF9uM0JwbjBvNzJrWDY5SVpldDA1aXhZVllwX0JXU0NrZkQwUE1QTDJjR2lWbnBZT0VILWw3NzBKUUpiOEhNc3ZXeGFiLTB6LWI3T1NZMThsdVZMQW1DakVVcW5tRGp3UkxSdkxaSmdGSDZSY2U3QV9wcTlLTkhSOVpBaHN0Q1I0UERYLWkw0gHMAUFVX3lxTE1ocXo1bWZGS0o1cUxqY2FjYUp5bTNNMkRXU3VGZDN2aTlGNUQ0c2p0ZVc0WXJ3S2R1MWpLYzE2cmdhbVdBUWRvZklpd0xBdWNiV1ZzM09CVG9tcHhlb1J3ZlZsblZ3a3M1anI4VXpBckhZTzJweGloNTd4Q2lhLTJfVGxPaFZYMUxOd3NLa1dFN1NEMVVDQkhDRTgtZ3hMSnVvUW1JRElWaGtZclU3cmhKSnZwX0x6RGRXTjFyTnVNMUs0a1VPV3FOaVNjSQ?oc=5,False,di_luar_topik,0,0,E4_pasca_putusan_ma
Pengelolaan sampah organik secara mandiri di Jakarta,ANTARA Foto,2026-05-07 07:00:00,https://news.google.com/rss/articles/CBMimwFBVV95cUxOM1lEX0RwbWk4T0lWQk1PSE92clJCeVFJRHpMWk9aVmVZUkR4YkY5WnI4OGlWOHp2MkFUQ0VUVE0yc2lkdnQ1dUhMRjRwSUo1MEk4cmhWb2tqTkVlcGRocnZZUWRpV1lkTVR4d2hqTk5PZHNBbGpGcUlSMzBKR1MwNXNpbWZtQzNxdzNEQkpWaEFXN0NrYXp2c1BtRdIBoAFBVV95cUxOMlprV1FOaXk3cV9DZ3dtcVpYUjF1TnlUdUtyRHFQa1JDaXJpWmpfRXp5VGRfY05XcGszZUJNSldSSW5GdGF6VFcyeGI5bm5GeEdXVnlIZmx1ZS1PVkJ2MXVNcWUxQ3JSRDl5UDJkUnZ4d1pyT0FZVWFXUDk1MF9BejdVVTVWb056V2JLQkM5eHVuN1BMUzNLdktmTVpuNnBE?oc=5,False,di_luar_topik,0,0,E4_pasca_putusan_ma
"Nasib Nelayan Natuna Hari Ini Masih Terhimpit Kapal Asing, 'Terkadang Bisa Terusir dari Laut Sendiri'",RiauPagi.com,2026-05-08 07:00:00,https://news.google.com/rss/articles/CBMi1AFBVV95cUxNUUJwZGY3M05FMlotY0JrWUpaRXBpNVJYdzNJejJoRi1UbGF1blRxRDR0LXhmVnRma0hIVktaZGJBOFhLTU1ZeGhkeGZqNXRnb2RHdU9zUU5kU2ljZms2ZmpVb1o0dmkxT2VyNWIweDdsLU5VcnRkX0JIZFo4a3A5U1ZlTVJSVDh1aW9ZalhsUlJpajlhSVNPTHloRUduYXNKQTBFdHdBcUJUdEJRbkF2WkZFd3VsQnY2REJISXRVT0gxclk0Y29VWk5VdTU3Nm5rU092MA?oc=5,False,di_luar_topik,0,0,E4_pasca_putusan_ma
"Perairan Bintan Kaya Spesies Ikan Karang, Kepri Bentuk BLUD",Tempo.co,2026-05-08 07:00:00,https://news.google.com/rss/articles/CBMinwFBVV95cUxNUndzQlBsbllHLS1BWjhLb3cxTk1mVng4NU1yaWpsLWVhX3N5aHBDdkMzemowWWtEYklwNHZrM2hHakVQajlXSEFLRFRCSEllbGVBbWMwSDRMY0ZlQ25jMGVYaW53R0RoejBTUGUtYkcwV0dSaXZBQVFwdzg1UjR2MnVveXI3QjZFYXNpV0l5Vm5xMzlITTJ5cVE5QVhhV1E?oc=5,False,di_luar_topik,0,0,E4_pasca_putusan_ma
Nelayan Numbing Demo di Kantor Gubernur Kepri Protes Aktivitas Sedimentasi Pasir Laut,Batam Pos – Kepri,2026-05-12 07:00:00,https://news.google.com/rss/articles/CBMitgFBVV95cUxQUXMyNnhMbVlLVEZkZFVkMElqamZZa01BNzVzUEFUS0Z0d1ZjdjVERlJEZVZZaldMVWxhVi1IQ0xYTFVzbm80a3YtQlVUZHJyaFI4N244MUZPOElVbVgyeDZyN3puTVpZd0REcDZXLXVtczBHdXhqMFg3WXJqTUc4UjFDZ0hMVFJVSkxPYXFPc0lVOUpNVWhLemdybThKN2xRTGZFdC1ERXl5aV9pX0ZCYUpZOTRVUQ?oc=5,True,menolak,1,0,E4_pasca_putusan_ma
Kata KKP Soal Kecurigaan Kedok Tambang Pasir Laut di Bintan,Tempo.co,2026-05-14 07:00:00,https://news.google.com/rss/articles/CBMioAFBVV95cUxPektScnRvR2dpa1NfX2tGNVNCZGltbVVSRGdWbTlqeG5xQnotQU0zM2FQcTRXSHFCM3JvbDRHS01tUUhQeXJweS1FWU0tazNWZ0tkLUpSV1N5NnlyQXJSNDZhMVJobDViZDhyUXRWZzF5WEVLcHBIU2RITFlkVldDYmNoLTdnT0VSY19uQnY4Mk1lQk1qbk9fMWp3SmpWYVll?oc=5,True,netral,0,0,E4_pasca_putusan_ma
Anggota DPRD Banten Musa Weliansyah Bersitegang dengan Warga Penambang Pasir Laut di Lebak Selatan,Kabarindoraya.com,2026-05-15 07:00:00,https://news.google.com/rss/articles/CBMiwgFBVV95cUxOckpkSFBsSHBHUEhfY3p5aUY2c2dGbWRseHhXRVY0MzlBQ1VVeTNwSTg3MU9rY3ZTX05MOTVjWV9CXzFkaWdSbmhVcy1oZWdVRzQ1c2dpVUFIY0ljUUtTOE1aVGNfUjFLNGcyNjZubVc2elZkMmZsNUQ4MUdNN1RfaGdNcnIzSHlPSDNXSFNxeWlmQmlJYWdKX0M4aFpFMjlsRHdVR2Z2SUZFTGcyYlBZVW8tVDY1YTRIa1NWX3ZSTDA1QQ?oc=5,True,netral,0,0,E4_pasca_putusan_ma
"Aksi Penutupan Tambang Pasir Laut Ilegal di Wanasalam Lebak Berujung Teror, Warga Hampir Dibacok",Tribunbanten.com,2026-05-15 07:00:00,https://news.google.com/rss/articles/CBMi1AFBVV95cUxQakRabld0dkNTZktadTB2ZU5QT2dkUHl6WEt0cVFhem1nSmpFcVZKTlQ3ajVuaXZTV0RRYjJpMTdxU3JyVnBya1lGa2h2Z0Ftbjl2eDJOd0drY1JQVWFBUF9iMHFXenZaYk9qRHFsM25BVElzc2NudWZVZW5ldXNFRXlNSHZxTDk1Q2l6REl3MjdqaFE2SF9xR0lNbjJ2aUJ3ZzVJTmhGbkVUMktmS2hTTzl3cXFFWjh2TS10VExWSDRaMnRaNFd5Tl9LUDk4VElwUmpSZQ?oc=5,True,netral,0,0,E4_pasca_putusan_ma
Penggunaan Pasir Berlebihan Mengancam Ekosistem dan Mata Pencaharian,darilaut.id,2026-05-18 07:00:00,https://news.google.com/rss/articles/CBMimwFBVV95cUxQMUR1Sm5ETWVXS0gyOEpMSHpnSE9IU2tXQTV1MU1FTW9IY1pDdW9DNDh6VzdjdVEwdGxJajZOVk1OVE1qeVhmYW55UlNtMVhlUU9Xa1Q5VFZrTkgxc0gyc0Joa1dUWGQ2UjB3aUhpYWRkc1EyR0hucll5MXd6SUg4LVN3dU5GdDJFd1FTZGJnSFlwc2tWMFEzd2NBY9IBoAFBVV95cUxPWWFpeWpqblFNaDdZcElnZ3FkY1RsZXdOTnk1RUp1Z1pjOGZ2TUh5VFktSzB0U0sxRVlfOGlfVUFYX2dkLUwzUmlTSGprUDBpa3NFTU5mOTZZTWdfWGRCOVlWUk5BX1dHbHEtaE40enJWaWZxZmRlNmF4UFZ1V0JQamx2TFhJc19iSFQ5MFpyMlU0VDZIcXJFNzg3MTVkQThh?oc=5,False,di_luar_topik,1,0,E4_pasca_putusan_ma
Mentri KP dan Gubernur Kepri Dilaporkan ke KPK,Radar Kepri,2026-05-19 07:00:00,https://news.google.com/rss/articles/CBMiekFVX3lxTFBodHpDaXF4WWRsbWRCLWhldE12R2lPbF81NkpTcXJEZjljaUV3N3FnN0xzcTlNQjVQdERiUTlkVHJEQWFnNGpsOEFscFpPUUVOVkhSVW1NWmxuNUdmbGJyMUF5Q0xiOVJveTlDa0kxLUhJdmQ0MWpIWU5B?oc=5,False,di_luar_topik,0,0,E4_pasca_putusan_ma
"Tambang Pasir Laut Diduga Ilegal Ditemukan di Lebak, Pemilik Diperiksa",detikNews,2026-05-19 07:00:00,https://news.google.com/rss/articles/CBMirgFBVV95cUxQTDhscDIxQmUyN2Z4YTQwY2lpRDZab1I0S0Z3bEFQek9pRlh5V0dvc0JMejNZMkVHRjhGcnpTc20xX1BmN3VicFZ1UHVXcW5oNTF6Wkk3a0Q3U1NNalNYRUlER1JkRnhjSEdlX0paejBIZ0VJTkIwT2Q0WjFOSDZoZVRpOFQxYzdSTnJKaDNPRGNFR0xDVmh3OFlydVlTWHRZTjFFQl96aEx3MC1MR1HSAbMBQVVfeXFMTy0xcnhLTFdBRElicHBoQUlYWlpubGJPYXZkTmdYaUxvNUxiRzZCbTBadmt0UmUyVlhwZ3k0UUxobUgxQnRFYXcxUXV0VjhIWjhkRkxCLUtCR2xsZ0Zad2FlTTdneFFXNl9BS19GeEZJRUs4V3d5N3FqVDZMOGl1NVNEdDBHdC1QRTJaNVE3WlNVcnBpLWRwZWkxajdTUUE2NG5McjlKRFZwNEVpeDdTV0JUNnc?oc=5,True,netral,0,0,E4_pasca_putusan_ma
"Khawatir Perairan Rusak, Nelayan Tolak Tambang Pasir di Laut Bintan",Mongabay.co.id,2026-05-20 07:00:00,https://news.google.com/rss/articles/CBMimAFBVV95cUxONXMyMVc2NTQ0NThTTW9nT3QxMTlUTzN0aVRYN0o2NnFYYWpfcHV1NDVWYmlITC1sT0llZWhiNTMzSlE0NnM4VnZoUElPcEpISXR1dFlYYnFRdjRHbnlBVFBya2FvdExSMkhYZ3NSdndhdnplWGRYZXQ3OS1BcjNDQkFwQmtRd0tKSEhtTXdpMFJWSW41NU0xUw?oc=5,True,menolak,3,0,E4_pasca_putusan_ma
Nestapa Nelayan Ketika Perairan Pesisir Bekasi Kian Tercemar,Mongabay.co.id,2026-05-22 07:00:00,https://news.google.com/rss/articles/CBMimwFBVV95cUxNNmd1Vm00VjFpLVJDQi0xVFFCQTMxZzVvODlueE9IQ1JMdGpWd2RyVndvb0p2U1RyeUFDeVc3Vkk0RWFYZDhGLURnQXl2TXVMbmZxTzBxYWdSdmVZTW9YRmljWjMtMlZKd2J2ZTgyWjhSNkdwb2hSUFJoc1dYc3lqM0NNZldSZVp2QzY3RmtKT19GbGt3LXFKN1R3WQ?oc=5,False,di_luar_topik,0,0,E4_pasca_putusan_ma
"Kunjungan ""Tak"" Resmi Menteri Kelautan Dan Bisnis Pasir Laut",Radar Kepri,2026-05-23 07:00:00,https://news.google.com/rss/articles/CBMiigFBVV95cUxObnJTemZCU1hZVEw2SjZvZm1RLUc5YThMOXRfUjlNYVBGWEplbjdBd1VkeGh3cHlCXzBMTWdvTVVJV2FpWm1wNjZNSmpJbU5UZFVDZVU0Q1VnOXlZSkhUMjJhOVpfRkJpaW5FY1hLRnFUZVFLMHpWQ3JfNTRoekNaS05IRDdvVDhtTUE?oc=5,True,netral,0,0,E4_pasca_putusan_ma
"Merasa Dibungkam, Nelayan Bintan Ancam Aksi Massa Gabungan",Harian Kepri,2026-05-25 07:00:00,https://news.google.com/rss/articles/CBMijwFBVV95cUxPdUlCc213emI1WVpKdUtSZ0tXaG44ckg0MlJBelJtMEU1bHVsWWkwNVdEU1JWb1RJekhnT2xYWXBINk4wLXlPaWJ6SWZrcVhYOWY2SHlyNFR4OGpXdXg4dlBtUkRIWWZ6dXFCTlUxcVVlYTVHTnQ3Tnk0ZFEwZGd4YzN0dDFqSGJSalI1M3ZQbw?oc=5,False,di_luar_topik,1,0,E4_pasca_putusan_ma
Kota Ho Chi Minh membuka metode baru untuk mencuci pasir laut guna mendukung proyek-proyek penting.,Vietnam.vn,2026-05-26 07:00:00,https://news.google.com/rss/articles/CBMiigFBVV95cUxOU0doQUFZMEZ0Q1BQUVI1d0tfY1UxZ0xERE9kMnl1VWZyNGRoNUhTNVFZVXVkNTQ2bzNaQ2ZibDQ3MjcxenN0NkJFdEk4WkFFX3p2RHN3SmdtNWljdmEydGVLMkdGbmtqVDRUMm54ajdDbVM1RVVmT3FuRWo5SXlCcEEwd3ZOc0JzdGc?oc=5,True,mendukung,0,1,E4_pasca_putusan_ma
Kades Numbing Buka Suara Soal Proyek Pasir Laut,Harian Kepri,2026-05-28 07:00:00,https://news.google.com/rss/articles/CBMiggFBVV95cUxOWXBiN0xjT3F3alpzbm93R09SckFneWg5REd3ZjBKcWxCUXVvTDlKeHVmQk1PSGJid3piWTlzQ3VrQkxYcnlrS2JOU0ZxNnd4SkVrZlVZODB0YXJSUHVYTUJGMVAxSkpLeHdWRlZBZklnNG80M2ExSS1pTnlBV05IT2ln?oc=5,True,netral,0,0,E4_pasca_putusan_ma
"Hari Anti Tambang 2026: Riau dan Kepri Darurat Ekstraktivisme, Ruang Hidup Masyarakat kian Terancam",edisi.co,2026-05-30 07:00:00,https://news.google.com/rss/articles/CBMitgFBVV95cUxPdmtCTzYtMUk3RUZLMldFeTRZekJQcnJIc2VKTzR2MVVYUkVRVk1PbjUyczFiZE81YnZHcTVGR0dHQjhmR1ZHVDJXRXRWN3E5Vlh4Xy0xOHVPUUtJcmFzRE1GZmxJZmRoOVJjaEx2TUNZUldhS0IxNThCOGRXMkcxdDBPOWstcEpnR2VYTGt6NmhuSzZFZFE5czBJUkRKSVRETDFWaW44c3QyQU1CMUJHdGZQa3h3UQ?oc=5,False,di_luar_topik,1,0,E4_pasca_putusan_ma
"Mata Pencaharian Terancam, Nelayan Bakal Demo ke Dompak",Harian Kepri,2026-06-01 07:00:00,https://news.google.com/rss/articles/CBMiiwFBVV95cUxQcUN0YThlcHBuTmFCcHBuWTh5V2xDSTlMRjh0WGNKeFA2NHdZWUVvdUxjZC15ZEN2MC1jTWVxbUdvRWJKRktUcnRBWHI4RlR3cTdnR3FVSEVWbVRzY29sRTgxbGVTSnQwWU90MmMwWThEMjFDbFRrN19XQ2I1bW9paEVpQ3JOQndxRW9r?oc=5,False,di_luar_topik,1,0,E4_pasca_putusan_ma
"Unjuk Rasa Aliansi Nelayan di DPRD Kepri, Minta Izin dan Aktivitas Tambang Pasir Laut Pulau Poto Dihentikan",Kabar Riau,2026-06-02 07:00:00,https://news.google.com/rss/articles/CBMi3gFBVV95cUxOdS16cEZ3RGU5SGY1dC13SlY5NkRYc2g3YWJpRkZDb1ZhYkR5Mmk4amZEUjdIRUdoTFF2emRYbFNXaWpYd0llc0d3TTlOMmZRWFR3aldwZERRTFY1QVBMMVNRSHNhZkNqUjRCTFI5YmQ0ZGc1ZkFRQUZ3eWg1N0tyZ3VNeDN3amlvQ2lxOGd0dmpyeWt6Zk41VERJZy1yZlZkRXIxWU5BOFhkOUNaTXV1SWZSLTBKakp5czJaMHR1bFZ6Z2xzTFBENGd5THd4b3NvQzJLUE43QjJaX09LSHc?oc=5,True,netral,0,0,E4_pasca_putusan_ma
Ratusan Nelayan Bintan Kembali Geruduk DPRD Kepri Tolak Sedimentasi Pasir Laut di Numbing,Batam Pos – Kepri,2026-06-02 07:00:00,https://news.google.com/rss/articles/CBMiuwFBVV95cUxQY0JBU3JXSnNBZmRzWDdtWlZGdDNaaVgydWpla0tKX2Z2bWxJaGVYTnFUSEJndS1IUFdEbDBlSURjQ1VtaUFlVk5tbllVS3o3aEdQbVI4U3lWcVhHZ1QtREh1eDZpNVB4bnJ0aTFEc2kweU10SDhhcXprOEZJOWZlUDFoTHVGN0ZqLWpobS0zM19IZVhrOWhqSXBUUVN0ZjVCaWN5d1pRb05nX3E4bnFuTGJHZWowZi1QR0NN?oc=5,True,menolak,1,0,E4_pasca_putusan_ma
Pengangkutan sampah di sedimentasi laut Jakarta,ANTARA Foto,2026-06-03 07:00:00,https://news.google.com/rss/articles/CBMilAFBVV95cUxNV0hvMGRnZGZIZE8zTDBURzhON3R5VG0wWUhodngzZlE4XzIwYU12d2l2SnRILWFtendydFp2XzNISm5tMVlwV2YtOVNLZ0hmb0hsRmN1cWczT3ZVQWJqU0w4bWFvMklXMUNtdFQ3Ump0UGxTNnUzRXg4SGNaM1NEd3lLUEdiZ25feU52N0xWUVhuYzJM0gGaAUFVX3lxTFB3WTE4Nk9aaDNOaElMRGxmazlmV1FmSTdtMWl6ZmYxa25qbWhQS0NCWW90Y2llLXZBdzB0cFQ1eEFHcGRILUFNd09IUS1lenJVYWVZSHBQVVMtbmktb2g1cFptSGNWTkZBM0E0TS1tQXJzMl9KT284ZkF2RTFJclZSOGV2WnlQdnd4LWNqTndzZ2xSVlFRSVU3Nnc?oc=5,True,netral,0,0,E4_pasca_putusan_ma
Polisi Tangkap Pemilik Tambang Pasir Ilegal di Lebak Banten,detikNews,2026-06-03 07:00:00,https://news.google.com/rss/articles/CBMioAFBVV95cUxPRXE1SXM3dXZsbzRkY3dNc0dFZktuZWVCWEdvZGwwSnJPQUIzVUVWQjNDZnFFOXpSVWdiMG5UM2w3MGsxdWtDY1o4Z29JQXZUZ0lrbEpkajByM0RhU1QtVWRsT19XYVlJb05VbEZjc2hkSm5rUXVFdDJ5aWlPOGNlWGZmc0VWSmlDVzdJZzY4aHpPdlJyV25EZUxJWC12cC1L0gGmAUFVX3lxTE9hQkN0RElETng3MS1PSHg4RHBJdnBuU1RfQldmZTYwamNtSG5CejVINVR5a3VjNVR5TS1JNjVhR3VjMWNkVVhxV3FUUDZrbkp6MU9rN2xpN0k4eVZQcXpsSmhOWVJENVdnX2R5V2t3MUI4QnF3WHhFUkNKY1VQcFdjLW1qR1dxRlpuRUJyTlE3ckRhVkstd3pCbEJPdG5WRGFmdGpNS1E?oc=5,True,netral,0,0,E4_pasca_putusan_ma
Nelayan Desak Pencabutan PSN dan 13 Izin Tambang Pasir Laut di Bintan,Pekanbaru Pos,2026-06-05 07:00:00,https://news.google.com/rss/articles/CBMiqAFBVV95cUxNMDM4eTR0WEhhdDdvT0RKNlY3c0pyclJFaFlJR1l0LU01Um0xajdUN09yQ2J6VXJ1M2V1Q3FPaWFGOGVUS2ZkcHoxYURpQS1FYm1FbDBVdWNWTkpoN3Y3VXlSM25nc2d2d3J5Qm50NHVNLVNJejdxS19CVXBLRmUzRUdSZHpJRXl6QmhDYkdmVTNoN0lkZnNUMGVkYVBHdG5WTmY2QlFoTEo?oc=5,True,menolak,2,0,E4_pasca_putusan_ma
Nelayan Kabupaten Bintan Desak Pencabutan PSN dan Izin Tambang Pasir Laut,edisi.co,2026-06-05 07:00:00,https://news.google.com/rss/articles/CBMilgFBVV95cUxQU2hYT2FSeWVOU0tVdS1jM1VFQ1FDbW1QLUM0aU83ZS1rVjV1ZWlnNUk3eWstNnZlQlBCeW9yRHZqNEE3aEJrSXRtLWp1dFc2UEN2b2tCSHFfMUtFZXJiaFhkOS1YVXdLWXB2RXozNjBua0ZQNVZ0UFVZc0JyMnA1OWt2MzRIM2U0R2V4dzRzM2ZjTW8wblE?oc=5,True,menolak,2,0,E4_pasca_putusan_ma
Nelayan Bintan Desak Cabut Izin Tambang Pasir Laut dan PSN di Pulau Poto,HMStimes.com,2026-06-05 07:00:00,https://news.google.com/rss/articles/CBMioAFBVV95cUxOckJJbk1VVjFKVjg3M05wLUY2dm9SUldXV2g5TWtRUGUyUzdLQ0RLYW9yYlZrU01XQ2VvbFNVT2FPUFJxWkxIdlNzOG50c0pTanlqbnlic2F3SUpvWGF0SWYtU1loU3ItT3NNRWUxTFI2eVZwR29STU9BQlJWZ0t1MnY0Z3NqeWh5TUxvQXFQakI4VVJBX1VCWXZuSGhFU1RK?oc=5,True,menolak,1,0,E4_pasca_putusan_ma
"Nelayan Bintan Tolak 13 Izin Tambang Pasir Laut, Walhi: Negara Gagal Lindungi Laut",Batam Pos – Kepri,2026-06-07 07:00:00,https://news.google.com/rss/articles/CBMirwFBVV95cUxNZmRRazk1RHBsU1JSXzNCblBhZHVFTld6Wl8tSXVlT2p5M2o1ZlA0UU15M0JuOTVkaGN0cGh4ZHY2MWd1U1VpbXFDSHprczdYWFJ4VDBEU0RoalBrOGpFUEpmSVB1SWM3Z3RydHZuWmF5cFl2QW1lOXVkTW83VEhibF93V2ZuX2pnQlNkbko0ZTRqQUE1ZzltOTRrSDIwU1pwTkg1eG1SZ2otSXlHVTVn?oc=5,True,menolak,1,0,E4_pasca_putusan_ma
"Babinsa Hadiri Sosialisasi Sedimentasi Laut, Warga Diajak Terlibat",SigapNews,2026-06-08 07:00:00,https://news.google.com/rss/articles/CBMiswFBVV95cUxNYm9CU0JPOExSVjUzWm5yblN3ZXJ3aVFRQ1NubFJ0RUFpZDBFd3ZxMS1FQnAxT3dQb01RT040VE5ZZDduYjMySEdhM0stdVFkNlFTb3VaZDhJX0VLa2hrMUFkeFV4WHh2S3g3YmotY2QwNWhlVkpJV1ViS3dVb3lCMnhlSjJHeTh1a2dqT3hLSk01NjZKSVJfWDNJNjJPaWE0TVE2SkR4SjBjODk5S0lUcTJYbw?oc=5,True,netral,0,0,E4_pasca_putusan_ma
"Lirik Lagu Rusak Ancur Slank yang Viral di Medsos, Kritik Sosial Pedas Banget!",iNews.ID,2026-06-08 07:00:00,https://news.google.com/rss/articles/CBMiswFBVV95cUxQSXc4cXJ6NVdSRjNMWVVhb1d6YWRhZnFQbDBoNkcySzZNNHpMWklEeWMzYXQzM20xeVlad2FXOW45ZFRKelEwbXZRNnZtU2ZVQ2otN1RIQzFlVkFOeC1ES0tLUjl0aHVxaGY2TFd3NURMLUdEVTNfWjBLaE1PNHJqVWlhTHd5ek80VE40aHRRTVM0dFE1UHI0NmxSZU1vYk5LRjh1a09GbnNWdE9UV0JBSk1JTdIBuAFBVV95cUxPMlRRZ2NVNkhkUkh6WWlBNkJMU3pOZk9nVXVhVm5DRnR0YkZUVTkyYm8zX2dTQ0VoVEtGMVk5cVZhYlRxeHk3V2NiM0RfeV9QYjlyOGhvS3E3UGJWb2lkTkVSaWphV054R09oN3o4X3lpeFhQaHZjOGNkZS1nNGttSmpITUtEZ2Z3VDB0RFVXeXdkY05TbUQySzlaVkxlSTZrQVBNWko1SFdLRmM1RTFER194d3pncFk5?oc=5,False,di_luar_topik,2,0,E4_pasca_putusan_ma
"Penolakan Tambang Pasir Laut dan PSN di Bintan, Walhi: Bukti Negara Gagal Menjaga Laut Kepri",suaraserumpun.com,2026-06-09 07:00:00,https://news.google.com/rss/articles/CBMixwFBVV95cUxOSlVnTVBET1hKNTA5em0ydEF4TWlNUHRicmVXd0NET2pocmp0eXhzMjFsUENvNzR5ZUVMZEh0UHB5RkNiVVdvT3NKallMc25UcFAtQzhDUlV5a2tIazc0NmxKcHVVekZfbEk2bGkyZUhMdUFhSWxjUGplR1hfWS14WlE2Z3NZaHZKdHNZR3hlLUtuNFJJZnBSS1hvdFRzZW9YVlRkMEhVTFZDNEpuTVBvU244dXBfZUhSb2ZWQ1I3Vlp4QkEyRDBr?oc=5,True,menolak,1,0,E4_pasca_putusan_ma
"Lautan Kian Kritis, Berbalik Mengancam Hidup Manusia",Kompas.id,2026-06-09 07:00:00,https://news.google.com/rss/articles/CBMiiAFBVV95cUxQbkFKMV9wcEl0N1k1Y3BQa0xMOWl4UUZrYVMwa1JGZHNteVIzQnRwTmxOV185aWV2SG9BbHN1UDJ6WVdjUGZUWUdoa29xYUZaZWRsMklnR21meElRZjNSNXVXTzhqN2VqSmhiWlFneGlzNEFweDQ0TUREZWJWOFBOUk9yeENJSXVx?oc=5,False,di_luar_topik,1,0,E4_pasca_putusan_ma
"Harga Pangan Naik Meski Stok Diklaim Aman, Komisi VI DPR Soroti Distribusi",beritabuana.co,2026-06-10 07:00:00,https://news.google.com/rss/articles/CBMirAFBVV95cUxOSTRGeGNXbDVQZHZEV2dqTWNfc2pTMEZtOHBhTlRQRy1uNWlhTjN6dFJYSURTM3d5R1BXUDdmUWE5WkhWMVNmakg4Y1JHNWJBbGQwX01ORGttcXdJdVVVemRhZGJlak83N0F1ZUdsbHg5akprYXp2c3plNFhNY0JLYUVTdDlWa2dJTG54bVIyRjZhSzVhY2hJa2FtMUtVZUNMTktTbEhCcVJ1RDBk?oc=5,False,di_luar_topik,1,0,E4_pasca_putusan_ma
Satpol PP Hentikan Pengangkutan Pasir Laut - tangerangekspres.disway.id,Disway,2026-06-10 07:00:00,https://news.google.com/rss/articles/CBMimwFBVV95cUxPOEwwaFlHWlJ2eFd0MWl1OXBGSFJMSG9wNnp0YjViVXpQMl9rei1UT0tiQk1kanRoWWNSaDVDaXhhcWg0OUdFN0Fha3dDV3NGVGdNNTExc21ETVB5TlpYWnM2a0xwUFYxS3dBN3JFNWNLRGF6SG5YakN5QlVKS2pReGxjSEViMVYzTnpTd1ZodDJDSWkwekNXWUxKONIBkAFBVV95cUxNV0g1V3Awb1dKSmh4WFZaTkRWRE1CN2pGOVJDcWhMMFhrVkVVd1dRWE9FdkRtNHNubUZIei1mcDBoRUVWMXZyc0o1dFllQ0hEamZqWmowWURVdjlqTGIzMFpvTUdVV0wwdGp0OHR2aHJMRS1kN1NyOXdwbkwyRkpIYzR0Rm9aQ2dDWXhUUm9FZVM?oc=5,True,netral,0,0,E4_pasca_putusan_ma
Satpol PP Aceh Besar Bongkar Bangunan Liar Yang Kuasai Badan Jalan di Baitussalam,AJNN.net,2026-06-11 07:00:00,https://news.google.com/rss/articles/CBMiugFBVV95cUxOVkw1cy1qRVRnN0JwMjJTNjZISWx5NGdDbXo5RUlpVFd6QnNxdHNiU3lyXzdEWThVNnd6M01lSWZSdWhsYVlnMENoU3JvcUFPMm0yQ3lISHJTTnJndXp2QU9HLUxmZmgwdWdoWkFBQl84NjhXamV3YWFKdXdtbzBmTi1LMXlVNTd1dkNBcHAtR3pvV285YmpFMDBhZDZzdktSSFBkeHdXX3RBU0p3UWJKYlFXTWl6QzZCSEHSAbcBQVVfeXFMUEVZaTNhNWVsSXRMSWZmd0pCVzNtLXpLV0lEZ1dJX2Y2aEMwMnZ1dGo3SFU0cWZIOW54cENUYkc4OEgzb2dsS2ZZaEJKMDNnZXNobl9FeEpYQVphbl9kQms5dlEyTmR2dGdDUVRidC1nQXE0WUpJT1JxX0hZLXZJYzBPYWg4SDRuQWFmcGM5dkQwaVdBUEVoVHFtbzVuazRyQ0s3OHN2UXN4QkRjOWgtR2Z6c0lYUXZ3?oc=5,False,di_luar_topik,0,0,E4_pasca_putusan_ma
"Industri Ekstraktif Kian Masif, Ambisi Konservasi Laut Hanya Ilusi?",Mongabay.co.id,2026-06-11 07:00:00,https://news.google.com/rss/articles/CBMimwFBVV95cUxOLU1ENC0tX00xT1BGa0ZOT3NoU3dJMzF0d3pSeXRzOGhqaFpmcF9jSnN4TGFkZjcwb19fZ1VhNkVObFMxbWRScFVYeVRockdBMHpSYnVZMzVJa0JZSmpySXZxUGozTVJJMXpGUEh1Q053eFdaN1EyQnJrQzJfSVA5elliQlBENnV0TkhBcHNKenlxZGxRcXc4T19ybw?oc=5,False,di_luar_topik,0,0,E4_pasca_putusan_ma
Ketika Petani dan Nelayan Jateng Protes Kerusakan Lingkungan,Mongabay.co.id,2026-06-12 07:00:00,https://news.google.com/rss/articles/CBMimwFBVV95cUxNNDV2MTFlSkxDTlFob211Z3FycXltWllyamdBbW8wSTB2enR6ckM0d1lYSUVtaGRTUWV2Y1pFTnpZbHlzRzAxdzBaeGlFcjlDX3hvck9FSU5pc1hSYXFkRjBDMzVsR0IwTUNRT1pzb3lYS0VTeDc1XzRtMWM5aFBZWlFWNXVDMElETG5KdERxS2NsaHpTN0tLMkVCUQ?oc=5,False,di_luar_topik,2,0,E4_pasca_putusan_ma
"KKP Tetapkan Kawasan Konservasi, Laut Tradisional Terlindungi dari Ancaman Tambang Pasir",Bermadah.co.id,2026-06-13 07:00:00,https://news.google.com/rss/articles/CBMiwgFBVV95cUxQcEl3LWNrbWU1RU0zb2NfeVl6Ny12eEkwZlVSNkhlTll2ODhtWXJZNTZHX1ZTWnR4ZGVMUGhRdEhnM2hQOXRydzc0cDJmOW1HTW9TNmNEMFZnR2pPTjB5T05Db201NWpqWlRSX0Y1TlMxVVJCYVFXNHJZeDVHYWJKUnNPVWtQcDdRQzZ1Q3Z1cHo3cDB3NjdJYnBfNWJtZERVak0yZlA0OGdFZ211T0ZoX2Jfc0JIVzhLaFhrTllsOUFMZw?oc=5,True,menolak,1,0,E4_pasca_putusan_ma
"Mengintip Bisnis Yusril Ihza Mahendra, Pejabat dengan Harta Rp277 Miliar",Inilah.com,2026-06-13 07:00:00,https://news.google.com/rss/articles/CBMimgFBVV95cUxQbXRRcm9na2dZR1BVT29FbXRuQUNfSEFNSXdtdlpYeUFOMGlJLXo0bEx0TkVaOFZrbDk4R0FEOWxWQTZ5SkNkLVZ2SUhNNXBTNmROV2U5UXB5bjZzbWhiLWEwVTNod2FHVUxSZmZuSHdTSThndGhFd2pIT05VdWlVSXBseEdMVW5qbEVGcHQxb0llYkdDMEZOWkdB?oc=5,False,di_luar_topik,0,0,E4_pasca_putusan_ma
"Menggugat Hegemoni Little Red Dot, Membalikkan Paradoks Center-Periphery",rmolsumut.id,2026-06-15 07:00:00,https://news.google.com/rss/articles/CBMinAFBVV95cUxQRmhUOVlpaVFzZzZzd2tuTXpVRzI5bjJEZGF1QjFBX1JxNDZLdmpDbEx6RlNDaVVCVGhrdHFMX1VybVBrV19iVHFnYTc0dlRFdnA0dXd2TWw2SGZKSTdSY0x5eXdOVlhILXlZeFZxbzN4RFQxZEo4S3VkSU1xeWFjbExnUXk3bWFiSWRFTXJJWDJFNFVMWlI0WGhmdF8?oc=5,False,di_luar_topik,1,0,E4_pasca_putusan_ma
"Luas Daratan Kabupaten Cirebon Bertambah 1.000 Hektare, Ini Penyebabnya",Media Indonesia,2026-06-15 07:00:00,https://news.google.com/rss/articles/CBMiswFBVV95cUxNYWc1a1pXdmh1NjhicTlYVWdrOUE0YmpCX080aTlfTnNIT01kSHlIUTdQcjloc1daRmdfdE1aaXhnbzJmRUZ0TnQtQ1JrMEMzNlVXWWdfc0FzWWp5RURXdEZzaWN0Yi0zTTd4VHZoQl9ILUZtSjZuV2UyZEVRWFFIWG5iQjA4REF6OWpkVnRCNGVfMVpJREFuS3hSV0dkU1pkU056Z08tVFNaWVZZd1JsbTVCVQ?oc=5,False,di_luar_topik,0,0,E4_pasca_putusan_ma
"Chord Gitar dan Lirik Lagu Rusak Ancur - Slank, Babat Hutan Ganti Sawit Ekosistim Rusak",Tribunjatim.com,2026-06-15 07:00:00,https://news.google.com/rss/articles/CBMixAFBVV95cUxNemZCeTNLMkNZdnNzN251M2x2MWtSc2FpX3F4WlNaT2ZKbnNVamdwM3VLQjZNbjZoeTJ1VE13VEltOU9KMUN0MlgtTkdmQllHS0hTS1Q0Tk85T1FtYy1zZDBpMi0yUDNmcjB3cU1iaVJiVXdwZEtpMjZ0V1JTbGxjRkU2NHY3M0RHZGFBTVF4SzloaVByYmt5ek55YkZRdURKZXgzU1lSbnBNZ0g3SV85NFJPNmc4UWRocW1kazE3aldjcjhE?oc=5,False,di_luar_topik,2,0,E4_pasca_putusan_ma
"PT Kaixin Dilaporkan ke Polisi, Diduga Rusak Mangrove dan Keruk Pasir Pantai Kendit untuk Proyek Hotel Bintang Empat",radarsitubondo.jawapos.com,2026-06-18 07:00:00,https://news.google.com/rss/articles/CBMiggJBVV95cUxOd2VWZUV2dXp1R2NDNmRONExpd0w3bm8zZVRTWG0wZ005RVkwNEYtTko2elU0WnpPUEJtVzhSNjZ6VGlXcGdEVHVMclhfZlJab1AwekVrdUV5SEtMNnM0ZXFVWV92V1A3U3huMTdQUm83WkpJOGtZeVpWMHlSSUJMcjFwR2ZiOGx5dFpLaVprN2JSRl9FZkQyTDVLUGtuSU9KS1FjX3hvcVlYd3kwLXc5YXQwUW1nTG0tbG44MzhMUGNCdXZIemtyOW45dk1GWmV1R3lDbkhPSkU2SUZab2ZBT0tYSGlKSlFNdHNzMFJaTUswa09oSHZHcDZPUUNuVlJ6MVHSAYcCQVVfeXFMUFI5djNSc0ZhLVFNWjcxd0RDLVJUTWJOS2t0aW1VNldkS2ZieEtDenU5cWxWM0VISWxsSTJWLW9jV3hNZ0FkQ0N1Q0cyb3lPQ3lrSXB0b0tyUWxvV1dUdy01V2dwbXVVTUJVeVVOdTFVU2NpMnpudHlaanhOMUF3U1ptLWlNaVEtdjhjM19MZnBhTmttQmtnS2h2XzVLWmszYUdQNndoMlJOaEVLNjNBZE54amxoYTdBQ2kyN29PTnJtUEpPY1FLck01VW9QVFdFNmp6TDVkRkc3cmR1cTBxbnVYemVNcHl0RzJpZzd3VjFrczJDeHJFaDZOUHpvek1yM2NFWFgtQ1k?oc=5,True,menolak,1,0,E4_pasca_putusan_ma
Ratu Wulla Tegaskan Tidak Pernah Keluarkan Izin Pengambilan Pasir Laut Untuk Pembangunan Proyek - Pos,Pos-kupang.com,2026-06-18 07:00:00,https://news.google.com/rss/articles/CBMi3gFBVV95cUxOOUZnWXZqQmgxRmIxc0llcy0wOXR1X2s3MXpLUHo4eWtydWF1N0V2UVNndTk0ekd0X3JnbzlYSUxFRkFscDg2WFdQSFJkOUh4VHJBZXNmTC1fbFpxTno5RWtZX01jTngtYUNlWUJ5VmJxRzB3bjZhei1RNXQwT1ktLVBHZ2pBeHR6QW9Db0w1emVYa1otRWxXd0JDNGZZLWxrOU9JSmxQTmp4b2x4eVB4NVJkaXZuaTk1ZFhHbXE1cWgxYXFiQzlBZTM4OVllYm8zN05GRTgyWUp5Qndnd1E?oc=5,True,netral,0,0,E4_pasca_putusan_ma
"GMNI Minta Cabut Ijin Penambangan Pasir, Bupati SBD Tak 'Bergeming' Tetap Tolak Penambangan Pasir - Victory News",victorynews.id,2026-06-18 07:00:00,https://news.google.com/rss/articles/CBMi0wFBVV95cUxNTUlKZlpwbWlJRVh2TE1raTMzeXpaYVc2eFNwMEdOZmlHRWVaaTlVaV81SWRZbnRuUXpFSHM5OEc5bWVEeXU5MlZHMDBJODFFbTF0M1BqQlR0WFA4Y3IyT052ZG12TnNabUVTWVcwN1BfNUZqcV9OcUdyMlJYcjFZYnZWUVo5elhWMmpJRnAzdVlKU21IUG5TRE1Za181Y2VqNlVvM1JSWXE1Qk53UnppbE9SNGVqNlZBaE9veUI5NEJVRElXRmptR1R2UHU4TVBteEJJ0gHYAUFVX3lxTE5qSWtZRHhqNkExWHZhWldDc2xWalVTNkJjVlFIeEgxdFFMXzRNT0hlMjA2eDVVS1FzVmM4U1prXzF3TDRBNW5TMjBlRXo5ZnFCZktuMnFleVlaUktrdjVBQk95ZGRpX3Q4S3RHSmllUzhhclBtRlVBMVlfM283TU9vY1U5STlpM0xmRzJnRVNIcC1talBaaDVPcUl2UzRwM0dMTWNtUWtFZW1zVDVidVliekIzRnRqOGhtNWFKZ2x2dVpBQWh0UkRWSWlJcE5pVTJHbEtuV2FtZg?oc=5,True,menolak,1,0,E4_pasca_putusan_ma
Dinas BMBK Lampung Jangan Kecolongan: Proyek Jalan Teluk Kiluan - Umbar Diduga Gunakan Pasir Laut,inilampung.com,2026-06-19 07:00:00,https://news.google.com/rss/articles/CBMiggFBVV95cUxQRC1HWEE0WXNqUDFsNTJVUVFoRVFUZ0lzSUNGcVk5TzR1cFN5eTY4TDhmNWNNUVVSdmxIRVBhZVVWblV5N3M2YU9LSnE0UTgwc0ZOZTJvb3F4b0w0d0YxUk85cXpDSzlOc3VoSDM1R2lmNjFWTjh3REN3MmZucWZHNHV3?oc=5,True,netral,0,0,E4_pasca_putusan_ma
"500 Hektare Sawah Terancam Banjir, DKPKP dan DPRD Pangandaran Fokus Tangani Muara Legokjawa",Harapan Rakyat,2026-06-21 07:00:00,https://news.google.com/rss/articles/CBMiyAFBVV95cUxPam5mN1NLMlpRZWhVeW1XOGN6SjdPREJZcG1uRm1zd1Y1UExXS3p4MUNyVjc0cnE5Sm91YU80TGJ3ZnFUZ3YtZUhNMUVvMGl0TG5XaE8xUWYwYUlSb3FhQnBKU1VXN3EtNFIzSjJwa2ZfVUlPNTlsLTlLMHFFcmdrTF9wMUw2NUpMM0ZBMHRtSHhxcUZFanZPa0NtWkVLNXNGRVEzRnNFdkFIX0VFUU9QSDJPS0N5VDhiMUhqTF9NZzVlX1prSXNaUg?oc=5,False,di_luar_topik,1,0,E4_pasca_putusan_ma
"Nelayan Buru Bersatu Tolak Pengerukan Pasir Laut, Khawatir Kehilangan Sumber Nafkah",Batamnews,2026-06-22 07:00:00,https://news.google.com/rss/articles/CBMiyAFBVV95cUxQemtvWHZuUF9wUDBBNnRfS2dPZHpma0tVTFkxX1FNV2F6aWM3QTNsc3pDSDZIMmE5RlYyWDI4VjdqcDJHTnVJdWdwQ3pOaThEcXBsUkFUT3RHbDdtQXdzUDdWS2NrMDVxZFdNbDJzaUdlTG92VWFlYi1BVUZjc2E1ZFV2dkcwdGZDazlZOXJ5UHN0djAxVWJxY1FXeVM3aTBHVEl2LVVES2s5aFlWMWRlQWNmOVY2WGd0Z3AyVHB2b3pfOVBNaVZZbg?oc=5,True,menolak,2,0,E4_pasca_putusan_ma
"Video: Tak Hanya ke China & AS, KKP Incar Perluasan Ekspor Perikanan",CNBC Indonesia,2026-06-24 07:00:00,https://news.google.com/rss/articles/CBMiwAFBVV95cUxOejJ4SGhwVHR3Ty1QdTMtVFd5ZVVLMUoxVjZKNndGTzJ1U1RhdjBFRnp5NHplSTJ6cl9DYnMzRl9pTXJpRmNQR2F2S3NPY09iM282Q0RmajFrei1NbnFTNjd0d0lFTlczTlljYi15bWN3Ym91WkotSmxZMDVVNzdMaXQ1YmQxaTZaalIwSEdhN19VNzVySTJ6MHRyNGJFcjUzU3NFMjNkcEQzZ0VLRjBUaTY1TVB5NjVxTnJON0pJUUk?oc=5,False,di_luar_topik,0,0,E4_pasca_putusan_ma
Aliansi Nelayan Bintan dan Lingga Bersatu Tolak Tambang,Harian Kepri,2026-06-26 07:00:00,https://news.google.com/rss/articles/CBMijAFBVV95cUxNcmhOVk1DT2NFUE40a0FodUVrTHVtRWVYOTNsR1NRSWNUdG13Rnl1bWFiYUxvMHFWSDNXUHh2TzZQb0p0RC1vTW5RU2FhWGU5Ym9kZFJJTFVPbVpSNHgzeEwyamJaSDNJZmRWMzVxOGQzQy1TWllldUZKWEE4Um5VeExDOU01MjJWMHd1MQ?oc=5,False,di_luar_topik,1,0,E4_pasca_putusan_ma
"Ganggu Aktivitas, Satpol PP Aceh Jaya Lelang Ternak Warga",AJNN.net,2026-06-26 07:00:00,https://news.google.com/rss/articles/CBMioAFBVV95cUxOTUlfNm1YTnYzRlRWdWhVaG1QOVpQcmc4QmZWem5vOEdTZUhNdVNhY01FcVZmSU1FZ08wdEZqdThmZ1d0NVFnSGhWS0djMFdPWGRxSzU2YWhzc1FkTUFnWVRVRlFFdUhEQ2F2NmlicVdrWGoyem1zNTY5S0dPZ3NBQ24xYTV1anNraXNka0REdWUtbm1vXzFJY01RZnctcDJO0gGeAUFVX3lxTE9CeTRWNlVWRjNkelJTZTR0dkhTVWdMVFdzX19FTjM3b3BBbWxpLUlKZXhJa3ZUOHRNTkMtWkxJQ2w1STJTeGs1bG9WcXhVZW1kclV0dzAyU3FET2c4ejJXaU5LazBpZnJOd1VHdWVGOFNQWUdxWlphYWJTOHd1VGJoX0E3M2NudFFxUWxtYU5laGV0UkwyVWM0RllUZXZB?oc=5,False,di_luar_topik,0,0,E4_pasca_putusan_ma
Tindak Tegas Bos Perusahaan Pelaku Tindakan Biadab Terhadap Buruh: Penyanderaan dan Perampasan Tidak Bisa Ditoleransi!,Cerinews.id,2026-06-28 07:00:00,https://news.google.com/rss/articles/CBMi5wFBVV95cUxNaVBUeFZia0ZQZFp3OHBVME8zWUNDVVZTRTBhSUNvQ2hvYk9zNkZEdkxIVXFTTVlhNDJfaDlqSzYwTnV6VDdfNFJteE04OGdBYU5oSVA5cXcydTdmRE02MEd4bjd5ZGdzTXdVV3FwenNUQ21WbUs3dWVQNFRhdEU5VUQ1RkJULXg0YVRidmVhMGkydHctcDNpY0xvNHp0TTg4dlBDY0dZeVJmRFJfRzhsNGNYUUN3QllxLVB5VHMycF8wS1p0c1pJVWZzOTR4bHNkS3dieHFsZGdFWUhrVFpqd2s5bVFFT28?oc=5,False,di_luar_topik,1,0,E4_pasca_putusan_ma
"Pernah Ditawari Rp 20 Miliar untuk Mundur, Penggugat Beleid Ekspor Pasir Laut Sebut Pemerintah Sangat Jahat Jika Tidak Hormati Hukum",Cerinews.id,2026-06-29 07:00:00,https://news.google.com/rss/articles/CBMi-wFBVV95cUxPelI4YlExSzJDTTVQeE85T20zcERNUmFhVUxNY1dHYldjMVJYYUlZcGdIaDI0ZVFPU09rMWZ2NFprXzgwQ25CdEg2NVBic2t3cUxQdDdObWlGbnZ2bXlLazcwQVpJODRQRWpTbE5nc0h6eTdGOVR3aHA0MkpHNG1JWjFjX0JUWGJsUF8zREliV3M0c1luRU5nTHZGSUFKNGlZZXRhOGhpeG5PTjFmcDNCc2sydzFBb1dPVE54djExVXYzWnFWTkN5VF9VcnRUQU5JT0FnRURWQTUxMUVxMzBkYVJnSnFJRlBXWVdUZ19TcVZlYTVSMDhsNFZTMA?oc=5,True,menolak,1,0,E4_pasca_putusan_ma
CERI: Diam-diam Pemerintah Akan Ekspor Pasir Laut ke Singapura,Cerinews.id,2026-06-29 07:00:00,https://news.google.com/rss/articles/CBMingFBVV95cUxPNjJnREJTYzR2UUZWRkZ2ZEV5V2RkdmQyemF4RGdVa1Z0RnRRT2FIc2VOY3FtZU5vNV82TXVMRk5aZWxZa3ZvakNwcmhjUWFhM2Qta25PM1BzUV9abmNUbE5MV2tVSFlKWDVjWWFsTGg5Q2VnblgwOXpRS2JZRHhLak5HaFZaN2NFRTNkUGJOWl9tSDZ2UFY1RVZWb2VNZw?oc=5,True,netral,0,0,E4_pasca_putusan_ma
"China Kembangkan Kapal Selam Mirip Pari Manta, Bisa Menyelam 2.000 Meter",VOI.ID,2026-06-29 07:00:00,https://news.google.com/rss/articles/CBMipgFBVV95cUxNazhNVFBFZEtNZHpOMlpqNmhTOXdJd3p2NzhNZVZlMDFfQ0RUMjVFZVEzT09mV2psVzF0Y3BoZ0ctVmIyazNfQXBlQUR2MXJqcXZsRW5lSzVrWmxpN2NDY2VlR3BTUlVJSmdDU1JjdTZ2TGRlaGhjMWZvSHM0RzFIS3p0WkFFcU5TNmFSOEhIb3JlQjR0VmRXdHA1blcxOUpKLXQxU01n0gGeAUFVX3lxTFBKUzVsOEM5U3dRQkFnTFV3SEFyblB1bnhFenhZLWVzN0hRM1dDRmhVTjhSWGZueFhZRHJhR2F4cWdiWHg1RGNpeXh0TkEwVXBKTkxXYllCb2JlSVI1NzlTZm8wRGVRZFF5RXRKbmloU1J5aW5nWC1HbXJfMmhFOEg0WlMzN3pBSmFWZkg1dkg2RjZ0UW83UzhkWEtHVjlB?oc=5,False,di_luar_topik,0,0,E4_pasca_putusan_ma
Direktur PT BBA Beri Penjelasan Terkait Pembersihan Sedimentasi Laut,Sijori Today,2026-06-30 07:00:00,https://news.google.com/rss/articles/CBMipwFBVV95cUxQRmhVbHJrcmJreUJNMDNnQTNKOWhXV011RFhHNE5vMHRvUTA5cF9rSlBQZ0pkQWpRSnUycW1Ncm5wNE94eXkxN1lzU3FaUkhXdUtJQ05xb1I0QUJXQ1Rkb0hQaE5NOVpTbzdwaUtWRmNQZzFkU2VPVEo5MzVGUU95eWRkS2xxcjJnT0htRzVPcUkwVGIwU0h5TDdKTk9qbTlIYWRNNXVuRQ?oc=5,True,netral,0,0,E4_pasca_putusan_ma
PT BBA tegaskan pembersihan sedimentasi laut Karimun bukan penambangan pasir,Jurnal Terkini,2026-06-30 07:00:00,https://news.google.com/rss/articles/CBMitgFBVV95cUxQcm1vWWNaeVZfZ1JTQkNiQ0RtUUNlYmRHdV9NclhJd1QxZmlpSFYyQy1DVzd3cmhNVHlVOWxqTGZPWGNaMDY4YloxcVo1R3lGZkdyUTdWXzZiODhjNVdxdWhCbGFLTlRxY3ozUDBzNktyZ0ZDODhQaHg5Q2Q5NzBwZDV5aVd6MTZueEk4T1pTcF9wN1FJenloZE9JdmZ1U1VDSTYwODhHUjFQOEFmM3VYNnpOT25PUQ?oc=5,True,netral,0,0,E4_pasca_putusan_ma
"Respons Soal Wacana Pembersihan Sedimentasi di Buru Karimun, Begini Kata PT BBA",alurnews.com,2026-06-30 07:00:00,https://news.google.com/rss/articles/CBMisAFBVV95cUxPaU5HSWpVN2poM2E3S19JbEhXdVo0SWt1ZzgyYzNmSkM3Vk8tRDRYdXAyZW9XenJ5bmVPQm0wWmdHT0l5YjJyWk9vWmVoT1FXczNWVW0tbFVqYmFBRjEwZlJwOUF3NHZja2ZjZ091Vm1tTjlUaWxMNkkwVnBHc3ZuMG4zMGxsSTUxd09sWFFOcGJ3cE0zR1FQMENHdTBZYkg5Mkx4UGNnMXE3ZVRuSVk3UQ?oc=5,False,di_luar_topik,0,0,E4_pasca_putusan_ma
PT BBA Tegaskan Pembersihan Sedimentasi Berbeda dengan Penambangan Pasir Laut,WartaKepri.co.id,2026-06-30 07:00:00,https://news.google.com/rss/articles/CBMitAFBVV95cUxNaWpaaXFEWlRwWVV2VGZCRUlXdXdHamVuaGpndFgzdEotRjhuLXQtUWQzTFRQaUNaUG1GZnpFaWRuaWkxUnp2cUxkTG1HYVVDbm40T0c0UTZKOF9aSWp6cW1mSnZINU5fSFJOUE5KNXZUcTduQ1J5Nklvek9wRUREemFDcGNtVHpjMGdFR21ibWQ2eE5za21tRFdSWFA4TERfb19NLTlrTzdSUDBZQ3VCT3NBTzQ?oc=5,True,netral,0,0,E4_pasca_putusan_ma
"Penggunaan Nilai TKA untuk SPMB Tuai Sorotan, Ini Penjelasan Disdik Kepri",Batam Pos,2026-07-02 05:00:24,https://news.google.com/rss/articles/CBMiqwFBVV95cUxQNHJfT0lvcjdMbGtmUXVua043NjE0WmN6c0NzVXhOcXBFQjJMR1E0SEg2SlliR2JyUzNBOWgwa29XQmZCZ0FNcHFIb0hJREZwMExvRVN6OEZZc2NoYTNHdUJfblFhSWp6cGw1WjJ3djVnV0dqdHNMeGRHZmotT1NYVzlsU1hLZU1aLUszYlZDa3dNaU9sUlBnYm9QLVJEVE4wdDJnenFEZHNFa28?oc=5,False,di_luar_topik,1,0,E4_pasca_putusan_ma
"Tarif Pass Pelabuhan Naik hingga 250 Persen, BP Batam Janjikan Terminal yang Lebih Layak",Batam Pos,2026-07-02 07:00:00,https://news.google.com/rss/articles/CBMivwFBVV95cUxNcG5GMzV1UFhnWi11ZWdWdkNyWmIwQTlWcER1UlprXzFpRUVyTWFHTkVyMHF4RWhKZG9fRkJMbm5IZzA4RlQtX0Q2R3NjQWdEbkRkeDBpUVlmdERvVkJXM2d2OFlpVEFRM2RDRGtycHFlSmNTRUhzanFITThVRi1aZ3BTaWhrWWNHcmxsMExqVkxEbGxWWWRFd01aaHN0b0hpN2x1bUxiXy1PampBNUxod0lOR1ZyZXQ1VVZtMk41Zw?oc=5,False,di_luar_topik,0,0,E4_pasca_putusan_ma
"Isu Ekspor Pasir Laut ke Singapura Mengemuka, Gubernur Ansar: Saya Cek Dulu",Jawa Pos,2026-07-02 07:00:00,https://news.google.com/rss/articles/CBMiuwFBVV95cUxOcGVLMG5ydWEzWE52UEU4WDVNLTFmX1RiX2VYRnZMQ2VxTnI0bElMaldVRUhqRnpVcjlva3RucDgzMTlocW8yRkh4SU0zSWQ1RVNJM0hHR1BVdjFUc1BWSTFSQ1VjZE02M210WnE2dU1yRVZqSEFsTDF2dHdrLVA0dlJoeS1Zc01kR0RkRkI5cTM5NG1IUXVTSjlQSHUtaGRwSzRnbV9tY0xjRDVhNkY4ZnpBc216cFNWRnlF0gHAAUFVX3lxTE56eENPaTZJRWJET1M1NmJxSlBuYW1QaV9YZWZSS1ZEMzE2SXlBZUhKV21DeWotRFBvT09MRHNlSzU4cTl0MkRuaTdxNFZ5TkZDSFAtdm54YjBuVFU3Vll3WE1raDVrUHBEWi1nRWlfbl82MmtSMkJxN0R6Z19MMmN1ZWg4SDIyOHdHNmtESmQxNG96LUVEYURMalBTN2pKcG92aFQ1QzFEdTlOUGZZZjBNajF0YkdVNzNUNHBYUFFSQw?oc=5,True,netral,0,0,E4_pasca_putusan_ma
"PT Boskalis International Indonesia, Perusahaan Pengerukan Diduga Ikut Proyek Ekspor Pasir Laut ke Singapura",Beritambang,2026-07-03 07:00:00,https://news.google.com/rss/articles/CBMizAFBVV95cUxQQzM4SVRoNTB5ZDYxRmI5WHpjUmgySzRtTjZVZk9icEQtekFFZUZTRHoyZGp6eVJnTEdIdERvV2FwalYtdDEtQXlvU3l5NG8zOTZ3VVRKaW1yVkVfVnc0LTVzTVZpb2F1eHhiUHBNYlZwOUxXTjUzbS1aVTNnZTdtVV9KWENRVXJvSUIwY2RaU0R1YVlXM0FkM1Uyd09PbjhhUGdnOENROS1SU3hQUjFKLUpYNlh1SEpwbHhUOHd5eXdrN1lJdGN1V0V4RWU?oc=5,True,netral,0,0,E4_pasca_putusan_ma
Tambang Pasir Laut Usik Ketenangan Warga Bintan,Mongabay.co.id,2026-07-03 07:00:00,https://news.google.com/rss/articles/CBMiigFBVV95cUxQTTZtbVc5bWtPRDBaSnc3MjM0RHJiNHFCNWN2QUd0U3Z6TGVZWlZROWU4b29YQUs1eXA3a2E1M3F0WE5Wa2VyVjloR2tMNUtJTVdzRTBUNzlnVjNueUs4MzV4Z1Vya0J0eW1maFd2X2tCMFhIa25OWXRGX3EzeExkakRPOUVzVEdlakE?oc=5,True,netral,0,0,E4_pasca_putusan_ma
Lingkungan: Nasib nelayan Pulau Numbing terkikis rencana ekspor pasir laut,BBC,2026-07-07 07:00:00,https://news.google.com/rss/articles/CBMiYEFVX3lxTE40WGU4MWx1NktaQmtBSTJ2bXl3UDlkTjRFUEFpYzNveFlrSEpHSzRmdGhRbUhNcC05Tlp1VG1CUDI0WVVidW5LWDhfRjBjTFFUY2xYM1BpS2UwN1JKU3BrQ9IBZkFVX3lxTE1BcmxrLWhMOGttRzZoc1pQQXgydy13RXF5Zi1CSUJGNG4tRHh1RXNnWFBLdmpFemFiTFJCei1rUkgyYXdrNjRpVE5GZFltLXZwOGtFRWVnVTNFZ1lOSHAyb2oya3ZXZw?oc=5,True,menolak,1,0,E4_pasca_putusan_ma
"Nelayan Kepri Bertaruh Nyawa Diantara Pengerukan Pasir Laut, 'Perlawanan Terhadap Rencana Kegiatan Pengelolaan Sedimentasi Laut Mengemuka'",RiauPagi.com,2026-07-07 07:00:00,https://news.google.com/rss/articles/CBMihgJBVV95cUxPZFUydExYb1ZTbmRYRExNY1dNVDlvZ0JtckQ1b2dFVE1QYW1CT05ETFgyaUpXV0xiRXBOY3lnYjV3ODJraEROYUFPOE5uanZhSWFlVHg4VHhsOHA1dUwtME4tTGdha213WGRFMkxqcGpOM3ViTFFldUQyMjFSWlU4Q1FYODlsRkx6bGpJeG9BcmdWaWc2d0VEZUxHVWthYWhUejAwcDJPRWNsaHRDWkVXSk0zUi13dThMcHdaRlVGaENlQ2wwMENyOGljREtDVEVEVFEyb3ptUmRLR3FQbnc2WVlLbDRrLWk2TWtoekpHUHhPc1dheUxGQXRjeFczRXpkdTdFVnZ3?oc=5,True,menolak,1,0,E4_pasca_putusan_ma
Nelayan Kepri kehilangan ruang tangkap akibat PSN KEK Galang Batang,BBC,2026-07-09 07:00:00,https://news.google.com/rss/articles/CBMiYEFVX3lxTE01ZXhOcmoyM0R5UVNqNTYxd1Rka2JmTzM4aFVCZmI2LXQ1dnFjOUdJX083U0hkWDlsaFhLY3NrLXVQYUo1WFVRZ1BnZjJvNjg1N0RIZ3g5NU03Sk5lVW9ya9IBZkFVX3lxTFBRYnNtcGhEc2RxMkJmcFBOdlJCOXRRcVpUZ2YtQ3U5OUpBQlFjSXFZRTIzNnFESDdlWWxyWkZtX2c4cHZOTzVQN2FJWHZ0SEd4V185RzFBanBFRlExcWpGOUtXdUtqUQ?oc=5,False,di_luar_topik,0,0,E4_pasca_putusan_ma
"Penolakan Sedimentasi Pasir Laut di Numbing Tak Jelas, DKP sebut Tak Pernah Beri Rekomendasi",Jawa Pos,2026-07-09 07:00:00,https://news.google.com/rss/articles/CBMi1AFBVV95cUxORnQ5R0ZOcWZLQU43WVprQVBBRmQ4bzNZM21LYXRub3JoRGU4TXM4QTh3SjNyV1oyQW0yVWxQbEFMZndLWGNwLThTT0hyaVViVmpYTC1CdmdTTGwzZW52TXczdVItTF9iR0tJemRHWjh3YXhwTnRXOWdTd1VCVWR6cnNZdmNmbktZYVFBMGM5eTM0VkZGcWZaYXdFNk9SSTlPeWliQWp2MFNJdzhmVDFRNnluV3NzZThoOHZ1V19lSUI4TjdVaERVQnRJYmlDN2JvWjJHX9IB2gFBVV95cUxNeTJwS1pmXzNIdW5OVG94UTlKZWRJQVNhbUltVW5QbkpNNXhJdjYxMDlZRkNWaTdkUEdrUlE5Tkc5cG1WejhPTlByaTY1ZnUwWTMzMUd4aktkc0dMQldRUnNHT21kelQyemJaSmpGbXdqR3A3MGpISXVfMThpSEtrd2kwQ0xDSGdLcnZkd3FLQURCamU5NHJJVHNEMFJ6dF9SMWFza2Y0YmZjUlI4amlval9uM3ZkdG05RkxxYkRsUkYwOUdRN1ZrMnd2ejg5NFdYbkZRajNVWEp1UQ?oc=5,True,menolak,1,0,E4_pasca_putusan_ma
"Ekspor Pasir Laut Dibuka yang Mengalir Sampai Jauh untuk Kepentingan Ekologis, Pakar: 'Penambangan Lebih Besar Mudarat Ketimbang Manfaatnya'",RiauPagi.com,2026-07-10 07:00:00,https://news.google.com/rss/articles/CBMihwJBVV95cUxQXzVEOVJhYllkTC1hWThtQjVvblZ3Y0tUckFYMXpRaUlCVll3Mm1XaFVHMmh2ajR5WktyODhlS3pFTUZEbk51cFcxVEhpYk0wOGswYlRBQVV1MDJHX2dmdERlVHpZWjBDS2xOWTJlTlZwQTREWVZ6UGtpYkxNS043QlhlTkpVRk1FN1hnYXFMSUlJeFlBWTVmVDhfSVZ4Q1hBUTNfYVRWd2YwOFROSDZGQ2NMSGQ4U3JMY3dNcVloTFZWWGJvem1NUGVTM0xKckx5cVdZRnZkbmNNSklGbHJrRGo3UFJ0YUVOcUFqNUJwX0ZJbV9NeEJLMXRZWjZsZ1dyYjRrZFZ6bw?oc=5,True,menolak,1,0,E4_pasca_putusan_ma
"Beroperasi Tanpa Izin, Dua Pengelola Tambang Pasir Laut Lebak Jadi Tersangka",AFU.id,2026-07-14 07:00:00,https://news.google.com/rss/articles/CBMiqAFBVV95cUxOMjFfR3JEMlNzX2ZHdmYwZEdUaV92RXhfdThmdUtNQzdJSzRId0JmazRxSFNwNS1ET1VHM0J6aG9GWnhZVnN0TjloeGVuTGZYOGd2UFZNQm5nTUtwMm94ZkJsSDFTVzNMUG8telk3bHRjYzc1ck9MRE5KT2pXQzNYclNZMnd2OENOVnNOY3ladUNqY3RmbUVIbG9OelRSSTJlUjhRREJ1dnk?oc=5,True,netral,0,0,E4_pasca_putusan_ma
Polisi Tetapkan Dua Tersangka Kasus Dugaan Tambang Pasir Laut Ilegal di Wanasalam,Faktabanten.co.id,2026-07-14 07:00:00,https://news.google.com/rss/articles/CBMitAFBVV95cUxOUUNfZklTLVhUdXNUc3FhVTk0WmZnSzB3UmpyeXJwcXU0NE9GN2lROWZlMmRVZ1pfc3lqWUhOTzluaWl3X1dlRk5sOEt3Zzg3QWExWF9HVVpPZHYtTGowanhydGtkSGN2R2l0LTJjam13VTE5QVFhZEdVWDVrLXMwd0hPcGkxcVhnOFFnR2hmRTlmNU1jY1E3VGFtOEZfbEhoTE9hQk56SDVxalU3aUdIXzdEYznSAboBQVVfeXFMTXVpaEJWWFdXX1hfMFdUWTA1bGZVYU0wZWpFZ2Qza2N4SFp1WnZpa1JxRElXOFluWWZxNlZhLXBaZzVGbm05amlJaEppeXEtUS1MQ3ktaUVsbkJwTDI1MExXWmNTRGg0UTNzUlRwNllEX013TmxBVnBpM3FYQTRlZlotU3NZYzBDTWdTUEQ1ZHg1SWs5MlFhZTl2UTlvTEhLdjNKNjNCLWxIU3gxTDg5U3dpbS1IUHdkdjJn?oc=5,True,netral,0,0,E4_pasca_putusan_ma
Polres Lebak tetapkan dua tersangka kasus tambang pasir laut ilegal,ANTARA News Banten,2026-07-14 07:00:00,https://news.google.com/rss/articles/CBMisAFBVV95cUxNdUJrZWxuZzVjVVB6V3dsWllFOHpaZjVBMzVvdGhQOXNmOE9FX0p1c1prSVdfUW5LREFySXpHUENHaXhCVkJHNUEzcXd5WGwzbXFRUG15MzVyZVRZZl8xMHVGZnFjZlVoWjJOZ2JRcnM2bEJVQzluRmhtWTN4MHlKUG1pT1NJZFF0R0Q3S0xVOFY1QXN3OW5pcGN5UDFEQnM0Wjg2RGZ5SG5oUTVGa2tPTNIBtgFBVV95cUxPd0E1S3VLM0REd0ZrQThiWHZudXNBZlVSUTZGSG5FZ0V3TkxaQnIydEtJN1RwME4wRUpIdUtDM0xkVUZCUkZzRHFmRFFiN2FTN3pEa3IyS05uVTh0R3phMzZHT1BHNy1LWTVJUHRVTGlOenZjaHZDZlpoODUxbm9YTDZVT0x1ajlxOUIzZUxUUFcwR2FvU2RCY3FENXBncUx6cDFLRTh1UndFS3gyc1BRemFNbURudw?oc=5,True,netral,0,0,E4_pasca_putusan_ma
Polres Lebak Tetapkan Dua Tersangka Tambang Pasir Laut Ilegal,BantenNews.co.id,2026-07-15 07:00:00,https://news.google.com/rss/articles/CBMilgFBVV95cUxQWkoyQ1hMX0hDTklkZzZvbFJvY0ttNnM3Tl9qTjg1RXJxeGVfOHozZVRXdXB3N1FiNnhCeDBURERVX2ZsUWtEb2t0dlA3SmdDVTRjU3J6X0d3OHFDZ3hwdlVaVzZQY0l5UW5WOEpmREZFNnZnaDlhdlItQ0FxUU8yd1pLY21xckNleU5MTVhZajJpMkI0OFE?oc=5,True,netral,0,0,E4_pasca_putusan_ma
Polres Lebak Tetapkan Dua Tersangka Kasus Tambang Pasir Laut Ilegal di Wanasalam,Tribunbanten.com,2026-07-15 07:00:00,https://news.google.com/rss/articles/CBMiwAFBVV95cUxNRmtuMXhVMElQSUpvY2FJS0NnOExobHNxSnJfck9IdVNDNERETWxWMzVfNkpxNEpPd3MycWh6SDQyeVExLVNaelc0d2Y1TFZfNVRMV3JMbEU3bG02MG1ac0pNaHh2alhacXIzcTg0WGUzLW9VLV8tb0luc1U0amZLQUpqLXpiLW94MTlsUmxGSWJyRUZiVXZoSHBxWmVaQ1Njak9NOUszU2ZJN2QyVnBBT1V1YmxNbHBTbFNPMGZjYW8?oc=5,True,netral,0,0,E4_pasca_putusan_ma
2 Penambang Pasir Ilegal di Lebak Ditetapkan Jadi Tersangka,detikNews,2026-07-15 07:00:00,https://news.google.com/rss/articles/CBMioAFBVV95cUxQT0JyOWR0c3Zqbkh5VW5IRjh6NkY3U2FrTGlsYll6ZXJGUG11TjkxSEdabVNIVkwyWlVPSmFZRG1vcDBxeHRoS0dNOFJVbndvcDRJMUNCaEZlN1BWQVhoVWxaZ3M3THJvOFdyeFJLTklOUExZcmdWdnFnb1lLcEhBMV9ucEh5TmtWRkJhNGxJNG5MeWpEQkZXNmhaczBaMjhs0gGmAUFVX3lxTFBhM2N5WHdUd3ltV0lZYjNjMHNLSmtOWGhmQ0ZyREsxRjQyTEp3QlJUMktlR2hBYUlSaDVfS01yNk9PWjhSb082dVNpbjVXclF0ekxWOElaelhKTzhQb0dFc0VRb3c2OUJnbVJESW1lc25hSUFiOWdhUnUyUnNWeko2aU1MUUtIQkpiWFJMR2dONmF1Qm5QVmlUcHM2Mk9yQlBCdXFOQ3c?oc=5,True,netral,0,0,E4_pasca_putusan_ma
Aliansi Nelayan Minta Lokasi Prioritas Sedimentasi Pasir Laut di Kepri Dihapus,Batam Pos – Kepri,2026-07-16 07:00:00,https://news.google.com/rss/articles/CBMirAFBVV95cUxNLXJIWHI0NjV6VERmUkFjbUx2dThkT0ZXU0syTU5RNF9fbHcyd1c0d3p4UTdNREZ2RVVaLURkLWgtUWVVMTlHODd6SUhPZWN3UlBRU29MYjczcTNFdy10YzdGQlJaNWJDS2dqT2JqRzgwWkU3ajFNempEanozUExwWlVwV29lcVdEdzVXRUNVZE8zdXRpeWVDeWdJbS1UZHVtUTRPM1Z1V0xvWHNl?oc=5,True,menolak,1,0,E4_pasca_putusan_ma
HNSI Kepri: Jangan Korbankan Hak Nelayan Numbing demi Sedimentasi Pasir Laut,Batam Pos – Kepri,2026-07-16 07:00:00,https://news.google.com/rss/articles/CBMiqAFBVV95cUxOVUg4cDdqQmotQ1RKOXZxVXBaQUlLZ1JpZmxOVi1EMzNORDVGY1AySGNYVHg2RERhdkN0WU9wRk9sWHExdW1CcEQyT3B0WEE4bTN4Tlp4Zlo5ODdWQXpjcUxSWWQ4UVIzWTJPZThrYmVLWkp0dWRVRnM1SDRPalRHM19YTlBPbnNqXzlPdVVoRENxQWlRbGw3SDd3T2RGTW5meFl2a1E0Y3A?oc=5,True,menolak,1,0,E4_pasca_putusan_ma
"Proyek Galian Tanah Robohkan 5 Tiang PLN di Bintan, Arus Lalu Lintas Dialihkan",Batam Pos – Kepri,2026-07-17 07:00:00,https://news.google.com/rss/articles/CBMiqwFBVV95cUxOQ1RMQWVuR014NThFdVFIZzU1d3ItZEpCWWNOWEhxVVlva0ZrVzNmeXJ2VDEySlVndHBYXzg3aHdHVmdZcHlfYjhuUkliUHlaNkNBRHhCMlgxXzZ2cGVNekhvNnV3NVAyRjczTVBxbHMxbDBUT3R1X0k3WTZLNkx5UzZ5UmRIMENkU21pNHNOYzZFMG12b1BYMGQzQUxQem44cC1CbFFjeThjLUk?oc=5,False,di_luar_topik,0,0,E4_pasca_putusan_ma
Nelayan Bintan dan Lingga Tolak Rencana Pengerukan Sedimentasi Laut di Wilayah Tangkap Ikan,Media Indonesia,2026-07-17 07:00:00,https://news.google.com/rss/articles/CBMi0AFBVV95cUxNc0loQUF2YzQ0ckxadm5QOXRWdXBzQ1Z0LW5iTmhxNDBxQmdUQ3lmTU1ZT2t3NDFzUHJVWjlXTXE1REdTMVcxMkZyWW96NkZtWVFTRXZxcjJwR1N6SHBZMHFkSVVhb3NubDItTkoxMzNfY1JrclBxY1lOQ1B4bktycVQyWm01ZU9tZ2x2MXU3clhYV01vUmhKMHJTQ1RWanJtNnJVVlh1MWdfcFl1Q05HbGRLVWUxRENoOVhabHZCYklNOFJwczluWGpzTGttaV83?oc=5,True,menolak,1,0,E4_pasca_putusan_ma
Sedimentasi Laut Jangan Jadi Nama Baru Tambang Pasir,Jawa Pos,2026-07-17 07:00:00,https://news.google.com/rss/articles/CBMipwFBVV95cUxPMXkzaEhKYWczYl9IdlN5ZDF6bUFjMkg2RURneUdtVl9OektDRHJjN083Z3VfbWVCcE1FekRqTGNBY0FnYjBvdEVPZjZsdDdaWUs2T1hDTnM0R1psYzF1cmtOU2c3Rmw1NWJWNWd2U2VQbTNBNnZ3TkxzMmZ0ZndhclJmSGx1ZjIyakFOT0NqSGdtNm1hUkNPaFp4YUhuMjExUHBtckJKb9IBrAFBVV95cUxPQmcwYkVPS2p2T0hYOEFfbDM3RGhGNFNOTjVzMGxHYUtqNmxVbjNmOU91Uk5PSG1fWXJRM19Jd1JJODJvRHRyY004MDJycEhnbVd5WHVtLU01bE1iTGdzY3dQMFRGUGdNcDkxNDhSd3RsdVdDUVdpbVJHNENvSFJGZUY2Mk1fV1pmRkN4bHpJZkJUQV92VUI4RDVBY3EtMzVaYjE4ckJMaEpySVdY?oc=5,True,netral,0,0,E4_pasca_putusan_ma
"Pengerukan Pasir Laut di Bintan, Lingga, dan Karimun Ditolak Nelayan Kepri",riau1.com,2026-07-17 07:00:00,https://news.google.com/rss/articles/CBMitwFBVV95cUxPbWtzT1pJSjJUQ2dONnliZU13ZUdyeXBaRjBEZGdxUXZPaUpXVEZMcXBfVEVWMkhOMlJKOEtrT3RNVFhQVFRMOEJGdktJN1Q1WERsdmNEU0VEWjBKdXZJTWhsaHRyNGNwMXNRSU5QTXRPR0FYa295SEI5UXNWRGlveW10VEF1LVd0VGRuU3RjWm9mdjF3N0NsemZYckp2czBzVFk0ZTJrXzJpSTYzdk56QTFUT2tlUk0?oc=5,True,menolak,1,0,E4_pasca_putusan_ma
Ribuan Nelayan Tolak Pengerukan Pasir Laut Kepri,Batam Pos – Kepri,2026-07-17 07:00:00,https://news.google.com/rss/articles/CBMihAFBVV95cUxQVWhma01KcWx2SXQwd2p0VlZuaHRic1M1R2JFMFVWZ1p3UVR3OThGbGRsZ2Y2ZnJWelV1Wm5obVk1Q0V5c1FZWndMdWpkZzFOVlVMVExXSHlVTnMyelJNWmRCQW9zSUIxRnYwWnU5QjA2TDZ3d2U2cE5KZFJvLU9mdGdpRVk?oc=5,True,menolak,1,0,E4_pasca_putusan_ma
Proyek tambang pasir laut ancam mata pencarian nelayan,BBC,2026-07-19 07:00:00,https://news.google.com/rss/articles/CBMiYEFVX3lxTE9kcDAzOEJBQmVkel9SZ0c2SWZualNqNWxIVDZhR3hJWUMtekw1NWQwdGdya19nQkFqZWVaSk1xbUd0QVdJZUFHN1F0T0JsNWQ2RmFUektOX3IwRWtzR09OctIBZkFVX3lxTE5VTlVtZV9WRWhqNTJRX2lEQ3huVS1IQ1F4R1R3bTVhQklrc193b3RsMTJLT1M3MVNaTWxLX25tMjZKUUNud1B2cVcxNmNmVFJyX2RoMjhNUFRLbXZVa3dlenBBaVNLdw?oc=5,True,menolak,1,0,E4_pasca_putusan_ma
"Program Kampung Nelayan Merah Putih di Tanggamus Dikritik Warga, Diduga Gunakan Pasir Laut Lokal untuk Pembangunan",Sinar Lampung,2026-07-21 07:00:00,https://news.google.com/rss/articles/CBMi4wFBVV95cUxOR1ZUTlZzaUthNV9NRWJLbmppT3Z6UmxISU43b3FhVjF2ZFkyeGd2SnpWbDFVWjJsaHpDY1J3ajBRdFlOaC03RlFVa0lfZldLdzAxeG1Sa3VVUVJlQl9WTERLU0F4RGNLOHNwbVVXcmxVMjRNV3VPTjg4ZHNrOUVmU1Z4MnZmTkd4V1BvZ2tsRlRWYXNKU1RUZXczWS1YNk1hSUFIVUNiTEZNZ0JUVUJWd0NtVDlHNVJCMk1IMXl5eUktc19LbV91MlN3aTljSWpDVE1takNaVVdnMzlPUDRHRXRXOA?oc=5,True,menolak,1,0,E4_pasca_putusan_ma
Ratusan Nelayan Buru Demo Tolak Penambangan Sedimentasi Laut,Batam Pos – Kepri,2026-07-22 07:00:00,https://news.google.com/rss/articles/CBMilAFBVV95cUxPTk1SRnpJek1JM2N3NVVQWTBWZVNKLWFXUWJUVTAxcS1fNHViLTZSTjlWc3V5WHVsNmZvTzBOeVNYeHJjRWVreXRHR3BLQ2xXSnRqTklibF9pWjF0V2VlRUxVQWV0WDlXcTJJQ0tWTWY3eDZfQTZlUTdMRWpJWG15a2xoYWpNVEV0UXdpZXJOUXRxYlFf?oc=5,True,menolak,1,0,E4_pasca_putusan_ma
Lebih dari 100 Nelayan Buru Tolak Penambangan Sedimentasi Laut,Jawa Pos,2026-07-23 07:00:00,https://news.google.com/rss/articles/CBMiwAFBVV95cUxQNkptZUNNUkpKR3NzdDcxSUo4RVViNE55SFg5MFpiYWxRT0gxSlBFVkh3ejNDNWJLaldqUm1ISVZlS1daaW9LekdUWjdCWjkyUktIcm92b2ppaVdYSlVpZWlVXzdYUlBaX21abkhCdEMyWkhuczF6clJyYTJZcExrcnYzakVCbTdNeWVobWJqdGtJZkR6Z0Jqa19fY2J1QjB2MVRhUWhuOUVsX21laGVoX19TckZrMTlhaWEyRnA4Z3DSAcYBQVVfeXFMTmRMS3I5QWpSV0JJNElad0ZVaUw3cS1pR2ZZa2doTlAyeDZfRHhVX3o1RTcwcmlSSzVueGRRVGdkU0RvMWN1QjZreEpOalVoai1peDFhek1NTVFkOHo2M3FwcV96M3ZtYUJVbDRoN3hhMUlPYkl2RjJjOFdrUTJGUnk0VkpWLU5NdE9ZRnBkWWh4NDRwSG43Tng2YWJBX1Q5S2h6TEg0UDBKTnYwb0NBNmdKZGp6aWVlYTFYak1iVWtBQk5qbWZB?oc=5,True,menolak,1,0,E4_pasca_putusan_ma
"Ganggu Potensi Wisata di Bintan, Komisi VII DPR RI Minta Proyek Sedimentasi Pasir Laut Numbing di Alihkan",Gotvnews,2026-07-23 07:00:00,https://news.google.com/rss/articles/CBMixwFBVV95cUxNYy1rbnk3bEZxRUMwSEcwNEU2b0dMLWJaMXRvc01ObWRHSktRS2xKb1lNZTJhU1E3VFdmRURpYWt4S1lNLUlISXNqVUlxZ0RHUFFSQlZLelRObXZYTVIyazYtLWRRVG9ieDJhMEthM3E0aFlUOWswTWpMN1k4ZExuUXVSQmw1UXRsbnV0RXplT1FaQmlfWlV1U0J5MXZ2SlhrRnFBbG4xQ3FDNmtwSHB3dFhsdnhXOVE0d3lCMmxiQ3NzNnMteTZz?oc=5,True,netral,0,0,E4_pasca_putusan_ma
Komisi VII DPR RI Tolak Pengeluaran Izin Pemanfaatan Ruang Laut oleh KKP Untuk Tambang Pasir Laut di Bintan,Presmedia,2026-07-23 07:00:00,https://news.google.com/rss/articles/CBMiyAFBVV95cUxPOWlyZkJUQ01NWGNrVEQ3TWFrcms2cDJXTnNZb1N2VlZVMjdYVGxLaDVEV2x3VFpnVVU4VDJBMk5xV1FZY0gweFpTUDZXWHRBLWJlRVdpTzNUUGFGYnVkT2dndVVpaEx3cWtsNWdYampSZHFQMEFacjZmWkhrbERRdTdxVjJhUDJkVWIwWGJ1ZUlRRWlPMEtqTnM4Uy1YN0JZZ3BqYm94ZUVCcXJHSGFfbFRsM2luNmpudTdsbDRuOXZIWkxMUGROMw?oc=5,True,menolak,1,0,E4_pasca_putusan_ma
Pasir Laut Numbing Diincar Pasar Singapura,Jawa Pos,2026-07-27 07:00:00,https://news.google.com/rss/articles/CBMikwFBVV95cUxQV3p5SUpJV1VUSXVLd0JkdnVCOS0zdUJkWVFnRDRMRmZiYmRJYjVUNlBsamZjMzV2RS1JUzZGWTdDY25SVWFGQ2thc1ZfTFdYQlhLa2lWUm1rRFR4RFdXMWY3RWNhRnAwNHF0dnhtdkpocFk0bXZoRWZkdWtiNlJENUV2VVY4Y2NZZ285TzlhU2I4dDTSAZgBQVVfeXFMUHJrUTFaUkt6VmtkaDl2cEdHR2JITXVNUkhBazVHbmFzdHhGZ0w0WlYtU3luMnpUUlNzelV1SVozdy16TW03SGRUeTZ6WFBpcDA3c0VNOGJhUFNnTjA0WDRrTGtLaFRsOEppQzUwaHBweEVpMnFHYnFrcDdhZDdRNzZNeDc3ZGlIR3hSREhXMlJyV3lPY0VTRDk?oc=5,True,netral,0,0,E4_pasca_putusan_ma
DKP Kepri Tegaskan Tak Pernah Rekomendasikan Sedimentasi Pasir Laut di Pulau Numbing,Jawa Pos,2026-07-27 07:00:00,https://news.google.com/rss/articles/CBMi0gFBVV95cUxOZTVHRjNCbTRIeURDWVhvQm9MVWJxSl9hVWtJamRNNU5NRDNXZUZUcWRwQktWWEo3eThKWVd0VFVmRmNCdmdPU2xjT3JoQkU0XzAyS3RSMlh1TmsycmxzLUZTXzFIbGZTV1J1cWFEZWFTXzVpZDFHZXg3NGhNUzR0YWFDVGFmTGpWS250eXo0VDNZSHppdFp5T2R3RXIzb1Q4a1JoNndMYnJESGVjUHlPWHFyTGx1TmNfc0wwdmRtVEVLVnVxNHlmODdCUFM3V1lzZWfSAdcBQVVfeXFMUE9WUzdOV3NXTmRYN2hlZ05fWGpBeHFvVzB1d3IteDgyTmgyZXZuYlJNN3N6UmNGb0wtQVdvRmx6ZFlFQ1BCWjRzRnFkZmdldGQtWTh1Y1FnMEE0eGpLbzlITHRiTU85RHJRTGhlRDA0THhwMmRneWhWOU9Gbkt0ZG1xQVhNaTlaa1RWX1dXYldsS0ZjY2hoQ29Da0hGWGh6LVZ0eWxadWRNRlhuMGpQNmdBajdwdGx1NUJScllxaHMyeHdKQWJUaFVXZnZUWnJIbmJjSXhieGs?oc=5,True,netral,0,0,E4_pasca_putusan_ma
"Nelayan Bintan Tolak Sedimentasi Laut Numbing, Tok Itam: Itu Mata Pencaharian Kami",Batam Pos – Kepri,2026-07-27 07:00:00,https://news.google.com/rss/articles/CBMirwFBVV95cUxObldPZXh4T3dtSnRhWE5CVnFSeVE5NHZkaENLMy1QSHJwcW41NzBKRXgxaWlaR2VnR0hOQ3QtSW5PNGhyb1htLXhvVTJXR1N1aXZYTWhVU1JNeG1SYVhYTUR1aUtZbFFRZFQ1Z0M3Z0lla3FRYktrWVV1NEtJQzJtbk9obTJVQ3k1MlJKYVRwei12RjhodklLTnF5c3ExQTdQcmF5N19DRDJjcU13YTRN?oc=5,True,menolak,1,0,E4_pasca_putusan_ma
Nelayan Karimun Keberatan Rencana Aktivitas Pengelolaan Hasil Sedimentasi Laut,gokepri,2026-07-27 07:00:00,https://news.google.com/rss/articles/CBMioAFBVV95cUxPV2dMR0FsOGlXajZDNDI2UUV1N0NDRDVObGMwWERrdVFndFRMSTV2TFVxN25nQk12dnU4VkpGX1gtSm9Pdk0wMHdwaEZyamh3R2ExZUxsZ29SeFhKenpkR1NvVzZjeFRXVlNZVEp3QnhaZ2k3dGUzSENQalRQSTI2SUZWcF9HdTVQcEJNdFhLdDZmLV9zYThSaG1kTTRkSFRh?oc=5,True,menolak,1,0,E4_pasca_putusan_ma
Bupati Karimun Terima Audiensi Aliansi Nelayan Menolak Sedimentasi,RRI.co.id,2026-07-27 07:00:00,https://news.google.com/rss/articles/CBMiqwFBVV95cUxOSTZyNG5QV0pIcVMxaEg3dGVhZTNDUzVMQXgtc0owLWg1cGRRRVgyNkxnR0xRM2F6X2xiOTAyOFZPdFpxZW0wZTNGYTdwTV9tMzV4SG4wVDAxMHQ4cXloWFhNTDBwRHRuYkdtQ3BvbW5BLUgyRVlDVEN5alFNNjFWeHdWcWxKWWtNanRmM1RWaGF5Tlh4bm0tb0RaQnRrSnU4ZGMydFBUOUI5Y0E?oc=5,False,di_luar_topik,1,0,E4_pasca_putusan_ma
"Sebanyak 33 Perusahaan Kantong Izin Keruk Pasir Laut, 43 Ribu Hektare Laut Pulau Numbing Alami Sedimentasi",Jawa Pos,2026-07-27 07:00:00,https://news.google.com/rss/articles/CBMi6gFBVV95cUxQLXE0WnN0UjZfaDF5TWd6NkVUck44SjkySEM0Tk9LZEFoV3VFSHNFVW5jUmdOaHJIYmVJeEJrXzVqY0dNSnFEbzR3VnZFLXVlQ0M4R3dhMDdLZlJiMzNadEJZYkxQZ18xMmd3WTd2aFJ0c1VoUFFXTDFVYzlmdm1LZEhSZjdVZE9rNjM5WWhDLWdWNDM2Y2d3d1pBTFNZajFDYVdwa0ZmYWlSOWhXamZhY01aMW9kRG5rOThWM2p5ZGxjM1dtd1ZQcU5VQi02dk1sc05ZLXBGTENWc2dHVDZEQ1FTbkpvVm9OSWfSAe8BQVVfeXFMUHlqWGRIZVhxbmI2R21leVpKVUN4N1JKQzB4amlOaUlzYzlmWEw3cThCd1NWT1hnWHFQeE9ZRml6eXBETW5JMHdVNUtGbUJBT2RQQWZLUDlVX0lPTDFwQld5MFNPcHRjU25tTGlibC1HWHI5QjRlN2RUNnNJSXVpNlBsWFk2WU9DMHQ0V3lnWkJKd3VaQWNSRHAxeXl0M1RhU2JfSkw2RnMyVGRtY3U2bmZVdTg4VVgtX1NLRkdhVWR5ME5sWUpGMTBzQkpGS2ZCRXlLY29XNEl5Z0ZQZGpnT1pjdEw2RDBvWlB0UUtPZmc?oc=5,True,netral,0,0,E4_pasca_putusan_ma
"Modus Pengerukan Sedimentasi, Warga Pulau Buru Desak KKP Batalkan Izin Tambang Pasir",LiraNews.com,2026-07-28 07:00:00,https://news.google.com/rss/articles/CBMiqAFBVV95cUxQTFo5cE5VMTV3b3YzMk1sT25sbmJkbmZ5bVJ6RVEzRl9qMm9vR2tpYVVIMXFGNWJuNExsZjdJOV95d1lja2Z6OERrQ1paTV93aU9aNS1iWUdlblBCNDhNWC1UZm9tb3hkbFBfVkZPUEJlQW40Y1pta2dKcEQ3UWd4YXpoTlhkWUMydlFWOUhJQ19NN183b0daTkxXNXpyXzUtekJfVm1mTVY?oc=5,True,menolak,1,0,E4_pasca_putusan_ma
"Terkuak Alasan Spanduk Protes Greenpeace Dibentangkan di GIIAS 2026, Minta Perhatikan Raja Ampat - Kilat",Kilat,2026-07-31 07:00:00,https://news.google.com/rss/articles/CBMi1AFBVV95cUxOMENTd1B4em5jZVNBNEI4WWdPUUZ6R05aWmctTFdCNWtibXpGTGw0dEdEbUZDVnZ5eEVDSmxwNUk3cUN0anQwN3ZXQnVkMXRsS29vUGdOX2hJd3FXeUZ6alJPR21BZzFIMFRUUWJjYnlPQmVtWkZaWkVUUlNLWFFKcmdmMjNINFlEN3RXWEJhNVl3bl9DTi1peUVFWG1KWjRjV3U4UFFWLTREQUNsWEFRZ1BYOXNmaEZQSXRZV1FUemlrVXZHSFRsYjRXcklVc3h1NlpOc9IB2gFBVV95cUxQa1I4UlphdGEwUzhENThKMFpHWXMyZ1RlUTloSlBhSFk5ZTVrYkFFRzhUeENfR3RjbkpQeDNJblVodXZ4bFZBWmE3aEpKUnJPMU1McGdUYUROaTBua1RUWjRSZkJpVWNjWTk0WGhVX1FiWElYaDByRktzTTQ2ZFl2aGl4ZjV1SDFMbGVfVmREQS01WU1sT2NnVFdCaFBPZTgyTEdwc1BMV0UzU05hZ0NselFwNWpPeHQxVU0zSDlKRGJQT25yMWZiZzNnV1Rxa1k4QnNoTG4xNkJfdw?oc=5,False,di_luar_topik,1,0,E4_pasca_putusan_ma
El Nino picu kenaikan harga kakao,makassar.antaranews.com,2026-08-01 07:00:00,https://news.google.com/rss/articles/CBMihgFBVV95cUxPcWdHSC1sX0F4QlliLUFsamxTUTJVa2JVWGR5azBKSXA2ZEZSeUpNdkR1LXR1X0tyQ3hlOFJkRUQxVmY4ZE1GRXROa2t6ZWFqcG9LTjFMOXM4UU9HOGNEWlZiT05lMVZ2Qll4YkNjYmt5WXJNNXJ0UUV6dEtCcGFoRkVlclJyQQ?oc=5,False,di_luar_topik,0,0,E4_pasca_putusan_ma
"Bupati Karimun Minta Nelayan Buru Tenang, Belum Ada Ada Izin Sedimentasi Laut",gokepri,2026-08-01 07:00:00,https://news.google.com/rss/articles/CBMingFBVV95cUxPd3FUV1U1VnpLU2d1aE5yeWItX0VPV1JuUU03UERkejZYdE16ZFRHTUJhbXl5SnZBTkI0RnZzQnZ6azkxSTdsSmxPLXdsdWxJX3ZKZnhjUEp5a2Z4aVc2d2UtXzUzLUIxODFUYzg1Zk1YSV93RnVxM0NvV3VuVTJIUjBmeXd5WlhmNWZ0TEcxanpHdmlfbFgycHdxalBJUQ?oc=5,True,netral,0,0,E4_pasca_putusan_ma
Nelayan Bintan Tolak Sedimentasi Pasir Laut di Numbing,Batam Pos – Kepri,2026-08-02 07:00:00,https://news.google.com/rss/articles/CBMijAFBVV95cUxOWUJzVFRUZ2puTGxtMTBtcm1HYnRYa3dRa3cxNzc3eC15aXRIRFB0d0tuWHVQdVRqbTk2T21FZ1lyeXUyeGJQQXJHSXhZNE9SVGdBVS1LcTBCbE9QRWhrUUJUdGZWQWlLNzhhelJLMHhEYlZ0OF9mUjRMS0NkN2pMRk5Jd09zR05NMC1HYg?oc=5,True,menolak,1,0,E4_pasca_putusan_ma
"Dugaan Pasir Laut Ilegal Masuk Proyek Sekolah: Agustinus Halawa Terima Laporan Media, Komitmen Tindak Tegas Jika Terbukti",Kupasonline.com,2026-08-03 07:00:00,https://news.google.com/rss/articles/CBMi8wFBVV95cUxOeEJYS3VEVDdOVVBZV01RRWxPRVFvVkx4MTEySjlDQkRORlhlRnZvT3V6d1p6UzdyZTNpLWRvbjd1T1FXNGpKMHNoNXRZbU9aVUZWLW05VktHQ01CYkl6alc5S1UzUlVoQjB2NmtwblNjckJhZ1RMZUZ0YmRQWnAtQ2dZY1JydGl1cmhPOUhKQkkwdE5WSUZjdUE4S1NSdTJFb2tFRGhXWmJmemt4TWwtN3NhXzlDRGdsUGF1ZElteTVqS2Z4UHlNVEhtS2c3YUg0cDVOamp1My03djhZVElHSXpzcnJrNmE4NWZGUDYtMU5wZTQ?oc=5,True,menolak,1,0,E4_pasca_putusan_ma
"Ini Usulan Tambahan Anggaran 30 Kementerian dan Lembaga, Purbaya: Tak Semua Disetujui",kontan.co.id,2026-08-04 07:00:00,https://news.google.com/rss/articles/CBMiugFBVV95cUxOOWNpc0l5dVdfZ3ZPZVpTMnE1XzF1VFRGZVhzdjA0eUlkMlFBYkVzTThpRnhyMFUtWENNM0RLdUNXU0pZWWNjdFloRzRHbjYyTkNJcTRyWWlEWS0wV3lEeC1zbVdsMjhjNEJYZU55aS1LWV9kOXNWZTljWEdjUC1sYzRXb3pUN1NHa1Fqc3R4VlZBaGtWekhTWnFYaFgzMEVrci0yY3dxYmxPVmRMZHFIOEpmT3d1cWNFOFHSAbMBQVVfeXFMT0tRMmZZTTV4dFlwY0o3ODZhclVhSm9uamUyRE45WXVJeVRfMlJUNWhOS1JFaWJ3Z3RReWg5VDlGU0ZmdkhjRXZudkNmbC1WNmZUYXQtNUtqaS1VMlRrMkxLeG1JejNESWdvRjNGd3lfa1V2RFgzMmNxX0Q1NVpBWndrTVRfdU9leEw2NXEzbmQ5SWd1Y2VuaTlnNDB4UTBrSmQtLWFpbmN2TnhnNHJhWF9LUlU?oc=5,False,di_luar_topik,0,0,E4_pasca_putusan_ma
Membaca Banjir Padang 3 Agustus 2026: Dari Intensitas Hujan Hingga Mekanisme Pembilasan Sedimen,Universitas Andalas,2026-08-04 07:00:00,https://news.google.com/rss/articles/CBMilAFBVV95cUxPZmd3WHVvS0p0dTVESnFEZzFVNVpRNElfNzRSV1BPRDlMUHpFRDdmV2xhdGJQQVE3R1pqN3V1emJjTlhkNGJoZWpqM1ZWckFGbndNUnZERnpIX2Z1NnF2aWNJajNjd1M1T1lWazlCNjFMLXBaQlo0eDE2Mlc4eUREQ0VzLUJOUzVQQjBPWEI4dzBHeGdJ?oc=5,False,di_luar_topik,0,0,E4_pasca_putusan_ma
ESDM Sulbar Fasilitasi Perpanjangan Tambang Pasir Laut di Pasangkayu,Radar Sulbar,2026-08-04 07:00:00,https://news.google.com/rss/articles/CBMisgFBVV95cUxPaWlOWGllb3dGc3JWS2lwRDcxNllMbWxWcnVyTHhVY3Z1akVZcE9PWkV4bmstdE9zTTlTS01aSzFMV2h6Uy1oT2QtWE9oblREd1FQSEVETEFzQ3J1N2FhVWlDSENxRV9BRERESmIwU1BMc0V0YmtnRWFtSUtQZUpDa1ZVbHJ5R2ZpbWt2aU9zMGFrV0UxSlAzMUhuSGVKWll0SDNyWjFCZFk1bGhXc3l6eVd3?oc=5,True,netral,0,0,E4_pasca_putusan_ma
"Realisasi Pajak Kabupaten Serang Tembus Rp400 Miliar, Bapenda Catat Surplus Rp12,4 Miliar",ekbisbanten.com,2026-08-05 07:00:00,https://news.google.com/rss/articles/CBMiuwFBVV95cUxQYk5TNW9oQU1XaHhwa2FtSnh2ZU5ZUC0wZlh6eFJ5SS03YjVBc2ZrcEZRajN4bno1Z2s5VWc5WmtkRFpSOHBKS09xMXY2V0YxR1V1cWNLN3FNOTc5VGtmZHFCYUZkdGRBM2VRRFJuSm9nTnVXUmM2YVA1cGRZU3FmWGViN1UySlczeWVfNTZjTXVTcU00VjZ4c0xKXzI0ZHNBaDd5b2Zra0d4VGZzbGxHaFI1TzQxUmI4MDhR?oc=5,False,di_luar_topik,0,0,E4_pasca_putusan_ma
Kemerdekaan yang Belum Selesai di Kepulauan Riau,Ulasan.co,2026-08-16 07:00:00,https://news.google.com/rss/articles/CBMidkFVX3lxTE9mWU1QZDRiaWl4WlFfRXhzNG5FNW1nTGJ2NzVqYTZkR0o5aHNqdG5kTUVzampUQ1p3OTVyZndidTM0cm5GM0dKUURfdDI0TVM2dGU1WVFSYWVLRnVnemk0QmpGVW1QTGNyM2RkU1JfNTFvX0JZOXfSAX5BVV95cUxQNUc5VGE3cjhKbFZWVGJKTkU5YWlndHRNMy1ybzVCV0o2MnNGYkRhbjliMVZGRkpZNjk1V19yZk5fR0lVTFZVb0VhZ0pkNF92V01oZ19fVDdWYmhCSlplYkFUemZvNDdmYUdUXzh5djNtRGxfN0w2ME0tZkx5SGc?oc=5,False,di_luar_topik,0,0,E4_pasca_putusan_ma
Memperjuangkan Ruang Hidup di Tengah Krisis Ekologis,WALHI,2026-08-22 07:00:00,https://news.google.com/rss/articles/CBMiggFBVV95cUxPalNkZi1mM0NPNkJ2MW5GTGNxbW1PemwzdE5aWUd6OHEtX1dUQXFGMHA2emdIdXdvOTB1dm10a2k0NWFKdjY5S2FwWU5kNjdORjhxdG45RUcwY1hWV0h6bXNjMDVCbHdNWUh4bjAtYlFVNW1NZGJXSDlTdi04dnRDek5B?oc=5,False,di_luar_topik,0,0,E4_pasca_putusan_ma
Deklarasi Riau Masyarakat Adat Se-Sumatra untuk Keadilan Ekologis,WALHI,2026-08-23 07:00:00,https://news.google.com/rss/articles/CBMikwFBVV95cUxPbXZUN0dBTldRcXU3dE5ja2NjSzhhTGJwZmtkcnVtLWFURzZSd29HOW1nMGoyTmthdkRzYnFPMTZnTGVpR1BiNXZaS2huY2l3MHpKZmVDZGpsczFnRjV1Q01HeDhWYmJPQlNRaF9GX3dVcG9wX211Wk9sdDlMUkFTZFdpZWR6ZHFRSVoyY0RZczh1R3c?oc=5,False,di_luar_topik,0,0,E4_pasca_putusan_ma
Tuntut Koreksi Pembangunan Lewat RUU Daerah Kepulauan,WALHI,2026-08-27 07:00:00,https://news.google.com/rss/articles/CBMigwFBVV95cUxNOUlzRWZSbklwRlBFS24tUnZLWGQ0bjVKb05hVENodWxBdUJ2NWFYekx5TjRCWW5sQVMyQ3J3eWZwTjIyX1hUMDJMMEE3UVdHWldxVXVnaVlxNm1qUTVUc1ZhOHBPY3htckhqRnZPeDljYVB2VzFqMkRjUnZhTmhzbGliNA?oc=5,False,di_luar_topik,1,0,E4_pasca_putusan_ma
Tambang Pasir Laut dan Pengolahan Emas Ilegal di Wanasalam-Bayah Diungkap Polres Lebak ‎,iNews.ID,2026-08-28 07:00:00,https://news.google.com/rss/articles/CBMivwFBVV95cUxQaVYxaGZibDRFQlZQMkZ1UFc2RWdzX1dURWxJN1BtWm5DUUd2aVZGbVJDYzdJalBoWFpsXzVEb2s3WTBraE1TU2pOWU9zOXk2ZkNnM080RjJWV0g1UWx4WTdiUmROUmxyckpXMnhWYXFCamhsMC1SZ3MyT3JTYktNaUlGa3pzVjhPSGw2VDcyN2NRSTFVcTVjZGxTeGd2dDE1UmIwSVpSdkQ0WUYyVWE5TmFPbVBPd0FXdm5oeWthY9IBvgFBVV95cUxPYVd2VkFWeXgxRzk4Ymo0YjFFbnB2SWZuMjFSR2VXS0cwUkZQRWlNMjFOeWJnajBzNkl2NXNMQXVaRklJd1k4WTllS2ZKbm0xSldEVWxQeHZTZWJmZlNMOUNoNVZCb3VtZkhlQjNGOWNBNlpJZ01UU3VYeDlBNVdOMWU3VmZlSWo1Q2l6VXh2X1VBX1ZIUGwwcDFZRVJXY1I1dDNtMzYyaHB3N1ZVUkI1V0JrbVNwcmdjYU1KSnZR?oc=5,True,netral,0,0,E4_pasca_putusan_ma
"Polres Lebak Bongkar Tambang Emas dan Pasir Laut Ilegal, Dua Orang Jadi Tersangka",tangselpos.id,2026-08-28 07:00:00,https://news.google.com/rss/articles/CBMitgFBVV95cUxOTkZXeWRNbFRsZ1JlSnZPOTVpWUJFZ1RhNWRMWWx2UnN2OGVpUi0tU2JjcnJNQTVOazRXc0hJUnIxdmdJNmYxUk1vU2dRVHgxQi1SU0tob2E5MnkxUlV4TGlFSENsaG55R0pSd3djdHdtNzJmclhIM2Ita2YzTjByREswaFg5R2dFeTdmUjJLbzczVEpVT1pNRnoxLUdwNUtyRHFzd3ZjX0VkTFdLc2Zqb0NIbTdIZw?oc=5,True,netral,0,0,E4_pasca_putusan_ma
Polisi Tetapkan 2 Orang Tersangka Kasus Tambang Ilegal di Lebak,detikNews,2026-08-28 07:00:00,https://news.google.com/rss/articles/CBMipgFBVV95cUxOVTFQT2hVY2NZV1FySHdXRnFyM2V1eEdKdWFDNTFOV29MT1dpcnNFdGxTdVlrb3MtTFRZS3dOV0Q2TVlUaDhVZmZFREttNkFybVJ4SldWVTNPcTZQRTZlbXdVSlVUcU1WN0ZjVkw2UTBUZUhtWWk5eVplTjNlS3FHTTJWRTdEeGVMdlp3T0NRWm1TNjRDRm05NDVpTTR3THdpd0dLVFhB0gGrAUFVX3lxTE1aMEI5b0MyenZuWDByeFRPeHkzYWltWklsbzdJWlFPU0c5UWk3a2gzay1qOVZ1a21YakNwdlJKQXIwWlJjR0RUbk8zRFNLNU41Q2NBYVo5UG5ITklzRWtxcjlsdlNKS0x1VDJOZ3pWRFZGd05qM0g4UGwzSmV1clJNVXhFem95dFdLUTZIQmpuWS15WGlEVXRWZV9MTE5zaVREVFJwTDNIYnQ0aw?oc=5,False,di_luar_topik,0,0,E4_pasca_putusan_ma
Polres Lebak Ungkap Dugaan Tambang Ilegal di Wanasalam dan Bayah - Lintas Pewarta,Lintas Pewarta,2026-08-28 20:41:49,https://news.google.com/rss/articles/CBMivgFBVV95cUxNTjNZWmM5X09weUUzWENMcW1rdDhGb3VFcWlfRzlMZFd3SjcwSURuQXd3VDlwRE9WYzRyMFE4LWh0akY5elJDTWNSM1h5dUM0aTlCYmwwY2dWM0JPM29WTTJ4eWNnb2xTcWlTSm0yTDJtU0ZhSXlucFdMbzZuUWdHX2RacHFKY3NPZFJ5MG9YaWtQSE55Yzkxa2NGVUVOTlU1d0Yxb25JV2I0dVlmVDVHbTQ5ZDR2bDBZdHdSZzdR0gHDAUFVX3lxTE1mR0lUbllMTmtETDhmSnlXcHFkYXlfNUlPTkE0UXM1TVNBM2N4ZWtSSEdxWFFPM2ZwSHVmOWpLTW55NmNuekhQRTkwcnlIUlFFTm5jTUI5MjdqajVLZWpxbk9vWWhYR3c1Um4zdjNrV2YzNjRvdlUxMmFzNVRrM0xSVVktY1NRZ2hweVY1anMyYzVia09KM2RwSTlCMzFpbjJ6N2ZUMG5PX1lpdUhqRGEtZWkwcV9LTlVBRnpGaWdjdlFrbw?oc=5,False,di_luar_topik,0,0,E4_pasca_putusan_ma
"Polres Lebak Ungkap 10 Kasus Curanmor, 15 Tersangka dan 48 Barang Bukti - Lintas Pewarta",Lintas Pewarta,2026-08-29 07:00:00,https://news.google.com/rss/articles/CBMixgFBVV95cUxNdWdVNDZhTzhYV2JGYWhWbS1qREg4WDVkQmEwclhOUW1SRXJFY25zcENWNjE5VHlJcmVVLVQ3Wm9FUWQ2QTVmZG1RdmNUaUNCSWZERDBqd2VMTnZUdjdNWDVkN2VLbFdLTVZNNG1GWENKMlRTV2xGcW9wMDl4Vm9iMzhUTmFZdkwyaU5QZm91YnFyZ1dBdkRCY2JON2J4dVhrYnhSV3VDRDdTZy1iMHM1SnpnNmZBTWJ6ZS1CcXVvOGU3Q3U3NWfSAcsBQVVfeXFMT3pZaDAtQkJMRWstbVVSU0RQUjBFNFI5SkFjUHZ6b2JZQ2hGbFNGMnk1LVJEQ3A5M3R6Q1NLZ3lVVWt2YXgxczk3TmhySmJzMmNKbTJra1F3U1EyS2xSMjhjSGp0UklyRTZRY0ZVQkhfWTc2dkdLNUJMQmQ5bEFnNnNjNW1jQ0UwdlhUWUx0VmJTRUVsNFpFV3Q0Z291R1RRMVRXVlcyVzhiNDNjdzRONzVOM1AwcTViSHlFaHRaakdRRmM1ZGFYY2c5Q3M?oc=5,False,di_luar_topik,0,0,E4_pasca_putusan_ma
"Nasihat Moral Jokowi Disebut Sindir Prabowo, Ahmad Khozinudin: Buruk Muka, Cermin Dibelah - Laman 2",FAJAR,2026-08-30 07:00:00,https://news.google.com/rss/articles/CBMivAFBVV95cUxPckE3S09TTVpnLVRHaGZxZWMzbm1OLU56Yk02ZjJORUxtV2R2VklEcWFRamtBVldDX2ljMEtVUUVkRVNhM0JlQ3Qwa3B6cDJ2YkE4ZVhJeVNGUUxvMWZXN0YwQ2V0bHYyQnJJU3lZUElsc3prOXVQb1puRUJQQU14RkpjR3lTSkNDZmhQQXEtQmZXcXlxN2t0dlF0UjEydjRHakxCdEtDVHFsMWo2cDVtakhTYU4ydzA1bTU4cw?oc=5,False,di_luar_topik,1,0,E4_pasca_putusan_ma
"Jelang Pertemuan FAO Membahas Nasib Perikanan Skala Kecil: Marjinalisasi Perempuan Nelayan, Konflik antara Nelayan dan Industri jadi Sorotan",AFU.id,2026-08-30 07:00:00,https://news.google.com/rss/articles/CBMi9AFBVV95cUxOXzlNTHZqaWpSRVMyWDJtb1Yxc2VqUVJYMEx0S2ExUU0wVVVvaUI5bUg3LWtBcElfd1lFRE1XcFZzM1dGZVFWS2tOblBKTXNnWl9KbVIxYVlvcWtwVGp2aTFTT0xxXy1UZ2xhbFctVlRZbnlpYnNQaUtiVkotZGdMa1V2LVE5TG44TjJGNFNYcnhUbjlPOFM3WEdESUhoamZFT2U0MXh0QS13QjZmQ1Y3LUtJdFlpQXAtRlF1MTZrN0ZoUFV4YjlNRldwaGp3T255ek5LNmo5dG9xMHJxdmQzYjRSTUpVd0hxQVFuQkxqTzhod1Rk?oc=5,False,di_luar_topik,1,0,E4_pasca_putusan_ma
​Sinergi Gerakan Pemberdayaan Perempuan Pesisir dan Kepulauan Perlu Diperkuat​,FAJAR,2026-09-07 07:00:00,https://news.google.com/rss/articles/CBMirAFBVV95cUxNVjlmb0NROTV1a25PdTNPQWc4U1RveDdHSjItelVhYkV4aVBzcUxOVnoxUTRhM3BuZlNOWk5JZkpFbDdTZnd5dVVuVEtJVHRiYU56TDBsYjlITU5reUdrbTJycE5wUFc2bUJoNFVhOG91Uk0tdUJJbTRIQUN2Wnh2QWFTM2E3TFNmS2pnb2JYV3Zpa2VIbHlPa1FuZDdTbExKVXd0SkZXOGczMllk?oc=5,False,di_luar_topik,0,0,E4_pasca_putusan_ma
"MK Kabulkan Pencabutan Gugatan, Tak Tetapkan Batas Masa Jabatan Kapolri »",dialeksis.com,2026-09-10 04:00:00,https://news.google.com/rss/articles/CBMiqgFBVV95cUxNZWI3Y1hnd2FhRUlZUkVRd09PRG8tZVhXRWtxc2JTdUY0amtCaHpwSDhiWk51Z2RPZHF6czNpUVR4QjVEVXd2WjRVTnY5eXhCc2IxalpWLWt6ZWVqclBudHZXMy1LdGhMR2c0NVdZZmExdWtGUHF6MWxlaXlKUWptQVZReFRPangxemQwM1dKSzNQWGptYzlEcU5XVHBnUHRTUVRBTnVjamV0UdIBrwFBVV95cUxQQlhFeTUweUZqNnVwZ2tNbzM5aktvVzV2OWxfV0NHQnhkWmM1V1JVdy0xYWViYjVCSHQ3dk1yUld3SUptR1lRYVFEVkpydmJSeE1BWlpIUncyb2o5eEJCdDVXNHYxTXJyZWZrUlB3UnNDUzlFTnBHS3VxbG5jQnhVMklNVV90VUp2MjVLRXhKNjFOTThtbllGcVZKSGo5emNuSmJYWEUzLUJqTVFOOTdn?oc=5,False,di_luar_topik,1,0,E4_pasca_putusan_ma
"Kepsek SDN 17 Muntei Bantah Gunakan Pasir Laut, Tegaskan Media Gardapers Tidak Pernah Konfirmasi",TopSumbar.co.id,2026-09-10 07:09:00,https://news.google.com/rss/articles/CBMi0gFBVV95cUxOWU40UUt4Y19tdjdzQWVyTkc5bk1zb2NfUmV4Y2Y0WUpKX21nSDc3cHh6UTNxVThpUGkteHlhTS1RVWFNX3hKY1gxdnhyN1VGckdzcEI1ZjA3RVBjZXVNR0hsRTNKcHdDcTRjZzRPZTlhSTZ1RXVsNnFNdklTbFp1dUUyYUY2UW9pbXFRaXJ0cjdPT2dzckgyZVlSTF9jOURmZllBUm1mNUkyNGNiTmtzMnJNSEd2VDZEM0s0NTNrX3BQTl83X1J0a2luQUtqR01mMkE?oc=5,True,netral,0,0,E4_pasca_putusan_ma
"Kepala Sekolah SDN 17 Muntei Bantah Penggunaan Pasir Laut, Media gardapers.id Tidak Pernah Konfirmasi",detiksatu.com,2026-09-10 16:05:06,https://news.google.com/rss/articles/CBMif0FVX3lxTE01Y3ViSTA5R1ZkU2dWRzRkdzJ5LVUtWGJ4N0FvUElPMzFDSm5xa1NQRjNXdkM4ZFpuMjFGNTY1ZUFFMmZaWkhzX2RWbVBBcThzWElSeXVqS0dTYzZuSGFpT1dmYm5mVjhjbFNxeGxmbjVsbENGSjNpcTVuTGJ6TVk?oc=5,True,netral,0,0,E4_pasca_putusan_ma
Menguak Misteri Laut Purba yang Mengering Jadi Gurun Sahara,RRI.co.id,2026-09-13 03:41:00,https://news.google.com/rss/articles/CBMiogFBVV95cUxQNFFJTUZ5TkdvWkRFZUZrN0ZsOUdMdzdJOEQ0UTFOSnE1VUpGbkRySzdhSl9BYkhTZjVMald6M1VpdEhGakctQUtrNkQ1bWdvcHZpS0lhUlFnZmRhQW91WDZTNkQwYWpPVU1leExxMVl2Q0xLS0FZbzltc0FtNHZYUEdzVXVUazdZdjd5cktTdzFkTC1MdWZJR1V5d2hXdzZOVWc?oc=5,False,di_luar_topik,0,0,E4_pasca_putusan_ma
"Skandal Rp8,7 Miliar Puskesmas Kendawangan: Pondasi Terancam Pasir Pantai, Pengawasan Konsultan Dipertanyakan",Tipikorinvestigasinews.id,2026-09-13 03:41:54,https://news.google.com/rss/articles/CBMi3gFBVV95cUxNMXZGajRFQmNEQWlCTklEeWtrN1l1bm1RYlJXek51ZDM1bzBEZ21CTEFiX0RYbnBud3dKLXBHWnFpalBYQW5YOW5GSjZVd1hNMVJpeEpqZ3UxdzdLVGEyaklYZ2J2LU9oU2plR2x5Zko5d0hWSmUzakxITjJtUzRRTWFiYmJ0UElnTHlEVUFaRUlIZ1l6cXNKMEVCcTVNbGUwUGUyN3o0MWRUeE1ibF9WQzJ3eUxlSVh4WUkycHNFU3BlZzZrc3lkRXh6Yzd5VDlWb2lGcWtjNFo1eUpkUXc?oc=5,False,di_luar_topik,1,0,E4_pasca_putusan_ma
"Gelombang Lewati Tanggul, Rumah Warga Pesisir Aceh Barat Terendam",RRI.co.id,2026-09-13 07:00:00,https://news.google.com/rss/articles/CBMirAFBVV95cUxQMXdFLXJNSk52aUFHV3JhRnMxbjB6OFdLTWYyeGNpc280N1NpTWE2RXlyb0FlWDJGRF9PWHlSU2VGUGd6dE9jajJCZ3VOWGIxZlhGN1Nad01ldmp4Yl91T2lUYmM5aHdDLTFaV2xTalA4MnZiOVE0U183Y1lsdWRvWnNzZHh0NGE1dENIRlB1OG0wbE9KbXR4NDJma20xal9PVFZPWDl5bkRtS1Q1?oc=5,False,di_luar_topik,0,0,E4_pasca_putusan_ma
"Gelombang Pasang Terjang Pesisir, Sapol Airud Polres Aceh Barat Siaga di Lokasi",RRI.co.id,2026-09-13 08:06:00,https://news.google.com/rss/articles/CBMivwFBVV95cUxQV21jcjlVLVZJQ3FSbFdQLTdLb0RCc2F6bWx1LXBhWDRMOXphVHdBbGNZSkt2aGlsajc0cXZUdk52VHRESkw4dy05c3VrbmJmaXFhbnZFOGRUQ2dZaFlCZ1VXMTNpcDA5cFRsQlZzZkFNc2ZCX19KWUxENWZoOFl2di1oamI0bHN1cm9hQ29XTUhVRWtVLXZodU1DQW8zb2otMEs4b1JNLVM4ZHdjWEIwWTI4UVNELXhTNlBvYkR3VQ?oc=5,False,di_luar_topik,0,0,E4_pasca_putusan_ma
Mekanisme Verifikasi BBM Harga Khusus untuk Kapal Perikanan 30-200 GT,Kompasiana.com,2026-09-15 02:10:39,https://news.google.com/rss/articles/CBMi0gFBVV95cUxOS0xJSW1IYUhsWXVPTE9CUHdZQm1fNEMtdEFhM01QZ1dNOHl0RlExdV9scHRsc01obVlHZm81bTY3NXhzSkFWbDZURnBRVDB6UkNMOTJFRGFTb01YRGowX01mN1ZPQmN5N29US0x1blRNazVLbTFDM1VzRkVGeDdqbzVGVV9WUThVRnkyOGRIcm9BUlRQQWw0dXRlT05uZGhIeDlJR1JBem9kS1J5YWJLY2QxdFlPTWdNNUh5ODB2ODFoMUM3dkpUVWNMaUpHa01QRXc?oc=5,False,di_luar_topik,0,0,E4_pasca_putusan_ma
"Diduga Galian C Pasir Laut Ilegal Bebas Beroprasi di Desa Balongmulyo, Berkedok Cucian Pasir Kuarsa",batara.news,2026-09-15 02:36:23,https://news.google.com/rss/articles/CBMiuwFBVV95cUxQQTBqdGlvR0twNFNvNXN2dTAzc3FUa2t3Z21mMWo3TndXUlNMYkRIQTlWaUw1bnlNOEhPb3VYZ3A4Zmx2X0xxdmYxVUJJeEJHZnM4ZFpwdlJSX2JHUExfRElVRlhzSTlaeWZwUzZsLU03Q1hfQXZXY2RhRlNQODVndy16UzI4YlVOZlROckcteGhIZEdPYjR4YXZacVNZb1czSkRuMjV1UEJOaUs5V2dOS0Z3all4Zy0wVzdr?oc=5,True,menolak,1,0,E4_pasca_putusan_ma
"KKP Perluas Pengelolaan Sedimentasi Laut, Aceh Masuk Wilayah Prioritas",Kompasiana.com,2026-09-15 03:13:37,https://news.google.com/rss/articles/CBMi0gFBVV95cUxQVV9NVmFsVzNFV1VwSkN6emx3NHhsdzNmaVRoMW8yTGNHb0RDb0dMUW5hc2ZjcVdMS0Y2UFdnOTNTNVZvZ0RHclJzMVd3bEEyNkN5U1hNR0RocHkwRWNPbGZfM0VIZUtSaDE3VGlIY2NLWlM3N3ozSHh4X3duZ3I0ekU3WVYxMGpuZENNa09WM2EtVHBOdmRrMUYwZDBha3dJWjdyZ2F3SDJhd2lGM2NXZEJITGpzMHV4MTlQaF9yNnhtdUtIXzd3WHp0MFZHMkRna3c?oc=5,True,netral,0,0,E4_pasca_putusan_ma
Kumpulan Artikel Terbaru kkp perluas pengelolaan sedimentasi laut,Kompasiana.com,2026-09-15 09:31:13,https://news.google.com/rss/articles/CBMie0FVX3lxTE14NlV1blRBUHk0SEhLUHlxamtad3k3a3ZWTGpKQmRPeDlSZURsRXdWZWFncm1xZ3Jfa2hLZWM0Z0J4WERycVVIb0J0cDNiVWF1UVFFR3lHQUNBZzlfUkNDQ1JJbmdGR0RTVk5EWndUZktFRTVCVjhqUV80VQ?oc=5,True,netral,0,0,E4_pasca_putusan_ma
Permen PPPA 2/2022 Perkuat Standar Layanan Perlindungan Perempuan dan Anak,Kompasiana.com,2026-09-15 14:27:23,https://news.google.com/rss/articles/CBMi2AFBVV95cUxPMUUxbGhZWXBVaG1jTVlSdFgwVm9HeklzVG1lVDNEVGtmTk82Z1l4aE8ycEFvaTd6WDRnV0s5aVNqR2hrNmNGV1Q0YmNRSDNNRlQ0SUdnR2RMa1dhejNWd0ZpRmd0RktHNzlpVTF6czlWYzQ4ZDE2bTVhV0FWTHU3Q3I3bkl4aWZJVjJyYm1iX0R0YmNNeXByNjZOSWcyYV9xYXh3U01WV0Q4QjhJYmgyaUhRbW5tVG93QVlOWktpOVd2OFNfbWVoUFdERnZ3OVFNNjVWYmxoRkY?oc=5,False,di_luar_topik,0,0,E4_pasca_putusan_ma
"Aspal Alun-Alun Sangkapura Gresik Kerap Meleleh, LSM GMBI Desak Dinas PU Evaluasi Kualitas Proyek",Teropong Indonesia News,2026-09-16 10:58:34,https://news.google.com/rss/articles/CBMi3wFBVV95cUxOMG5FWjcyWlpVbEhZVVhxS2wwSE9famJJdlhsSWNSeUtoY0NuN0xxbUU3TzlLSFhiMEhZTGlmRGR4a2MtWllRQzVRTzhzeEVMQmJnczZJQ3hiTm9DNEhUY25JZ2dDYWt5aE82OE9DRUVQSXJPUWdvWGRoWXFwV1hWa3RjbmJzdnhHQjd2ZWYxRlVyQWVQSXNpczBkLXREam01blh1aTljTXVnNHZPQ0F5QXV3ak00eXZfbFZUMTRzTHNKenJRcFp3RUlGSG50dzZjS2JxVDNJNjExYzM1b1lB?oc=5,False,di_luar_topik,1,0,E4_pasca_putusan_ma
Warga Pantai Cemara Puger Pasang Sak dan Beton Cor Cegah Abrasi Hantam Warung,Radar Jember,2026-09-17 01:00:19,https://news.google.com/rss/articles/CBMixgFBVV95cUxPNkNqcWt0TzVhbkoxblJPWTNFQjFKMkdJUHA2NzN4ejJGNGxPNF9UOVhpaGpYZmc5b2I5UHlINlJJTVpkN2NDcWxFeTNpNjAyMnpfWVRobjlqSEota2txQ2k5Vk1XcXVtR0lTREljRkRwOWtDeTZFUmlpZXNrX2ptajN3MWdGb29XRHYxXzdGMmo1LWI1eFpjUnp1dmhJZWdFVkNneDRtQVhHWV91aWdPZkhJRUJZNFlmRGNULU9NNzFndWJTMXfSAcsBQVVfeXFMUFlzRmdYODVEaXctNUVtRkRxOHZoXzd0Z2ZPY2I1b0dtWVpyZEtqdExxbFczMHN4dk0xZ2dVSzRVWFBiajVDMlJYZkdWWlE5TEt5MlNhRVVCRUk4dFlBNV9OVDlldy1WaE8teWZWZ09sejBTVTZvVk0tc1JLWG9nV0NOeTVwbjktMlFzRG5aMHpxUDVNVkF5TEx3ZTZyVUdNZU4zUlYtb0NTYTVvUTBmT1VrZ3dmaFluS3BsWU81bWU2ckFzSXotZ29XZW8?oc=5,False,di_luar_topik,1,0,E4_pasca_putusan_ma
"Selamat Hari PMI 2026, Dr. Bonar P. Krisnanto: Setetes Kepedulian, Sejuta Harapan",KompasIndo,2026-09-17 13:59:54,https://news.google.com/rss/articles/CBMirwFBVV95cUxOdEstV00yZ2FjUFVmQmYtU3kxNjFrd01sdlZrUVFieDkwcXpOdloyb0lFMVNJTXZycGlXbkdsM3B3aDBQb0pVaElibEhDNkM1c2lZMHlvUm12b1RMaVVIcll1azVqQnVhbnVRcE50MUY2bW9GSkhCanNzZ2VXMWFfV01pc2ZINVlNMTM4TFdXOGxLWFVmTHZlRUlSUnlfSWEtdzBmcmhNTTBhVEpHX1Fj?oc=5,False,di_luar_topik,0,0,E4_pasca_putusan_ma
"Faizal Assegaf Serang Jaksa di Sidang Bea Cukai, Hakim Sampai Skors Persidangan",Warta Ekonomi,2026-09-18 07:43:00,https://news.google.com/rss/articles/CBMitwFBVV95cUxOeHRvSjZNMWQwMWpxelhVSjBWNUJLOVlzZXRMblVqdUdaUkVYQW5uallEWmxra2ROMVE2NTI2MDRKY3E3QTFUX3RDbW9fNnFtNl9POE4zMFdOQ1BQcU9SczVRRHBWSDlzWXpseHYzX3g0VFpkRnVTSmZkeXlsanZSa2pzS3EwRjFhdnNwVl85Mjl2RENXLTAxOFRvaUdiTG5XN1hBRmQwcHpQQWtpVTdkcFIxSUo0MTTSAbwBQVVfeXFMUHZIYVlxbUgyWktMU09WTFJ1LVJxdHh4M2tmTDdxY3F5NmN3RVR4U09iOHpFaGJfSXdRZ243bmJSN3h4WEx0bkpmODhBY1FkdFNiRkFTM0NKbjZnQkM2SVp5V3llZ0NTcmk0eV8tQTRtQjVQYkc5OUVUQ1RoUGJVWXQyekF1dW1JbjdhQkhDS3h4Vmp0VjlmSmFBMjREcmxmZW9jWnR0QzVTWHg3QWFDT3d6OUtfanNHOF83MHE?oc=5,False,di_luar_topik,0,0,E4_pasca_putusan_ma
DPKP Abdya Telah Usulkan Lanjutan Breakwater atau Jetty Atasi Muara Lhok Pawoh,acehglobalnews.com,2026-09-19 17:42:00,https://news.google.com/rss/articles/CBMirwFBVV95cUxQS0d4RTM1dzNLTl9vVVFHMkV3UVg1QnFHdGlJcWhkR0dYUVdzYjRDYmRxQXR4U2toSHpGTDh3emFwZ3MwY3hCTDZ2UURrMG41QWoteXlId2NTcW93NEU2NXk4UmZaNGVTbXpmLXpYb1lobi1Qa2E0dEl3a3dUQk1tOUR0NS1Vd05scl9Tdkk2c2IzSGJSbHZHdThyWXRvQTJWTFpvYkFGZFc3U2lvUlYw?oc=5,False,di_luar_topik,0,0,E4_pasca_putusan_ma
"Jurnalis Dituntut Liput Isu Kelautan Secara Investigatif, Bukan Sekadar Berita Peristiwa",Batamnews,2026-09-20 04:29:37,https://news.google.com/rss/articles/CBMizAFBVV95cUxPeGlCUUlJMmdxaVNJYkt4bjhSbVpMX1paN2FVaGpEUERjLV95WE9CT3hpU3VCS1hrdThNWEQ2OE1US1pVNl9sNy1UNlczd0VqOHZ2VEp4MjJMZWMwMFVhREdsTkNMUTNtbzdxN0FaVUFPWmUtTi04OUx5VnJBVGJfWHJvenR5b1BxaUdxQjM3VUhib0VFWFlLNUs4eGxpSG9yeWp6UzliVEpEaWhadG4xYk9NbF9EX2JPRnNvU1FLN09LZzlrSW40ajYzT1g?oc=5,False,di_luar_topik,1,0,E4_pasca_putusan_ma
"Langit Menguning Dampak Kabut Asap Karhutla, Curhatan Warga Barito Utara Kalteng: Ini Bukan Filter Foto - Banten Ekspose",Banten Ekspose,2026-09-21 04:11:00,https://news.google.com/rss/articles/CBMi9gFBVV95cUxQRTkwcEpKT3lkTHFkSUM1Wl9XZlRZZC1lbERvcGN0VHVGang3Z1c3NXFGRl9SbHZKVEtnYzIxRmYySF8xRFk0Nm1GakF1c0NvWEdFaEd4aGVHVnV2d3p5TGdTdkVSWENOY2I4QkZlTUcydFpTQTU4LUpOcWFfVkxwWXlnOE10MkVrOXc1VWlaZU5vTzRfZGYxd2VuekU2WXlVX2hiNnR4cXZDZV9ncW9nU2pEQnM4QVJsV0traWdyTDF5dmtVVGxYZ3lOUTRpOG82Yi00b05kaG1TZGVFV0VJM3VOc0VsU21IaW9fYUZjWDZmcGg2WUHSAfYBQVVfeXFMUEU5MHBKSk95ZExxZElDNVpfV2ZUWWQtZWxEb3BjdFR1Rmp4N2dXNzVxRkZfUmx2SlRLZ2MyMUZmMkhfMURZNDZtRmpBdXNDb1hHRWhHeGhlR1Z1dnd6eUxnU3ZFUlhDTmNiOEJGZU1HMnRaU0E1OC1KTnFhX1ZMcFl5ZzhNdDJFazl3NVVpWmVOb080X2RmMXdlbnpFNll5VV9oYjZ0eHF2Q2VfZ3FvZ1NqREJzOEFSbFdLa2lnckwxeXZrVVRsWGd5TlE0aThvNmItNG9OZGhtU2RlRVdFSTN1TnNFbFNtSGlvX2FGY1g2ZnBoNllB?oc=5,False,di_luar_topik,0,0,E4_pasca_putusan_ma
"Cegah Nelayan Rugi, DPR Minta KKP Kendalikan Harga Ikan Tangkapan",Kosadata,2026-09-21 12:28:58,https://news.google.com/rss/articles/CBMijgFBVV95cUxQMnFxSkR3T0lKNzEyZDlMdkxqaElZcjJQXzJ3OWdCTDh0bG85d1pTMER2Z09raVhHMGVibFZxUjdhU0RRLUtMa1N2Q2NKNDRFbGp5SEdVT1RaTWpZRTQyV01jbWIwNDB1WU5LQl85QXd0NUl1V1RvTEc5Z05oRFJqakp3aXJDVklyMENIQ2R3?oc=5,False,di_luar_topik,1,0,E4_pasca_putusan_ma
